state,district,total_ipc_crimes,total_sll_crimes,total_crime_burden,violent_crime_total,property_crime_total,arms_act_cases,ndps_narcotics_cases,contraband_enforcement_total,crimes_against_women_total,crimes_against_children_total,crimes_against_sc_total,crimes_against_st_total,sc_st_atrocities_total,juvenile_ipc_crimes_total,cybercrimes_total,missing_persons_total,missing_children_total,violent_crime_ratio,property_crime_ratio,women_vulnerability_share,child_vulnerability_share,caste_atrocity_share,juvenile_delinquency_ratio,cyber_crime_intensity_per_1k,trafficking_vulnerability_proxy
A&N Islands,Nicobar,60,388,448,2,5,0,109,109,114,111,0,0,0,4,4,9,0,0.0333,0.0833,1.9,1.85,0.0,0.0667,66.6667,0.0
A&N Islands,North & Middle Andaman,388,1265,1653,11,22,0,425,425,142,136,0,0,0,23,35,100,16,0.0284,0.0567,0.366,0.3505,0.0,0.0593,90.2062,3.2
A&N Islands,South Andaman,1449,1944,3393,26,161,0,664,664,319,301,0,4,4,26,56,353,104,0.0179,0.1111,0.2202,0.2077,0.0028,0.0179,38.6473,2.9714
Andhra Pradesh,Alluri Sitharama Raju,2735,3531,6266,62,82,2,1890,1892,337,79,12,33,45,0,105,259,112,0.0227,0.03,0.1232,0.0289,0.0165,0.0,38.3912,18.6667
Andhra Pradesh,Anakapalli,10569,10344,20913,94,488,10,3450,3460,1213,165,230,52,282,82,388,1366,388,0.0089,0.0462,0.1148,0.0156,0.0267,0.0078,36.7111,16.1667
Andhra Pradesh,Anantapuramu,17171,5481,22652,163,625,4,1529,1533,2316,606,586,133,719,138,134,2458,916,0.0095,0.0364,0.1349,0.0353,0.0419,0.008,7.8039,183.2
Andhra Pradesh,Annamayya,12690,6794,19484,124,329,0,1465,1465,1053,112,169,83,252,0,104,1973,872,0.0098,0.0259,0.083,0.0088,0.0199,0.0,8.1954,72.6667
Andhra Pradesh,Bapatla,11893,4287,16180,85,537,0,1359,1359,2125,261,324,88,412,0,280,1483,568,0.0071,0.0452,0.1787,0.0219,0.0346,0.0,23.5433,568.0
Andhra Pradesh,Chittoor,12162,5014,17176,138,537,34,1877,1911,1634,277,294,51,345,116,137,2557,1180,0.0113,0.0442,0.1344,0.0228,0.0284,0.0095,11.2646,118.0
Andhra Pradesh,Dr Br Ambedkar Konaseema,13776,4974,18750,113,667,0,1003,1003,2091,352,167,5,172,41,27,1355,476,0.0082,0.0484,0.1518,0.0256,0.0125,0.003,1.9599,14.875
Andhra Pradesh,East Godavari,14920,5956,20876,120,1225,4,1468,1472,2460,436,292,0,292,238,208,2126,716,0.008,0.0821,0.1649,0.0292,0.0196,0.016,13.941,17.0476
Andhra Pradesh,Eluru,17511,8690,26201,148,1213,26,1836,1862,3412,759,408,25,433,150,323,1841,512,0.0085,0.0693,0.1948,0.0433,0.0247,0.0086,18.4455,11.1304
Andhra Pradesh,Guntakal Railway,1661,358,2019,1,375,0,150,150,22,15,0,0,0,25,0,51,0,0.0006,0.2258,0.0132,0.009,0.0,0.0151,0.0,0.0
Andhra Pradesh,Guntur,22718,5880,28598,180,1554,0,1823,1823,5210,725,449,90,539,134,810,2804,884,0.0079,0.0684,0.2293,0.0319,0.0237,0.0059,35.6545,10.6506
Andhra Pradesh,Kakinada,14691,6443,21134,155,998,0,1287,1287,2484,417,261,24,285,141,55,2096,644,0.0106,0.0679,0.1691,0.0284,0.0194,0.0096,3.7438,49.5385
Andhra Pradesh,Krishna,16840,6099,22939,146,939,2,1091,1093,3719,1134,310,13,323,63,372,1583,320,0.0087,0.0558,0.2208,0.0673,0.0192,0.0037,22.0903,0.804
Andhra Pradesh,Kurnool,15802,3869,19671,123,695,4,1373,1377,2648,296,479,49,528,16,192,1973,932,0.0078,0.044,0.1676,0.0187,0.0334,0.001,12.1504,310.6667
Andhra Pradesh,Nandyal,12171,5501,17672,115,486,0,2234,2234,2608,312,180,74,254,17,331,1254,444,0.0094,0.0399,0.2143,0.0256,0.0209,0.0014,27.1958,88.8
Andhra Pradesh,Ntr,23145,7156,30301,171,1600,0,1830,1830,5220,1019,299,38,337,331,878,4401,1416,0.0074,0.0691,0.2255,0.044,0.0146,0.0143,37.9348,118.0
Andhra Pradesh,Palnadu,16173,2820,18993,156,804,2,810,812,2114,156,362,129,491,0,222,1079,452,0.0096,0.0497,0.1307,0.0096,0.0304,0.0,13.7266,45.2
Andhra Pradesh,Parvathipuram Manyam,4796,3790,8586,28,128,1,1769,1770,584,83,101,41,142,14,141,478,172,0.0058,0.0267,0.1218,0.0173,0.0296,0.0029,29.3995,28.6667
Andhra Pradesh,Prakasam,17028,3884,20912,136,958,0,1254,1254,2576,425,549,75,624,0,312,2054,656,0.008,0.0563,0.1513,0.025,0.0366,0.0,18.3228,34.5263
Andhra Pradesh,Sri Potti Sriramulu Nellore,18509,2049,20558,219,1103,2,899,901,2666,350,361,110,471,53,291,2387,896,0.0118,0.0596,0.144,0.0189,0.0254,0.0029,15.7221,89.6
Andhra Pradesh,Sri Sathya Sai,13099,4852,17951,163,535,3,1349,1352,1777,280,338,102,440,119,153,1969,796,0.0124,0.0408,0.1357,0.0214,0.0336,0.0091,11.6803,41.8947
Andhra Pradesh,Srikakulam,18909,7904,26813,80,459,2,1064,1066,1640,199,249,43,292,110,198,1362,384,0.0042,0.0243,0.0867,0.0105,0.0154,0.0058,10.4712,192.0
Andhra Pradesh,Tirupati,20284,3544,23828,175,1328,0,1504,1504,3309,339,327,112,439,145,972,3139,1252,0.0086,0.0655,0.1631,0.0167,0.0216,0.0071,47.9195,43.1724
Andhra Pradesh,Viiayawada Railway,3458,956,4414,5,809,0,662,662,21,8,0,0,0,16,6,139,16,0.0014,0.234,0.0061,0.0023,0.0,0.0046,1.7351,5.3333
Andhra Pradesh,Visakhapatnam,20255,4116,24371,252,1789,3,1468,1471,3694,600,508,4,512,193,1195,2323,544,0.0124,0.0883,0.1824,0.0296,0.0253,0.0095,58.9978,17.5484
Andhra Pradesh,Vizianagaram,14828,5523,20351,65,669,1,1681,1682,1600,299,300,48,348,119,370,1353,480,0.0044,0.0451,0.1079,0.0202,0.0235,0.008,24.9528,34.2857
Andhra Pradesh,West Godavari,7360,4585,11945,89,618,0,422,422,1832,431,113,0,113,14,299,421,76,0.0121,0.084,0.2489,0.0586,0.0154,0.0019,40.625,76.0
Andhra Pradesh,Ysr,16596,23143,39739,154,576,5,10587,10592,1790,206,121,4,125,36,80,2112,876,0.0093,0.0347,0.1079,0.0124,0.0075,0.0022,4.8204,876.0
Arunachal Pradesh,Anjaw,48,21,69,0,7,2,3,5,11,8,0,0,0,0,0,0,0,0.0,0.1458,0.2292,0.1667,0.0,0.0,0.0,0.0
Arunachal Pradesh,Changlang,255,125,380,5,39,2,81,83,25,6,0,0,0,0,0,0,0,0.0196,0.1529,0.098,0.0235,0.0,0.0,0.0,0.0
Arunachal Pradesh,Crime Branch,27,222,249,0,3,0,0,0,20,0,0,0,0,0,296,0,0,0.0,0.1111,0.7407,0.0,0.0,0.0,10962.963,0.0
Arunachal Pradesh,Dibang Valley,31,18,49,0,4,6,0,6,0,0,0,0,0,0,0,0,0,0.0,0.129,0.0,0.0,0.0,0.0,0.0,0.0
Arunachal Pradesh,Kameng East,416,23,439,15,53,0,6,6,102,59,0,0,0,0,0,0,0,0.0361,0.1274,0.2452,0.1418,0.0,0.0,0.0,0.0
Arunachal Pradesh,Kameng West,317,131,448,12,31,2,93,95,27,15,0,0,0,0,0,0,0,0.0379,0.0978,0.0852,0.0473,0.0,0.0,0.0,0.0
Arunachal Pradesh,Kamle,86,7,93,4,6,0,3,3,16,11,0,0,0,0,0,3,0,0.0465,0.0698,0.186,0.1279,0.0,0.0,0.0,0.0
Arunachal Pradesh,Kra Dadi,62,17,79,2,7,4,3,7,14,4,0,0,0,0,0,0,0,0.0323,0.1129,0.2258,0.0645,0.0,0.0,0.0,0.0
Arunachal Pradesh,Kurung Kumey,92,8,100,4,6,0,6,6,3,0,0,0,0,0,0,0,0,0.0435,0.0652,0.0326,0.0,0.0,0.0,0.0,0.0
Arunachal Pradesh,Leparada,115,17,132,2,4,0,6,6,20,4,0,0,0,0,8,0,0,0.0174,0.0348,0.1739,0.0348,0.0,0.0,69.5652,0.0
Arunachal Pradesh,Lohit,308,14,322,9,25,0,6,6,33,52,0,0,0,0,0,0,0,0.0292,0.0812,0.1071,0.1688,0.0,0.0,0.0,0.0
Arunachal Pradesh,Longding,229,78,307,8,23,0,18,18,59,40,0,0,0,0,0,0,0,0.0349,0.1004,0.2576,0.1747,0.0,0.0,0.0,0.0
Arunachal Pradesh,Lower Dibang Valley,287,44,331,11,23,0,33,33,55,32,0,0,0,0,0,107,44,0.0383,0.0801,0.1916,0.1115,0.0,0.0,0.0,14.6667
Arunachal Pradesh,Lower Siang,136,6,142,5,12,0,0,0,28,22,0,0,0,0,0,0,0,0.0368,0.0882,0.2059,0.1618,0.0,0.0,0.0,0.0
Arunachal Pradesh,Namsai,389,97,486,15,33,6,48,54,36,41,0,4,4,0,8,0,0,0.0386,0.0848,0.0925,0.1054,0.0103,0.0,20.5656,0.0
Arunachal Pradesh,Pakkessang,91,4,95,4,8,0,3,3,3,9,4,0,4,7,0,0,0,0.044,0.0879,0.033,0.0989,0.044,0.0769,0.0,0.0
Arunachal Pradesh,Papum Pare City,2786,380,3166,21,393,0,221,221,326,147,0,0,0,0,0,0,0,0.0075,0.1411,0.117,0.0528,0.0,0.0,0.0,0.0
Arunachal Pradesh,Papum Pare Rural,889,36,925,9,156,0,27,27,11,13,0,0,0,11,0,71,20,0.0101,0.1755,0.0124,0.0146,0.0,0.0124,0.0,6.6667
Arunachal Pradesh,Shiyomi,87,0,87,0,2,0,0,0,4,5,0,0,0,0,0,0,0,0.0,0.023,0.046,0.0575,0.0,0.0,0.0,0.0
Arunachal Pradesh,Siang,71,4,75,3,6,0,3,3,9,9,0,0,0,0,0,0,0,0.0423,0.0845,0.1268,0.1268,0.0,0.0,0.0,0.0
Arunachal Pradesh,Siang East,684,96,780,20,77,0,54,54,69,15,0,0,0,0,0,0,0,0.0292,0.1126,0.1009,0.0219,0.0,0.0,0.0,0.0
Arunachal Pradesh,Siang Upper,129,11,140,3,18,0,6,6,13,4,0,0,0,0,0,0,0,0.0233,0.1395,0.1008,0.031,0.0,0.0,0.0,0.0
Arunachal Pradesh,Siang West,375,24,399,11,36,0,12,12,71,41,0,0,0,0,0,0,0,0.0293,0.096,0.1893,0.1093,0.0,0.0,0.0,0.0
Arunachal Pradesh,Subansiri Lower,230,74,304,5,31,1,48,49,17,11,0,0,0,4,0,93,60,0.0217,0.1348,0.0739,0.0478,0.0,0.0174,0.0,60.0
Arunachal Pradesh,Subansiri Upper,357,31,388,9,29,2,15,17,46,3,0,0,0,0,0,0,0,0.0252,0.0812,0.1289,0.0084,0.0,0.0,0.0,0.0
Arunachal Pradesh,Tawang,86,7,93,1,9,0,3,3,9,12,0,0,0,0,0,0,0,0.0116,0.1047,0.1047,0.1395,0.0,0.0,0.0,0.0
Arunachal Pradesh,Tirap,164,56,220,4,30,4,24,28,6,0,0,0,0,0,0,0,0,0.0244,0.1829,0.0366,0.0,0.0,0.0,0.0,0.0
Assam,Bajali,1177,181,1358,32,84,0,36,36,293,148,0,0,0,0,16,317,188,0.0272,0.0714,0.2489,0.1257,0.0,0.0,13.5939,15.6667
Assam,Baksa,1834,571,2405,59,171,0,151,151,505,490,4,5,9,29,69,583,160,0.0322,0.0932,0.2754,0.2672,0.0049,0.0158,37.6227,2.0
Assam,Barpeta,4078,1438,5516,182,358,4,459,463,1045,514,0,0,0,0,48,347,80,0.0446,0.0878,0.2563,0.126,0.0,0.0,11.7705,80.0
Assam,Bieo,24,2,26,0,6,0,0,0,0,0,0,0,0,0,0,0,0,0.0,0.25,0.0,0.0,0.0,0.0,0.0,0.0
Assam,Biswanath,2130,652,2782,151,170,4,196,200,894,739,0,0,0,23,36,412,388,0.0709,0.0798,0.4197,0.3469,0.0,0.0108,16.9014,2.7714
Assam,Bongaigaon,3193,855,4048,182,300,1,225,226,1225,851,0,0,0,0,56,834,180,0.057,0.094,0.3837,0.2665,0.0,0.0,17.5384,8.1818
Assam,Cachar,7751,1038,8789,359,674,3,352,355,2624,1048,0,0,0,0,72,2271,588,0.0463,0.087,0.3385,0.1352,0.0,0.0,9.2891,8.1667
Assam,Charaideo,953,263,1216,65,88,6,36,42,353,258,0,0,0,0,8,1244,680,0.0682,0.0923,0.3704,0.2707,0.0,0.0,8.3945,17.0
Assam,Chirang,1529,502,2031,71,81,2,136,138,638,465,0,0,0,14,23,617,224,0.0464,0.053,0.4173,0.3041,0.0,0.0092,15.0425,4.1481
Assam,Cid,31,7,38,0,6,1,0,1,0,0,0,0,0,0,0,0,0,0.0,0.1935,0.0,0.0,0.0,0.0,0.0,0.0
Assam,Darrang,3274,906,4180,122,256,8,153,161,1071,811,0,0,0,65,52,769,100,0.0373,0.0782,0.3271,0.2477,0.0,0.0199,15.8827,1.4286
Assam,Dhemaji,2221,508,2729,122,200,2,187,189,603,426,5,0,5,0,9,724,232,0.0549,0.09,0.2715,0.1918,0.0023,0.0,4.0522,3.2676
Assam,Dhubri,4677,2304,6981,350,344,11,559,570,2263,1490,4,0,4,0,49,429,312,0.0748,0.0736,0.4839,0.3186,0.0009,0.0,10.4768,2.8364
Assam,Dibrugarh,4812,1176,5988,165,518,8,315,323,1024,671,0,0,0,0,36,178,88,0.0343,0.1076,0.2128,0.1394,0.0,0.0,7.4813,1.9556
Assam,Dima Hasao,389,329,718,23,37,14,157,171,64,66,0,16,16,0,16,122,44,0.0591,0.0951,0.1645,0.1697,0.0411,0.0,41.1311,5.5
Assam,Goalpara,3360,682,4042,103,291,4,191,195,843,380,0,0,0,32,52,1557,612,0.0307,0.0866,0.2509,0.1131,0.0,0.0095,15.4762,153.0
Assam,Golaghat,2658,600,3258,205,198,8,134,142,885,337,4,0,4,0,33,1936,412,0.0771,0.0745,0.333,0.1268,0.0015,0.0,12.4153,34.3333
Assam,Grp,2071,754,2825,24,438,12,511,523,65,16,0,0,0,0,8,156,0,0.0116,0.2115,0.0314,0.0077,0.0,0.0,3.8629,0.0
Assam,Guwahati City,23348,2892,26240,365,3381,12,1113,1125,2969,2119,0,10,10,0,182,3973,832,0.0156,0.1448,0.1272,0.0908,0.0004,0.0,7.7951,1.698
Assam,Hailakandi,2786,544,3330,126,287,4,106,110,674,358,0,0,0,0,12,205,172,0.0452,0.103,0.2419,0.1285,0.0,0.0,4.3073,86.0
Assam,Hamren,320,106,426,22,27,0,3,3,147,94,0,0,0,0,17,114,48,0.0688,0.0844,0.4594,0.2938,0.0,0.0,53.125,2.8235
Assam,Hojai,4092,1453,5545,213,233,18,520,538,1565,1056,0,5,5,25,108,79,64,0.0521,0.0569,0.3825,0.2581,0.0012,0.0061,26.393,0.4507
Assam,Jorhat,3467,752,4219,78,405,6,215,221,779,599,4,4,8,0,50,797,188,0.0225,0.1168,0.2247,0.1728,0.0023,0.0,14.4217,2.2927
Assam,Kamrup,12047,1443,13490,356,1044,4,407,411,2545,1052,4,5,9,0,94,315,192,0.0296,0.0867,0.2113,0.0873,0.0007,0.0,7.8028,0.9057
Assam,Karbi Anglong,1423,822,2245,78,140,30,368,398,479,457,0,0,0,0,56,215,212,0.0548,0.0984,0.3366,0.3212,0.0,0.0,39.3535,2.4368
Assam,Karimganj,5899,1078,6977,232,394,4,385,389,1568,701,0,8,8,0,93,1037,116,0.0393,0.0668,0.2658,0.1188,0.0014,0.0,15.7654,1.1262
Assam,Kokrajhar,2008,726,2734,101,138,12,99,111,774,635,0,4,4,0,36,278,248,0.0503,0.0687,0.3855,0.3162,0.002,0.0,17.9283,1.4335
Assam,Lakhimpur,3284,902,4186,208,272,2,276,278,1220,844,0,0,0,0,40,84,0,0.0633,0.0828,0.3715,0.257,0.0,0.0,12.1803,0.0
Assam,Majuli,390,118,508,29,14,0,6,6,220,75,0,0,0,0,0,0,0,0.0744,0.0359,0.5641,0.1923,0.0,0.0,0.0,0.0
Assam,Morigaon,4349,1325,5674,256,349,3,506,509,1751,928,0,4,4,198,48,336,336,0.0589,0.0802,0.4026,0.2134,0.0009,0.0455,11.037,3.2
Assam,Nagaon,10772,2253,13025,375,952,26,927,953,2799,1573,0,0,0,0,67,1140,864,0.0348,0.0884,0.2598,0.146,0.0,0.0,6.2198,1.7888
Assam,Nalbari,3841,654,4495,95,319,3,166,169,933,425,0,0,0,0,76,1320,288,0.0247,0.0831,0.2429,0.1106,0.0,0.0,19.7865,3.6456
Assam,Rpo,0,0,0,0,0,0,0,0,0,0,0,0,0,0,0,0,0,0.0,0.0,0.0,0.0,0.0,0.0,0.0,0.0
Assam,Sadia,492,192,684,21,52,0,69,69,145,136,0,0,0,0,8,174,0,0.0427,0.1057,0.2947,0.2764,0.0,0.0,16.2602,0.0
Assam,Sibsagar,1178,416,1594,51,118,8,92,100,336,299,0,0,0,23,22,2030,692,0.0433,0.1002,0.2852,0.2538,0.0,0.0195,18.6757,57.6667
Assam,Sonitpur,4838,1131,5969,248,290,4,352,356,1395,709,0,0,0,0,82,459,420,0.0513,0.0599,0.2883,0.1465,0.0,0.0,16.9492,13.5484
Assam,Sou,0,3,3,0,0,0,0,0,0,0,0,0,0,0,0,0,0,0.0,0.0,0.0,0.0,0.0,0.0,0.0,0.0
Assam,South Salmara,1602,710,2312,115,129,0,185,185,616,595,0,0,0,16,21,454,184,0.0718,0.0805,0.3845,0.3714,0.0,0.01,13.1086,4.973
Assam,Stf,16,61,77,0,0,0,30,30,0,0,0,0,0,0,0,0,0,0.0,0.0,0.0,0.0,0.0,0.0,0.0,0.0
Assam,Tamulpur,1261,260,1521,45,71,3,46,49,590,402,0,0,0,0,8,211,40,0.0357,0.0563,0.4679,0.3188,0.0,0.0,6.3442,0.354
Assam,Tinsukia,4155,1125,5280,151,350,7,459,466,933,882,4,0,4,0,12,472,472,0.0363,0.0842,0.2245,0.2123,0.001,0.0,2.8881,1.9265
Assam,Udalguri,2517,498,3015,148,167,12,151,163,718,216,0,0,0,0,9,655,208,0.0588,0.0663,0.2853,0.0858,0.0,0.0,3.5757,208.0
Bihar,Anti Terrorist Squad,0,0,0,0,0,0,0,0,0,0,0,0,0,0,0,0,0,0.0,0.0,0.0,0.0,0.0,0.0,0.0,0.0
Bihar,Araria,18598,5415,24013,624,1026,106,2598,2704,2070,851,421,0,421,180,221,1216,868,0.0336,0.0552,0.1113,0.0458,0.0226,0.0097,11.883,4.34
Bihar,Arwal,5183,3634,8817,157,232,36,868,904,618,274,215,0,215,12,132,419,284,0.0303,0.0448,0.1192,0.0529,0.0415,0.0023,25.4679,5.7959
Bihar,Aurangabad,21869,10118,31987,662,1307,130,2652,2782,2413,719,1166,0,1166,0,600,578,380,0.0303,0.0598,0.1103,0.0329,0.0533,0.0,27.4361,6.3333
Bihar,Bagaha,5161,3293,8454,363,230,24,1652,1676,1001,486,451,10,461,8,83,135,84,0.0703,0.0446,0.194,0.0942,0.0893,0.0016,16.0822,0.6412
Bihar,Banka,11128,5643,16771,208,552,170,1676,1846,1103,720,214,28,242,114,121,415,208,0.0187,0.0496,0.0991,0.0647,0.0217,0.0102,10.8735,2.6667
Bihar,Begusarai,20388,6408,26796,879,1122,450,2394,2844,2924,733,1069,0,1069,218,284,2441,2024,0.0431,0.055,0.1434,0.036,0.0524,0.0107,13.9298,10.5417
Bihar,Bettiah,19834,9415,29249,1113,1214,92,4664,4756,2637,1015,713,0,713,291,308,1308,948,0.0561,0.0612,0.133,0.0512,0.0359,0.0147,15.5289,7.6452
Bihar,Bhagalpur,20249,9007,29256,711,1729,232,3297,3529,3242,1658,644,0,644,239,484,547,184,0.0351,0.0854,0.1601,0.0819,0.0318,0.0118,23.9024,0.4792
Bihar,Bhojpur,21053,11062,32115,894,1344,324,4124,4448,2242,1440,909,0,909,0,421,1614,984,0.0425,0.0638,0.1065,0.0684,0.0432,0.0,19.9972,2.177
Bihar,Buxar,11702,4957,16659,337,695,146,1848,1994,1391,657,481,0,481,0,244,929,620,0.0288,0.0594,0.1189,0.0561,0.0411,0.0,20.8511,3.5429
Bihar,Darbhanga,24431,8415,32846,1269,1366,118,4035,4153,3270,1745,1072,0,1072,247,434,2136,1464,0.0519,0.0559,0.1338,0.0714,0.0439,0.0101,17.7643,3.2606
Bihar,Economic Offences Unit,45,35,80,0,8,0,0,0,4,4,0,0,0,0,27,0,0,0.0,0.1778,0.0889,0.0889,0.0,0.0,600.0,0.0
Bihar,Gaya,44655,20162,64817,984,2590,224,6849,7073,4083,1816,2434,0,2434,0,833,372,204,0.022,0.058,0.0914,0.0407,0.0545,0.0,18.6541,0.4304
Bihar,Gopalganj,18793,9358,28151,1148,973,258,5082,5340,2078,1282,969,0,969,1644,594,857,548,0.0611,0.0518,0.1106,0.0682,0.0516,0.0875,31.6075,1.5702
Bihar,Jamalpur Railway,2036,853,2889,4,431,10,554,564,7,9,0,4,4,14,8,0,0,0.002,0.2117,0.0034,0.0044,0.002,0.0069,3.9293,0.0
Bihar,Jamui,12811,6791,19602,295,471,72,2236,2308,1281,508,443,0,443,41,164,835,568,0.023,0.0368,0.1,0.0397,0.0346,0.0032,12.8015,5.9789
Bihar,Jehanabad,9898,3709,13607,592,710,36,907,943,1281,682,405,0,405,585,349,727,520,0.0598,0.0717,0.1294,0.0689,0.0409,0.0591,35.2596,2.7513
Bihar,Kaimur(Bhabhua),12207,5647,17854,506,699,88,1570,1658,1672,1125,677,0,677,0,128,1213,832,0.0415,0.0573,0.137,0.0922,0.0555,0.0,10.4858,2.8493
Bihar,Katihar,13354,6343,19697,640,787,226,2987,3213,2218,1054,181,254,435,0,315,211,148,0.0479,0.0589,0.1661,0.0789,0.0326,0.0,23.5884,1.4095
Bihar,Katihar Railway,1600,2252,3852,9,286,4,1519,1523,24,20,0,0,0,19,9,0,0,0.0056,0.1788,0.015,0.0125,0.0,0.0119,5.625,0.0
Bihar,Khagaria,13752,2643,16395,445,506,202,769,971,1591,271,640,0,640,214,188,1276,964,0.0324,0.0368,0.1157,0.0197,0.0465,0.0156,13.6707,27.5429
Bihar,Kishanganj,8368,2897,11265,201,482,4,891,895,1446,569,273,90,363,0,134,571,304,0.024,0.0576,0.1728,0.068,0.0434,0.0,16.0134,2.0267
Bihar,Lakhisarai,8850,4477,13327,608,360,72,1717,1789,1417,996,374,0,374,412,332,1139,824,0.0687,0.0407,0.1601,0.1125,0.0423,0.0466,37.5141,2.2151
Bihar,Madhepura,18254,4146,22400,456,1273,344,1472,1816,1582,841,385,0,385,239,300,654,384,0.025,0.0697,0.0867,0.0461,0.0211,0.0131,16.4348,1.9394
Bihar,Madhubani,20737,10658,31395,1251,1682,146,5676,5822,2572,1130,857,0,857,257,192,1802,1208,0.0603,0.0811,0.124,0.0545,0.0413,0.0124,9.2588,4.3768
Bihar,Motihari,36930,18619,55549,957,2380,404,10045,10449,3867,1601,1390,0,1390,94,544,508,352,0.0259,0.0644,0.1047,0.0434,0.0376,0.0025,14.7306,1.1852
Bihar,Munger,9497,5953,15450,877,492,192,1316,1508,1584,734,400,0,400,45,295,209,80,0.0923,0.0518,0.1668,0.0773,0.0421,0.0047,31.0624,0.398
Bihar,Muzaffarpur,38202,12467,50669,1437,2889,384,5198,5582,5310,2177,899,0,899,128,674,4068,2688,0.0376,0.0756,0.139,0.057,0.0235,0.0034,17.6431,4.7241
Bihar,Muzaffarpur Railway,4357,2966,7323,14,880,0,1981,1981,32,79,5,0,5,0,12,30,0,0.0032,0.202,0.0073,0.0181,0.0011,0.0,2.7542,0.0
Bihar,Nalanda,27880,12531,40411,1263,1747,402,3406,3808,3279,2043,1357,0,1357,0,1198,2195,1556,0.0453,0.0627,0.1176,0.0733,0.0487,0.0,42.9699,2.4856
Bihar,Naugachia,5898,2691,8589,257,385,125,1000,1125,986,673,212,0,212,323,74,741,468,0.0436,0.0653,0.1672,0.1141,0.0359,0.0548,12.5466,2.4375
Bihar,Nawadah,18454,13445,31899,1029,916,132,4112,4244,2244,948,1229,0,1229,104,618,1681,604,0.0558,0.0496,0.1216,0.0514,0.0666,0.0056,33.4887,3.005
Bihar,Patna,124707,41172,165879,3297,12943,770,16546,17316,11050,4996,2669,0,2669,284,8044,5249,3512,0.0264,0.1038,0.0886,0.0401,0.0214,0.0023,64.5032,1.9004
Bihar,Patna Railway,7549,2386,9935,23,1548,10,1576,1586,77,110,8,0,8,60,42,63,36,0.003,0.2051,0.0102,0.0146,0.0011,0.0079,5.5637,3.2727
Bihar,Purnea,21714,6994,28708,863,1779,250,2742,2992,3300,1904,975,122,1097,221,376,378,276,0.0397,0.0819,0.152,0.0877,0.0505,0.0102,17.316,0.6781
Bihar,Rohtas,28734,13281,42015,886,1731,174,2910,3084,3357,1737,1203,0,1203,1553,532,867,552,0.0308,0.0602,0.1168,0.0605,0.0419,0.054,18.5147,1.1745
Bihar,Saharsa,14241,5706,19947,812,943,460,2262,2722,1146,681,430,0,430,202,262,739,496,0.057,0.0662,0.0805,0.0478,0.0302,0.0142,18.3976,2.2545
Bihar,Samastipur,19006,4964,23970,1269,1128,254,1694,1948,2766,1457,1336,0,1336,0,429,1770,1068,0.0668,0.0593,0.1455,0.0767,0.0703,0.0,22.5718,3.1598
Bihar,Saran,40424,13547,53971,1469,2575,294,5639,5933,4167,506,1405,0,1405,247,1404,2969,1928,0.0363,0.0637,0.1031,0.0125,0.0348,0.0061,34.7318,964.0
Bihar,Sheikhpura,5237,3606,8843,236,280,52,519,571,617,421,386,0,386,440,160,421,280,0.0451,0.0535,0.1178,0.0804,0.0737,0.084,30.5518,3.2184
Bihar,Sheohar,3099,1318,4417,181,122,48,558,606,569,184,126,0,126,0,66,344,272,0.0584,0.0394,0.1836,0.0594,0.0407,0.0,21.2972,6.8
Bihar,Sitamarhi,19309,11058,30367,1036,1682,236,5423,5659,3101,1378,560,0,560,200,280,308,272,0.0537,0.0871,0.1606,0.0714,0.029,0.0104,14.501,0.8662
Bihar,Siwan,26384,6060,32444,1012,1878,170,2661,2831,3331,1059,1263,0,1263,991,597,105,60,0.0384,0.0712,0.1263,0.0401,0.0479,0.0376,22.6273,0.2247
Bihar,Supaul,16054,5432,21486,485,665,146,2595,2741,1584,917,532,0,532,64,136,989,680,0.0302,0.0414,0.0987,0.0571,0.0331,0.004,8.4714,3.2381
Bihar,Vaishali,28248,7508,35756,1418,2159,302,3045,3347,4511,2679,1098,0,1098,509,797,899,572,0.0502,0.0764,0.1597,0.0948,0.0389,0.018,28.2144,0.701
Chandigarh,Chandigarh,13651,1514,15165,216,2011,80,380,460,1505,1132,20,0,20,300,437,2831,872,0.0158,0.1473,0.1102,0.0829,0.0015,0.022,32.0123,2.429
Chhattisgarh,Balod,4415,4118,8533,64,244,7,1125,1132,584,528,9,68,77,194,48,1771,292,0.0145,0.0553,0.1323,0.1196,0.0174,0.0439,10.872,2.5172
Chhattisgarh,Balodbazar,9502,7187,16689,143,477,18,2077,2095,1432,1488,88,40,128,636,105,3169,868,0.015,0.0502,0.1507,0.1566,0.0135,0.0669,11.0503,2.2842
Chhattisgarh,Balrampur,4606,1198,5804,202,169,6,245,251,1034,804,14,158,172,155,57,1139,392,0.0439,0.0367,0.2245,0.1746,0.0373,0.0337,12.3752,2.3473
Chhattisgarh,Bemetra,4582,4054,8636,66,222,4,1104,1108,687,697,47,23,70,116,54,1650,408,0.0144,0.0485,0.1499,0.1521,0.0153,0.0253,11.7852,3.1875
Chhattisgarh,Bilaspur,30547,15952,46499,245,1392,216,4561,4777,3505,3005,111,67,178,316,276,6124,1612,0.008,0.0456,0.1147,0.0984,0.0058,0.0103,9.0353,1.4228
Chhattisgarh,Bizapur,1362,354,1716,139,42,0,20,20,132,128,0,0,0,0,0,154,64,0.1021,0.0308,0.0969,0.094,0.0,0.0,0.0,1.5238
Chhattisgarh,Dantewara,1261,362,1623,51,58,1,121,122,110,103,5,14,19,32,35,200,32,0.0404,0.046,0.0872,0.0817,0.0151,0.0254,27.7557,2.1333
Chhattisgarh,Dhamtari,4875,2342,7217,70,282,30,561,591,636,635,39,69,108,355,26,1755,360,0.0144,0.0578,0.1305,0.1303,0.0222,0.0728,5.3333,3.5294
Chhattisgarh,Durg,21088,6169,27257,272,1516,180,1568,1748,2023,2201,53,24,77,362,56,4870,1204,0.0129,0.0719,0.0959,0.1044,0.0037,0.0172,2.6555,2.0976
Chhattisgarh,Gariyaband,3417,2948,6365,62,125,8,868,876,493,468,72,58,130,136,41,1399,220,0.0181,0.0366,0.1443,0.137,0.038,0.0398,11.9988,4.1509
Chhattisgarh,Gaurela-Pendra-Marwari,2705,602,3307,50,155,2,143,145,487,403,0,0,0,34,12,795,240,0.0185,0.0573,0.18,0.149,0.0,0.0126,4.4362,2.5
Chhattisgarh,Grp Raipur,1636,339,1975,5,348,3,205,208,41,40,0,0,0,17,4,96,24,0.0031,0.2127,0.0251,0.0244,0.0,0.0104,2.445,2.4
Chhattisgarh,Jagdalpur,5935,2318,8253,116,251,38,634,672,652,686,19,83,102,219,189,1540,448,0.0195,0.0423,0.1099,0.1156,0.0172,0.0369,31.845,2.1232
Chhattisgarh,Janjgir,9701,5424,15125,179,524,19,1477,1496,1623,1673,134,49,183,651,132,4871,1520,0.0185,0.054,0.1673,0.1725,0.0189,0.0671,13.6068,2.8148
Chhattisgarh,Jashpur,4633,1656,6289,154,260,10,418,428,919,902,14,163,177,90,87,1302,480,0.0332,0.0561,0.1984,0.1947,0.0382,0.0194,18.7783,3.6364
Chhattisgarh,Kabirdham,5887,3592,9479,99,307,9,968,977,891,836,41,56,97,128,32,2069,536,0.0168,0.0521,0.1514,0.142,0.0165,0.0217,5.4357,2.3004
Chhattisgarh,Kanker,3503,1745,5248,70,171,2,410,412,624,678,19,95,114,126,42,1562,356,0.02,0.0488,0.1781,0.1935,0.0325,0.036,11.9897,2.5248
Chhattisgarh,Khairagarh - Chhuikhadan-Gandai,2769,2016,4785,28,139,2,516,518,412,381,19,21,40,68,35,959,224,0.0101,0.0502,0.1488,0.1376,0.0144,0.0246,12.6399,2.0364
Chhattisgarh,Kondagaon,2602,1022,3624,65,88,4,303,307,426,438,9,48,57,0,4,909,228,0.025,0.0338,0.1637,0.1683,0.0219,0.0,1.5373,2.0357
Chhattisgarh,Korba,12618,5297,17915,229,859,20,1527,1547,1940,1811,60,62,122,408,68,3482,992,0.0181,0.0681,0.1537,0.1435,0.0097,0.0323,5.3891,1.6957
Chhattisgarh,Koriya,2330,1452,3782,45,103,12,374,386,400,402,35,50,85,31,37,684,192,0.0193,0.0442,0.1717,0.1725,0.0365,0.0133,15.8798,2.4615
Chhattisgarh,Mahasamund,6152,4060,10212,135,348,28,1356,1384,1093,988,82,66,148,136,132,2848,640,0.0219,0.0566,0.1777,0.1606,0.0241,0.0221,21.4564,2.0645
Chhattisgarh,Manendragarh-Chirmiri-Bharatpur,3260,1540,4800,79,163,4,416,420,614,478,27,52,79,29,64,823,280,0.0242,0.05,0.1883,0.1466,0.0242,0.0089,19.6319,1.9718
Chhattisgarh,Mohla-Manpur-Ambagarh Chouki,1186,1270,2456,15,42,2,367,369,127,169,0,4,4,19,17,515,92,0.0126,0.0354,0.1071,0.1425,0.0034,0.016,14.3339,2.5556
Chhattisgarh,Mungali,3394,3336,6730,59,120,5,822,827,654,717,40,27,67,147,149,1384,364,0.0174,0.0354,0.1927,0.2113,0.0197,0.0433,43.901,1.957
Chhattisgarh,Narayanpur,775,202,977,62,40,0,39,39,145,123,5,20,25,19,0,53,20,0.08,0.0516,0.1871,0.1587,0.0323,0.0245,0.0,1.25
Chhattisgarh,Raigarh,9816,6793,16609,164,684,15,1942,1957,1253,1222,24,67,91,316,52,2217,96,0.0167,0.0697,0.1276,0.1245,0.0093,0.0322,5.2975,0.2936
Chhattisgarh,Raipur,32653,25131,57784,390,2194,701,7394,8095,3571,3378,83,24,107,272,208,9597,2160,0.0119,0.0672,0.1094,0.1035,0.0033,0.0083,6.37,1.8
Chhattisgarh,Rajnandgaon,6704,5402,12106,94,473,60,1460,1520,825,975,32,28,60,295,169,2286,492,0.014,0.0706,0.1231,0.1454,0.0089,0.044,25.2088,2.3883
Chhattisgarh,Sakti,4659,2276,6935,106,267,3,618,621,956,1017,52,41,93,233,72,0,0,0.0228,0.0573,0.2052,0.2183,0.02,0.05,15.454,0.0
Chhattisgarh,Sarangarh-Bilaigarh,3999,4658,8657,81,207,5,1428,1433,590,545,67,15,82,18,39,0,0,0.0203,0.0518,0.1475,0.1363,0.0205,0.0045,9.7524,0.0
Chhattisgarh,Sarguja,11582,2293,13875,212,732,28,678,706,1333,1143,10,101,111,88,148,2075,536,0.0183,0.0632,0.1151,0.0987,0.0096,0.0076,12.7784,1.5141
Chhattisgarh,Sukma,1079,562,1641,75,37,0,153,153,146,173,0,0,0,6,0,237,72,0.0695,0.0343,0.1353,0.1603,0.0,0.0056,0.0,1.3585
Chhattisgarh,Surajpur,6606,1683,8289,133,251,10,433,443,778,839,20,192,212,304,144,1279,328,0.0201,0.038,0.1178,0.127,0.0321,0.046,21.7984,2.6885
D&N Haveli And Daman & Diu,D&N Haveli,1186,114,1300,15,100,0,15,15,203,247,0,6,6,37,8,414,24,0.0126,0.0843,0.1712,0.2083,0.0051,0.0312,6.7454,0.375
D&N Haveli And Daman & Diu,Daman,667,37,704,20,60,0,3,3,102,114,9,0,9,19,11,193,4,0.03,0.09,0.1529,0.1709,0.0135,0.0285,16.4918,0.125
D&N Haveli And Daman & Diu,Diu,163,8,171,3,22,0,0,0,14,8,0,0,0,8,0,63,0,0.0184,0.135,0.0859,0.0491,0.0,0.0491,0.0,0.0
Delhi,Central,48744,2955,51699,198,7457,158,390,548,1829,1262,4,0,4,209,40,752,668,0.0041,0.153,0.0375,0.0259,0.0001,0.0043,0.8206,1.5251
Delhi,Crime Branch,306,826,1132,17,20,176,229,405,4,4,0,0,0,3,0,0,0,0.0556,0.0654,0.0131,0.0131,0.0,0.0098,0.0,0.0
Delhi,Dwarka,66340,5374,71714,248,13580,315,1273,1588,4003,3089,44,0,44,370,120,7460,2024,0.0037,0.2047,0.0603,0.0466,0.0007,0.0056,1.8089,2.1418
Delhi,East,74156,2969,77125,237,14418,142,592,734,2605,1933,14,0,14,379,80,3374,1172,0.0032,0.1944,0.0351,0.0261,0.0002,0.0051,1.0788,2.1309
Delhi,Eow,557,0,557,0,91,0,0,0,0,0,0,0,0,0,0,0,0,0.0,0.1634,0.0,0.0,0.0,0.0,0.0,0.0
Delhi,Igi Airport,2713,1672,4385,6,431,165,0,165,67,5,0,0,0,0,0,43,4,0.0022,0.1589,0.0247,0.0018,0.0,0.0,0.0,2.0
Delhi,Metro,28593,113,28706,3,6837,21,3,24,77,35,0,0,0,35,0,100,40,0.0001,0.2391,0.0027,0.0012,0.0,0.0012,0.0,3.6364
Delhi,New Delhi,8539,206,8745,25,1305,14,18,32,323,179,28,0,28,88,39,488,128,0.0029,0.1528,0.0378,0.021,0.0033,0.0103,4.5673,2.1695
Delhi,North,89162,3399,92561,197,16043,163,584,747,2124,1684,20,0,20,668,3,1914,552,0.0022,0.1799,0.0238,0.0189,0.0002,0.0075,0.0336,1.011
Delhi,North-East,86255,5766,92021,369,17091,480,690,1170,3971,3480,55,8,63,574,44,8184,1968,0.0043,0.1981,0.046,0.0403,0.0007,0.0067,0.5101,1.3068
Delhi,North-West,91825,5620,97445,241,18041,328,909,1237,2570,2138,21,0,21,701,96,4223,1400,0.0026,0.1965,0.028,0.0233,0.0002,0.0076,1.0455,1.8792
Delhi,Outer,80657,6717,87374,213,14683,381,1003,1384,4042,3006,33,5,38,571,92,7379,1928,0.0026,0.182,0.0501,0.0373,0.0005,0.0071,1.1406,2.0316
Delhi,Outer North,53770,5640,59410,273,9281,287,1020,1307,4370,4712,64,0,64,653,314,10431,3444,0.0051,0.1726,0.0813,0.0876,0.0012,0.0121,5.8397,2.2658
Delhi,Railway,20487,388,20875,18,5023,0,57,57,74,136,0,0,0,64,0,352,88,0.0009,0.2452,0.0036,0.0066,0.0,0.0031,0.0,2.2
Delhi,Rohini,61053,4988,66041,173,10866,261,717,978,3009,2256,89,0,89,308,52,5089,1504,0.0028,0.178,0.0493,0.037,0.0015,0.005,0.8517,1.8683
Delhi,Shahdara,51213,3924,55137,176,8681,195,880,1075,2681,1762,29,0,29,246,113,4427,1196,0.0034,0.1695,0.0523,0.0344,0.0006,0.0048,2.2065,1.8204
Delhi,South,69967,5023,74990,246,12459,301,828,1129,4110,2611,40,4,44,430,243,4176,972,0.0035,0.1781,0.0587,0.0373,0.0006,0.0061,3.4731,0.8959
Delhi,South-East,85287,6390,91677,309,17566,379,954,1333,4339,2976,81,0,81,558,85,6286,1900,0.0036,0.206,0.0509,0.0349,0.0009,0.0065,0.9966,1.3858
Delhi,South-West,36680,3672,40352,193,6017,188,841,1029,2477,2266,16,0,16,546,50,4998,1620,0.0053,0.164,0.0675,0.0618,0.0004,0.0149,1.3631,2.3011
Delhi,Spl Cell,2056,625,2681,20,29,198,60,258,10,4,0,0,0,0,38,0,0,0.0097,0.0141,0.0049,0.0019,0.0,0.0,18.4825,0.0
Delhi,Spuwac,285,0,285,0,0,0,0,0,285,0,0,0,0,0,0,0,0,0.0,0.0,1.0,0.0,0.0,0.0,0.0,0.0
Delhi,Vigilance,0,24,24,0,0,0,0,0,0,0,0,0,0,0,0,0,0,0.0,0.0,0.0,0.0,0.0,0.0,0.0,0.0
Delhi,West,72916,5692,78608,217,14305,338,776,1114,2781,2070,4,0,4,478,164,4989,1356,0.003,0.1962,0.0381,0.0284,0.0001,0.0066,2.2492,2.1801
Goa,Cid,186,673,859,11,16,0,168,168,73,20,0,0,0,0,228,30,0,0.0591,0.086,0.3925,0.1075,0.0,0.0,1225.8065,0.0
Goa,North Goa,4388,1474,5862,121,390,8,201,209,697,456,0,4,4,28,37,918,96,0.0276,0.0889,0.1588,0.1039,0.0009,0.0064,8.4321,0.7385
Goa,South Goa,3122,1538,4660,78,230,14,117,131,377,309,4,26,30,25,38,912,12,0.025,0.0737,0.1208,0.099,0.0096,0.008,12.1717,0.1644
Gujarat,Ahmedabad City,72461,79477,151938,372,4815,90,37140,37230,3644,3535,538,54,592,866,1266,11286,1224,0.0051,0.0664,0.0503,0.0488,0.0082,0.012,17.4715,2.621
Gujarat,Ahmedabad Rural,15370,27807,43177,110,647,7,13655,13662,500,482,127,13,140,127,99,1079,104,0.0072,0.0421,0.0325,0.0314,0.0091,0.0083,6.4411,1.8571
Gujarat,Amreli,7378,19098,26476,101,500,26,10168,10194,701,438,258,12,270,133,105,411,0,0.0137,0.0678,0.095,0.0594,0.0366,0.018,14.2315,0.0
Gujarat,Anand,9684,26673,36357,64,418,2,14414,14416,622,522,88,23,111,115,102,1521,0,0.0066,0.0432,0.0642,0.0539,0.0115,0.0119,10.5328,0.0
Gujarat,Arvalli,6377,19416,25793,76,257,8,11541,11549,511,416,65,41,106,93,65,920,8,0.0119,0.0403,0.0801,0.0652,0.0166,0.0146,10.1929,0.1569
Gujarat,Banaskantha,14300,51976,66276,183,800,36,28861,28897,1148,672,317,135,452,49,106,1998,0,0.0128,0.0559,0.0803,0.047,0.0316,0.0034,7.4126,0.0
Gujarat,Bharuch,17827,53853,71680,84,488,28,33578,33606,607,530,50,101,151,51,76,1700,176,0.0047,0.0274,0.034,0.0297,0.0085,0.0029,4.2632,2.8387
Gujarat,Bhavnagar,9135,51012,60147,117,554,46,26816,26862,687,475,274,0,274,106,71,1050,336,0.0128,0.0606,0.0752,0.052,0.03,0.0116,7.7723,5.6949
Gujarat,Botad,4130,14410,18540,39,133,10,7185,7195,292,222,108,30,138,18,27,603,156,0.0094,0.0322,0.0707,0.0538,0.0334,0.0044,6.5375,14.1818
Gujarat,Chhotaudepur,11581,27228,38809,74,148,20,14356,14376,414,408,4,65,69,0,19,199,16,0.0064,0.0128,0.0357,0.0352,0.006,0.0,1.6406,0.4324
Gujarat,Cid Crime,362,127,489,1,74,0,17,17,24,0,0,0,0,0,130,0,0,0.0028,0.2044,0.0663,0.0,0.0,0.0,359.116,0.0
Gujarat,Cyber Ahmedabad Range,8,3,11,0,0,0,0,0,0,0,0,0,0,0,10,0,0,0.0,0.0,0.0,0.0,0.0,0.0,1250.0,0.0
Gujarat,Cyber Bhavnagar Range,32,0,32,0,7,0,0,0,0,0,0,0,0,0,24,0,0,0.0,0.2188,0.0,0.0,0.0,0.0,750.0,0.0
Gujarat,Cyber Border Range,28,3,31,0,7,0,0,0,4,4,5,0,5,0,24,0,0,0.0,0.25,0.1429,0.1429,0.1786,0.0,857.1429,0.0
Gujarat,Cyber Gandhinagar Range,61,0,61,0,16,0,0,0,0,0,0,0,0,0,48,0,0,0.0,0.2623,0.0,0.0,0.0,0.0,786.8852,0.0
Gujarat,Cyber Junagadh Range,52,18,70,0,9,0,0,0,4,0,0,0,0,0,64,0,0,0.0,0.1731,0.0769,0.0,0.0,0.0,1230.7692,0.0
Gujarat,Cyber Panchmahal Range,8,3,11,0,0,0,0,0,4,0,0,0,0,0,10,0,0,0.0,0.0,0.5,0.0,0.0,0.0,1250.0,0.0
Gujarat,Cyber Rajkot Range,8,6,14,0,2,0,0,0,0,0,0,0,0,0,14,0,0,0.0,0.25,0.0,0.0,0.0,0.0,1750.0,0.0
Gujarat,Cyber Surat Range,0,0,0,0,0,0,0,0,0,0,0,0,0,0,0,0,0,0.0,0.0,0.0,0.0,0.0,0.0,0.0,0.0
Gujarat,Cyber Vadodara Range,0,0,0,0,0,0,0,0,0,0,0,0,0,0,0,0,0,0.0,0.0,0.0,0.0,0.0,0.0,0.0,0.0
Gujarat,Dahod,13177,65780,78957,87,255,30,39063,39093,803,709,8,16,24,12,65,853,568,0.0066,0.0194,0.0609,0.0538,0.0018,0.0009,4.9328,12.0851
Gujarat,Dang,1097,3614,4711,12,30,2,2094,2096,44,24,0,0,0,0,24,0,0,0.0109,0.0273,0.0401,0.0219,0.0,0.0,21.8778,0.0
Gujarat,Devbhumi Dwarka,5229,21909,27138,55,111,28,12318,12346,293,154,99,0,99,22,60,411,60,0.0105,0.0212,0.056,0.0295,0.0189,0.0042,11.4745,2.5
Gujarat,Gandhinagar,13374,16253,29627,116,965,26,9328,9354,604,471,203,25,228,199,63,2811,312,0.0087,0.0722,0.0452,0.0352,0.017,0.0149,4.7106,3.4667
Gujarat,Gir Somnath,5773,28813,34586,46,163,24,14173,14197,360,205,125,13,138,10,49,123,12,0.008,0.0282,0.0624,0.0355,0.0239,0.0017,8.4878,3.0
Gujarat,Jamnagar,14977,38295,53272,89,373,28,20921,20949,624,371,181,4,185,106,50,411,60,0.0059,0.0249,0.0417,0.0248,0.0124,0.0071,3.3385,1.875
Gujarat,Junagadh,8425,24974,33399,90,375,33,13882,13915,917,484,254,13,267,58,35,517,352,0.0107,0.0445,0.1088,0.0574,0.0317,0.0069,4.1543,4.3457
Gujarat,Kachchh East(G),9016,20633,29649,132,448,110,9998,10108,619,403,244,5,249,0,118,1718,296,0.0146,0.0497,0.0687,0.0447,0.0276,0.0,13.0878,2.4667
Gujarat,Kachchh West(B),10589,27325,37914,67,401,42,13938,13980,448,286,184,21,205,43,63,1158,192,0.0063,0.0379,0.0423,0.027,0.0194,0.0041,5.9496,4.1739
Gujarat,Kheda,10600,20524,31124,104,716,24,11622,11646,774,511,98,4,102,24,176,1126,4,0.0098,0.0675,0.073,0.0482,0.0096,0.0023,16.6038,0.087
Gujarat,Mahisagar,3686,15129,18815,29,101,4,9055,9059,306,381,53,4,57,4,54,630,228,0.0079,0.0274,0.083,0.1034,0.0155,0.0011,14.65,8.7692
Gujarat,Mehsana,10340,31995,42335,103,923,32,18692,18724,858,682,231,15,246,0,101,2856,0,0.01,0.0893,0.083,0.066,0.0238,0.0,9.7679,0.0
Gujarat,Morbi,13415,26887,40302,81,224,86,13534,13620,340,290,147,18,165,27,76,168,0,0.006,0.0167,0.0253,0.0216,0.0123,0.002,5.6653,0.0
Gujarat,Narmada,9774,21206,30980,33,70,6,9326,9332,187,175,4,69,73,42,10,167,20,0.0034,0.0072,0.0191,0.0179,0.0075,0.0043,1.0231,1.6667
Gujarat,Navsari,6413,47426,53839,32,221,5,23666,23671,175,197,4,42,46,58,37,423,36,0.005,0.0345,0.0273,0.0307,0.0072,0.009,5.7695,3.0
Gujarat,Panchmahal,12596,26238,38834,99,320,8,14487,14495,826,634,93,82,175,137,145,389,20,0.0079,0.0254,0.0656,0.0503,0.0139,0.0109,11.5116,0.4082
Gujarat,Patan,11142,28635,39777,85,296,48,14355,14403,609,416,203,12,215,16,74,1423,52,0.0076,0.0266,0.0547,0.0373,0.0193,0.0014,6.6415,1.4444
Gujarat,Porbandar,3137,15263,18400,32,106,15,8364,8379,213,163,110,0,110,68,53,292,40,0.0102,0.0338,0.0679,0.052,0.0351,0.0217,16.8951,8.0
Gujarat,Rajkot City,16649,23167,39816,145,1079,46,10763,10809,1164,746,275,25,300,145,192,2772,0,0.0087,0.0648,0.0699,0.0448,0.018,0.0087,11.5322,0.0
Gujarat,Rajkot Rural,9111,35121,44232,75,254,38,18829,18867,625,412,285,8,293,137,83,1335,0,0.0082,0.0279,0.0686,0.0452,0.0322,0.015,9.1099,0.0
Gujarat,Sabarkantha,11593,30652,42245,90,496,32,16384,16416,593,462,83,9,92,75,16,1022,68,0.0078,0.0428,0.0512,0.0399,0.0079,0.0065,1.3801,1.193
Gujarat,Surat City,36197,155820,192017,309,2698,82,68062,68144,3265,2448,224,79,303,74,873,6749,896,0.0085,0.0745,0.0902,0.0676,0.0084,0.002,24.118,1.75
Gujarat,Surat Rural,21382,42658,64040,75,521,22,22811,22833,470,414,26,90,116,120,110,478,52,0.0035,0.0244,0.022,0.0194,0.0054,0.0056,5.1445,1.1064
Gujarat,Surendranagar,16198,25561,41759,108,289,158,12938,13096,540,414,316,34,350,63,49,301,16,0.0067,0.0178,0.0333,0.0256,0.0216,0.0039,3.0251,0.5333
Gujarat,Tapi,11645,25732,37377,19,138,0,12080,12080,112,104,0,24,24,36,26,183,24,0.0016,0.0119,0.0096,0.0089,0.0021,0.0031,2.2327,4.0
Gujarat,Vadodara City,14638,29119,43757,110,1178,14,16690,16704,980,708,112,75,187,236,240,2411,440,0.0075,0.0805,0.0669,0.0484,0.0128,0.0161,16.3957,4.7312
Gujarat,Vadodara Rural,19459,33040,52499,81,229,6,17695,17701,440,525,115,117,232,110,26,619,4,0.0042,0.0118,0.0226,0.027,0.0119,0.0057,1.3361,0.1667
Gujarat,Valsad,21129,79569,100698,54,283,10,43411,43421,389,571,15,20,35,108,44,1009,64,0.0026,0.0134,0.0184,0.027,0.0017,0.0051,2.0824,0.4812
Gujarat,W Rly Ahmedabad,3583,4179,7762,4,772,4,2272,2276,10,34,0,0,0,3,15,88,40,0.0011,0.2155,0.0028,0.0095,0.0,0.0008,4.1864,8.0
Gujarat,W Rly Vadodara,4005,14424,18429,8,709,2,8282,8284,52,35,0,0,0,17,12,53,8,0.002,0.177,0.013,0.0087,0.0,0.0042,2.9963,8.0
Haryana,Ambala,13875,3307,17182,308,1660,86,608,694,1869,1089,88,0,88,81,86,837,108,0.0222,0.1196,0.1347,0.0785,0.0063,0.0058,6.1982,0.5806
Haryana,Bhiwani,11635,1541,13176,124,957,64,381,445,1463,480,212,0,212,32,47,1905,180,0.0107,0.0823,0.1257,0.0413,0.0182,0.0028,4.0395,11.25
Haryana,Charkhi Dadri,4211,1031,5242,103,234,98,219,317,721,316,231,0,231,72,23,760,4,0.0245,0.0556,0.1712,0.075,0.0549,0.0171,5.4619,0.1333
Haryana,Dabwali,4309,2000,6309,79,435,75,899,974,373,265,33,0,33,97,4,674,20,0.0183,0.101,0.0866,0.0615,0.0077,0.0225,0.9283,20.0
Haryana,Faridabad,33292,12885,46177,1012,3438,894,2367,3261,4679,3747,327,0,327,394,180,4647,540,0.0304,0.1033,0.1405,0.1125,0.0098,0.0118,5.4067,0.5411
Haryana,Fatehabad,10529,3356,13885,167,1251,156,1099,1255,1079,789,276,0,276,290,69,1907,248,0.0159,0.1188,0.1025,0.0749,0.0262,0.0275,6.5533,2.1197
Haryana,Grp,4709,746,5455,34,968,5,305,310,76,79,16,4,20,36,8,99,24,0.0072,0.2056,0.0161,0.0168,0.0042,0.0076,1.6989,4.0
Haryana,Gurugram,46428,10640,57068,577,6131,434,2628,3062,4625,3273,146,0,146,555,4533,5589,1512,0.0124,0.1321,0.0996,0.0705,0.0031,0.012,97.635,2.2367
Haryana,Hansi,6688,1311,7999,84,752,47,369,416,587,342,151,0,151,121,51,992,164,0.0126,0.1124,0.0878,0.0511,0.0226,0.0181,7.6256,32.8
Haryana,Hissar,21138,2813,23951,372,2718,218,709,927,1937,1173,570,0,570,113,137,3080,164,0.0176,0.1286,0.0916,0.0555,0.027,0.0053,6.4812,1.131
Haryana,Irrigation & Power,2808,118194,121002,0,0,0,0,0,0,0,0,0,0,0,0,0,0,0.0,0.0,0.0,0.0,0.0,0.0,0.0,0.0
Haryana,Jhajjar,13181,1950,15131,335,1317,282,399,681,1639,1018,201,0,201,100,24,2249,44,0.0254,0.0999,0.1243,0.0772,0.0152,0.0076,1.8208,0.1528
Haryana,Jind,13786,2798,16584,203,1624,160,565,725,1537,714,206,0,206,130,44,0,0,0.0147,0.1178,0.1115,0.0518,0.0149,0.0094,3.1916,0.0
Haryana,Kaithal,11496,2850,14346,302,1294,46,629,675,1257,595,176,0,176,168,56,2019,516,0.0263,0.1126,0.1093,0.0518,0.0153,0.0146,4.8713,7.0685
Haryana,Karnal,27184,5598,32782,767,2518,125,919,1044,3301,2057,245,0,245,233,55,5383,1144,0.0282,0.0926,0.1214,0.0757,0.009,0.0086,2.0232,2.2609
Haryana,Kurukshetra,15853,4607,20460,384,1519,76,1010,1086,2387,996,223,0,223,49,120,1900,148,0.0242,0.0958,0.1506,0.0628,0.0141,0.0031,7.5695,0.6948
Haryana,Mahendergarh,8559,1256,9815,150,760,104,377,481,762,318,156,0,156,161,0,1628,188,0.0175,0.0888,0.089,0.0372,0.0182,0.0188,0.0,3.1333
Haryana,Nuh,8910,1937,10847,256,620,138,274,412,1258,639,66,0,66,33,9,432,24,0.0287,0.0696,0.1412,0.0717,0.0074,0.0037,1.0101,0.8276
Haryana,Palwal,12787,4017,16804,325,1258,390,814,1204,1695,900,264,0,264,116,381,1502,260,0.0254,0.0984,0.1326,0.0704,0.0206,0.0091,29.7959,2.8261
Haryana,Panchkula,8949,1934,10883,224,1061,42,514,556,1368,832,35,0,35,60,41,1507,496,0.025,0.1186,0.1529,0.093,0.0039,0.0067,4.5815,1.9683
Haryana,Panipat,23134,2884,26018,770,2004,192,626,818,3545,3235,138,0,138,285,36,6739,2332,0.0333,0.0866,0.1532,0.1398,0.006,0.0123,1.5562,3.0404
Haryana,Rewari,14997,1187,16184,218,1424,82,291,373,1820,1444,226,0,226,160,24,2893,832,0.0145,0.095,0.1214,0.0963,0.0151,0.0107,1.6003,1.8909
Haryana,Rohtak,21009,1754,22763,532,2092,216,459,675,2321,1531,238,0,238,337,36,2840,80,0.0253,0.0996,0.1105,0.0729,0.0113,0.016,1.7136,0.2036
Haryana,Sirsa,11833,4208,16041,184,1297,108,1512,1620,1154,612,138,0,138,195,24,2270,812,0.0155,0.1096,0.0975,0.0517,0.0117,0.0165,2.0282,812.0
Haryana,Sonipat,20238,2861,23099,594,2019,356,469,825,2798,1264,190,0,190,383,64,4664,1448,0.0294,0.0998,0.1383,0.0625,0.0094,0.0189,3.1624,5.8387
Haryana,Yamunanagar,21155,3043,24198,368,2819,160,866,1026,2614,1370,112,0,112,219,56,3278,932,0.0174,0.1333,0.1236,0.0648,0.0053,0.0104,2.6471,3.0162
Himachal Pradesh,Baddi,2579,1261,3840,54,165,4,365,369,334,289,40,0,40,35,32,1092,192,0.0209,0.064,0.1295,0.1121,0.0155,0.0136,12.4079,1.4884
Himachal Pradesh,Bilaspur,3059,1282,4341,27,104,5,709,714,314,140,89,0,89,34,4,782,104,0.0088,0.034,0.1026,0.0458,0.0291,0.0111,1.3076,1.7931
Himachal Pradesh,Chamba,1604,1264,2868,43,35,0,542,542,367,246,20,4,24,19,0,624,120,0.0268,0.0218,0.2288,0.1534,0.015,0.0118,0.0,1.5789
Himachal Pradesh,Cid,0,4,4,0,0,0,3,3,0,0,0,0,0,0,0,0,0,0.0,0.0,0.0,0.0,0.0,0.0,0.0,0.0
Himachal Pradesh,Cyber,95,273,368,0,5,0,0,0,0,0,0,0,0,0,424,0,0,0.0,0.0526,0.0,0.0,0.0,0.0,4463.1579,0.0
Himachal Pradesh,Grp,42,6,48,0,4,0,1,1,0,3,0,0,0,2,0,0,0,0.0,0.0952,0.0,0.0714,0.0,0.0476,0.0,0.0
Himachal Pradesh,Hamirpur,2102,660,2762,31,52,0,270,270,288,163,89,0,89,15,4,563,104,0.0147,0.0247,0.137,0.0775,0.0423,0.0071,1.9029,1.625
Himachal Pradesh,Kangra,4664,2224,6888,59,158,7,931,938,609,297,36,0,36,17,12,1244,140,0.0127,0.0339,0.1306,0.0637,0.0077,0.0036,2.5729,1.3462
Himachal Pradesh,Kinnaur,554,507,1061,11,10,1,178,179,69,64,10,0,10,6,20,146,32,0.0199,0.0181,0.1245,0.1155,0.0181,0.0108,36.1011,2.0
Himachal Pradesh,Kullu,2340,2211,4551,34,58,8,1080,1088,307,203,64,0,64,32,12,530,80,0.0145,0.0248,0.1312,0.0868,0.0274,0.0137,5.1282,1.3333
Himachal Pradesh,Lahaul & Spiti,196,250,446,1,4,0,75,75,3,3,0,0,0,7,8,39,0,0.0051,0.0204,0.0153,0.0153,0.0,0.0357,40.8163,0.0
Himachal Pradesh,Mandi,5060,2441,7501,118,124,4,1094,1098,866,480,207,0,207,89,8,866,140,0.0233,0.0245,0.1711,0.0949,0.0409,0.0176,1.581,0.9091
Himachal Pradesh,Nurpur,1902,1291,3193,20,60,6,519,525,232,150,16,0,16,3,12,573,84,0.0105,0.0315,0.122,0.0789,0.0084,0.0016,6.3091,1.4
Himachal Pradesh,Shimla,4300,1981,6281,104,190,4,1029,1033,576,313,147,0,147,31,16,185,176,0.0242,0.0442,0.134,0.0728,0.0342,0.0072,3.7209,2.5882
Himachal Pradesh,Sirmaur,3072,1497,4569,58,148,2,511,513,515,313,94,0,94,77,8,549,84,0.0189,0.0482,0.1676,0.1019,0.0306,0.0251,2.6042,0.9032
Himachal Pradesh,Solan,3084,694,3778,52,188,4,321,325,434,291,93,0,93,46,4,699,204,0.0169,0.061,0.1407,0.0944,0.0302,0.0149,1.297,2.3721
Himachal Pradesh,Una,3187,1406,4593,26,174,4,439,443,340,191,92,0,92,0,8,327,144,0.0082,0.0546,0.1067,0.0599,0.0289,0.0,2.5102,1.5652
Jammu & Kashmir,Anantnag,3954,600,4554,52,164,11,275,286,746,321,0,0,0,0,3,598,220,0.0132,0.0415,0.1887,0.0812,0.0,0.0,0.7587,1.5278
Jammu & Kashmir,Anti Narcotic Task Force Jammu,0,36,36,0,0,0,27,27,0,0,0,0,0,0,0,0,0,0.0,0.0,0.0,0.0,0.0,0.0,0.0,0.0
Jammu & Kashmir,Anti Narcotic Task Force Kashmir,0,8,8,0,0,0,6,6,0,0,0,0,0,0,0,0,0,0.0,0.0,0.0,0.0,0.0,0.0,0.0,0.0
Jammu & Kashmir,Awantipora,1489,382,1871,27,128,4,224,228,307,48,0,0,0,0,0,121,4,0.0181,0.086,0.2062,0.0322,0.0,0.0,0.0,0.5
Jammu & Kashmir,Bandipora,1662,545,2207,34,107,0,238,238,425,65,0,0,0,0,8,272,8,0.0205,0.0644,0.2557,0.0391,0.0,0.0,4.8135,1.3333
Jammu & Kashmir,Baramulla,3485,808,4293,80,147,12,449,461,632,84,0,0,0,122,0,272,8,0.023,0.0422,0.1813,0.0241,0.0,0.035,0.0,8.0
Jammu & Kashmir,Budgam,3814,459,4273,118,193,6,170,176,1012,129,0,0,0,58,0,441,0,0.0309,0.0506,0.2653,0.0338,0.0,0.0152,0.0,0.0
Jammu & Kashmir,Cice Jammu,0,30,30,0,0,0,0,0,0,0,0,0,0,0,40,0,0,0.0,0.0,0.0,0.0,0.0,0.0,40000.0,0.0
Jammu & Kashmir,Cice Kashmir,0,15,15,0,0,0,0,0,4,0,0,0,0,0,20,0,0,0.0,0.0,4.0,0.0,0.0,0.0,20000.0,0.0
Jammu & Kashmir,Cyber Crime Jammu,0,75,75,0,0,0,0,0,0,0,0,0,0,0,101,0,0,0.0,0.0,0.0,0.0,0.0,0.0,101000.0,0.0
Jammu & Kashmir,Cyber Crime Kashmir,0,90,90,0,0,0,0,0,88,4,0,0,0,0,120,0,0,0.0,0.0,88.0,4.0,0.0,0.0,120000.0,0.0
Jammu & Kashmir,Doda,2226,266,2492,39,60,2,88,90,432,52,5,0,5,0,6,323,8,0.0175,0.027,0.1941,0.0234,0.0022,0.0,2.6954,8.0
Jammu & Kashmir,Eow Jammu,260,12,272,0,0,0,0,0,0,0,0,0,0,0,12,0,0,0.0,0.0,0.0,0.0,0.0,0.0,46.1538,0.0
Jammu & Kashmir,Eow Kashmir,60,9,69,0,0,0,0,0,0,0,0,0,0,0,4,0,0,0.0,0.0,0.0,0.0,0.0,0.0,66.6667,0.0
Jammu & Kashmir,Ganderbal,1719,374,2093,14,110,2,93,95,358,149,0,0,0,54,0,319,52,0.0081,0.064,0.2083,0.0867,0.0,0.0314,0.0,1.4857
Jammu & Kashmir,Handwara,1129,208,1337,19,86,0,92,92,232,108,0,0,0,0,0,0,0,0.0168,0.0762,0.2055,0.0957,0.0,0.0,0.0,0.0
Jammu & Kashmir,Jammu,12971,1491,14462,240,835,32,680,712,1185,607,25,0,25,30,33,2019,0,0.0185,0.0644,0.0914,0.0468,0.0019,0.0023,2.5441,0.0
Jammu & Kashmir,Kathua,3745,526,4271,53,124,5,216,221,361,235,8,0,8,59,12,840,168,0.0142,0.0331,0.0964,0.0628,0.0021,0.0158,3.2043,1.697
Jammu & Kashmir,Kishtwar,1162,214,1376,15,26,1,65,66,156,114,8,0,8,47,0,240,24,0.0129,0.0224,0.1343,0.0981,0.0069,0.0404,0.0,0.6154
Jammu & Kashmir,Kulgam,2170,927,3097,49,138,14,378,392,572,52,0,0,0,0,0,215,32,0.0226,0.0636,0.2636,0.024,0.0,0.0,0.0,32.0
Jammu & Kashmir,Kupwara,2024,459,2483,39,96,3,205,208,557,116,0,0,0,0,0,183,24,0.0193,0.0474,0.2752,0.0573,0.0,0.0,0.0,1.0
Jammu & Kashmir,Poonch,2956,274,3230,56,81,6,93,99,404,225,0,0,0,44,8,453,96,0.0189,0.0274,0.1367,0.0761,0.0,0.0149,2.7064,1.3333
Jammu & Kashmir,Pulwama,1390,482,1872,14,71,1,222,223,225,57,0,0,0,16,0,146,32,0.0101,0.0511,0.1619,0.041,0.0,0.0115,0.0,2.2857
Jammu & Kashmir,Railways Jammu,38,81,119,1,6,0,47,47,4,5,0,0,0,0,0,21,0,0.0263,0.1579,0.1053,0.1316,0.0,0.0,0.0,0.0
Jammu & Kashmir,Railways Kashmir,22,12,34,0,2,0,9,9,0,0,0,0,0,0,0,0,0,0.0,0.0909,0.0,0.0,0.0,0.0,0.0,0.0
Jammu & Kashmir,Railways Katra,37,8,45,0,5,0,6,6,0,0,0,0,0,0,0,0,0,0.0,0.1351,0.0,0.0,0.0,0.0,0.0,0.0
Jammu & Kashmir,Rajouri,4500,843,5343,95,114,3,132,135,798,363,8,4,12,46,30,647,92,0.0211,0.0253,0.1773,0.0807,0.0027,0.0102,6.6667,0.8598
Jammu & Kashmir,Ramban,2968,294,3262,26,59,2,152,154,243,154,4,0,4,0,6,189,48,0.0088,0.0199,0.0819,0.0519,0.0013,0.0,2.0216,8.0
Jammu & Kashmir,Reasi,2387,421,2808,29,70,3,181,184,264,301,0,0,0,17,0,585,120,0.0121,0.0293,0.1106,0.1261,0.0,0.0071,0.0,2.4
Jammu & Kashmir,Samba,2897,333,3230,43,174,13,158,171,236,181,0,0,0,4,0,462,0,0.0148,0.0601,0.0815,0.0625,0.0,0.0014,0.0,0.0
Jammu & Kashmir,Shopian,1153,303,1456,59,92,2,182,184,253,20,0,0,0,0,0,145,52,0.0512,0.0798,0.2194,0.0173,0.0,0.0,0.0,52.0
Jammu & Kashmir,Sopore,1453,410,1863,26,98,24,177,201,360,130,0,0,0,127,6,177,0,0.0179,0.0674,0.2478,0.0895,0.0,0.0874,4.1294,0.0
Jammu & Kashmir,Special Crime Wing Jammu,44,15,59,0,10,0,0,0,0,0,0,0,0,0,0,0,0,0.0,0.2273,0.0,0.0,0.0,0.0,0.0,0.0
Jammu & Kashmir,Special Crime Wing Kashmir,8,6,14,0,2,0,0,0,0,0,0,0,0,0,0,0,0,0.0,0.25,0.0,0.0,0.0,0.0,0.0,0.0
Jammu & Kashmir,Srinagar,6085,962,7047,159,466,2,293,295,1115,64,0,0,0,0,8,784,112,0.0261,0.0766,0.1832,0.0105,0.0,0.0,1.3147,112.0
Jammu & Kashmir,Udhampur,3881,687,4568,35,110,1,321,322,311,166,20,0,20,97,16,785,104,0.009,0.0283,0.0801,0.0428,0.0052,0.025,4.1226,2.3636
Jharkhand,Bokaro,12392,1325,13717,285,1048,12,116,128,714,35,164,0,164,15,235,0,0,0.023,0.0846,0.0576,0.0028,0.0132,0.0012,18.9638,0.0
Jharkhand,Chaibasa,2691,959,3650,193,225,24,78,102,383,154,16,20,36,0,60,518,236,0.0717,0.0836,0.1423,0.0572,0.0134,0.0,22.2965,47.2
Jharkhand,Chatra,5109,1827,6936,232,411,32,319,351,680,247,137,5,142,0,124,231,48,0.0454,0.0804,0.1331,0.0483,0.0278,0.0,24.2709,1.5
Jharkhand,Deoghar,8443,2502,10945,308,785,82,182,264,958,352,88,20,108,0,720,192,48,0.0365,0.093,0.1135,0.0417,0.0128,0.0,85.2777,48.0
Jharkhand,Dhanbad,14342,3693,18035,332,1699,110,186,296,1670,372,208,44,252,0,369,1122,216,0.0231,0.1185,0.1164,0.0259,0.0176,0.0,25.7286,54.0
Jharkhand,Dhanbad Railway,2794,117,2911,4,622,10,28,38,6,60,4,0,4,0,0,27,0,0.0014,0.2226,0.0021,0.0215,0.0014,0.0,0.0,0.0
Jharkhand,Dumka,4003,971,4974,199,343,32,43,75,617,306,48,44,92,0,72,218,80,0.0497,0.0857,0.1541,0.0764,0.023,0.0,17.9865,16.0
Jharkhand,Garhwa,7112,2861,9973,438,468,58,196,254,1395,500,252,88,340,0,194,572,200,0.0616,0.0658,0.1961,0.0703,0.0478,0.0,27.2778,200.0
Jharkhand,Giridih,10732,1215,11947,789,947,12,70,82,1390,620,204,48,252,0,184,93,72,0.0735,0.0882,0.1295,0.0578,0.0235,0.0,17.145,1.4694
Jharkhand,Godda,4524,1398,5922,234,446,48,184,232,1025,188,84,37,121,0,132,52,52,0.0517,0.0986,0.2266,0.0416,0.0267,0.0,29.1777,8.6667
Jharkhand,Gumla,3276,1221,4497,188,283,54,130,184,481,232,12,12,24,81,46,513,120,0.0574,0.0864,0.1468,0.0708,0.0073,0.0247,14.0415,2.4
Jharkhand,Hazaribagh,12363,2570,14933,449,1061,40,305,345,1281,243,274,40,314,87,190,596,188,0.0363,0.0858,0.1036,0.0197,0.0254,0.007,15.3684,10.4444
Jharkhand,Jamshedpur,12664,3093,15757,269,1306,90,286,376,1623,232,72,92,164,0,1016,1716,408,0.0212,0.1031,0.1282,0.0183,0.013,0.0,80.2274,408.0
Jharkhand,Jamshedpur Railway,1014,137,1151,2,208,4,69,73,17,4,0,4,4,6,24,36,0,0.002,0.2051,0.0168,0.0039,0.0039,0.0059,23.6686,0.0
Jharkhand,Jamtara,2819,751,3570,151,195,12,84,96,463,158,32,12,44,0,311,204,48,0.0536,0.0692,0.1642,0.056,0.0156,0.0,110.3228,48.0
Jharkhand,Khunti,1440,815,2255,67,123,28,198,226,195,98,0,12,12,0,32,151,148,0.0465,0.0854,0.1354,0.0681,0.0083,0.0,22.2222,11.3846
Jharkhand,Koderma,3362,1268,4630,73,268,18,99,117,507,246,184,0,184,0,0,0,0,0.0217,0.0797,0.1508,0.0732,0.0547,0.0,0.0,0.0
Jharkhand,Latehar,2574,977,3551,156,213,26,100,126,541,144,35,34,69,0,56,88,40,0.0606,0.0828,0.2102,0.0559,0.0268,0.0,21.756,5.0
Jharkhand,Lohardagga,3062,406,3468,125,236,15,45,60,241,0,0,12,12,0,0,100,100,0.0408,0.0771,0.0787,0.0,0.0039,0.0,0.0,100.0
Jharkhand,Pakur,2937,487,3424,227,207,10,21,31,451,68,24,60,84,0,40,56,56,0.0773,0.0705,0.1536,0.0232,0.0286,0.0,13.6193,56.0
Jharkhand,Palamu,9205,2734,11939,565,812,132,161,293,1824,798,301,64,365,0,179,443,200,0.0614,0.0882,0.1982,0.0867,0.0397,0.0,19.446,1.5504
Jharkhand,Ramgarh,3886,989,4875,167,334,40,117,157,661,96,33,29,62,0,47,36,24,0.043,0.0859,0.1701,0.0247,0.016,0.0,12.0947,24.0
Jharkhand,Ranchi,26488,5557,32045,855,3219,90,584,674,1872,292,68,372,440,85,1384,27,24,0.0323,0.1215,0.0707,0.011,0.0166,0.0032,52.2501,24.0
Jharkhand,Sahebganj,4622,1824,6446,390,318,48,108,156,997,293,0,0,0,0,200,0,0,0.0844,0.0688,0.2157,0.0634,0.0,0.0,43.2713,0.0
Jharkhand,Saraikela,4470,1416,5886,172,537,64,108,172,496,187,44,0,44,0,115,0,0,0.0385,0.1201,0.111,0.0418,0.0098,0.0,25.7271,0.0
Jharkhand,Simdega,1871,653,2524,113,93,18,77,95,419,112,0,4,4,0,60,389,68,0.0604,0.0497,0.2239,0.0599,0.0021,0.0,32.0684,68.0
Karnataka,Bagalkot,7890,2784,10674,194,498,4,256,260,1128,608,213,36,249,115,188,1241,188,0.0246,0.0631,0.143,0.0771,0.0316,0.0146,23.8276,1.7407
Karnataka,Ballari,7228,4188,11416,130,536,1,523,524,1056,583,111,45,156,68,472,779,68,0.018,0.0742,0.1461,0.0807,0.0216,0.0094,65.3016,0.7158
Karnataka,Belagavi City,6000,1232,7232,151,503,4,215,219,742,469,122,22,144,26,406,871,88,0.0252,0.0838,0.1237,0.0782,0.024,0.0043,67.6667,1.0864
Karnataka,Belagavi District,15500,5477,20977,392,764,6,797,803,2049,1038,356,78,434,102,260,2054,272,0.0253,0.0493,0.1322,0.067,0.028,0.0066,16.7742,1.6
Karnataka,Bengaluru City,120781,69024,189805,1021,13931,120,1658,1778,15854,8786,1190,101,1291,1072,70285,19156,1768,0.0085,0.1153,0.1313,0.0727,0.0107,0.0089,581.921,0.7694
Karnataka,Bengaluru District,27590,4890,32480,334,2585,9,473,482,2928,2083,458,26,484,179,3371,4608,444,0.0121,0.0937,0.1061,0.0755,0.0175,0.0065,122.1819,0.75
Karnataka,Bidar,10576,2648,13224,174,485,3,379,382,1037,728,147,17,164,85,164,1053,108,0.0165,0.0459,0.0981,0.0688,0.0155,0.008,15.5068,0.766
Karnataka,Chamarajnagar,7042,2237,9279,125,301,16,481,497,1240,631,121,35,156,102,96,1399,196,0.0178,0.0427,0.1761,0.0896,0.0222,0.0145,13.6325,3.3793
Karnataka,Chikkaballapura,9297,3561,12858,103,548,8,425,433,1612,1301,176,87,263,96,754,2074,256,0.0111,0.0589,0.1734,0.1399,0.0283,0.0103,81.1014,1.8286
Karnataka,Chikkamagaluru,8841,3435,12276,100,383,26,1006,1032,1549,923,179,33,212,4,367,1337,128,0.0113,0.0433,0.1752,0.1044,0.024,0.0005,41.5111,0.8421
Karnataka,Chitradurga,14965,4166,19131,147,691,2,632,634,2521,1200,186,54,240,0,296,2912,224,0.0098,0.0462,0.1685,0.0802,0.016,0.0,19.7795,1.2444
Karnataka,Dakshina Kannada,5954,1007,6961,56,305,6,154,160,728,625,79,58,137,37,417,500,68,0.0094,0.0512,0.1223,0.105,0.023,0.0062,70.0369,1.3077
Karnataka,Davanagere,10779,4075,14854,255,748,0,805,805,2047,955,223,85,308,4,551,2803,232,0.0237,0.0694,0.1899,0.0886,0.0286,0.0004,51.1179,1.1262
Karnataka,Dharwad,3759,1648,5407,60,188,0,227,227,482,365,111,62,173,3,272,918,72,0.016,0.05,0.1282,0.0971,0.046,0.0008,72.3597,1.3585
Karnataka,Gadag,3820,2818,6638,135,268,0,376,376,540,357,126,42,168,80,268,817,100,0.0353,0.0702,0.1414,0.0935,0.044,0.0209,70.1571,1.6667
Karnataka,Hassan,17759,3424,21183,244,805,10,711,721,2315,1214,422,9,431,80,524,1814,224,0.0137,0.0453,0.1304,0.0684,0.0243,0.0045,29.5062,1.1979
Karnataka,Haveri,8732,3018,11750,120,713,4,240,244,1267,785,158,110,268,61,500,1770,84,0.0137,0.0817,0.1451,0.0899,0.0307,0.007,57.2607,0.8571
Karnataka,Hubballi Dharwad City,6315,3426,9741,151,441,10,790,800,1068,656,183,32,215,17,960,1440,168,0.0239,0.0698,0.1691,0.1039,0.034,0.0027,152.019,1.1831
Karnataka,Kalaburgi,9455,2787,12242,258,636,9,328,337,1203,834,281,31,312,23,132,722,116,0.0273,0.0673,0.1272,0.0882,0.033,0.0024,13.9609,0.7945
Karnataka,Kalaburgi City,6351,1721,8072,170,520,4,281,285,858,523,181,10,191,20,120,817,88,0.0268,0.0819,0.1351,0.0823,0.0301,0.0031,18.8947,0.7273
Karnataka,Kgf,2736,1062,3798,49,178,10,201,211,553,394,86,0,86,81,388,769,88,0.0179,0.0651,0.2021,0.144,0.0314,0.0296,141.8129,1.2571
Karnataka,Kodagu,5213,1572,6785,77,276,12,382,394,756,524,108,69,177,0,328,784,76,0.0148,0.0529,0.145,0.1005,0.034,0.0,62.9196,1.0556
Karnataka,Kolar,7827,1415,9242,123,376,11,198,209,1186,853,204,28,232,0,232,1784,176,0.0157,0.048,0.1515,0.109,0.0296,0.0,29.641,1.1
Karnataka,Koppal,6196,3075,9271,121,382,0,292,292,957,581,169,110,279,0,108,864,120,0.0195,0.0617,0.1545,0.0938,0.045,0.0,17.4306,1.5385
Karnataka,Krailways,3334,342,3676,22,754,2,199,201,63,51,8,0,8,0,0,147,12,0.0066,0.2262,0.0189,0.0153,0.0024,0.0,0.0,1.5
Karnataka,Mandya,15206,3507,18713,155,644,2,458,460,2056,1223,287,5,292,51,268,2201,236,0.0102,0.0424,0.1352,0.0804,0.0192,0.0034,17.6246,1.2553
Karnataka,Mangaluru City,7140,6010,13150,99,389,4,3356,3360,940,639,93,9,102,15,544,683,68,0.0139,0.0545,0.1317,0.0895,0.0143,0.0021,76.1905,0.701
Karnataka,Mysuru City,8598,1903,10501,94,645,3,147,150,1218,623,92,22,114,26,1037,1482,144,0.0109,0.075,0.1417,0.0725,0.0133,0.003,120.6094,1.1707
Karnataka,Mysuru District,17155,2223,19378,211,847,1,364,365,2017,1096,143,48,191,53,184,2635,220,0.0123,0.0494,0.1176,0.0639,0.0111,0.0031,10.7257,1.1458
Karnataka,Raichur,10111,4411,14522,342,790,0,418,418,1698,615,215,107,322,157,84,960,96,0.0338,0.0781,0.1679,0.0608,0.0318,0.0155,8.3078,1.3714
Karnataka,Ramanagara,14275,2462,16737,160,849,6,262,268,1786,1141,229,4,233,0,946,2520,276,0.0112,0.0595,0.1251,0.0799,0.0163,0.0,66.2697,1.2321
Karnataka,Shimoga,16029,5874,21903,340,857,23,1518,1541,2754,1656,487,16,503,56,491,2682,240,0.0212,0.0535,0.1718,0.1033,0.0314,0.0035,30.632,1.1881
Karnataka,Tumakuru,22529,5704,28233,249,1237,6,841,847,2886,1910,439,99,538,71,1288,3408,300,0.0111,0.0549,0.1281,0.0848,0.0239,0.0032,57.1708,1.0033
Karnataka,Udupi,8970,2068,11038,70,577,10,412,422,819,461,183,22,205,27,812,856,76,0.0078,0.0643,0.0913,0.0514,0.0229,0.003,90.524,1.2258
Karnataka,Uttara Kannada,8586,2832,11418,106,386,28,443,471,1458,795,167,38,205,56,384,1223,80,0.0123,0.045,0.1698,0.0926,0.0239,0.0065,44.724,0.5926
Karnataka,Vijayanagara,5896,3942,9838,98,361,1,588,589,1126,602,68,50,118,0,88,859,88,0.0166,0.0612,0.191,0.1021,0.02,0.0,14.9254,0.8544
Karnataka,Vijayapura,10767,4030,14797,234,609,18,551,569,1484,908,435,45,480,156,320,1670,320,0.0217,0.0566,0.1378,0.0843,0.0446,0.0145,29.7204,1.9512
Karnataka,Yadgiri,5670,2704,8374,180,284,4,298,302,983,442,222,52,274,91,76,437,8,0.0317,0.0501,0.1734,0.078,0.0483,0.016,13.4039,0.1212
Kerala,Alapuzha,32782,79567,112349,427,1533,3,15576,15579,3544,1580,420,21,441,119,737,3093,708,0.013,0.0468,0.1081,0.0482,0.0135,0.0036,22.4818,39.3333
Kerala,Crime Branch,2786,12,2798,3,739,0,0,0,4,4,0,0,0,0,7,9,0,0.0011,0.2653,0.0014,0.0014,0.0,0.0,2.5126,0.0
Kerala,Ernakulam Commr,31907,36860,68767,381,1607,5,10650,10655,2505,990,190,37,227,68,615,1650,300,0.0119,0.0504,0.0785,0.031,0.0071,0.0021,19.2748,15.0
Kerala,Ernakulam Rural,37884,83485,121369,381,1637,5,25407,25412,3560,1326,321,32,353,62,68,2431,412,0.0101,0.0432,0.094,0.035,0.0093,0.0016,1.795,13.7333
Kerala,Idukki,43603,41918,85521,198,613,12,12140,12152,1890,1062,311,96,407,35,192,1429,484,0.0045,0.0141,0.0433,0.0244,0.0093,0.0008,4.4034,32.2667
Kerala,Kannur City,12008,32299,44307,151,512,5,11703,11708,1346,530,29,10,39,34,355,897,276,0.0126,0.0426,0.1121,0.0441,0.0032,0.0028,29.5636,138.0
Kerala,Kannur Rural,8492,37772,46264,85,317,9,12794,12803,1072,499,64,42,106,14,176,772,268,0.01,0.0373,0.1262,0.0588,0.0125,0.0016,20.7254,10.3077
Kerala,Kasargod,12718,30099,42817,142,540,18,9592,9610,1344,906,17,42,59,63,183,816,192,0.0112,0.0425,0.1057,0.0712,0.0046,0.005,14.3891,12.8
Kerala,Kollam Commr,32097,44149,76246,480,838,6,7816,7822,2326,1051,194,0,194,109,506,2488,712,0.015,0.0261,0.0725,0.0327,0.006,0.0034,15.7647,44.5
Kerala,Kollam Rural,23480,53889,77369,221,640,11,6319,6330,2216,1037,260,14,274,41,222,2491,568,0.0094,0.0273,0.0944,0.0442,0.0117,0.0017,9.4549,189.3333
Kerala,Kottayam,30714,82612,113326,367,1121,6,15041,15047,2791,1237,343,70,413,74,249,2518,484,0.0119,0.0365,0.0909,0.0403,0.0134,0.0024,8.1071,32.2667
Kerala,Kozhikode Commr,32523,18166,50689,271,588,2,8035,8037,2136,937,100,9,109,127,331,1230,408,0.0083,0.0181,0.0657,0.0288,0.0034,0.0039,10.1774,15.1111
Kerala,Kozhikode Rural,19804,27110,46914,219,592,10,9045,9055,2921,1427,214,26,240,141,381,2363,692,0.0111,0.0299,0.1475,0.0721,0.0121,0.0071,19.2385,30.087
Kerala,Malappuram,28874,100102,128976,340,1439,34,24276,24310,4871,2339,299,30,329,134,1383,2870,968,0.0118,0.0498,0.1687,0.081,0.0114,0.0046,47.8978,46.0952
Kerala,Palakkad,27858,61096,88954,244,787,22,24308,24330,2545,1154,403,82,485,62,902,2279,632,0.0088,0.0283,0.0914,0.0414,0.0174,0.0022,32.3785,42.1333
Kerala,Pathanamthitta,23531,35847,59378,174,832,3,2698,2701,1778,1130,212,8,220,52,360,1612,400,0.0074,0.0354,0.0756,0.048,0.0093,0.0022,15.299,19.0476
Kerala,Railways,2118,13344,15462,11,387,0,624,624,259,53,0,0,0,11,0,45,0,0.0052,0.1827,0.1223,0.025,0.0,0.0052,0.0,0.0
Kerala,Thrissur Commr,27036,37590,64626,273,1233,1,6446,6447,2208,815,174,5,179,72,1095,1927,472,0.0101,0.0456,0.0817,0.0301,0.0066,0.0027,40.5016,47.2
Kerala,Thrissur Rural,21241,34711,55952,230,747,3,9539,9542,2169,1103,204,4,208,19,1147,980,248,0.0108,0.0352,0.1021,0.0519,0.0098,0.0009,53.9993,49.6
Kerala,Trivandrum Commr,58333,37731,96064,341,1510,9,8765,8774,2334,1007,269,0,269,30,1049,1461,396,0.0058,0.0259,0.04,0.0173,0.0046,0.0005,17.983,44.0
Kerala,Trivandrum Rural,63761,47915,111676,585,1098,5,10390,10395,3933,1734,684,12,696,42,246,2837,476,0.0092,0.0172,0.0617,0.0272,0.0109,0.0007,3.8582,23.8
Kerala,Wayanadu,7813,26898,34711,86,338,18,11704,11722,1530,938,100,116,216,157,80,1072,304,0.011,0.0433,0.1958,0.1201,0.0276,0.0201,10.2393,50.6667
Ladakh,Kargil,504,45,549,10,20,0,19,19,52,12,0,0,0,0,4,33,0,0.0198,0.0397,0.1032,0.0238,0.0,0.0,7.9365,0.0
Ladakh,Leh,973,220,1193,3,36,2,84,86,63,52,0,0,0,0,0,115,28,0.0031,0.037,0.0647,0.0534,0.0,0.0,0.0,3.1111
Lakshadweep,Lakshadweep,160,118,278,2,22,0,64,64,44,24,0,0,0,0,0,0,0,0.0125,0.1375,0.275,0.15,0.0,0.0,0.0,0.0
Madhya Pradesh,Agar,5823,2663,8486,35,139,75,672,747,450,369,356,28,384,28,0,955,184,0.006,0.0239,0.0773,0.0634,0.0659,0.0048,0.0,11.5
Madhya Pradesh,Alirajpur,6211,6857,13068,158,240,83,2073,2156,807,463,16,62,78,361,0,1999,616,0.0254,0.0386,0.1299,0.0745,0.0126,0.0581,0.0,4.7752
Madhya Pradesh,Anuppur,4928,4838,9766,81,400,15,1394,1409,1348,1239,153,288,441,88,33,2391,756,0.0164,0.0812,0.2735,0.2514,0.0895,0.0179,6.6964,2.3849
Madhya Pradesh,Ashok Nagar,8388,6555,14943,64,209,108,1677,1785,1349,1008,684,196,880,59,4,1995,552,0.0076,0.0249,0.1608,0.1202,0.1049,0.007,0.4769,3.1908
Madhya Pradesh,Balaghat,9398,8651,18049,103,291,89,2145,2234,1703,1503,240,242,482,64,0,4546,940,0.011,0.031,0.1812,0.1599,0.0513,0.0068,0.0,2.2542
Madhya Pradesh,Barwani,9264,11949,21213,99,365,109,3307,3416,1351,902,163,319,482,227,0,2988,948,0.0107,0.0394,0.1458,0.0974,0.052,0.0245,0.0,4.3091
Madhya Pradesh,Betul,13155,11457,24612,172,382,113,2812,2925,2253,1679,438,507,945,56,45,4837,1024,0.0131,0.029,0.1713,0.1276,0.0718,0.0043,3.4208,2.0398
Madhya Pradesh,Bhind,13515,3948,17463,180,539,272,847,1119,1372,1015,1069,0,1069,0,0,2673,828,0.0133,0.0399,0.1015,0.0751,0.0791,0.0,0.0,1.8039
Madhya Pradesh,Bhopal Commissionarate,41495,13365,54860,446,2879,544,2923,3467,5940,5149,409,47,456,1029,896,2652,2616,0.0107,0.0694,0.1431,0.1241,0.011,0.0248,21.593,1.4949
Madhya Pradesh,Bhopal Railway,26785,3,26788,12,6491,0,0,0,69,46,0,0,0,0,0,395,32,0.0004,0.2423,0.0026,0.0017,0.0,0.0,0.0,1.3333
Madhya Pradesh,Bhopal Rural,4715,2719,7434,57,138,52,653,705,733,610,275,61,336,54,0,259,256,0.0121,0.0293,0.1555,0.1294,0.0713,0.0115,0.0,1.3617
Madhya Pradesh,Burhanpur,4036,7264,11300,60,159,105,1783,1888,782,713,123,39,162,41,24,1822,448,0.0149,0.0394,0.1938,0.1767,0.0401,0.0102,5.9465,2.5169
Madhya Pradesh,Chhatarpur,18830,8210,27040,190,607,586,1822,2408,2682,2149,1086,176,1262,417,42,1200,1200,0.0101,0.0322,0.1424,0.1141,0.067,0.0221,2.2305,1.6216
Madhya Pradesh,Chhindwara,14333,13062,27395,145,418,97,3378,3475,2161,1908,669,683,1352,176,0,5595,1140,0.0101,0.0292,0.1508,0.1331,0.0943,0.0123,0.0,1.3333
Madhya Pradesh,Cyber Crime Cell,0,1083,1083,0,0,0,0,0,216,20,0,0,0,0,1445,0,0,0.0,0.0,216.0,20.0,0.0,0.0,1445000.0,0.0
Madhya Pradesh,Damoh,14109,9757,23866,77,368,119,2277,2396,1301,1195,104,30,134,137,18,0,0,0.0055,0.0261,0.0922,0.0847,0.0095,0.0097,1.2758,0.0
Madhya Pradesh,Datia,11935,9185,21120,112,278,470,2094,2564,1055,661,874,33,907,0,16,1495,388,0.0094,0.0233,0.0884,0.0554,0.076,0.0,1.3406,1.94
Madhya Pradesh,Dewas,21575,17481,39056,215,895,451,4498,4949,2564,1525,986,387,1373,326,0,4751,1232,0.01,0.0415,0.1188,0.0707,0.0636,0.0151,0.0,3.451
Madhya Pradesh,Dhar,23602,11152,34754,248,1090,517,2308,2825,3312,2827,304,397,701,754,39,7396,1948,0.0105,0.0462,0.1403,0.1198,0.0297,0.0319,1.6524,2.7868
Madhya Pradesh,Dindori,7378,4610,11988,87,155,16,1313,1329,1558,1186,72,284,356,47,3,2153,776,0.0118,0.021,0.2112,0.1607,0.0483,0.0064,0.4066,2.2959
Madhya Pradesh,Guna,14322,5598,19920,145,573,177,1253,1430,1461,791,1035,264,1299,132,39,3194,764,0.0101,0.04,0.102,0.0552,0.0907,0.0092,2.7231,2.0538
Madhya Pradesh,Gwalior,32931,8022,40953,392,2313,561,1584,2145,3949,2718,1908,112,2020,292,314,7414,1744,0.0119,0.0702,0.1199,0.0825,0.0613,0.0089,9.5351,2.4392
Madhya Pradesh,Harda,6510,3987,10497,54,155,60,974,1034,990,876,306,201,507,213,8,2308,412,0.0083,0.0238,0.1521,0.1346,0.0779,0.0327,1.2289,1.3333
Madhya Pradesh,Indore Commissionarate,43483,17441,60924,540,4323,632,6392,7024,6521,5219,120,31,151,432,187,15354,3444,0.0124,0.0994,0.15,0.12,0.0035,0.0099,4.3005,2.3834
Madhya Pradesh,Indore Railway,8174,244,8418,5,1961,14,58,72,40,21,0,8,8,0,8,128,8,0.0006,0.2399,0.0049,0.0026,0.001,0.0,0.9787,4.0
Madhya Pradesh,Indore Rural,15851,5435,21286,119,746,243,1240,1483,1980,1498,421,161,582,89,24,3882,1044,0.0075,0.0471,0.1249,0.0945,0.0367,0.0056,1.5141,2.7619
Madhya Pradesh,Jabalpur,45655,29777,75432,384,1717,995,6865,7860,4005,3439,856,449,1305,977,12,10402,2452,0.0084,0.0376,0.0877,0.0753,0.0286,0.0214,0.2628,1.4807
Madhya Pradesh,Jabalpur Railway,15166,226,15392,8,3602,17,53,70,96,100,0,0,0,0,0,0,0,0.0005,0.2375,0.0063,0.0066,0.0,0.0,0.0,0.0
Madhya Pradesh,Jhabua,9998,4307,14305,127,228,50,1215,1265,1538,1719,0,9,9,452,0,3192,996,0.0127,0.0228,0.1538,0.1719,0.0009,0.0452,0.0,1.7754
Madhya Pradesh,Katni,11693,16034,27727,58,256,277,4014,4291,1479,1642,359,218,577,41,20,4269,1128,0.005,0.0219,0.1265,0.1404,0.0493,0.0035,1.7104,2.0659
Madhya Pradesh,Khandwa,10887,8198,19085,116,434,156,2092,2248,1789,1654,400,337,737,154,15,4376,836,0.0107,0.0399,0.1643,0.1519,0.0677,0.0141,1.3778,2.541
Madhya Pradesh,Khargone,9562,13056,22618,134,524,241,3452,3693,2643,2329,416,485,901,100,16,6434,1868,0.014,0.0548,0.2764,0.2436,0.0942,0.0105,1.6733,4.3645
Madhya Pradesh,Maihar,7934,2824,10758,36,196,9,866,875,915,1019,162,46,208,0,0,1579,688,0.0045,0.0247,0.1153,0.1284,0.0262,0.0,0.0,2.1911
Madhya Pradesh,Mandla,9238,6103,15341,77,299,24,1716,1740,1527,1647,156,284,440,65,12,3379,916,0.0083,0.0324,0.1653,0.1783,0.0476,0.007,1.299,2.2072
Madhya Pradesh,Mandsaur,10568,7450,18018,130,488,372,1899,2271,1211,838,708,53,761,36,21,3768,684,0.0123,0.0462,0.1146,0.0793,0.072,0.0034,1.9871,2.0059
Madhya Pradesh,Mauganj,5299,1403,6702,56,197,24,439,463,1001,836,50,50,100,23,0,480,480,0.0106,0.0372,0.1889,0.1578,0.0189,0.0043,0.0,2.0
Madhya Pradesh,Morena,20062,5520,25582,195,618,415,805,1220,1464,1279,871,19,890,157,0,2458,472,0.0097,0.0308,0.073,0.0638,0.0444,0.0078,0.0,2.0
Madhya Pradesh,Narmadapuram,13106,8442,21548,120,249,165,1941,2106,2062,1921,739,261,1000,0,0,4803,1092,0.0092,0.019,0.1573,0.1466,0.0763,0.0,0.0,2.3739
Madhya Pradesh,Narsinghpur,12157,14708,26865,91,243,172,3574,3746,1917,1446,547,257,804,90,35,4354,880,0.0075,0.02,0.1577,0.1189,0.0661,0.0074,2.879,2.0657
Madhya Pradesh,Neemuch,6892,5815,12707,68,290,183,1470,1653,1025,727,286,96,382,106,12,2464,472,0.0099,0.0421,0.1487,0.1055,0.0554,0.0154,1.7411,2.7126
Madhya Pradesh,Niwari,4365,3272,7637,28,108,150,824,974,647,540,285,18,303,11,15,893,188,0.0064,0.0247,0.1482,0.1237,0.0694,0.0025,3.4364,1.3333
Madhya Pradesh,Pandhurna,2224,3363,5587,20,79,29,776,805,274,269,32,21,53,15,0,172,172,0.009,0.0355,0.1232,0.121,0.0238,0.0067,0.0,1.3333
Madhya Pradesh,Panna,6696,7842,14538,60,277,124,1948,2072,1710,1450,558,163,721,211,24,2722,784,0.009,0.0414,0.2554,0.2165,0.1077,0.0315,3.5842,1.5194
Madhya Pradesh,Raisen,19940,5340,25280,163,527,36,1178,1214,2269,2488,757,318,1075,0,28,4851,1284,0.0082,0.0264,0.1138,0.1248,0.0539,0.0,1.4042,2.945
Madhya Pradesh,Rajgarh,15679,4187,19866,222,605,50,929,979,2619,1169,990,108,1098,460,37,3193,712,0.0142,0.0386,0.167,0.0746,0.07,0.0293,2.3598,1.8256
Madhya Pradesh,Ratlam,21814,13822,35636,207,761,187,3714,3901,3298,2967,671,283,954,198,6,6343,1744,0.0095,0.0349,0.1512,0.136,0.0437,0.0091,0.2751,1.83
Madhya Pradesh,Rewa,22792,6191,28983,190,1328,187,1764,1951,2825,2843,561,343,904,48,102,1739,1724,0.0083,0.0583,0.1239,0.1247,0.0397,0.0021,4.4753,2.0
Madhya Pradesh,Sagar,34656,10624,45280,470,957,223,2249,2472,4700,3149,2878,2205,5083,584,24,8437,2284,0.0136,0.0276,0.1356,0.0909,0.1467,0.0169,0.6925,2.8875
Madhya Pradesh,Satna,17476,7835,25311,258,487,167,2232,2399,2016,2122,591,158,749,22,9,9958,1552,0.0148,0.0279,0.1154,0.1214,0.0429,0.0013,0.515,2.4635
Madhya Pradesh,Sehore,17355,4555,21910,234,545,99,950,1049,2162,1411,996,153,1149,200,48,4015,964,0.0135,0.0314,0.1246,0.0813,0.0662,0.0115,2.7658,4.9691
Madhya Pradesh,Seoni,12497,13472,25969,227,407,79,3542,3621,1980,1327,391,484,875,431,18,4452,984,0.0182,0.0326,0.1584,0.1062,0.07,0.0345,1.4403,1.9759
Madhya Pradesh,Shahdol,9806,8726,18532,137,660,79,2438,2517,2351,1941,160,442,602,276,45,3540,1308,0.014,0.0673,0.2398,0.1979,0.0614,0.0281,4.589,2.3912
Madhya Pradesh,Shajapur,17458,7394,24852,112,516,60,1948,2008,1885,1553,995,120,1115,0,31,1651,760,0.0064,0.0296,0.108,0.089,0.0639,0.0,1.7757,1.6205
Madhya Pradesh,Sheopur,5238,3760,8998,57,190,96,1192,1288,592,701,286,104,390,88,0,948,276,0.0109,0.0363,0.113,0.1338,0.0745,0.0168,0.0,2.4
Madhya Pradesh,Shivpuri,17670,8371,26041,219,440,278,2038,2316,2162,1997,1351,386,1737,60,0,3876,768,0.0124,0.0249,0.1224,0.113,0.0983,0.0034,0.0,1.5738
Madhya Pradesh,Sidhi,16148,8065,24213,66,317,34,2836,2870,1386,1382,293,335,628,0,0,3305,920,0.0041,0.0196,0.0858,0.0856,0.0389,0.0,0.0,2.359
Madhya Pradesh,Singrauli,17894,9339,27233,177,601,140,2848,2988,2453,1918,350,451,801,151,27,2576,1016,0.0099,0.0336,0.1371,0.1072,0.0448,0.0084,1.5089,2.341
Madhya Pradesh,Tikamgarh,10097,5572,15669,96,282,112,1484,1596,1232,1288,802,89,891,0,27,1255,652,0.0095,0.0279,0.122,0.1276,0.0882,0.0,2.6741,1.7113
Madhya Pradesh,Ujjain,27592,10514,38106,227,1238,367,2596,2963,2999,2788,847,63,910,27,78,5819,1424,0.0082,0.0449,0.1087,0.101,0.033,0.001,2.8269,1.8446
Madhya Pradesh,Umaria,3907,2826,6733,49,190,23,789,812,1005,923,26,96,122,57,8,1627,292,0.0125,0.0486,0.2572,0.2362,0.0312,0.0146,2.0476,1.0504
Madhya Pradesh,Vidisha,19757,6042,25799,152,554,91,1416,1507,2969,2781,1377,110,1487,89,0,4598,1112,0.0077,0.028,0.1503,0.1408,0.0753,0.0045,0.0,1.8052
Maharashtra,Ahilyanagar,55992,25376,81368,620,4562,275,9390,9665,7353,4369,947,232,1179,543,102,10090,580,0.0111,0.0815,0.1313,0.078,0.0211,0.0097,1.8217,0.5124
Maharashtra,Akola,17579,21687,39266,120,985,242,5442,5684,2773,1629,188,57,245,280,81,3802,256,0.0068,0.056,0.1577,0.0927,0.0139,0.0159,4.6078,0.7399
Maharashtra,Amravati Commr,13880,7088,20968,184,1290,144,2462,2606,1996,1188,111,0,111,224,299,2745,0,0.0133,0.0929,0.1438,0.0856,0.008,0.0161,21.5418,0.0
Maharashtra,Amravati Rural,25499,23942,49441,196,1084,91,9977,10068,2952,1769,278,96,374,229,163,1269,72,0.0077,0.0425,0.1158,0.0694,0.0147,0.009,6.3924,0.1739
Maharashtra,Beed,26374,11489,37863,675,1814,109,4688,4797,4611,1750,845,127,972,211,259,3348,0,0.0256,0.0688,0.1748,0.0664,0.0369,0.008,9.8203,0.0
Maharashtra,Bhandara,10981,13194,24175,84,859,20,5225,5245,988,771,89,35,124,134,89,2532,0,0.0076,0.0782,0.09,0.0702,0.0113,0.0122,8.1049,0.0
Maharashtra,Buldhana,26980,23287,50267,356,1614,48,9737,9785,3258,1852,502,72,574,150,272,4300,508,0.0132,0.0598,0.1208,0.0686,0.0213,0.0056,10.0815,1.0561
Maharashtra,Chandrapur,24229,17275,41504,202,1309,147,8803,8950,2657,1927,284,131,415,252,274,4719,0,0.0083,0.054,0.1097,0.0795,0.0171,0.0104,11.3088,0.0
Maharashtra,Chhatrapati Sambhajinagar Commr,22343,7332,29675,363,2249,156,3058,3214,3531,1932,268,41,309,517,255,6143,992,0.0162,0.1007,0.158,0.0865,0.0138,0.0231,11.413,2.0163
Maharashtra,Chhatrapati Sambhajinagar Railway,13620,172,13792,16,3303,0,77,77,113,69,0,0,0,114,6,252,24,0.0012,0.2425,0.0083,0.0051,0.0,0.0084,0.4405,0.8889
Maharashtra,Chhatrapati Sambhajinagar Rural,21687,12210,33897,358,1272,70,4877,4947,3370,1397,334,134,468,212,75,3138,0,0.0165,0.0587,0.1554,0.0644,0.0216,0.0098,3.4583,0.0
Maharashtra,Dharashiv,14914,8404,23318,186,954,52,3395,3447,1855,1006,444,105,549,305,87,2317,280,0.0125,0.064,0.1244,0.0675,0.0368,0.0205,5.8334,0.9492
Maharashtra,Dhule,13713,8275,21988,265,883,80,2969,3049,2711,1138,89,75,164,63,36,3336,0,0.0193,0.0644,0.1977,0.083,0.012,0.0046,2.6252,0.0
Maharashtra,Gadchiroli,6066,8307,14373,95,369,4,4985,4989,782,712,36,44,80,0,15,1484,116,0.0157,0.0608,0.1289,0.1174,0.0132,0.0,2.4728,0.9206
Maharashtra,Gondia,13439,11638,25077,115,571,30,6365,6395,1404,1091,222,116,338,65,115,2274,0,0.0086,0.0425,0.1045,0.0812,0.0252,0.0048,8.5572,0.0
Maharashtra,Hingoli,12924,10906,23830,137,525,190,3783,3973,1333,498,345,123,468,110,21,1194,0,0.0106,0.0406,0.1031,0.0385,0.0362,0.0085,1.6249,0.0
Maharashtra,Jalgaon,28901,18915,47816,459,2380,221,7618,7839,4243,2519,249,141,390,473,373,7543,664,0.0159,0.0824,0.1468,0.0872,0.0135,0.0164,12.9061,0.8437
Maharashtra,Jalna,23032,9647,32679,514,1768,137,3380,3517,3708,1286,395,28,423,0,154,2403,0,0.0223,0.0768,0.161,0.0558,0.0184,0.0,6.6863,0.0
Maharashtra,Kolhapur,25812,24102,49914,427,2140,94,8321,8415,3197,2321,323,0,323,503,95,8703,348,0.0165,0.0829,0.1239,0.0899,0.0125,0.0195,3.6805,0.5859
Maharashtra,Latur,22560,14181,36741,370,1260,105,6391,6496,3177,1611,543,34,577,42,199,3072,0,0.0164,0.0559,0.1408,0.0714,0.0256,0.0019,8.8209,0.0
Maharashtra,Mira Bhayandar Vasai Virar Commr,27193,8018,35211,536,2162,50,3845,3895,6566,3984,64,52,116,454,531,7798,604,0.0197,0.0795,0.2415,0.1465,0.0043,0.0167,19.5271,0.6385
Maharashtra,Mumbai Commr,181489,63741,245230,1171,17257,723,27699,28422,21688,15291,265,31,296,760,16743,28262,1700,0.0065,0.0951,0.1195,0.0843,0.0016,0.0042,92.2535,0.4352
Maharashtra,Mumbai Railway,55499,454,55953,26,13553,16,156,172,476,1028,12,0,12,208,63,685,40,0.0005,0.2442,0.0086,0.0185,0.0002,0.0037,1.1352,0.5063
Maharashtra,Nagpur Commr,53924,19167,73091,608,4700,628,6869,7497,5191,4223,311,72,383,1044,764,11182,100,0.0113,0.0872,0.0963,0.0783,0.0071,0.0194,14.1681,0.0665
Maharashtra,Nagpur Railway,5922,251,6173,11,1419,0,156,156,63,29,0,0,0,54,0,204,0,0.0019,0.2396,0.0106,0.0049,0.0,0.0091,0.0,0.0
Maharashtra,Nagpur Rural,32372,21830,54202,186,1759,74,8824,8898,1997,1687,242,80,322,194,90,3981,0,0.0057,0.0543,0.0617,0.0521,0.0099,0.006,2.7802,0.0
Maharashtra,Nanded,30225,14498,44723,343,1924,230,5240,5470,3572,1932,559,191,750,72,96,4350,468,0.0113,0.0637,0.1182,0.0639,0.0248,0.0024,3.1762,1.0446
Maharashtra,Nandurbar,6798,9434,16232,175,547,34,3601,3635,1094,654,21,72,93,293,36,1855,160,0.0257,0.0805,0.1609,0.0962,0.0137,0.0431,5.2957,0.8122
Maharashtra,Nasik Commr,17963,4061,22024,310,1872,222,1028,1250,2821,2268,148,43,191,229,448,6911,1364,0.0173,0.1042,0.157,0.1263,0.0106,0.0127,24.9402,2.0667
Maharashtra,Nasik Rural,32019,23665,55684,553,2237,202,10840,11042,5610,3710,395,329,724,353,121,7897,1204,0.0173,0.0699,0.1752,0.1159,0.0226,0.011,3.779,0.8503
Maharashtra,Navi Mumbai,26002,7747,33749,327,2675,83,3829,3912,3325,3095,193,23,216,24,1705,5796,276,0.0126,0.1029,0.1279,0.119,0.0083,0.0009,65.5719,0.2327
Maharashtra,Palghar,12452,2501,14953,116,575,15,1019,1034,1125,1011,8,136,144,0,66,2125,184,0.0093,0.0462,0.0903,0.0812,0.0116,0.0,5.3004,0.5183
Maharashtra,Parbhani,19003,11079,30082,273,1124,38,5313,5351,2012,1143,414,32,446,414,40,1800,0,0.0144,0.0591,0.1059,0.0601,0.0235,0.0218,2.1049,0.0
Maharashtra,Pimpri Chinchwad Commr,29351,15655,45006,527,2931,292,6477,6769,4896,4004,199,9,208,664,946,9363,0,0.018,0.0999,0.1668,0.1364,0.0071,0.0226,32.2306,0.0
Maharashtra,Pune Commr,51990,15154,67144,771,5602,516,3976,4492,9073,6005,545,31,576,271,4732,11007,0,0.0148,0.1078,0.1745,0.1155,0.0111,0.0052,91.0175,0.0
Maharashtra,Pune Railway,5248,62,5310,3,1249,1,23,24,24,43,0,0,0,0,0,177,12,0.0006,0.238,0.0046,0.0082,0.0,0.0,0.0,0.75
Maharashtra,Pune Rural,43012,18849,61861,784,3180,127,5791,5918,5840,4054,836,134,970,552,140,8699,92,0.0182,0.0739,0.1358,0.0943,0.0226,0.0128,3.2549,0.095
Maharashtra,Raigad,13584,4556,18140,174,697,36,2194,2230,1564,1151,138,34,172,176,122,2130,0,0.0128,0.0513,0.1151,0.0847,0.0127,0.013,8.9812,0.0
Maharashtra,Ratnagiri,5954,4275,10229,76,358,32,2169,2201,973,692,72,0,72,95,329,1621,76,0.0128,0.0601,0.1634,0.1162,0.0121,0.016,55.257,0.4634
Maharashtra,Sangli,22295,9298,31593,295,1773,169,3515,3684,2594,1750,522,4,526,281,95,5367,0,0.0132,0.0795,0.1163,0.0785,0.0236,0.0126,4.261,0.0
Maharashtra,Satara,31888,15956,47844,390,1813,58,4641,4699,3333,2208,592,65,657,527,106,6131,536,0.0122,0.0569,0.1045,0.0692,0.0206,0.0165,3.3241,1.1991
Maharashtra,Sindhudurg,4710,2214,6924,53,264,18,1108,1126,463,365,30,0,30,42,123,797,56,0.0113,0.0561,0.0983,0.0775,0.0064,0.0089,26.1146,0.8116
Maharashtra,Solapur Commr,8877,7078,15955,170,874,39,2520,2559,1743,976,156,23,179,227,43,2952,288,0.0192,0.0985,0.1964,0.1099,0.0202,0.0256,4.844,1.4922
Maharashtra,Solapur Rural,31270,22358,53628,512,1958,67,9222,9289,4010,2349,995,105,1100,331,81,6590,1232,0.0164,0.0626,0.1282,0.0751,0.0352,0.0106,2.5903,1.8667
Maharashtra,Thane Commr,101674,35083,136757,776,4686,719,16989,17708,9156,8109,321,52,373,465,2938,15864,1392,0.0076,0.0461,0.0901,0.0798,0.0037,0.0046,28.8963,0.6042
Maharashtra,Thane Rural,10113,2997,13110,243,620,27,1142,1169,1662,1416,100,223,323,124,56,2624,356,0.024,0.0613,0.1643,0.14,0.0319,0.0123,5.5374,0.9036
Maharashtra,Wardha,24881,32094,56975,125,858,202,16492,16694,1469,1216,86,88,174,0,209,3321,0,0.005,0.0345,0.059,0.0489,0.007,0.0,8.4,0.0
Maharashtra,Washim,13786,10768,24554,92,513,61,4580,4641,1599,699,175,36,211,38,36,1725,0,0.0067,0.0372,0.116,0.0507,0.0153,0.0028,2.6113,0.0
Maharashtra,Yavatmal,36729,39357,76086,343,1378,168,12518,12686,3972,2141,317,282,599,205,8,5721,0,0.0093,0.0375,0.1081,0.0583,0.0163,0.0056,0.2178,0.0
Manipur,Bishnupur,981,195,1176,57,82,25,36,61,47,37,0,28,28,0,0,127,40,0.0581,0.0836,0.0479,0.0377,0.0285,0.0,0.0,13.3333
Manipur,Chandel,55,61,116,4,7,14,15,29,4,4,0,0,0,0,0,0,0,0.0727,0.1273,0.0727,0.0727,0.0,0.0,0.0,0.0
Manipur,Churachandpur,1072,66,1138,51,128,8,21,29,19,19,0,0,0,0,0,0,0,0.0476,0.1194,0.0177,0.0177,0.0,0.0,0.0,0.0
Manipur,Cid,168,12,180,0,32,0,0,0,19,16,0,0,0,0,16,0,0,0.0,0.1905,0.1131,0.0952,0.0,0.0,95.2381,0.0
Manipur,Imphal East,3111,247,3358,165,463,32,12,44,145,63,0,174,174,0,0,372,72,0.053,0.1488,0.0466,0.0203,0.0559,0.0,0.0,72.0
Manipur,Imphal West,6489,323,6812,264,988,13,57,70,238,125,4,360,364,3,4,137,44,0.0407,0.1523,0.0367,0.0193,0.0561,0.0005,0.6164,2.9333
Manipur,Jiribam,374,72,446,19,12,18,9,27,9,8,0,0,0,0,0,39,12,0.0508,0.0321,0.0241,0.0214,0.0,0.0,0.0,12.0
Manipur,Kakching,1259,207,1466,151,60,52,6,58,27,30,0,20,20,0,0,97,28,0.1199,0.0477,0.0214,0.0238,0.0159,0.0,0.0,7.0
Manipur,Kamjong,15,19,34,0,1,0,3,3,0,0,0,0,0,0,0,0,0,0.0,0.0667,0.0,0.0,0.0,0.0,0.0,0.0
Manipur,Kangpokpi,489,758,1247,18,82,108,24,132,0,6,0,580,580,0,0,0,0,0.0368,0.1677,0.0,0.0123,1.1861,0.0,0.0,0.0
Manipur,Narcotic,0,28,28,0,0,0,21,21,0,0,0,0,0,0,0,0,0,0.0,0.0,0.0,0.0,0.0,0.0,0.0,0.0
Manipur,Noney,27,6,33,1,3,0,0,0,0,0,0,0,0,0,0,0,0,0.037,0.1111,0.0,0.0,0.0,0.0,0.0,0.0
Manipur,Pherzawl,83,0,83,1,19,0,0,0,0,0,0,0,0,0,0,0,0,0.012,0.2289,0.0,0.0,0.0,0.0,0.0,0.0
Manipur,Senapati,82,62,144,4,7,1,39,40,14,8,0,0,0,0,0,0,0,0.0488,0.0854,0.1707,0.0976,0.0,0.0,0.0,0.0
Manipur,Tamenglong,39,10,49,4,1,0,3,3,4,4,0,0,0,0,0,0,0,0.1026,0.0256,0.1026,0.1026,0.0,0.0,0.0,0.0
Manipur,Tengnoupal,654,270,924,82,25,54,30,84,16,4,0,0,0,0,0,0,0,0.1254,0.0382,0.0245,0.0061,0.0,0.0,0.0,0.0
Manipur,Thoubal,1168,188,1356,62,123,32,9,41,69,45,0,0,0,4,0,69,48,0.0531,0.1053,0.0591,0.0385,0.0,0.0034,0.0,6.8571
Manipur,Ukhrul,83,65,148,11,8,0,15,15,56,56,0,0,0,0,0,0,0,0.1325,0.0964,0.6747,0.6747,0.0,0.0,0.0,0.0
Meghalaya,Cyber Cell,19,18,37,0,3,0,0,0,0,0,0,0,0,0,42,0,0,0.0,0.1579,0.0,0.0,0.0,0.0,2210.5263,0.0
Meghalaya,Garo Hills East,424,62,486,15,72,2,0,2,81,63,0,0,0,3,11,0,0,0.0354,0.1698,0.191,0.1486,0.0,0.0071,25.9434,0.0
Meghalaya,Garo Hills North,446,75,521,7,75,2,3,5,101,96,0,0,0,0,19,0,0,0.0157,0.1682,0.2265,0.2152,0.0,0.0,42.6009,0.0
Meghalaya,Garo Hills South,142,72,214,4,17,6,0,6,68,60,0,0,0,0,4,4,4,0.0282,0.1197,0.4789,0.4225,0.0,0.0,28.169,4.0
Meghalaya,Garo Hills South West,561,119,680,10,92,0,33,33,80,69,0,0,0,12,16,23,8,0.0178,0.164,0.1426,0.123,0.0,0.0214,28.5205,1.3333
Meghalaya,Garo Hills West,1738,446,2184,46,250,8,57,65,523,461,0,0,0,10,99,205,136,0.0265,0.1438,0.3009,0.2652,0.0,0.0058,56.962,2.3448
Meghalaya,Jaintia Hills East,472,234,706,27,66,1,51,52,212,217,0,0,0,0,0,22,4,0.0572,0.1398,0.4492,0.4597,0.0,0.0,0.0,0.6667
Meghalaya,Jaintia Hills West,563,164,727,28,79,2,9,11,148,154,0,0,0,0,20,0,0,0.0497,0.1403,0.2629,0.2735,0.0,0.0,35.524,0.0
Meghalaya,Khasi Hills East,5683,595,6278,57,1059,1,102,103,689,600,0,0,0,15,28,674,236,0.01,0.1863,0.1212,0.1056,0.0,0.0026,4.927,3.4706
Meghalaya,Khasi Hills Eastern West,222,64,286,9,40,1,0,1,90,75,0,0,0,4,20,0,0,0.0405,0.1802,0.4054,0.3378,0.0,0.018,90.0901,0.0
Meghalaya,Khasi Hills South West,133,105,238,2,14,0,9,9,59,48,0,0,0,0,20,0,0,0.015,0.1053,0.4436,0.3609,0.0,0.0,150.3759,0.0
Meghalaya,Khasi Hills West,253,132,385,13,29,0,3,3,158,152,0,0,0,8,23,0,0,0.0514,0.1146,0.6245,0.6008,0.0,0.0316,90.9091,0.0
Meghalaya,Ri-Bhoi,1191,289,1480,20,168,4,28,32,264,274,0,0,0,0,80,14,8,0.0168,0.1411,0.2217,0.2301,0.0,0.0,67.1704,0.2857
Mizoram,Aizawl,4840,598,5438,35,980,20,222,242,371,284,0,0,0,35,0,0,0,0.0072,0.2025,0.0767,0.0587,0.0,0.0072,0.0,0.0
Mizoram,Champhai,1274,854,2128,8,216,10,568,578,170,49,0,0,0,12,28,0,0,0.0063,0.1695,0.1334,0.0385,0.0,0.0094,21.978,0.0
Mizoram,Crime And Eou,27,0,27,0,4,0,0,0,0,0,0,0,0,0,0,0,0,0.0,0.1481,0.0,0.0,0.0,0.0,0.0,0.0
Mizoram,Cyber,0,123,123,0,0,0,0,0,40,40,0,0,0,0,150,0,0,0.0,0.0,40.0,40.0,0.0,0.0,150000.0,0.0
Mizoram,Hnahthial,149,81,230,0,33,0,44,44,12,12,0,0,0,4,0,0,0,0.0,0.2215,0.0805,0.0805,0.0,0.0268,0.0,0.0
Mizoram,Khawzawl,136,40,176,3,23,0,28,28,6,0,0,0,0,0,0,0,0,0.0221,0.1691,0.0441,0.0,0.0,0.0,0.0,0.0
Mizoram,Kolasib,1057,182,1239,14,194,0,97,97,66,72,9,57,66,0,0,0,0,0.0132,0.1835,0.0624,0.0681,0.0624,0.0,0.0,0.0
Mizoram,Lawngtlai,224,86,310,3,26,8,18,26,53,44,0,0,0,0,0,0,0,0.0134,0.1161,0.2366,0.1964,0.0,0.0,0.0,0.0
Mizoram,Lunglei,579,294,873,3,111,0,174,174,50,48,0,0,0,4,8,0,0,0.0052,0.1917,0.0864,0.0829,0.0,0.0069,13.8169,0.0
Mizoram,Mamit,651,185,836,4,136,4,80,84,91,79,0,0,0,0,0,0,0,0.0061,0.2089,0.1398,0.1214,0.0,0.0,0.0,0.0
Mizoram,Saiha,614,78,692,10,110,6,24,30,27,12,0,0,0,8,0,0,0,0.0163,0.1792,0.044,0.0195,0.0,0.013,0.0,0.0
Mizoram,Saitual,148,92,240,1,25,0,48,48,31,28,0,35,35,0,0,0,0,0.0068,0.1689,0.2095,0.1892,0.2365,0.0,0.0,0.0
Mizoram,Serchhip,589,132,721,4,125,6,70,76,26,23,0,0,0,0,0,0,0,0.0068,0.2122,0.0441,0.039,0.0,0.0,0.0,0.0
Mizoram,Spl Narcotic,0,196,196,0,0,0,147,147,0,0,0,0,0,0,0,0,0,0.0,0.0,0.0,0.0,0.0,0.0,0.0,0.0
Nagaland,Crime,12,0,12,0,2,0,0,0,0,0,0,0,0,0,0,0,0,0.0,0.1667,0.0,0.0,0.0,0.0,0.0,0.0
Nagaland,Cyber Security,4,27,31,0,0,0,0,0,8,0,0,0,0,0,35,0,0,0.0,0.0,2.0,0.0,0.0,0.0,8750.0,0.0
Nagaland,Dimapur,1700,610,2310,37,359,64,302,366,65,76,0,0,0,0,4,0,0,0.0218,0.2112,0.0382,0.0447,0.0,0.0,2.3529,0.0
Nagaland,Kiphire,39,39,78,2,7,2,22,24,3,7,0,0,0,0,0,0,0,0.0513,0.1795,0.0769,0.1795,0.0,0.0,0.0,0.0
Nagaland,Kohima,374,234,608,14,68,8,149,157,30,24,0,0,0,0,0,203,116,0.0374,0.1818,0.0802,0.0642,0.0,0.0,0.0,116.0
Nagaland,Longleng,53,131,184,1,8,0,94,94,0,0,0,0,0,0,4,0,0,0.0189,0.1509,0.0,0.0,0.0,0.0,75.4717,0.0
Nagaland,Mokokchung,124,169,293,2,18,2,107,109,11,8,0,0,0,0,0,0,0,0.0161,0.1452,0.0887,0.0645,0.0,0.0,0.0,0.0
Nagaland,Mon,152,154,306,8,23,8,64,72,31,24,0,0,0,0,8,3,0,0.0526,0.1513,0.2039,0.1579,0.0,0.0,52.6316,0.0
Nagaland,Narcotics,0,64,64,0,0,0,48,48,0,0,0,0,0,0,0,0,0,0.0,0.0,0.0,0.0,0.0,0.0,0.0,0.0
Nagaland,Noklak,18,9,27,2,3,2,3,5,3,0,0,0,0,0,0,0,0,0.1111,0.1667,0.1667,0.0,0.0,0.0,0.0,0.0
Nagaland,Peren,71,114,185,4,13,16,45,61,6,0,0,0,0,0,3,0,0,0.0563,0.1831,0.0845,0.0,0.0,0.0,42.2535,0.0
Nagaland,Phek,58,96,154,1,11,4,57,61,4,4,0,0,0,0,0,0,0,0.0172,0.1897,0.069,0.069,0.0,0.0,0.0,0.0
Nagaland,Shamator,10,4,14,1,1,0,3,3,0,0,0,0,0,0,0,0,0,0.1,0.1,0.0,0.0,0.0,0.0,0.0,0.0
Nagaland,Tseminyu,24,49,73,0,4,0,34,34,4,4,0,0,0,0,0,0,0,0.0,0.1667,0.1667,0.1667,0.0,0.0,0.0,0.0
Nagaland,Tuensang,103,171,274,4,21,6,106,112,18,16,0,0,0,0,0,0,0,0.0388,0.2039,0.1748,0.1553,0.0,0.0,0.0,0.0
Nagaland,Wokha,142,122,264,1,26,2,83,85,0,13,0,0,0,0,0,0,0,0.007,0.1831,0.0,0.0915,0.0,0.0,0.0,0.0
Nagaland,Zunheboto,48,111,159,3,8,8,64,72,6,0,0,0,0,0,0,0,0,0.0625,0.1667,0.125,0.0,0.0,0.0,0.0,0.0
Odisha,Angul,31569,5537,37106,250,873,10,1728,1738,2719,993,132,34,166,295,216,0,0,0.0079,0.0277,0.0861,0.0315,0.0053,0.0093,6.8422,0.0
Odisha,Balasore,25910,3239,29149,447,1992,14,941,955,3864,3411,277,62,339,239,288,0,0,0.0173,0.0769,0.1491,0.1316,0.0131,0.0092,11.1154,0.0
Odisha,Baragarh,12664,6834,19498,248,801,0,2216,2216,1764,1043,308,240,548,296,336,0,0,0.0196,0.0633,0.1393,0.0824,0.0433,0.0234,26.5319,0.0
Odisha,Berhampur,18952,1572,20524,334,1197,8,388,396,2808,1114,214,17,231,135,124,0,0,0.0176,0.0632,0.1482,0.0588,0.0122,0.0071,6.5428,0.0
Odisha,Bhadrak,25898,2312,28210,416,1237,0,633,633,4208,2619,726,20,746,24,412,0,0,0.0161,0.0478,0.1625,0.1011,0.0288,0.0009,15.9086,0.0
Odisha,Bolangir,23198,5923,29121,414,1063,4,1900,1904,2329,1568,507,301,808,181,540,0,0,0.0178,0.0458,0.1004,0.0676,0.0348,0.0078,23.2779,0.0
Odisha,Boudh,4357,2179,6536,133,270,4,1214,1218,663,377,69,65,134,64,33,0,0,0.0305,0.062,0.1522,0.0865,0.0308,0.0147,7.574,0.0
Odisha,Cid Cb,396,40,436,1,19,1,27,28,3,0,0,0,0,0,237,89722,24892,0.0025,0.048,0.0076,0.0,0.0,0.0,598.4848,24892.0
Odisha,Cuttack,15633,3541,19174,190,681,10,1036,1046,3720,1745,845,30,875,124,242,0,0,0.0122,0.0436,0.238,0.1116,0.056,0.0079,15.4801,0.0
Odisha,Dcp Bbsr,42575,5095,47670,373,3870,4,1591,1595,2024,1907,577,31,608,303,937,0,0,0.0088,0.0909,0.0475,0.0448,0.0143,0.0071,22.0082,0.0
Odisha,Dcp Ctc,19373,3918,23291,99,1463,10,1167,1177,3428,1242,304,8,312,199,212,0,0,0.0051,0.0755,0.1769,0.0641,0.0161,0.0103,10.9431,0.0
Odisha,Deogarh,5018,1728,6746,61,129,8,542,550,1014,319,47,21,68,16,80,0,0,0.0122,0.0257,0.2021,0.0636,0.0136,0.0032,15.9426,0.0
Odisha,Dhenkanal,19973,2997,22970,512,890,14,870,884,4088,1207,478,61,539,126,186,0,0,0.0256,0.0446,0.2047,0.0604,0.027,0.0063,9.3126,0.0
Odisha,Gajapati,4008,1893,5901,84,198,14,720,734,930,453,40,40,80,67,122,0,0,0.021,0.0494,0.232,0.113,0.02,0.0167,30.4391,0.0
Odisha,Ganjam,53797,4117,57914,966,1252,24,1149,1173,6851,1859,635,28,663,81,521,0,0,0.018,0.0233,0.1273,0.0346,0.0123,0.0015,9.6846,0.0
Odisha,Jagatsinghpur,18133,2034,20167,251,908,2,477,479,4154,1436,850,5,855,0,419,0,0,0.0138,0.0501,0.2291,0.0792,0.0472,0.0,23.107,0.0
Odisha,Jajpur,26990,5404,32394,265,1304,0,1495,1495,6946,2961,1290,53,1343,52,640,0,0,0.0098,0.0483,0.2574,0.1097,0.0498,0.0019,23.7125,0.0
Odisha,Jharsuguda,12584,3031,15615,191,649,4,932,936,879,633,112,48,160,190,207,0,0,0.0152,0.0516,0.0699,0.0503,0.0127,0.0151,16.4495,0.0
Odisha,Kalahandi,13631,3796,17427,249,550,8,1074,1082,2439,1232,273,118,391,84,321,0,0,0.0183,0.0403,0.1789,0.0904,0.0287,0.0062,23.5493,0.0
Odisha,Kandhamal,8451,4108,12559,186,422,0,1929,1929,2318,804,64,98,162,0,39,0,0,0.022,0.0499,0.2743,0.0951,0.0192,0.0,4.6148,0.0
Odisha,Kendrapara,16654,1753,18407,350,724,0,415,415,3673,1931,784,5,789,144,338,0,0,0.021,0.0435,0.2205,0.1159,0.0474,0.0086,20.2954,0.0
Odisha,Keonjhar,19102,8857,27959,281,1033,0,2795,2795,3970,2064,198,284,482,311,343,0,0,0.0147,0.0541,0.2078,0.1081,0.0252,0.0163,17.9562,0.0
Odisha,Khurda,14545,2298,16843,141,834,1,686,687,3726,1356,255,13,268,52,88,0,0,0.0097,0.0573,0.2562,0.0932,0.0184,0.0036,6.0502,0.0
Odisha,Koraput,11188,4455,15643,265,478,0,1463,1463,2506,1050,86,90,176,120,131,0,0,0.0237,0.0427,0.224,0.0939,0.0157,0.0107,11.709,0.0
Odisha,Malkangiri,6565,3813,10378,82,335,10,1303,1313,1557,1064,24,13,37,86,328,0,0,0.0125,0.051,0.2372,0.1621,0.0056,0.0131,49.9619,0.0
Odisha,Mayurbhanj,24679,7543,32222,240,1813,61,2269,2330,4947,2449,196,286,482,75,380,0,0,0.0097,0.0735,0.2005,0.0992,0.0195,0.003,15.3977,0.0
Odisha,Nabarangpur,8803,3233,12036,124,360,4,982,986,1902,764,65,108,173,124,163,0,0,0.0141,0.0409,0.2161,0.0868,0.0197,0.0141,18.5164,0.0
Odisha,Nayagarh,10701,2518,13219,77,384,44,749,793,1344,1091,246,24,270,64,171,0,0,0.0072,0.0359,0.1256,0.102,0.0252,0.006,15.9798,0.0
Odisha,Nuapada,6013,2076,8089,109,121,0,640,640,806,536,68,29,97,0,50,0,0,0.0181,0.0201,0.134,0.0891,0.0161,0.0,8.3153,0.0
Odisha,Puri,22668,5110,27778,339,1036,6,1644,1650,2620,1909,846,0,846,28,180,0,0,0.015,0.0457,0.1156,0.0842,0.0373,0.0012,7.9407,0.0
Odisha,Rayagada,8600,3673,12273,54,397,4,1305,1309,964,563,68,37,105,132,74,0,0,0.0063,0.0462,0.1121,0.0655,0.0122,0.0153,8.6047,0.0
Odisha,Rourkela,17701,4471,22172,269,1147,14,1358,1372,2178,1035,63,59,122,92,910,0,0,0.0152,0.0648,0.123,0.0585,0.0069,0.0052,51.4095,0.0
Odisha,Sambalpur,20091,4646,24737,211,1388,10,1495,1505,2105,1002,167,118,285,324,488,0,0,0.0105,0.0691,0.1048,0.0499,0.0142,0.0161,24.2895,0.0
Odisha,Sonepur,6538,2879,9417,105,387,2,1050,1052,954,422,210,44,254,36,81,0,0,0.0161,0.0592,0.1459,0.0645,0.0388,0.0055,12.3891,0.0
Odisha,Srp(Cuttack),4978,294,5272,13,1166,2,207,209,24,19,8,0,8,8,0,0,0,0.0026,0.2342,0.0048,0.0038,0.0016,0.0016,0.0,0.0
Odisha,Srp(Rourkela),2650,415,3065,4,641,0,282,282,28,19,8,0,8,16,28,0,0,0.0015,0.2419,0.0106,0.0072,0.003,0.006,10.566,0.0
Odisha,Sundargarh,12594,3533,16127,195,733,2,1104,1106,1326,693,57,102,159,180,160,0,0,0.0155,0.0582,0.1053,0.055,0.0126,0.0143,12.7045,0.0
Puducherry,Karaikal,1673,916,2589,10,71,6,29,35,157,119,4,0,4,77,24,101,20,0.006,0.0424,0.0938,0.0711,0.0024,0.046,14.3455,2.5
Puducherry,Puducherry,9914,5068,14982,58,443,29,358,387,813,637,12,0,12,124,623,974,188,0.0059,0.0447,0.082,0.0643,0.0012,0.0125,62.8404,6.2667
Punjab,Amritsar Rural,6988,3944,10932,297,493,156,1810,1966,782,268,12,0,12,96,55,466,400,0.0425,0.0705,0.1119,0.0384,0.0017,0.0137,7.8706,7.8431
Punjab,Barnala,3314,1894,5208,60,256,26,799,825,257,197,36,0,36,41,56,124,28,0.0181,0.0772,0.0775,0.0594,0.0109,0.0124,16.898,1.037
Punjab,Batala,4471,1939,6410,160,376,38,988,1026,525,242,8,0,8,47,52,0,0,0.0358,0.0841,0.1174,0.0541,0.0018,0.0105,11.6305,0.0
Punjab,Bathinda,6370,3606,9976,231,420,54,2060,2114,631,355,38,0,38,100,65,514,352,0.0363,0.0659,0.0991,0.0557,0.006,0.0157,10.2041,6.069
Punjab,Bureau Of Investigation,104,51,155,1,26,16,0,16,6,0,0,0,0,0,3,0,0,0.0096,0.25,0.0577,0.0,0.0,0.0,28.8462,0.0
Punjab,Cp Amritsar,7642,3187,10829,234,845,132,1319,1451,879,328,40,0,40,113,93,369,144,0.0306,0.1106,0.115,0.0429,0.0052,0.0148,12.1696,2.0571
Punjab,Cp Jalandhar,7660,2328,9988,191,983,46,644,690,1071,484,28,0,28,179,1194,1630,424,0.0249,0.1283,0.1398,0.0632,0.0037,0.0234,155.8747,3.8899
Punjab,Cp Ludhiana,13229,4442,17671,449,1333,74,1638,1712,1811,1208,62,0,62,166,181,131,80,0.0339,0.1008,0.1369,0.0913,0.0047,0.0125,13.6821,0.315
Punjab,Cyber Crime Wing,95,18,113,0,10,0,0,0,11,8,0,0,0,3,20,0,0,0.0,0.1053,0.1158,0.0842,0.0,0.0316,210.5263,0.0
Punjab,Faridkot,3933,1920,5853,101,276,24,886,910,340,156,12,0,12,76,31,306,108,0.0257,0.0702,0.0864,0.0397,0.0031,0.0193,7.882,4.5
Punjab,Fatehgarh Sahib,3627,986,4613,80,231,14,511,525,391,129,0,0,0,19,15,525,120,0.0221,0.0637,0.1078,0.0356,0.0,0.0052,4.1356,4.2857
Punjab,Fazilka,4752,2162,6914,180,320,30,912,942,775,367,32,0,32,77,90,355,28,0.0379,0.0673,0.1631,0.0772,0.0067,0.0162,18.9394,0.4308
Punjab,Ferozepur,8194,2387,10581,182,367,34,924,958,543,205,34,0,34,56,48,416,212,0.0222,0.0448,0.0663,0.025,0.0041,0.0068,5.8579,4.5106
Punjab,Grp,1217,789,2006,18,207,34,288,322,38,24,0,0,0,11,15,17,8,0.0148,0.1701,0.0312,0.0197,0.0,0.009,12.3254,4.0
Punjab,Gurdaspur,2697,1519,4216,97,222,36,579,615,363,183,12,0,12,53,53,73,4,0.036,0.0823,0.1346,0.0679,0.0044,0.0197,19.6515,0.129
Punjab,Hoshiarpur,6718,3274,9992,171,722,44,1453,1497,903,390,63,0,63,88,95,873,276,0.0255,0.1075,0.1344,0.0581,0.0094,0.0131,14.1411,5.3077
Punjab,Intelligence Wing,24,513,537,1,5,124,144,268,0,0,0,0,0,0,0,0,0,0.0417,0.2083,0.0,0.0,0.0,0.0,0.0,0.0
Punjab,Jalandhar Rural,5532,2451,7983,149,521,40,1316,1356,543,280,48,0,48,85,105,380,80,0.0269,0.0942,0.0982,0.0506,0.0087,0.0154,18.9805,2.0513
Punjab,Kapurthala,5148,2845,7993,120,474,66,1254,1320,476,180,8,0,8,140,19,148,124,0.0233,0.0921,0.0925,0.035,0.0016,0.0272,3.6908,3.6471
Punjab,Khanna,3709,1675,5384,111,389,42,940,982,394,269,17,0,17,0,75,494,68,0.0299,0.1049,0.1062,0.0725,0.0046,0.0,20.2211,1.2364
Punjab,Ludhiana Rural,3262,1907,5169,79,203,12,1032,1044,414,217,13,0,13,36,52,164,164,0.0242,0.0622,0.1269,0.0665,0.004,0.011,15.9411,3.2157
Punjab,Malerkotla,1930,1147,3077,45,159,8,625,633,242,135,8,0,8,18,16,97,76,0.0233,0.0824,0.1254,0.0699,0.0041,0.0093,8.2902,2.375
Punjab,Mansa,5828,2062,7890,107,305,14,1056,1070,385,180,36,0,36,45,48,168,36,0.0184,0.0523,0.0661,0.0309,0.0062,0.0077,8.2361,1.3333
Punjab,Moga,5634,2561,8195,138,337,64,1356,1420,518,271,16,0,16,50,108,329,20,0.0245,0.0598,0.0919,0.0481,0.0028,0.0089,19.1693,0.5
Punjab,Muktsar,3446,2598,6044,102,182,24,1347,1371,361,199,22,0,22,76,46,216,12,0.0296,0.0528,0.1048,0.0577,0.0064,0.0221,13.3488,0.3077
Punjab,Nri Wing,1939,232,2171,4,113,0,0,0,537,0,0,0,0,0,0,0,0,0.0021,0.0583,0.2769,0.0,0.0,0.0,0.0,0.0
Punjab,Pathankot,2080,1015,3095,59,118,2,351,353,331,165,8,0,8,13,82,241,52,0.0284,0.0567,0.1591,0.0793,0.0038,0.0062,39.4231,1.8571
Punjab,Patiala,11721,4240,15961,250,1053,66,1964,2030,1136,399,33,0,33,152,50,333,144,0.0213,0.0898,0.0969,0.034,0.0028,0.013,4.2658,1.8701
Punjab,Ropar,3256,1303,4559,79,282,10,550,560,367,157,9,0,9,21,88,285,144,0.0243,0.0866,0.1127,0.0482,0.0028,0.0064,27.027,5.3333
Punjab,Sangrur,6878,3192,10070,208,488,18,1457,1475,673,383,24,0,24,89,224,375,288,0.0302,0.071,0.0978,0.0557,0.0035,0.0129,32.5676,5.1429
Punjab,Sas Nagar,11806,2770,14576,362,1277,100,931,1031,1649,412,45,0,45,0,56,347,308,0.0307,0.1082,0.1397,0.0349,0.0038,0.0,4.7434,4.0526
Punjab,Sbs Nagar,2755,3028,5783,76,160,28,1913,1941,426,180,13,0,13,5,96,131,32,0.0276,0.0581,0.1546,0.0653,0.0047,0.0018,34.8457,0.8205
Punjab,Special Task Force,14,804,818,0,0,0,603,603,0,0,0,0,0,0,0,0,0,0.0,0.0,0.0,0.0,0.0,0.0,0.0,0.0
Punjab,Tarn Taran,6651,3222,9873,255,440,76,1228,1304,565,301,20,0,20,56,128,361,28,0.0383,0.0662,0.0849,0.0453,0.003,0.0084,19.2452,0.4667
Rajasthan,Ajmer,18244,5200,23444,303,1928,79,546,625,2904,1410,746,69,815,112,121,3995,992,0.0166,0.1057,0.1592,0.0773,0.0447,0.0061,6.6323,2.2094
Rajasthan,Alwar,28258,9334,37592,606,3187,235,895,1130,5452,400,1150,510,1660,0,44,2549,668,0.0214,0.1128,0.1929,0.0142,0.0587,0.0,1.5571,668.0
Rajasthan,Anupgarh,7644,3387,11031,170,694,130,884,1014,1251,651,731,21,752,75,11,1996,364,0.0222,0.0908,0.1637,0.0852,0.0984,0.0098,1.439,1.3333
Rajasthan,Ats & Sog,372,14,386,0,1,0,0,0,0,0,0,0,0,0,0,0,0,0.0,0.0027,0.0,0.0,0.0,0.0,0.0,0.0
Rajasthan,Balotra,5897,1535,7432,176,586,34,365,399,931,282,207,183,390,133,42,747,180,0.0298,0.0994,0.1579,0.0478,0.0661,0.0226,7.1223,2.1429
Rajasthan,Banswara,8944,6463,15407,290,589,80,1573,1653,2116,1349,44,101,145,263,110,2256,384,0.0324,0.0659,0.2366,0.1508,0.0162,0.0294,12.2987,0.8258
Rajasthan,Baran,14001,7006,21007,351,907,380,803,1183,2121,1105,614,373,987,177,52,2986,676,0.0251,0.0648,0.1515,0.0789,0.0705,0.0126,3.714,1.9941
Rajasthan,Barmer,9068,2994,12062,283,840,57,829,886,1739,594,591,188,779,123,248,926,224,0.0312,0.0926,0.1918,0.0655,0.0859,0.0136,27.3489,2.4086
Rajasthan,Beawar,13223,3105,16328,226,948,40,624,664,2419,1149,304,24,328,0,88,3478,772,0.0171,0.0717,0.1829,0.0869,0.0248,0.0,6.6551,1.4296
Rajasthan,Bharatpur,22207,4159,26366,502,2069,186,367,553,4873,342,1278,147,1425,101,67,1098,120,0.0226,0.0932,0.2194,0.0154,0.0642,0.0045,3.0171,1.3187
Rajasthan,Bhilwara,19731,5519,25250,419,2062,140,769,909,3212,1253,718,215,933,270,176,5271,1440,0.0212,0.1045,0.1628,0.0635,0.0473,0.0137,8.92,2.5397
Rajasthan,Bhiwadi,7703,2814,10517,141,949,140,332,472,1248,634,302,51,353,97,12,1139,428,0.0183,0.1232,0.162,0.0823,0.0458,0.0126,1.5578,2.2646
Rajasthan,Bikaner,18787,8203,26990,541,1989,384,1604,1988,3205,410,1274,86,1360,0,27,3172,904,0.0288,0.1059,0.1706,0.0218,0.0724,0.0,1.4372,904.0
Rajasthan,Bundi,11799,6409,18208,263,552,494,679,1173,2072,604,434,328,762,0,36,2908,568,0.0223,0.0468,0.1756,0.0512,0.0646,0.0,3.0511,2.5818
Rajasthan,Chittorgarh,14855,6719,21574,285,1445,345,1407,1752,2403,618,452,228,680,172,0,4289,1028,0.0192,0.0973,0.1618,0.0416,0.0458,0.0116,0.0,3.9087
Rajasthan,Churu,11607,5371,16978,239,1138,102,1039,1141,2401,783,781,62,843,0,56,2174,308,0.0206,0.098,0.2069,0.0675,0.0726,0.0,4.8247,1.5323
Rajasthan,Dausa,18099,4959,23058,457,1753,118,597,715,3339,351,735,556,1291,122,181,1516,508,0.0253,0.0969,0.1845,0.0194,0.0713,0.0067,10.0006,11.2889
Rajasthan,Deeg,13476,2596,16072,353,1113,142,255,397,3217,332,508,52,560,359,96,535,124,0.0262,0.0826,0.2387,0.0246,0.0416,0.0266,7.1238,1.3778
Rajasthan,Dholpur,14762,5418,20180,446,1311,395,475,870,2746,514,1013,119,1132,182,16,918,84,0.0302,0.0888,0.186,0.0348,0.0767,0.0123,1.0839,1.4237
Rajasthan,Didwana-Kuchaman,8969,2588,11557,237,893,36,424,460,1811,548,440,33,473,93,64,1929,336,0.0264,0.0996,0.2019,0.0611,0.0527,0.0104,7.1357,2.1538
Rajasthan,Dudu,2867,459,3326,61,222,14,73,87,352,143,97,41,138,7,4,338,80,0.0213,0.0774,0.1228,0.0499,0.0481,0.0024,1.3952,2.1053
Rajasthan,Dungarpur,7740,3475,11215,359,487,28,818,846,1976,1337,26,93,119,290,24,3163,1120,0.0464,0.0629,0.2553,0.1727,0.0154,0.0375,3.1008,2.1132
Rajasthan,Ganganagar,15085,8426,23511,326,1528,419,1805,2224,2598,1210,1283,45,1328,189,162,3513,636,0.0216,0.1013,0.1722,0.0802,0.088,0.0125,10.7391,1.4165
Rajasthan,Gangapur City,7465,1958,9423,229,704,104,334,438,1673,205,191,199,390,99,24,483,84,0.0307,0.0943,0.2241,0.0275,0.0522,0.0133,3.215,2.0488
Rajasthan,Grp Ajmer,5000,1719,6719,7,1167,71,239,310,44,60,8,16,24,0,12,151,28,0.0014,0.2334,0.0088,0.012,0.0048,0.0,2.4,1.8667
Rajasthan,Grp Jodhpur,1534,463,1997,3,340,1,74,75,43,32,12,0,12,19,0,67,28,0.002,0.2216,0.028,0.0209,0.0078,0.0124,0.0,1.8667
Rajasthan,Hanumangarh,16053,10103,26156,348,1620,377,1911,2288,2812,1175,1427,77,1504,268,308,3740,716,0.0217,0.1009,0.1752,0.0732,0.0937,0.0167,19.1864,1.5947
Rajasthan,Jaipur Crime,2045,27,2072,0,0,0,0,0,0,0,0,0,0,0,21,0,0,0.0,0.0,0.0,0.0,0.0,0.0,10.2689,0.0
Rajasthan,Jaipur East,32259,6498,38757,337,4564,118,1098,1216,2775,1414,456,338,794,125,247,3498,912,0.0104,0.1415,0.086,0.0438,0.0246,0.0039,7.6568,1.6462
Rajasthan,Jaipur Metro,2,3,5,0,0,0,0,0,4,4,0,0,0,0,0,0,0,0.0,0.0,2.0,2.0,0.0,0.0,0.0,0.0
Rajasthan,Jaipur North,12913,7871,20784,193,1230,154,727,881,1593,731,195,78,273,151,12,2301,516,0.0149,0.0953,0.1234,0.0566,0.0211,0.0117,0.9293,2.0976
Rajasthan,Jaipur Rural,14372,2808,17180,195,1403,49,322,371,2045,728,630,339,969,128,96,1903,424,0.0136,0.0976,0.1423,0.0507,0.0674,0.0089,6.6797,1.812
Rajasthan,Jaipur South,27280,6398,33678,315,4611,113,903,1016,2302,887,450,204,654,182,313,2976,768,0.0115,0.169,0.0844,0.0325,0.024,0.0067,11.4736,2.6947
Rajasthan,Jaipur West,26886,7340,34226,362,3576,149,1003,1152,2565,1063,570,324,894,286,30,3800,896,0.0135,0.133,0.0954,0.0395,0.0333,0.0106,1.1158,2.3455
Rajasthan,Jaisalmer,4775,1846,6621,112,455,78,311,389,621,158,314,183,497,134,81,406,76,0.0235,0.0953,0.1301,0.0331,0.1041,0.0281,16.9634,1.551
Rajasthan,Jalore,5798,1983,7781,125,405,52,396,448,922,56,271,168,439,35,21,1607,308,0.0216,0.0699,0.159,0.0097,0.0757,0.006,3.6219,308.0
Rajasthan,Jhalawar,14187,11470,25657,377,1105,513,1373,1886,2939,1422,621,289,910,342,56,3220,1024,0.0266,0.0779,0.2072,0.1002,0.0641,0.0241,3.9473,2.107
Rajasthan,Jhunjhunu,13235,4336,17571,280,1253,108,582,690,2242,536,650,129,779,168,100,2679,456,0.0212,0.0947,0.1694,0.0405,0.0589,0.0127,7.5557,2.85
Rajasthan,Jodhpur Crime,44,3,47,0,11,0,0,0,0,0,0,0,0,0,37,0,0,0.0,0.25,0.0,0.0,0.0,0.0,840.9091,0.0
Rajasthan,Jodhpur East,10904,3426,14330,173,792,126,458,584,1405,569,307,89,396,249,123,1791,348,0.0159,0.0726,0.1289,0.0522,0.0363,0.0228,11.2803,1.822
Rajasthan,Jodhpur Rural,7842,2215,10057,211,720,61,554,615,1529,505,415,59,474,133,63,998,248,0.0269,0.0918,0.195,0.0644,0.0604,0.017,8.0337,2.0163
Rajasthan,Jodhpur West,12173,3678,15851,194,1702,190,592,782,1500,856,481,103,584,148,283,2388,408,0.0159,0.1398,0.1232,0.0703,0.048,0.0122,23.2482,1.9615
Rajasthan,Karauli,12112,3824,15936,293,1167,144,476,620,2551,426,445,291,736,0,93,678,72,0.0242,0.0964,0.2106,0.0352,0.0608,0.0,7.6783,0.439
Rajasthan,Kekri,6353,1420,7773,107,579,12,189,201,1132,364,227,102,329,0,10,1113,312,0.0168,0.0911,0.1782,0.0573,0.0518,0.0,1.5741,2.08
Rajasthan,Khairtal-Tijara,5402,2095,7497,106,477,92,231,323,1018,289,288,48,336,33,8,800,212,0.0196,0.0883,0.1884,0.0535,0.0622,0.0061,1.4809,2.2553
Rajasthan,Kota City,16207,8291,24498,398,2088,842,1042,1884,2151,1303,535,145,680,519,286,4154,884,0.0246,0.1288,0.1327,0.0804,0.042,0.032,17.6467,2.2323
Rajasthan,Kota Rural,7125,8591,15716,176,573,495,973,1468,1187,536,384,127,511,0,12,2424,492,0.0247,0.0804,0.1666,0.0752,0.0717,0.0,1.6842,2.7333
Rajasthan,Kotputli-Behror,15335,4090,19425,229,1694,210,473,683,2104,459,654,238,892,51,72,1642,220,0.0149,0.1105,0.1372,0.0299,0.0582,0.0033,4.6951,1.4474
Rajasthan,Nagaur,11384,3437,14821,310,1242,58,698,756,2239,589,824,42,866,130,84,1913,428,0.0272,0.1091,0.1967,0.0517,0.0761,0.0114,7.3788,2.2176
Rajasthan,Neem Ka Thana,10275,2696,12971,222,935,86,469,555,1491,333,482,175,657,81,106,1407,300,0.0216,0.091,0.1451,0.0324,0.0639,0.0079,10.3163,2.459
Rajasthan,Pali,16469,4193,20662,285,1560,47,826,873,3022,1088,760,161,921,0,85,4365,684,0.0173,0.0947,0.1835,0.0661,0.0559,0.0,5.1612,1.6847
Rajasthan,Phalodi,4420,1551,5971,126,439,40,433,473,625,222,140,57,197,68,40,414,48,0.0285,0.0993,0.1414,0.0502,0.0446,0.0154,9.0498,0.9231
Rajasthan,Pratapgarh,8531,3483,12014,275,467,190,592,782,1981,1252,95,162,257,43,13,2665,784,0.0322,0.0547,0.2322,0.1468,0.0301,0.005,1.5239,1.5649
Rajasthan,Rajsamand,10298,4298,14596,206,849,118,385,503,2254,1263,524,284,808,106,24,3517,820,0.02,0.0824,0.2189,0.1226,0.0785,0.0103,2.3305,1.9294
Rajasthan,Salumbar,3725,1476,5201,80,229,37,345,382,727,330,8,44,52,97,8,1289,356,0.0215,0.0615,0.1952,0.0886,0.014,0.026,2.1477,4.0
Rajasthan,Sanchore,3660,1356,5016,128,283,34,438,472,824,80,231,91,322,25,18,657,120,0.035,0.0773,0.2251,0.0219,0.088,0.0068,4.918,120.0
Rajasthan,Sawai Madhopur,8804,3142,11946,219,872,54,325,379,1778,443,246,223,469,145,261,636,120,0.0249,0.099,0.202,0.0503,0.0533,0.0165,29.6456,1.2632
Rajasthan,Scrb,49,0,49,0,10,0,0,0,0,0,0,0,0,0,39,0,0,0.0,0.2041,0.0,0.0,0.0,0.0,795.9184,0.0
Rajasthan,Shahpura,6209,2156,8365,159,575,17,276,293,1198,295,237,138,375,54,62,1498,448,0.0256,0.0926,0.1929,0.0475,0.0604,0.0087,9.9855,6.7879
Rajasthan,Sikar,18459,3878,22337,388,2167,87,616,703,2596,835,1080,209,1289,105,179,3122,632,0.021,0.1174,0.1406,0.0452,0.0698,0.0057,9.6972,2.2411
Rajasthan,Sirohi,8715,4157,12872,201,887,112,818,930,1515,1012,402,134,536,333,63,1914,396,0.0231,0.1018,0.1738,0.1161,0.0615,0.0382,7.2289,1.1579
Rajasthan,Ssb,0,9,9,0,0,0,0,0,0,0,0,0,0,0,0,0,0,0.0,0.0,0.0,0.0,0.0,0.0,0.0,0.0
Rajasthan,Tonk,12225,8049,20274,288,1158,99,687,786,2342,244,487,330,817,186,24,2143,448,0.0236,0.0947,0.1916,0.02,0.0668,0.0152,1.9632,12.4444
Rajasthan,Udaipur,24802,10197,34999,633,2293,454,1994,2448,3572,2815,502,358,860,691,186,6095,1832,0.0255,0.0925,0.144,0.1135,0.0347,0.0279,7.4994,1.987
Sikkim,Cid,12,0,12,0,3,0,0,0,0,0,0,0,0,0,0,0,0,0.0,0.25,0.0,0.0,0.0,0.0,0.0,0.0
Sikkim,Gangtok (East),828,198,1026,10,74,2,27,29,142,133,4,0,4,0,60,615,0,0.0121,0.0894,0.1715,0.1606,0.0048,0.0,72.4638,0.0
Sikkim,Gyalshing (West),102,35,137,4,4,0,6,6,63,51,0,0,0,0,0,0,0,0.0392,0.0392,0.6176,0.5,0.0,0.0,0.0,0.0
Sikkim,Mangan (North),90,18,108,2,4,0,0,0,20,27,0,0,0,0,0,18,0,0.0222,0.0444,0.2222,0.3,0.0,0.0,0.0,0.0
Sikkim,Namchi (South),340,155,495,8,7,0,33,33,165,161,0,0,0,4,0,76,4,0.0235,0.0206,0.4853,0.4735,0.0,0.0118,0.0,0.25
Sikkim,Pakyong (East),306,134,440,2,21,2,35,37,51,70,0,0,0,4,0,154,4,0.0065,0.0686,0.1667,0.2288,0.0,0.0131,0.0,0.3636
Sikkim,Soreng (West),157,48,205,2,3,0,6,6,54,68,0,0,0,0,0,43,16,0.0127,0.0191,0.3439,0.4331,0.0,0.0,0.0,2.0
Tamil Nadu,Ariyalur,5843,7540,13383,42,156,9,2855,2864,744,927,231,5,236,170,100,1032,360,0.0072,0.0267,0.1273,0.1587,0.0404,0.0291,17.1145,72.0
Tamil Nadu,Avadi,15512,27647,43159,118,1490,3,5761,5764,1019,986,50,4,54,301,2013,4714,1420,0.0076,0.0961,0.0657,0.0636,0.0035,0.0194,129.7705,710.0
Tamil Nadu,Chengalpattu,11263,12867,24130,79,363,20,6639,6659,401,633,28,0,28,131,555,1937,476,0.007,0.0322,0.0356,0.0562,0.0025,0.0116,49.2764,79.3333
Tamil Nadu,Chennai,56860,91423,148283,493,4195,32,12423,12455,3850,2624,144,0,144,1186,6320,10776,2700,0.0087,0.0738,0.0677,0.0461,0.0025,0.0209,111.1502,540.0
Tamil Nadu,Coimbatore,14732,22602,37334,98,596,1,9208,9209,1333,1107,198,5,203,89,620,2963,992,0.0067,0.0405,0.0905,0.0751,0.0138,0.006,42.0853,992.0
Tamil Nadu,Coimbatore City,16374,9422,25796,89,2128,3,2763,2766,1396,927,80,0,80,82,905,3177,828,0.0054,0.13,0.0853,0.0566,0.0049,0.005,55.2706,103.5
Tamil Nadu,Cuddalore,24087,27826,51913,122,531,0,13567,13567,1571,1729,316,0,316,0,832,2752,508,0.0051,0.022,0.0652,0.0718,0.0131,0.0,34.5415,84.6667
Tamil Nadu,Cyber Cell,4,3,7,0,0,0,0,0,0,0,0,0,0,0,6,0,0,0.0,0.0,0.0,0.0,0.0,0.0,1500.0,0.0
Tamil Nadu,Dharmapuri,9700,13744,23444,64,314,16,6691,6707,1023,917,166,27,193,47,147,1560,708,0.0066,0.0324,0.1055,0.0945,0.0199,0.0048,15.1546,236.0
Tamil Nadu,Dindigul,17343,22050,39393,126,605,69,8998,9067,1298,1449,348,8,356,139,248,3405,1440,0.0073,0.0349,0.0748,0.0835,0.0205,0.008,14.2997,1440.0
Tamil Nadu,Erode,13706,16788,30494,90,463,18,7450,7468,1344,1258,165,9,174,80,240,2385,840,0.0066,0.0338,0.0981,0.0918,0.0127,0.0058,17.5106,840.0
Tamil Nadu,Kallakurichi,13297,16607,29904,98,607,35,9101,9136,977,852,180,8,188,0,256,1582,304,0.0074,0.0456,0.0735,0.0641,0.0141,0.0,19.2525,304.0
Tamil Nadu,Kanchipuram,10394,6535,16929,73,496,0,2644,2644,312,359,60,0,60,125,343,1970,488,0.007,0.0477,0.03,0.0345,0.0058,0.012,32.9998,488.0
Tamil Nadu,Kanyakumari,12926,19199,32125,146,445,4,6118,6122,629,763,37,4,41,216,245,1184,368,0.0113,0.0344,0.0487,0.059,0.0032,0.0167,18.954,122.6667
Tamil Nadu,Karur,7247,17014,24261,62,277,9,7842,7851,388,558,133,0,133,80,101,1124,392,0.0086,0.0382,0.0535,0.077,0.0184,0.011,13.9368,65.3333
Tamil Nadu,Krishnagiri,15322,25979,41301,140,501,29,11989,12018,1022,648,142,15,157,148,554,2804,1028,0.0091,0.0327,0.0667,0.0423,0.0102,0.0097,36.1572,64.25
Tamil Nadu,Madurai,17452,16102,33554,196,814,89,7540,7629,1044,833,302,0,302,324,431,3287,1112,0.0112,0.0466,0.0598,0.0477,0.0173,0.0186,24.6963,1112.0
Tamil Nadu,Madurai City,11311,36137,47448,115,845,277,3632,3909,848,516,120,0,120,350,358,2422,676,0.0102,0.0747,0.075,0.0456,0.0106,0.0309,31.6506,45.0667
Tamil Nadu,Mayiladuthurai,7123,14424,21547,53,213,30,7872,7902,575,499,98,5,103,121,55,995,272,0.0074,0.0299,0.0807,0.0701,0.0145,0.017,7.7215,54.4
Tamil Nadu,Nagapattinam,4218,10679,14897,29,107,49,5908,5957,448,468,23,0,23,73,35,561,156,0.0069,0.0254,0.1062,0.111,0.0055,0.0173,8.2978,156.0
Tamil Nadu,Namakkal,10856,10900,21756,65,261,14,4748,4762,588,877,207,4,211,33,220,1302,480,0.006,0.024,0.0542,0.0808,0.0194,0.003,20.2653,480.0
Tamil Nadu,Nilgiris,2176,7427,9603,22,78,8,2869,2877,350,327,45,4,49,12,204,473,224,0.0101,0.0358,0.1608,0.1503,0.0225,0.0055,93.75,224.0
Tamil Nadu,Other Units,378,1659,2037,0,83,0,1233,1233,15,8,0,0,0,0,309,0,0,0.0,0.2196,0.0397,0.0212,0.0,0.0,817.4603,0.0
Tamil Nadu,Perambalur,4970,5758,10728,48,246,4,2353,2357,878,814,123,0,123,92,64,926,320,0.0097,0.0495,0.1767,0.1638,0.0247,0.0185,12.8773,320.0
Tamil Nadu,Pudukottai,12462,13938,26400,73,362,93,5859,5952,503,427,258,0,258,70,96,2132,500,0.0059,0.029,0.0404,0.0343,0.0207,0.0056,7.7034,500.0
Tamil Nadu,Railway Chennai,2761,118,2879,10,604,1,0,1,19,22,0,0,0,106,0,82,4,0.0036,0.2188,0.0069,0.008,0.0,0.0384,0.0,1.3333
Tamil Nadu,Railway Trichy,1448,225,1673,3,328,0,101,101,15,16,4,4,8,11,0,53,8,0.0021,0.2265,0.0104,0.011,0.0055,0.0076,0.0,8.0
Tamil Nadu,Ramnathapuram,12157,15934,28091,88,372,70,7687,7757,780,598,152,0,152,123,88,1605,456,0.0072,0.0306,0.0642,0.0492,0.0125,0.0101,7.2386,16.2857
Tamil Nadu,Ranipet,9173,11910,21083,62,313,3,5876,5879,395,562,13,4,17,51,192,1691,440,0.0068,0.0341,0.0431,0.0613,0.0019,0.0056,20.931,440.0
Tamil Nadu,Salem,14371,23331,37702,102,247,6,12134,12140,880,863,155,0,155,124,236,1729,616,0.0071,0.0172,0.0612,0.0601,0.0108,0.0086,16.422,205.3333
Tamil Nadu,Salem City,8921,29325,38246,65,466,8,14769,14777,471,531,86,0,86,149,183,1533,540,0.0073,0.0522,0.0528,0.0595,0.0096,0.0167,20.5134,90.0
Tamil Nadu,Sivagangai,11627,13852,25479,158,497,176,5085,5261,592,467,317,0,317,222,203,2092,712,0.0136,0.0427,0.0509,0.0402,0.0273,0.0191,17.4594,712.0
Tamil Nadu,Tambaram,17143,19971,37114,134,1664,0,4576,4576,682,531,46,0,46,307,342,3620,992,0.0078,0.0971,0.0398,0.031,0.0027,0.0179,19.9498,496.0
Tamil Nadu,Tenkasi,10900,17670,28570,112,513,12,8959,8971,950,900,225,5,230,209,161,1951,580,0.0103,0.0471,0.0872,0.0826,0.0211,0.0192,14.7706,193.3333
Tamil Nadu,Thanjavur,27382,50289,77671,170,964,229,25685,25914,1358,1302,390,0,390,153,264,3550,1192,0.0062,0.0352,0.0496,0.0475,0.0142,0.0056,9.6414,238.4
Tamil Nadu,Theni,15015,14507,29522,103,661,26,7159,7185,1003,949,376,0,376,99,201,2392,940,0.0069,0.044,0.0668,0.0632,0.025,0.0066,13.3866,134.2857
Tamil Nadu,Thirunelveli,23708,20321,44029,601,976,5,10134,10139,1297,1078,295,0,295,161,208,2326,676,0.0254,0.0412,0.0547,0.0455,0.0124,0.0068,8.7734,56.3333
Tamil Nadu,Thirunelveli City,5228,5336,10564,65,445,5,1421,1426,375,355,116,0,116,156,171,813,180,0.0124,0.0851,0.0717,0.0679,0.0222,0.0298,32.7085,180.0
Tamil Nadu,Thiruvallur,10850,20832,31682,155,411,30,11483,11513,577,457,74,8,82,61,159,2372,692,0.0143,0.0379,0.0532,0.0421,0.0076,0.0056,14.6544,692.0
Tamil Nadu,Thiruvannamalai,16306,21075,37381,120,465,30,10199,10229,1022,910,161,19,180,54,216,2483,692,0.0074,0.0285,0.0627,0.0558,0.011,0.0033,13.2467,230.6667
Tamil Nadu,Thiruvarur,9343,23772,33115,53,314,82,10798,10880,808,660,119,0,119,48,180,1152,324,0.0057,0.0336,0.0865,0.0706,0.0127,0.0051,19.2658,324.0
Tamil Nadu,Thoothukudi,18393,17577,35970,296,750,65,8240,8305,1204,779,300,0,300,450,424,2156,872,0.0161,0.0408,0.0655,0.0424,0.0163,0.0245,23.0522,72.6667
Tamil Nadu,Tiruppattur,9175,18896,28071,59,374,14,10259,10273,671,783,99,0,99,140,81,1608,768,0.0064,0.0408,0.0731,0.0853,0.0108,0.0153,8.8283,768.0
Tamil Nadu,Tiruppur,14237,15056,29293,102,547,4,6149,6153,882,714,167,4,171,113,258,2664,924,0.0072,0.0384,0.062,0.0502,0.012,0.0079,18.1218,184.8
Tamil Nadu,Tiruppur City,6185,15974,22159,51,321,10,4279,4289,503,410,37,0,37,116,326,2380,856,0.0082,0.0519,0.0813,0.0663,0.006,0.0188,52.7082,856.0
Tamil Nadu,Trichy,16824,11473,28297,108,725,75,4539,4614,1114,737,249,0,249,405,167,1780,604,0.0064,0.0431,0.0662,0.0438,0.0148,0.0241,9.9263,86.2857
Tamil Nadu,Trichy City,6812,28317,35129,64,477,12,3520,3532,384,385,47,0,47,332,258,1040,356,0.0094,0.07,0.0564,0.0565,0.0069,0.0487,37.8743,356.0
Tamil Nadu,Vellore,14791,14929,29720,57,768,19,6940,6959,709,521,73,0,73,71,360,1646,608,0.0039,0.0519,0.0479,0.0352,0.0049,0.0048,24.3391,40.5333
Tamil Nadu,Villupuram,20973,42707,63680,123,478,16,24439,24455,1182,1045,226,95,321,31,372,2562,420,0.0059,0.0228,0.0564,0.0498,0.0153,0.0015,17.7371,140.0
Tamil Nadu,Virudhunagar,13499,27602,41101,169,522,17,9383,9400,1408,1306,342,0,342,87,184,3118,1084,0.0125,0.0387,0.1043,0.0967,0.0253,0.0064,13.6306,542.0
Telangana,Adilabad,8329,1711,10040,83,451,0,498,498,1255,379,109,81,190,119,324,1212,168,0.01,0.0541,0.1507,0.0455,0.0228,0.0143,38.9002,1.68
Telangana,Bhadradri Kothagudem,13645,2670,16315,97,635,0,744,744,2685,1024,223,209,432,82,994,1210,64,0.0071,0.0465,0.1968,0.075,0.0317,0.006,72.8472,0.4025
Telangana,Cyberabad Commissionerate,148130,11797,159927,542,7094,12,3194,3206,11909,7731,797,222,1019,439,51094,14727,228,0.0037,0.0479,0.0804,0.0522,0.0069,0.003,344.9268,0.1235
Telangana,Hyderabad Commissionerate,93528,9567,103095,797,9543,39,1661,1700,10620,4102,671,132,803,1157,13986,13491,1680,0.0085,0.102,0.1135,0.0439,0.0086,0.0124,149.5381,1.3804
Telangana,Jagityal,13856,1018,14874,111,873,0,279,279,2075,136,433,53,486,6,635,1326,240,0.008,0.063,0.1498,0.0098,0.0351,0.0004,45.8285,20.0
Telangana,Jayashankar Bhupalpalli,6683,1745,8428,84,255,0,945,945,953,187,66,34,100,4,267,432,12,0.0126,0.0382,0.1426,0.028,0.015,0.0006,39.9521,0.2449
Telangana,Jogulamba Gadwal,5802,1080,6882,31,500,0,291,291,687,294,176,0,176,75,280,651,72,0.0053,0.0862,0.1184,0.0507,0.0303,0.0129,48.2592,1.0909
Telangana,Kamareddy,13257,1831,15088,97,930,4,324,328,1714,369,160,64,224,119,830,2017,460,0.0073,0.0702,0.1293,0.0278,0.0169,0.009,62.6084,8.8462
Telangana,Karimnagar Commissionerate,17768,1785,19553,133,1287,0,497,497,1924,323,553,111,664,140,1037,1540,196,0.0075,0.0724,0.1083,0.0182,0.0374,0.0079,58.3633,3.322
Telangana,Khammam Commissionerate,21321,1983,23304,124,1309,6,478,484,3103,1255,278,159,437,86,1390,1861,52,0.0058,0.0614,0.1455,0.0589,0.0205,0.004,65.1939,0.1891
Telangana,Kumaram Bheem Asifabad,4002,2003,6005,59,238,0,738,738,683,218,92,71,163,49,120,456,36,0.0147,0.0595,0.1707,0.0545,0.0407,0.0122,29.985,0.6
Telangana,Mahabubabad,8167,3437,11604,73,442,2,1975,1977,1360,455,124,134,258,69,420,754,112,0.0089,0.0541,0.1665,0.0557,0.0316,0.0084,51.4265,1.2727
Telangana,Mahabubnagar,9968,1464,11432,146,661,0,128,128,1568,657,213,115,328,81,375,2125,424,0.0146,0.0663,0.1573,0.0659,0.0329,0.0081,37.6204,4.3265
Telangana,Medak,11888,1262,13150,95,921,0,288,288,1254,474,166,32,198,126,420,1584,264,0.008,0.0775,0.1055,0.0399,0.0167,0.0106,35.3297,2.3784
Telangana,Mulug,4181,1123,5304,50,220,0,494,494,545,212,42,62,104,23,114,315,0,0.012,0.0526,0.1304,0.0507,0.0249,0.0055,27.2662,0.0
Telangana,Nagarkurnool,8359,1102,9461,96,438,0,252,252,1383,616,293,87,380,46,447,964,124,0.0115,0.0524,0.1655,0.0737,0.0455,0.0055,53.4753,1.2157
Telangana,Nalgonda,19311,2489,21800,174,1359,4,697,701,2465,529,307,105,412,501,631,1625,200,0.009,0.0704,0.1276,0.0274,0.0213,0.0259,32.6757,6.0606
Telangana,Narayanpet,4588,1160,5748,40,291,0,206,206,835,485,122,18,140,78,76,648,72,0.0087,0.0634,0.182,0.1057,0.0305,0.017,16.565,0.8276
Telangana,Nirmal,8470,1346,9816,90,663,4,406,410,1190,217,127,30,157,31,144,913,88,0.0106,0.0783,0.1405,0.0256,0.0185,0.0037,17.0012,9.7778
Telangana,Nizamabad Commissionerate,21342,2752,24094,171,1801,1,256,257,2512,975,338,114,452,97,1596,3160,460,0.008,0.0844,0.1177,0.0457,0.0212,0.0045,74.7821,1.4375
Telangana,Rachakonda Commissionerate,85202,8966,94168,423,6327,12,1955,1967,10878,2197,1045,391,1436,127,16584,13374,1992,0.005,0.0743,0.1277,0.0258,0.0169,0.0015,194.6433,18.9714
Telangana,Railway Police Secunderabad,4299,344,4643,9,976,1,203,204,28,75,4,4,8,15,0,148,28,0.0021,0.227,0.0065,0.0174,0.0019,0.0035,0.0,1.4
Telangana,Rajanna Siricilla,10894,1821,12715,44,952,3,702,705,1231,253,291,36,327,150,316,750,84,0.004,0.0874,0.113,0.0232,0.03,0.0138,29.0068,1.7143
Telangana,Ramagundam Commissionerate,20534,2849,23383,207,1279,4,970,974,3206,726,527,85,612,210,948,2017,244,0.0101,0.0623,0.1561,0.0354,0.0298,0.0102,46.1673,1.4524
Telangana,Sangareddy,14363,3117,17480,172,1180,0,675,675,1785,678,209,61,270,236,2764,3114,648,0.012,0.0822,0.1243,0.0472,0.0188,0.0164,192.4389,29.4545
Telangana,Siddipet Commissionerate,15361,2331,17692,103,1058,0,578,578,1951,750,336,65,401,433,860,1467,168,0.0067,0.0689,0.127,0.0488,0.0261,0.0282,55.9859,1.4118
Telangana,Suryapet,17723,2043,19766,119,723,0,590,590,2728,703,203,81,284,72,868,1264,52,0.0067,0.0408,0.1539,0.0397,0.016,0.0041,48.9759,0.2873
Telangana,Vikarabad,8571,1443,10014,81,401,0,265,265,1190,729,179,40,219,40,764,1187,152,0.0095,0.0468,0.1388,0.0851,0.0256,0.0047,89.1378,0.7917
Telangana,Wanaparthy,6029,532,6561,37,508,0,8,8,882,418,138,28,166,0,108,850,124,0.0061,0.0843,0.1463,0.0693,0.0275,0.0,17.9134,1.0081
Telangana,Warangal Commissionerate,32509,4281,36790,271,1861,0,1454,1454,4502,1510,466,178,644,275,2402,3686,380,0.0083,0.0572,0.1385,0.0464,0.0198,0.0085,73.8872,1.092
Tripura,Crime Branch,3,0,3,0,1,0,0,0,0,0,0,0,0,0,0,0,0,0.0,0.3333,0.0,0.0,0.0,0.0,0.0,0.0
Tripura,Dhalai,703,230,933,33,21,0,125,125,137,56,0,0,0,0,4,486,24,0.0469,0.0299,0.1949,0.0797,0.0,0.0,5.6899,2.6667
Tripura,Gomati,1007,247,1254,25,43,0,48,48,320,142,0,4,4,0,8,780,48,0.0248,0.0427,0.3178,0.141,0.004,0.0,7.9444,4.8
Tripura,Grp,28,588,616,1,4,4,267,271,0,0,0,0,0,0,0,0,0,0.0357,0.1429,0.0,0.0,0.0,0.0,0.0,0.0
Tripura,Kowai,657,288,945,21,27,2,120,122,191,120,0,0,0,9,8,325,4,0.032,0.0411,0.2907,0.1826,0.0,0.0137,12.1766,0.5714
Tripura,North,1376,441,1817,44,97,6,168,174,281,130,0,0,0,0,12,293,44,0.032,0.0705,0.2042,0.0945,0.0,0.0,8.7209,2.5882
Tripura,Sipahijala,1231,594,1825,39,34,4,312,316,232,106,0,0,0,14,9,355,64,0.0317,0.0276,0.1885,0.0861,0.0,0.0114,7.3111,3.3684
Tripura,South,967,219,1186,32,22,0,63,63,275,158,0,0,0,9,20,749,188,0.0331,0.0228,0.2844,0.1634,0.0,0.0093,20.6825,31.3333
Tripura,Unakoti,1133,208,1341,32,58,2,51,53,366,117,0,0,0,14,8,224,104,0.0282,0.0512,0.323,0.1033,0.0,0.0124,7.0609,14.8571
Tripura,West,3474,788,4262,87,201,4,258,262,578,257,0,8,8,12,69,1967,500,0.025,0.0579,0.1664,0.074,0.0023,0.0035,19.8618,19.2308
Uttar Pradesh,Agra,37962,6358,44320,679,2253,585,603,1188,6683,833,1233,0,1233,0,1152,2485,652,0.0179,0.0593,0.176,0.0219,0.0325,0.0,30.3461,40.75
Uttar Pradesh,Aligarh,35958,23011,58969,719,1795,1114,1568,2682,4706,611,814,0,814,0,757,0,0,0.02,0.0499,0.1309,0.017,0.0226,0.0,21.0523,0.0
Uttar Pradesh,Ambedkar Nagar,11990,9336,21326,178,419,233,585,818,1963,351,971,0,971,0,264,0,0,0.0148,0.0349,0.1637,0.0293,0.081,0.0,22.0183,0.0
Uttar Pradesh,Amethi,10690,4466,15156,154,395,218,995,1213,1355,252,1016,0,1016,0,156,251,56,0.0144,0.037,0.1268,0.0236,0.095,0.0,14.5931,56.0
Uttar Pradesh,Amroha,12610,6933,19543,135,388,620,892,1512,1714,396,324,0,324,0,364,313,28,0.0107,0.0308,0.1359,0.0314,0.0257,0.0,28.866,28.0
Uttar Pradesh,Auraiya,8336,8796,17132,98,209,442,662,1104,1539,980,645,0,645,71,221,252,60,0.0118,0.0251,0.1846,0.1176,0.0774,0.0085,26.5115,0.1681
Uttar Pradesh,Ayodhya,15081,7188,22269,152,609,361,1022,1383,2514,1048,774,0,774,0,248,385,232,0.0101,0.0404,0.1667,0.0695,0.0513,0.0,16.4445,0.4092
Uttar Pradesh,Azamgarh,24989,8410,33399,913,1162,889,880,1769,5492,1926,1473,0,1473,0,1148,756,84,0.0365,0.0465,0.2198,0.0771,0.0589,0.0,45.9402,0.1647
Uttar Pradesh,Badaun,14999,11729,26728,388,545,1510,2157,3667,3487,1243,652,0,652,143,309,861,204,0.0259,0.0363,0.2325,0.0829,0.0435,0.0095,20.6014,1.1657
Uttar Pradesh,Baghpat,10271,11048,21319,431,615,584,336,920,1885,599,215,0,215,0,568,519,168,0.042,0.0599,0.1835,0.0583,0.0209,0.0,55.3013,1.1915
Uttar Pradesh,Bahraich,22016,9173,31189,477,808,136,992,1128,5511,2371,1389,0,1389,0,342,774,336,0.0217,0.0367,0.2503,0.1077,0.0631,0.0,15.5342,0.3976
Uttar Pradesh,Ballia,14999,12834,27833,523,636,1078,1259,2337,3269,762,796,0,796,0,487,1204,124,0.0349,0.0424,0.2179,0.0508,0.0531,0.0,32.4688,1.069
Uttar Pradesh,Balrampur,6683,3248,9931,166,303,47,300,347,1375,587,424,0,424,44,156,809,284,0.0248,0.0453,0.2057,0.0878,0.0634,0.0066,23.3428,3.1209
Uttar Pradesh,Banda,11801,5600,17401,286,501,220,697,917,3112,1492,810,0,810,0,454,679,436,0.0242,0.0425,0.2637,0.1264,0.0686,0.0,38.4713,1.3625
Uttar Pradesh,Barabanki,21767,20325,42092,51,336,1084,2500,3584,3665,629,1253,0,1253,0,476,756,516,0.0023,0.0154,0.1684,0.0289,0.0576,0.0,21.868,516.0
Uttar Pradesh,Bareilly,41500,24802,66302,417,2076,1016,1299,2315,7157,1304,1347,0,1347,0,1553,746,140,0.01,0.05,0.1725,0.0314,0.0325,0.0,37.4217,140.0
Uttar Pradesh,Basti,9010,6183,15193,264,456,73,465,538,1686,817,576,0,576,0,282,1222,316,0.0293,0.0506,0.1871,0.0907,0.0639,0.0,31.2986,2.0519
Uttar Pradesh,Bhadohi,4200,4433,8633,115,194,113,240,353,1039,727,442,0,442,0,134,805,388,0.0274,0.0462,0.2474,0.1731,0.1052,0.0,31.9048,1.7018
Uttar Pradesh,Bijnor,22912,15536,38448,223,798,578,799,1377,3211,653,625,0,625,0,1434,1574,860,0.0097,0.0348,0.1401,0.0285,0.0273,0.0,62.5873,430.0
Uttar Pradesh,Bulandshahar,28469,19854,48323,430,1185,3440,2472,5912,3610,954,734,0,734,206,763,578,308,0.0151,0.0416,0.1268,0.0335,0.0258,0.0072,26.8011,308.0
Uttar Pradesh,Chandoli,6570,10266,16836,137,333,128,509,637,1214,374,407,4,411,0,395,529,112,0.0209,0.0507,0.1848,0.0569,0.0626,0.0,60.1218,112.0
Uttar Pradesh,Chitrakoot,5667,5062,10729,230,247,162,588,750,1134,696,387,0,387,0,212,932,740,0.0406,0.0436,0.2001,0.1228,0.0683,0.0,37.4096,3.4419
Uttar Pradesh,Deoria,24780,5795,30575,245,384,204,955,1159,255,93,632,0,632,0,475,0,0,0.0099,0.0155,0.0103,0.0038,0.0255,0.0,19.1687,0.0
Uttar Pradesh,Etah,15348,9830,25178,228,457,378,338,716,1114,251,496,0,496,0,232,404,32,0.0149,0.0298,0.0726,0.0164,0.0323,0.0,15.116,2.2857
Uttar Pradesh,Etawah,8496,12680,21176,149,280,295,289,584,1198,588,433,0,433,70,276,742,376,0.0175,0.033,0.141,0.0692,0.051,0.0082,32.4859,2.2788
Uttar Pradesh,Fatehgarh,7850,7764,15614,186,340,242,273,515,1652,825,169,0,169,0,212,0,0,0.0237,0.0433,0.2104,0.1051,0.0215,0.0,27.0064,0.0
Uttar Pradesh,Fatehpur,13613,7238,20851,291,496,239,664,903,2227,2049,1013,0,1013,0,357,176,176,0.0214,0.0364,0.1636,0.1505,0.0744,0.0,26.2249,0.5552
Uttar Pradesh,Firozabad,19399,15434,34833,296,832,0,237,237,4161,1586,786,0,786,0,402,1294,1180,0.0153,0.0429,0.2145,0.0818,0.0405,0.0,20.7227,2.3274
Uttar Pradesh,Gautambudh Nagar,26086,26433,52519,361,2641,1903,2852,4755,1491,380,122,0,122,0,1527,2843,596,0.0138,0.1012,0.0572,0.0146,0.0047,0.0,58.5371,13.5455
Uttar Pradesh,Ghaziabad,48621,9070,57691,835,5693,398,1021,1419,8473,5891,506,0,506,0,4269,3038,452,0.0172,0.1171,0.1743,0.1212,0.0104,0.0,87.8016,0.2469
Uttar Pradesh,Ghazipur,15018,3578,18596,268,818,327,564,891,2651,4169,653,0,653,181,503,1096,484,0.0178,0.0545,0.1765,0.2776,0.0435,0.0121,33.4931,0.9184
Uttar Pradesh,Gonda,17900,8308,26208,787,801,262,765,1027,6385,3294,1363,0,1363,350,310,528,120,0.044,0.0447,0.3567,0.184,0.0761,0.0196,17.3184,0.1274
Uttar Pradesh,Gorakhpur,38731,9968,48699,304,1456,166,468,634,4741,973,1800,0,1800,13,582,1454,188,0.0078,0.0376,0.1224,0.0251,0.0465,0.0003,15.0267,188.0
Uttar Pradesh,Grp,21946,2897,24843,32,5140,271,700,971,209,48,16,0,16,0,27,250,124,0.0015,0.2342,0.0095,0.0022,0.0007,0.0,1.2303,5.1667
Uttar Pradesh,Hamirpur,7715,14547,22262,187,246,304,773,1077,1426,487,488,0,488,0,251,0,0,0.0242,0.0319,0.1848,0.0631,0.0633,0.0,32.534,0.0
Uttar Pradesh,Hapur,8990,10170,19160,364,476,571,407,978,1972,941,234,0,234,15,461,2172,720,0.0405,0.0529,0.2194,0.1047,0.026,0.0017,51.2792,10.5882
Uttar Pradesh,Hardoi,21656,17512,39168,309,626,892,2801,3693,6121,4749,1396,0,1396,0,325,851,212,0.0143,0.0289,0.2826,0.2193,0.0645,0.0,15.0074,0.0878
Uttar Pradesh,Hathras,9951,13704,23655,380,425,300,596,896,2468,1039,575,0,575,0,211,161,20,0.0382,0.0427,0.248,0.1044,0.0578,0.0,21.2039,0.0554
Uttar Pradesh,Jalaun,9319,4531,13850,106,314,403,861,1264,1207,568,350,0,350,0,216,0,0,0.0114,0.0337,0.1295,0.061,0.0376,0.0,23.1785,0.0
Uttar Pradesh,Jaunpur,21288,10416,31704,498,957,485,1039,1524,3039,1428,1208,0,1208,7,776,287,56,0.0234,0.045,0.1428,0.0671,0.0567,0.0003,36.4525,0.1677
Uttar Pradesh,Jhansi,15113,10138,25251,207,528,518,2287,2805,2107,659,923,0,923,0,300,0,0,0.0137,0.0349,0.1394,0.0436,0.0611,0.0,19.8505,0.0
Uttar Pradesh,Kannauj,8630,3236,11866,235,158,268,415,683,3011,1706,516,0,516,0,201,925,604,0.0272,0.0183,0.3489,0.1977,0.0598,0.0,23.2908,1.2557
Uttar Pradesh,Kanpur Commissionarate,31939,7465,39404,311,2059,272,1256,1528,6405,1689,1106,0,1106,155,2052,3168,768,0.0097,0.0645,0.2005,0.0529,0.0346,0.0049,64.2475,1.4741
Uttar Pradesh,Kanpur Dehat,9982,8377,18359,204,303,184,420,604,2025,312,815,0,815,0,197,2382,288,0.0204,0.0304,0.2029,0.0313,0.0816,0.0,19.7355,288.0
Uttar Pradesh,Kasganj,9416,9356,18772,302,395,339,527,866,2689,1349,354,0,354,0,135,0,0,0.0321,0.0419,0.2856,0.1433,0.0376,0.0,14.3373,0.0
Uttar Pradesh,Kaushambi,7957,9736,17693,192,316,64,541,605,1449,785,1116,0,1116,0,184,0,0,0.0241,0.0397,0.1821,0.0987,0.1403,0.0,23.1243,0.0
Uttar Pradesh,Khiri,28476,17014,45490,297,494,577,3577,4154,3271,1852,1240,0,1240,0,224,352,352,0.0104,0.0173,0.1149,0.065,0.0435,0.0,7.8663,0.4632
Uttar Pradesh,Kushi Nagar,21458,8479,29937,344,498,140,988,1128,3708,3834,1262,0,1262,396,700,268,160,0.016,0.0232,0.1728,0.1787,0.0588,0.0185,32.6219,0.1157
Uttar Pradesh,Lalitpur,8731,11781,20512,67,154,126,1265,1391,390,0,497,0,497,0,256,0,0,0.0077,0.0176,0.0447,0.0,0.0569,0.0,29.3208,0.0
Uttar Pradesh,Lucknow Commissionarate,47287,48904,96191,544,4270,249,423,672,8351,4086,1974,0,1974,0,5466,0,0,0.0115,0.0903,0.1766,0.0864,0.0417,0.0,115.592,0.0
Uttar Pradesh,Maharajganj,12041,7204,19245,149,369,80,1500,1580,1619,480,655,0,655,0,304,261,48,0.0124,0.0306,0.1345,0.0399,0.0544,0.0,25.2471,2.0
Uttar Pradesh,Mahoba,4477,10511,14988,95,188,706,1266,1972,1204,960,570,0,570,0,65,484,484,0.0212,0.042,0.2689,0.2144,0.1273,0.0,14.5187,1.9438
Uttar Pradesh,Mainpuri,13251,13555,26806,228,391,698,1032,1730,2344,1079,566,0,566,23,177,118,112,0.0172,0.0295,0.1769,0.0814,0.0427,0.0017,13.3575,0.2489
Uttar Pradesh,Mathura,22828,11337,34165,873,1459,1738,2017,3755,3812,758,516,0,516,0,710,156,156,0.0382,0.0639,0.167,0.0332,0.0226,0.0,31.1022,1.625
Uttar Pradesh,Mau,8530,8721,17251,266,484,260,223,483,1892,578,621,0,621,0,269,263,20,0.0312,0.0567,0.2218,0.0678,0.0728,0.0,31.5358,0.3279
Uttar Pradesh,Meerut,27439,23578,51017,643,1643,1165,1061,2226,5229,2066,842,0,842,0,907,1646,776,0.0234,0.0599,0.1906,0.0753,0.0307,0.0,33.0551,1.8216
Uttar Pradesh,Mirzapur,6826,8505,15331,156,384,273,1064,1337,1067,417,528,0,528,0,302,0,0,0.0229,0.0563,0.1563,0.0611,0.0774,0.0,44.2426,0.0
Uttar Pradesh,Moradabad,13953,10009,23962,105,650,969,794,1763,3233,392,542,0,542,0,96,0,0,0.0075,0.0466,0.2317,0.0281,0.0388,0.0,6.8802,0.0
Uttar Pradesh,Muzaffarnagar,14538,6063,20601,438,745,1208,564,1772,2579,515,517,0,517,369,584,0,0,0.0301,0.0512,0.1774,0.0354,0.0356,0.0254,40.1706,0.0
Uttar Pradesh,Pilibhit,13609,5746,19355,666,595,338,488,826,4774,1513,481,0,481,0,265,887,44,0.0489,0.0437,0.3508,0.1112,0.0353,0.0,19.4724,0.0753
Uttar Pradesh,Pratapgarh,19754,4489,24243,409,761,726,392,1118,2879,280,1494,0,1494,0,364,158,128,0.0207,0.0385,0.1457,0.0142,0.0756,0.0,18.4266,128.0
Uttar Pradesh,Prayagraj,32449,44150,76599,815,2301,340,777,1117,4822,801,1674,0,1674,190,2589,1814,452,0.0251,0.0709,0.1486,0.0247,0.0516,0.0059,79.7867,6.9538
Uttar Pradesh,Raibareilly,14327,11569,25896,270,495,686,1957,2643,2300,1408,1291,0,1291,0,285,703,196,0.0188,0.0346,0.1605,0.0983,0.0901,0.0,19.8925,0.4579
Uttar Pradesh,Rampur,9445,20785,30230,355,533,689,874,1563,3253,891,339,0,339,65,291,60,60,0.0376,0.0564,0.3444,0.0943,0.0359,0.0069,30.81,0.2667
Uttar Pradesh,Saharanpur,18888,8564,27452,344,1382,858,1524,2382,3057,668,775,0,775,96,1049,1115,224,0.0182,0.0732,0.1618,0.0354,0.041,0.0051,55.5379,224.0
Uttar Pradesh,Sambhal,14833,16050,30883,361,488,419,735,1154,2612,1106,405,0,405,0,352,196,28,0.0243,0.0329,0.1761,0.0746,0.0273,0.0,23.7309,0.1124
Uttar Pradesh,Sant Kabirnagar,7468,4378,11846,157,202,180,614,794,1333,572,524,0,524,0,190,351,84,0.021,0.027,0.1785,0.0766,0.0702,0.0,25.4419,1.4
Uttar Pradesh,Shahjahanpur,17584,32607,50191,289,353,1942,4767,6709,2175,831,1018,0,1018,0,337,1018,208,0.0164,0.0201,0.1237,0.0473,0.0579,0.0,19.1652,4.7273
Uttar Pradesh,Shamli,7114,3941,11055,175,442,498,618,1116,1343,384,187,0,187,59,322,343,52,0.0246,0.0621,0.1888,0.054,0.0263,0.0083,45.2629,8.6667
Uttar Pradesh,Shrawasti,4910,3001,7911,63,142,144,342,486,1245,693,521,0,521,4,89,646,124,0.0128,0.0289,0.2536,0.1411,0.1061,0.0008,18.1263,0.3658
Uttar Pradesh,Sidharthnagar,5372,5317,10689,213,219,378,1120,1498,1987,1040,472,0,472,90,127,0,0,0.0397,0.0408,0.3699,0.1936,0.0879,0.0168,23.6411,0.0
Uttar Pradesh,Sitapur,33687,10472,44159,214,523,900,2043,2943,4480,2836,1425,0,1425,0,280,1762,364,0.0064,0.0155,0.133,0.0842,0.0423,0.0,8.3118,0.2798
Uttar Pradesh,Sonbhadra,6769,10403,17172,205,335,114,1591,1705,1844,917,1343,31,1374,0,370,0,0,0.0303,0.0495,0.2724,0.1355,0.203,0.0,54.661,0.0
Uttar Pradesh,Sultanpur,17678,4091,21769,803,734,348,644,992,3827,1667,1404,0,1404,155,443,518,356,0.0454,0.0415,0.2165,0.0943,0.0794,0.0088,25.0594,0.6899
Uttar Pradesh,Unnao,20523,10005,30528,587,549,82,845,927,4151,1617,1940,0,1940,444,313,631,100,0.0286,0.0268,0.2023,0.0788,0.0945,0.0216,15.2512,0.3021
Uttar Pradesh,Varanasi Commissionarate,24739,3720,28459,365,1406,186,769,955,4607,2102,617,0,617,0,1260,1331,740,0.0148,0.0568,0.1862,0.085,0.0249,0.0,50.9317,1.265
Uttarakhand,Almora,1029,580,1609,51,24,1,211,212,324,200,25,0,25,32,41,181,88,0.0496,0.0233,0.3149,0.1944,0.0243,0.0311,39.8445,2.2
Uttarakhand,Bageshwar,352,226,578,20,25,8,77,85,87,56,4,0,4,0,24,150,36,0.0568,0.071,0.2472,0.1591,0.0114,0.0,68.1818,2.25
Uttarakhand,Chamoli,663,396,1059,45,34,2,104,106,208,129,13,13,26,13,24,267,48,0.0679,0.0513,0.3137,0.1946,0.0392,0.0196,36.1991,2.1818
Uttarakhand,Champawat,941,685,1626,66,92,16,257,273,270,241,10,4,14,0,48,272,140,0.0701,0.0978,0.2869,0.2561,0.0149,0.0,51.0096,2.4138
Uttarakhand,Cyber Cell,64,336,400,0,16,0,0,0,0,0,0,0,0,0,505,0,0,0.0,0.25,0.0,0.0,0.0,0.0,7890.625,0.0
Uttarakhand,Dehradun,15051,6773,21824,478,1025,427,1332,1759,3138,1886,64,8,72,118,676,3598,1192,0.0318,0.0681,0.2085,0.1253,0.0048,0.0078,44.914,2.228
Uttarakhand,Grp,838,86,924,14,181,14,14,28,8,19,4,0,4,0,0,54,12,0.0167,0.216,0.0095,0.0227,0.0048,0.0,0.0,1.7143
Uttarakhand,Haridwar,18094,20386,38480,769,1553,972,1914,2886,3299,2870,346,0,346,8,136,4257,1344,0.0425,0.0858,0.1823,0.1586,0.0191,0.0004,7.5163,2.7485
Uttarakhand,Nainital,3936,3693,7629,246,349,73,1096,1169,1087,812,28,0,28,79,119,1157,332,0.0625,0.0887,0.2762,0.2063,0.0071,0.0201,30.2337,1.5885
Uttarakhand,Pauri Garhwal,1377,700,2077,41,111,7,223,230,364,237,19,19,38,38,76,342,72,0.0298,0.0806,0.2643,0.1721,0.0276,0.0276,55.1924,1.3333
Uttarakhand,Pithoragarh,857,907,1764,44,50,0,249,249,274,188,24,0,24,15,76,247,124,0.0513,0.0583,0.3197,0.2194,0.028,0.0175,88.6814,5.6364
Uttarakhand,Rudra Prayag,498,452,950,47,36,1,131,132,95,80,8,0,8,0,24,233,44,0.0944,0.0723,0.1908,0.1606,0.0161,0.0,48.1928,1.6296
Uttarakhand,Tehri Garhwal,768,809,1577,30,62,10,231,241,215,143,26,0,26,0,32,423,180,0.0391,0.0807,0.2799,0.1862,0.0339,0.0,41.6667,180.0
Uttarakhand,Udhamsingh Nagar,9970,11815,21785,356,738,601,1907,2508,2193,1319,67,8,75,0,376,3141,828,0.0357,0.074,0.22,0.1323,0.0075,0.0,37.7131,6.9
Uttarakhand,Uttarkashi,482,473,955,26,29,2,140,142,175,120,4,0,4,4,7,235,64,0.0539,0.0602,0.3631,0.249,0.0083,0.0083,14.5228,4.0
West Bengal,Alipurduar,7083,1175,8258,189,328,14,297,311,2219,1072,0,4,4,41,4,3940,772,0.0267,0.0463,0.3133,0.1513,0.0006,0.0058,0.5647,1.8647
West Bengal,Asansol-Durgapur Pc,13432,2065,15497,399,740,96,344,440,2329,641,16,20,36,14,54,6318,1080,0.0297,0.0551,0.1734,0.0477,0.0027,0.001,4.0203,5.2683
West Bengal,Bangaon,10161,2059,12220,596,341,70,123,193,2418,269,4,8,12,0,80,4416,1188,0.0587,0.0336,0.238,0.0265,0.0012,0.0,7.8732,33.0
West Bengal,Bankura,11299,1186,12485,584,357,46,121,167,2431,951,16,17,33,89,12,5667,1356,0.0517,0.0316,0.2152,0.0842,0.0029,0.0079,1.062,3.4504
West Bengal,Barasat,17481,1247,18728,747,619,80,143,223,3850,1453,14,4,18,0,52,8413,2212,0.0427,0.0354,0.2202,0.0831,0.001,0.0,2.9747,4.0365
West Bengal,Barrackpur Pc,23674,2198,25872,558,1370,156,251,407,5605,1172,40,8,48,50,35,8881,2080,0.0236,0.0579,0.2368,0.0495,0.002,0.0021,1.4784,5.6216
West Bengal,Baruipur Police,20590,2872,23462,548,773,122,311,433,5769,2111,8,20,28,145,15,9186,3012,0.0266,0.0375,0.2802,0.1025,0.0014,0.007,0.7285,3.6553
West Bengal,Basirhat,12245,2511,14756,877,285,134,252,386,2540,1040,12,0,12,0,12,5975,2036,0.0716,0.0233,0.2074,0.0849,0.001,0.0,0.98,4.5144
West Bengal,Bidhannagar Pc,11131,763,11894,246,1223,60,78,138,1986,477,16,4,20,83,79,3406,748,0.0221,0.1099,0.1784,0.0429,0.0018,0.0075,7.0973,4.9536
West Bengal,Birbhum,14254,1661,15915,972,427,76,45,121,2078,760,16,16,32,0,0,0,0,0.0682,0.03,0.1458,0.0533,0.0022,0.0,0.0,0.0
West Bengal,Chandannagar Pc,6109,1481,7590,247,388,60,201,261,1781,131,0,0,0,0,0,3545,716,0.0404,0.0635,0.2915,0.0214,0.0,0.0,0.0,32.5455
West Bengal,Coochbehar,13246,2600,15846,1193,413,90,327,417,4478,1873,12,0,12,0,21,9435,2784,0.0901,0.0312,0.3381,0.1414,0.0009,0.0,1.5854,4.1306
West Bengal,Dakshin Dinajpur,9829,1248,11077,863,222,6,190,196,1968,1185,8,20,28,0,0,6428,2048,0.0878,0.0226,0.2002,0.1206,0.0028,0.0,0.0,4.0078
West Bengal,Darjeeling,4180,937,5117,116,224,12,226,238,973,556,24,16,40,0,0,1228,136,0.0278,0.0536,0.2328,0.133,0.0096,0.0,0.0,0.7432
West Bengal,Diamond Harbour Police,12619,2218,14837,623,364,106,238,344,3814,872,4,0,4,0,0,6567,1476,0.0494,0.0288,0.3022,0.0691,0.0003,0.0,0.0,4.0886
West Bengal,Hooghly Rural Police,13038,1956,14994,573,607,54,269,323,3001,1159,18,16,34,0,0,10297,2908,0.0439,0.0466,0.2302,0.0889,0.0026,0.0,0.0,6.3912
West Bengal,Howrah Grp,1356,431,1787,8,280,6,140,146,25,26,0,10,10,0,0,53,8,0.0059,0.2065,0.0184,0.0192,0.0074,0.0,0.0,0.8889
West Bengal,Howrah Pc,14949,2205,17154,535,741,116,229,345,2998,1258,28,0,28,0,0,6029,1388,0.0358,0.0496,0.2005,0.0842,0.0019,0.0,0.0,2.9722
West Bengal,Howrah Rural,10015,1720,11735,421,239,24,266,290,2386,1024,19,0,19,14,51,5099,1316,0.042,0.0239,0.2382,0.1022,0.0019,0.0014,5.0924,4.0368
West Bengal,Islampur,9346,1210,10556,756,183,48,98,146,1152,922,0,21,21,38,45,2808,1260,0.0809,0.0196,0.1233,0.0987,0.0022,0.0041,4.8149,2.8767
West Bengal,Jalpaiguri,8334,1809,10143,461,296,10,89,99,1922,999,4,8,12,23,21,4200,924,0.0553,0.0355,0.2306,0.1199,0.0014,0.0028,2.5198,3.0903
West Bengal,Jangipur Police District,8232,1531,9763,719,171,56,238,294,2047,374,4,0,4,2,18,3135,828,0.0873,0.0208,0.2487,0.0454,0.0005,0.0002,2.1866,12.0
West Bengal,Jhargram,3605,652,4257,120,130,0,86,86,1021,654,4,24,28,4,0,2498,992,0.0333,0.0361,0.2832,0.1814,0.0078,0.0011,0.0,4.6355
West Bengal,Kalimpong,918,329,1247,21,71,6,86,92,254,233,24,16,40,30,0,533,128,0.0229,0.0773,0.2767,0.2538,0.0436,0.0327,0.0,1.7067
West Bengal,Kharagpur Grp,1316,256,1572,12,279,0,134,134,39,35,0,4,4,0,0,31,16,0.0091,0.212,0.0296,0.0266,0.003,0.0,0.0,1.0667
West Bengal,Kolkata,36188,3751,39939,368,2684,108,112,220,6410,2107,28,0,28,33,70,1567,808,0.0102,0.0742,0.1771,0.0582,0.0008,0.0009,1.9343,1.6626
West Bengal,Krishnagar,17296,1320,18616,1244,542,68,322,390,3569,743,0,0,0,0,45,7849,2428,0.0719,0.0313,0.2063,0.043,0.0,0.0,2.6018,10.0747
West Bengal,Malda,32394,4021,36415,4088,813,86,546,632,5660,2801,29,13,42,0,3,4683,3984,0.1262,0.0251,0.1747,0.0865,0.0013,0.0,0.0926,5.7572
West Bengal,Murshidabad Police District,33760,2880,36640,2289,496,222,341,563,8183,2866,13,5,18,973,24,14396,4220,0.0678,0.0147,0.2424,0.0849,0.0005,0.0288,0.7109,5.2163
West Bengal,Paschim Medinipur,13682,3217,16899,427,647,14,32,46,3612,567,25,43,68,0,6,11250,4200,0.0312,0.0473,0.264,0.0414,0.005,0.0,0.4385,50.6024
West Bengal,Purab Medinipur,21676,1466,23142,854,1014,32,95,127,5693,2580,16,12,28,19,69,12877,5152,0.0394,0.0468,0.2626,0.119,0.0013,0.0009,3.1832,4.0567
West Bengal,Purba Bardhaman,21067,4173,25240,817,743,126,725,851,6317,2260,25,18,43,17,67,11104,3412,0.0388,0.0353,0.2999,0.1073,0.002,0.0008,3.1803,3.2433
West Bengal,Purulia,7599,3159,10758,316,185,18,437,455,1503,626,17,12,29,40,22,3774,912,0.0416,0.0243,0.1978,0.0824,0.0038,0.0053,2.8951,5.3333
West Bengal,Raiganj,9805,1424,11229,568,266,38,162,200,1385,472,12,8,20,106,0,4335,1092,0.0579,0.0271,0.1413,0.0481,0.002,0.0108,0.0,7.0
West Bengal,Ranaghat,12450,1415,13865,419,447,102,56,158,3770,1320,16,0,16,0,0,2971,1096,0.0337,0.0359,0.3028,0.106,0.0013,0.0,0.0,1.9028
West Bengal,Sealdah Grp,1472,200,1672,29,278,2,68,70,56,51,0,0,0,0,0,139,28,0.0197,0.1889,0.038,0.0346,0.0,0.0,0.0,2.1538
West Bengal,Siliguri Grp,867,341,1208,7,190,2,195,197,49,29,0,0,0,0,0,55,4,0.0081,0.2191,0.0565,0.0334,0.0,0.0,0.0,0.2667
West Bengal,Siliguri Pc,13681,3223,16904,427,932,74,405,479,2982,998,8,12,20,0,130,5299,1240,0.0312,0.0681,0.218,0.0729,0.0015,0.0,9.5022,4.2466
West Bengal,Sundarban Police,12098,1182,13280,406,287,46,92,138,4031,1343,0,0,0,0,6,6810,3408,0.0336,0.0237,0.3332,0.111,0.0,0.0,0.4959,6.9836
