state,district,ipc_offences_against_women_and_child_rape_section_64_to_section_71_bns_section_376_ipc,ipc_attempt_to_commit_rape_section_64_6870_71_rw_sec_62_bns_sec_376_rw_511_ipc,ipc_sexual_intercourse_by_employing_deceitful_means_section_69_bns,ipc_disclosure_of_identity_of_victim_section_721_bns,ipc_assault_or_use_of_criminal_force_to_woman_with_intent_to_outrage_her_modesty_section_74_bnssec_354_ipc,ipc_sexual_harassment_section_75_bns_section_354a_ipc_sexual_harassment_total_abcdef,ipc_a_at_office_premises,ipc_b_at_work_premises_shopsmallsfactorieshome_etc,ipc_c_in_public_transport_system,ipc_d_public_placespathway,ipc_e_in_shelter_homes_for_women_children,ipc_f_in_any_other_place,ipc_assault_or_use_of_criminal_force_to_women_with_intent_to_disrobe_section_76_bns_section_354b_ipc,ipc_voyeurism_section_77_bns_section_354c_ipc,ipc_stalking_section_78_bns_section_354d_ipc,ipc_insult_modesty_of_women_section_79_bns_section_509_ipc,ipc_dowry_death_section_80_bnssection_304b_ipc,ipc_cruelty_by_husband_or_relatives_section_85_bnssection_498_a_ipc,ipc_kidnapping_abducting_or_inducing_women_to_compel_her_for_marriage_section_87_bnssection_366_ipc,ipc_offences_of_miscarriage_section_89_and_90_bnssection_313_and_314_ipc,ipc_foeticide_section_91_bnssection_315_ipc,ipc_infanticide_section_92_bnssection_316_ipc,ipc_exposure_and_abandonment_section_93_94_bnssection_317_318_ipc,ipc_hiring_employing_or_engaging_a_child_to_commit_an_offence_section_95_bns,ipc_procuration_of_children_section_96_bnssection_366a_ipc,ipc_kidnapping_or_abducting_child_with_intent_to_steal_from_its_persons_section_97_bnssection_369_ipc,ipc_selling_of_child_for_prostitution_section_98_bns_section_372_ipc,ipc_buying_of_child_for_prostitution_section_99_bns_section_373_ipc,ipc_a_offences_against_woman_and_child_total,ipc_offences_affecting_human_body_murder_murder_section_103_1_bns_section_302_ipc_total_abc,ipc_a_murder_section_103_1_bnssection_302_ipc,ipc_b_murder_by_group_of_5_or_more_persons_section_103_2_bns,ipc_c_murder_by_life_convict_section_104_bns,ipc_culpable_homicide_not_amounting_to_murder_section_105_bnssection_304_ipc,ipc_causing_death_by_negligence_section_106_bns_section_304_a_ipc_causing_death_by_negligence_total_abcde,ipc_a_deaths_due_to_negligence_relating_to_road_accidents,ipc_col_39,ipc_b_deaths_due_to_negligence_relating_to_rail_accidents,ipc_c_deaths_due_to_medical_negligence,ipc_d_deaths_due_to_negligence_of_civic_bodies,ipc_e_deaths_due_to_other_negligence,ipc_abetment_of_suicidesection_107108_bns_section_305306_ipc,ipc_attempt_to_commit_murder_section_109_bnssection_307_ipc,ipc_attempt_to_commit_culpable_homicide_section_110_bnssection_308_ipc,ipc_organised_crime_section_111_bns,ipc_petty_organised_crime_section_112_bns,ipc_terrorist_act_section_113_bns,ipc_hurt_or_grievous_hurt_hurt_or_grievous_hurt_total_a_to_i,ipc_a_voluntarily_causing_grievous_hurt_section_1172_bnssection_325_ipc,ipc_b_grievous_hurt_resulting_persistent_vegetative_state_or_permanent_disability_section_1173_bns,ipc_c_grievous_hurt_caused_by_a_group_of_5_or_more_persons_section_1174bns,ipc_d_voluntarily_causing_hurt_or_grievous_hurt_by_dangerous_weapons_or_meanssec11812_bns,ipc_e_voluntarily_causing_hurt_or_grievous_hurtassault_or_criminal_force_to_deter_public_servant_from_his_duty_section_12111212_or_12112rw_sec_132_bns,ipc_f_acid_attack_section_124_1_bnssection_326a_ipc,ipc_g_attempt_to_acid_attack_section_124_2_bnssection_326b_ipc,ipc_h_act_endangering_life_or_personal_safety_of_others_section_125_a_bbns_section_336_338_ipc,ipc_i_other_sections_of_hurt_section_119_1_21201_21222_123_bns_section_327_331_334_335_ipc,ipc_wrongful_restraintconfinement_126_127_bnssection_341_to_348_ipc,ipc_kidnapping_abduction_section_137_142_bnssection_363_369_ipc_kidnapping_abduction_section_137_142_bnssection_363_369_ipc_total_a_to_f,ipc_a_ka_section_137_138_bnssection_363_ipc,ipc_col_63,ipc_col_64,ipc_col_65,ipc_b_k_a_for_the_purpose_of_begging_section_139_bnssection_363a_ipc,ipc_c_ka_in_order_to_murder_section_1401_bnssection_364_ipc,ipc_d_kidnapping_for_ransom_etc_section_1402_bnssection_364a_ipc,ipc_e_importation_of_girl_or_boy_from_foreign_country_section_141_bnssection_366_b_ipc,ipc_col_70,ipc_col_71,ipc_f_other_kidnapping_abduction_sec_1403_1404_142_bnssection_365_367_368_ipc,ipc_offences_affecting_the_human_body_total,ipc_offences_against_state_offences_against_state_ab,ipc_a_act_endangering_sovereignty_unity_and_integrity_of_india_sec_152_bns,ipc_b_other_offences_against_state_section_147_151_section_153_158_bns_section_121121a_122123_ipc,ipc_offences_against_the_state_total,ipc_offences_against_public_tranquillity_unlawful_assembly_section_189_2_3_4_bnssection_143_145_ipc,ipc_rioting_section_190_1896_1895_19121913_bnssection_147_151_ipc_rioting_total_a_to_r,ipc_a_communalreligious,ipc_b_ethnic_or_community_group_clash_or_agitations,ipc_c_sectarian_riots_between_sects_of_same_religion,ipc_d_industrial,ipc_e_political,ipc_f_caste_conflict,ipc_g_agrarian,ipc_h_students,ipc_i_money_dispute,ipc_j_water_dispute,ipc_k_landproperty_dispute,ipc_l_family_disputes,ipc_m_enmityrivalry,ipc_n_electristateutpower_supply_disputes,ipc_o_sudden_quarrelprovocation,ipc_p_rioting_while_in_aandolanmorcha,ipc_q_riotingattacks_on_police_personnelother_government_servants,ipc_r_other_rioting,ipc_promoting_enmity_between_groups_on_ground_of_religion_race_place_of_birth_etc_sec_196_bnssection_153a_ipc,ipc_imputation_assertions_prejudicial_to_national_integration_section_197_bnssection_153b_ipc,ipc_affray_section_194_bns,ipc_offences_against_public_tranquillity_total,ipc_offences_against_property_theft_section_303305_307_bnssection_379_382_ipc_theft_total_a_to_g,ipc_a_household_theft_dwelling_unitshouses_section_305a_bns,ipc_b_vehicle_theft_section_305bbns,ipc_c_theft_from_vehicles_section_305cbns,ipc_d_theft_of_idol_or_icon_from_place_of_worship_section_305dbns,ipc_e_theft_of_government_property_section_305_ebns,ipc_f_theft_by_servantemployee_section_306_bns,ipc_g_other_thefts_section_3032305307_bnsipc,ipc_snatching_section_304_bns,ipc_extortion_section_308_bnssection_384_389_ipc,ipc_robbery_section_309_4_3096_311_bnssection_392394397_ipc,ipc_dacoity_section_310_2_3311_bnssection_395397_ipc_dacoity_total_ab,ipc_a_dacoity_sec3102_bnssection_395397_ipc,ipc_b_dacoity_with_murder_section_3103311_bnssection_396_ipc,ipc_attempt_to_commit_dacoityrobbery_section_3095_312_bnssection_393398_ipc,ipc_making_preparation_and_assembly_for_committing_dacoity_section_3104_3105_bnssection_399_402_ipc,ipc_criminal_misappropriation_section_314_315_rw_other_bns_crimessection_403404_ipc,ipc_criminal_breach_of_trust_section_316_bnssection_406_409_ipc,ipc_dishonestly_receivingdealing_in_stolen_property_section_317_bnssection_411_414_ipc,ipc_burglary_section_3294332_334_rw_section_303_or_331_rw_305_bnssection_454_460_rw_380_ipc_burglary_total_ab,ipc_a_day_burglary,ipc_b_night_burglary,ipc_offences_against_property_total,ipc_offences_relating_to_documents_property_marks_counterfeiting_counterfeiting_total_abcd,ipc_a_counterfeit_coin_section_178_181187_188_bnssection_231_235_237_238_240_242_254_ipc,ipc_b_counterfeiting_government_stamp_section_178_181_183_186_bnssection_255_260_ipc,ipc_c_counterfeiting_of_seal_or_mark_section_341_1234_bnssection_472473_ipc,ipc_d_counterfeit_currency_bank_notes_section_178_181_bnssection_489_a_to_489_e_ipc,ipc_forgery_cheating_fraud_forgery_cheating_fraud_total_abc,ipc_a_fraud_section_3184_rw_section_336234_3402_bnsit_actsection_420_rw_465468_471_ipcit_act,ipc_col_132,ipc_col_133,ipc_col_134,ipc_col_135,ipc_b_cheating_section_318_4_bnssection_420_ipc_cases_not_included_under_49a,ipc_c_forgery_section_338336343402339_bnssection_467_469471_474_ipc,ipc_offences_relating_to_documents_property_marks_total,ipc_miscellaneous_ipcbns_crimes_abetment_outside_india_for_offence_in_india_section_48_bns,ipc_offences_relating_to_elections_section_173_to_177_bnssections_171_e_to_171_i_ipc,ipc_disobedience_to_order_duly_promulgated_by_public_servant_section_223_bnssection_188_ipc,ipc_harbouring_an_offender_section_249253254_bnssection_212216216a_ipc,ipc_rash_driving_on_public_way_section_281_or_section_281_rw_section_125ab_bnssection_279_or_279_rw_336_338_ipc,ipc_obstruction_on_public_way_section_285_bnssection_283_ipc,ipc_sale_of_obscene_booksobjects_section_294_295_bnssection_292_293_ipc,ipc_obscene_acts_and_songs_at_public_places_section_296_bnssection_294_ipc,ipc_offences_relating_to_religion_section_298_to_301_bnssection_295_297_ipc,ipc_cheating_by_impersonation_section_319_bnssection_419_ipc,ipc_offences_related_to_mischief32456326abcd_bnssection_428_433_ipc,ipc_arson_section_326f326g_327_2_bnssection_435436_438_ipc,ipc_criminal_trespass_section_3293_bnssection_447_252_ipc,ipc_circulate_falsefake_newsrumours_section_353_bns_section_353_rw_it_actsection_505_ipc_rw_it_act,ipc_miscellaneous_ipcbns_crimes_total,ipc_other_ipcbns_crimes,ipc_total_cognizable_ipcbns_crimes
Andhra Pradesh,Alluri Sitharama Raju,18,0,3,0,5,11,2,2,0,0,1,6,0,0,2,2,0,46,0,0,0,0,0,0,0,0,0,0,87,26,26,0,0,3,173,12,146,0,3,0,12,3,11,0,1,0,0,161,0,1,0,82,6,0,0,72,0,8,4,4,0,1,3,0,0,0,0,0,0,0,390,0,0,0,0,0,3,0,0,0,0,0,0,0,0,0,0,0,0,0,0,0,0,0,3,2,0,0,5,37,0,5,2,0,0,1,29,1,4,0,0,0,0,1,0,0,4,0,15,3,12,62,0,0,0,0,0,25,5,0,1,0,4,20,0,25,0,20,5,0,48,12,0,0,0,1,1,1,22,2,112,114,795
Andhra Pradesh,Anakapalli,15,2,0,0,76,29,0,0,0,0,0,29,9,4,20,33,0,149,0,0,0,0,2,0,0,0,0,0,339,25,25,0,0,4,322,38,264,0,0,0,20,11,39,0,0,0,0,743,39,0,0,521,17,0,0,165,1,83,16,15,2,2,11,1,0,0,0,0,0,0,1243,0,0,0,0,4,8,0,0,0,0,0,0,0,0,0,0,0,0,0,0,0,0,0,8,10,0,8,30,272,24,174,1,0,0,0,73,1,8,4,1,1,0,0,0,0,18,0,126,34,92,430,0,0,0,0,0,132,71,69,0,0,2,57,4,132,0,35,20,0,413,1,0,6,0,3,15,19,157,8,677,128,2979
Andhra Pradesh,Anantapuramu,11,4,1,0,86,29,0,0,0,0,29,0,7,2,55,25,3,420,9,0,0,0,1,0,6,0,0,0,659,62,61,1,0,5,307,31,262,0,0,0,14,34,67,0,0,21,0,998,8,0,0,821,36,0,0,133,0,125,13,11,1,0,10,0,0,1,0,0,0,1,1632,0,0,0,0,0,18,0,0,0,0,9,0,0,0,1,2,4,2,0,0,0,0,0,0,34,0,288,340,320,97,132,0,0,0,0,91,37,8,5,1,1,0,1,1,0,9,1,166,37,129,549,0,0,0,0,0,237,122,2,2,3,115,114,1,237,0,8,32,0,851,0,0,2,2,2,3,40,137,5,1082,695,5194
Andhra Pradesh,Annamayya,5,0,0,0,14,16,0,0,0,0,0,16,1,2,20,57,3,185,10,0,0,0,0,0,1,0,0,0,314,40,40,0,0,6,307,14,293,0,0,0,0,10,52,0,0,0,0,1000,1,0,0,646,13,0,1,339,0,85,2,1,0,1,0,0,0,0,0,0,0,1,1502,0,0,0,0,5,8,0,0,0,0,0,0,0,0,0,0,0,0,0,0,0,0,0,8,7,0,59,79,216,0,87,0,0,0,0,129,0,0,5,2,1,1,0,0,0,8,6,91,24,67,328,0,0,0,0,0,110,97,0,0,0,97,9,4,110,0,1,26,0,756,0,0,0,1,0,67,5,101,0,957,465,3755
Andhra Pradesh,Bapatla,11,5,3,0,86,35,0,0,0,0,35,0,1,9,19,95,3,347,1,0,0,0,2,0,0,0,0,0,617,28,28,0,0,1,215,110,105,0,0,0,0,12,29,0,0,1,0,886,12,0,0,852,22,0,0,0,0,61,1,1,0,0,1,0,0,0,0,0,0,0,1234,0,0,0,0,7,11,0,0,0,0,0,0,0,0,0,0,0,0,0,0,1,0,0,10,33,0,9,60,286,18,60,0,0,0,0,208,6,14,1,0,0,0,0,0,4,26,0,116,36,80,453,0,0,0,0,0,87,0,0,0,0,0,79,8,87,0,18,18,0,334,0,0,8,0,15,6,23,94,10,526,648,3625
Andhra Pradesh,Chittoor,8,9,0,0,87,34,0,0,0,0,0,34,6,1,15,10,4,277,7,0,0,0,0,0,0,0,0,0,458,25,25,0,0,5,363,36,327,0,0,0,0,16,69,5,0,0,0,722,24,0,0,653,45,0,0,0,0,0,21,19,0,3,16,0,0,2,0,0,0,0,1226,0,0,0,0,5,17,0,0,0,0,3,0,0,0,0,0,10,0,0,0,0,0,0,4,0,0,31,53,307,24,124,0,0,0,0,159,29,0,8,4,4,0,0,0,28,31,0,129,40,89,536,0,0,0,0,0,161,99,31,17,26,25,62,0,161,0,0,0,0,206,0,0,0,0,0,0,23,91,1,321,998,3753
Andhra Pradesh,Dr Br Ambedkar Konaseema,27,4,1,0,97,33,0,1,0,3,0,29,6,8,19,46,1,332,4,0,0,0,0,0,3,0,0,0,581,14,14,0,0,0,167,3,153,0,0,0,11,12,57,0,0,0,0,823,3,0,0,532,22,0,0,266,0,43,26,20,3,5,12,0,0,0,1,0,1,5,1142,0,0,0,0,2,2,0,0,0,0,1,0,0,0,0,0,0,0,0,0,0,0,0,1,8,0,0,12,287,18,112,8,0,0,0,149,16,32,6,1,1,0,0,0,0,66,0,128,12,116,536,2,0,0,0,2,182,30,0,0,1,29,147,5,184,0,8,30,0,1207,0,0,9,1,1,13,13,105,0,1387,267,4109
Andhra Pradesh,East Godavari,31,2,0,0,81,58,0,0,0,5,0,53,7,6,55,68,4,382,3,0,0,0,0,0,1,0,0,0,698,23,23,0,0,2,280,21,217,24,0,0,18,16,54,0,0,0,0,909,5,0,0,574,32,0,0,298,0,74,26,23,5,7,11,0,0,0,0,0,0,3,1384,7,7,0,7,10,3,0,0,0,0,3,0,0,0,0,0,0,0,0,0,0,0,0,0,14,0,0,27,691,23,385,0,0,0,1,282,15,45,12,2,2,0,0,0,5,33,0,181,37,144,984,1,0,0,0,1,323,49,4,0,3,42,260,14,324,0,11,18,1,262,0,0,5,2,3,11,15,139,11,478,319,4221
Andhra Pradesh,Eluru,16,5,9,0,113,38,0,0,0,14,0,24,28,2,71,132,2,462,4,0,0,0,0,0,0,0,0,0,882,42,42,0,0,2,279,0,272,0,0,0,7,16,73,0,0,278,0,1134,16,0,0,936,14,0,0,168,0,77,23,19,0,5,14,0,0,0,0,0,0,4,1924,0,0,0,0,0,1,0,0,0,0,0,0,0,0,0,0,0,0,0,0,0,0,0,1,0,0,2,3,658,26,289,0,0,0,1,342,12,15,8,1,1,0,0,0,0,35,0,255,57,198,984,1,0,0,0,1,305,61,0,2,3,56,242,2,306,0,0,2,0,212,0,0,5,0,0,21,19,187,9,455,516,5070
Andhra Pradesh,Guntakal Railway,0,0,0,0,1,3,0,0,3,0,0,0,0,1,0,1,0,0,0,0,0,0,0,0,0,0,0,0,6,1,1,0,0,0,1,0,0,0,0,0,1,0,0,0,0,0,0,11,2,0,0,7,2,0,0,0,0,0,1,1,0,1,0,0,0,0,0,0,0,0,14,0,0,0,0,0,0,0,0,0,0,0,0,0,0,0,0,0,0,0,0,0,0,0,0,0,0,0,0,371,0,0,0,0,0,0,371,23,0,2,0,0,0,0,0,0,0,0,0,0,0,396,0,0,0,0,0,2,0,0,0,0,0,2,0,2,0,0,0,0,0,0,0,0,0,0,0,0,0,0,0,8,426
Andhra Pradesh,Guntur,27,6,6,0,136,53,0,0,0,0,0,53,4,13,53,522,4,673,10,0,0,0,4,0,5,0,0,0,1516,48,48,0,0,3,427,37,387,0,0,0,3,32,66,0,0,7,0,1325,7,0,0,976,32,0,1,309,0,108,45,38,12,9,17,1,1,1,0,0,0,4,2061,0,0,0,0,3,17,0,0,0,0,0,0,0,0,0,0,0,0,4,0,0,0,0,13,38,1,4,63,827,35,539,0,2,7,2,242,28,53,8,0,0,0,0,1,1,112,0,189,34,155,1219,0,0,0,0,0,494,101,0,3,5,93,359,34,494,0,65,36,0,454,0,0,6,0,6,12,25,125,20,749,424,6526
Andhra Pradesh,Kakinada,22,9,3,0,118,33,0,3,0,2,0,28,2,3,23,66,4,395,14,0,0,0,1,0,0,0,0,0,693,30,29,1,0,6,316,15,301,0,0,0,0,8,57,0,1,1,0,1129,15,0,0,698,37,0,0,379,0,40,11,3,0,0,3,0,0,0,0,0,0,8,1599,0,0,0,0,5,10,0,0,0,0,2,0,0,0,0,0,0,0,0,0,0,0,0,8,8,0,0,23,573,64,266,5,1,1,1,235,5,28,9,1,1,0,0,0,1,33,0,153,43,110,803,0,0,0,0,0,271,59,0,0,3,56,202,10,271,0,38,0,0,275,2,0,1,1,0,6,17,101,2,443,303,4135
Andhra Pradesh,Krishna,25,3,3,0,108,46,0,4,0,3,0,39,13,8,56,179,1,469,8,0,0,0,0,0,0,0,0,0,919,31,31,0,0,4,309,15,293,0,0,0,1,29,68,2,0,0,0,1244,8,0,0,970,45,0,0,221,0,98,137,137,0,56,81,0,0,0,0,0,0,0,1922,0,0,0,0,0,5,0,0,0,0,0,0,0,0,0,0,0,0,0,0,0,0,0,5,3,0,1,9,526,32,303,0,0,0,0,191,7,5,6,0,0,0,0,0,0,47,0,169,33,136,760,1,1,0,0,0,255,54,4,0,5,45,186,15,256,0,10,12,0,370,0,0,0,0,0,15,21,135,15,578,297,4741
Andhra Pradesh,Kurnool,11,4,0,0,96,26,0,0,0,0,0,26,10,4,33,169,0,424,6,0,0,0,0,0,2,0,0,0,785,34,34,0,0,3,271,140,131,0,0,0,0,7,41,0,0,0,0,878,2,0,4,687,43,0,0,142,0,237,10,9,0,1,8,0,0,1,0,0,0,0,1481,4,4,0,4,0,25,0,0,0,0,0,0,0,0,0,0,2,0,1,0,0,0,0,22,2,0,89,116,275,4,61,0,0,0,0,210,13,0,4,1,1,0,0,0,0,40,0,143,26,117,476,0,0,0,0,0,244,0,0,0,0,0,233,11,244,0,21,3,1,172,0,0,0,2,0,11,10,139,1,360,1742,5208
Andhra Pradesh,Nandyal,0,3,3,0,110,28,0,0,0,0,0,28,8,3,27,283,1,287,3,1,0,0,0,0,3,0,0,0,760,46,45,1,0,12,263,5,252,0,0,0,6,16,47,0,0,0,0,963,2,0,0,817,19,0,0,125,0,132,13,13,0,1,12,0,0,0,0,0,0,0,1492,0,0,0,0,2,12,0,0,0,0,8,0,0,0,0,0,0,0,0,0,0,0,0,4,7,0,116,137,209,0,84,0,0,0,0,125,3,21,5,0,0,0,0,0,1,22,0,139,28,111,400,0,0,0,0,0,204,108,1,1,0,106,90,6,204,0,0,0,0,34,0,1,4,0,0,48,28,119,16,250,222,3465
Andhra Pradesh,Ntr,25,0,1,0,78,65,5,11,4,4,0,41,7,14,156,208,5,821,0,0,0,0,2,0,0,0,0,0,1382,35,35,0,0,4,421,29,375,0,0,0,17,30,102,0,0,0,0,1237,7,0,0,790,49,0,0,391,0,234,13,11,0,0,11,0,0,1,0,0,0,1,2076,0,0,0,0,0,5,0,0,0,0,4,0,0,0,0,0,0,0,0,0,0,0,1,0,5,0,2,12,870,31,545,0,1,0,1,292,25,17,36,2,2,0,0,0,1,49,0,201,40,161,1201,2,0,0,0,2,481,53,7,0,4,42,427,1,483,0,74,10,0,565,327,0,0,0,0,77,20,162,92,1327,153,6634
Andhra Pradesh,Palnadu,14,0,0,0,72,25,0,0,0,0,0,25,2,3,19,220,0,298,1,0,0,0,1,0,0,0,0,0,655,51,50,1,0,6,352,30,318,0,0,0,4,14,55,0,0,0,0,1381,1,0,0,897,27,0,0,456,0,9,14,13,0,2,11,0,0,0,0,0,0,1,1882,0,0,0,0,13,160,0,0,0,0,118,2,0,0,2,0,2,0,7,0,5,0,0,24,18,1,17,209,406,11,221,0,0,3,0,171,20,25,8,3,3,0,1,0,0,34,0,148,44,104,645,1,0,0,0,1,203,20,0,0,0,20,181,2,204,0,238,20,0,146,0,0,3,0,1,4,62,119,8,601,404,4600
Andhra Pradesh,Parvathipuram Manyam,8,1,2,0,36,5,0,0,0,0,0,5,0,0,8,27,1,81,0,1,0,1,0,0,0,0,0,0,171,9,9,0,0,2,67,4,63,0,0,0,0,2,7,0,2,0,0,247,4,0,0,155,6,0,0,82,0,30,2,2,0,1,1,0,0,0,0,0,0,0,368,0,0,0,0,0,2,0,0,0,0,0,0,0,0,0,0,0,0,2,0,0,0,0,0,0,0,7,9,71,3,22,0,0,0,0,46,2,0,0,1,1,0,0,0,0,1,0,35,6,29,110,0,0,0,0,0,45,22,1,0,0,21,20,3,45,0,1,11,0,555,0,0,5,0,1,1,1,26,16,617,164,1484
Andhra Pradesh,Prakasam,14,3,0,0,136,61,0,0,0,0,0,61,4,8,31,5,7,446,3,3,0,0,1,0,0,0,0,0,722,33,33,0,0,7,383,7,369,0,0,0,7,16,48,0,0,0,0,743,5,0,0,715,21,1,0,0,1,43,16,14,0,5,9,0,1,1,0,0,0,0,1289,0,0,0,0,5,25,0,0,0,0,0,0,0,0,0,0,0,0,0,0,0,0,0,25,0,0,4,34,483,9,204,1,0,0,0,269,12,19,8,0,0,0,1,0,1,39,2,208,39,169,773,1,0,0,0,1,241,5,3,0,2,0,197,39,242,0,205,13,0,573,0,0,0,0,3,6,8,96,11,915,1445,5420
Andhra Pradesh,Sri Potti Sriramulu Nellore,14,9,3,0,156,24,0,0,0,0,0,24,6,10,52,98,2,421,8,0,0,0,2,0,0,0,0,0,805,54,54,0,0,4,422,24,391,0,1,0,6,15,122,0,0,0,0,970,19,0,0,950,0,1,0,0,0,1,8,5,0,1,4,0,0,0,0,0,0,3,1596,0,0,0,0,1,25,0,0,0,0,11,0,0,0,0,0,3,0,8,0,0,0,0,3,2,0,11,39,532,8,220,0,0,0,4,300,24,26,13,2,2,0,0,0,0,68,0,236,37,199,901,0,0,0,0,0,261,21,2,0,1,18,227,13,261,0,55,33,0,624,0,0,0,0,1,15,33,62,40,863,1277,5742
Andhra Pradesh,Sri Sathya Sai,12,13,0,0,119,38,0,0,0,0,0,38,6,6,25,65,3,220,11,0,0,0,2,0,4,0,0,0,524,45,45,0,0,4,347,38,302,0,0,0,7,21,67,3,2,29,0,758,3,0,0,713,40,0,0,2,0,63,10,5,1,2,2,0,3,0,0,0,0,2,1349,0,0,0,0,3,10,0,0,0,0,0,1,0,0,0,0,1,0,3,0,2,0,0,3,28,0,95,136,255,8,116,0,0,0,0,131,4,24,6,0,0,0,0,0,0,36,0,144,28,116,469,0,0,0,0,0,141,60,0,3,0,57,67,14,141,0,17,49,0,623,1,0,0,0,3,23,25,127,3,871,408,3898
Andhra Pradesh,Srikakulam,15,1,0,0,100,16,0,0,0,0,0,16,7,3,20,4,3,308,0,0,0,0,0,0,0,0,0,0,477,17,16,1,0,8,286,15,264,0,0,0,7,11,27,0,0,3,0,802,16,0,0,756,16,0,1,13,0,94,5,3,1,0,2,0,0,0,0,0,0,2,1253,0,0,0,0,0,10,0,0,0,0,0,0,0,0,0,0,0,0,0,0,0,0,0,10,20,0,30,60,259,13,128,1,0,1,0,116,24,2,8,0,0,0,0,0,0,17,0,119,18,101,429,2,0,0,0,2,133,68,0,2,0,66,54,11,135,0,0,34,0,1188,0,0,1590,0,0,14,14,384,21,3245,196,5795
Andhra Pradesh,Tirupati,16,4,2,0,163,51,0,1,0,17,0,33,9,10,28,319,7,370,2,0,0,0,0,0,2,0,0,0,983,59,59,0,0,13,493,18,475,0,0,0,0,23,76,1,0,0,0,907,38,0,0,790,77,0,0,2,0,0,20,19,1,6,12,0,0,1,0,0,0,0,1592,0,0,0,0,0,35,0,0,0,0,0,0,0,0,0,9,13,13,0,0,0,0,0,0,0,0,0,35,742,49,437,1,0,3,1,251,63,23,14,3,3,0,0,0,0,71,0,231,46,185,1147,1,0,0,0,1,528,262,166,52,44,0,247,19,529,0,41,0,0,386,0,0,4,0,0,0,24,0,0,455,1355,6096
Andhra Pradesh,Viiayawada Railway,0,0,0,0,4,1,1,0,0,0,0,0,0,0,0,1,1,0,0,0,0,0,0,0,0,0,0,0,7,2,2,0,0,0,2,0,0,0,0,0,2,0,1,1,0,0,0,9,0,0,0,2,5,0,0,1,1,0,2,1,0,1,0,0,1,0,0,0,0,0,17,0,0,0,0,0,0,0,0,0,0,0,0,0,0,0,0,0,0,0,0,0,0,0,0,0,0,0,0,803,0,14,0,0,0,0,789,31,2,2,0,0,0,0,0,0,0,8,0,0,0,846,0,0,0,0,0,2,1,0,0,0,1,1,0,2,0,0,0,0,2,0,0,0,0,1,0,0,0,0,3,5,880
Andhra Pradesh,Visakhapatnam,45,0,4,0,136,18,4,1,0,4,0,9,4,8,79,77,6,646,3,1,0,0,0,0,0,0,0,0,1027,24,24,0,0,6,354,23,305,0,2,0,24,13,161,0,6,0,0,522,33,0,0,432,57,0,0,0,0,97,16,13,2,5,6,0,0,1,0,0,0,2,1199,0,0,0,0,0,3,0,0,0,0,0,0,0,0,0,0,0,0,0,0,0,0,0,3,2,0,28,33,793,84,259,1,1,0,1,447,34,16,41,7,7,0,0,0,0,77,0,263,58,205,1231,1,0,0,0,1,705,100,0,1,23,76,597,8,706,0,45,51,0,990,0,0,0,0,2,3,15,167,21,1294,483,5973
Andhra Pradesh,Vizianagaram,22,1,1,0,55,20,0,3,0,3,0,14,9,0,20,64,1,240,0,0,0,1,1,0,0,0,0,0,435,20,20,0,0,3,212,8,201,0,0,0,3,5,18,0,0,3,0,427,11,0,0,408,6,0,0,1,1,44,7,6,1,4,1,0,0,1,0,0,0,0,739,0,0,0,0,0,0,0,0,0,0,0,0,0,0,0,0,0,0,0,0,0,0,0,0,0,0,16,16,392,7,138,0,0,1,0,246,2,10,4,0,0,0,0,0,0,24,0,145,33,112,577,1,0,0,0,1,153,55,3,2,9,41,91,7,154,0,46,19,0,1875,10,0,102,0,3,3,14,363,12,2447,143,4511
Andhra Pradesh,West Godavari,24,10,1,0,65,30,0,0,0,0,0,30,30,5,54,59,2,189,0,0,0,0,0,0,0,0,0,0,469,20,20,0,0,2,221,21,200,0,0,0,0,17,28,0,0,0,0,429,7,0,0,379,38,0,0,5,0,0,0,0,0,0,0,0,0,0,0,0,0,0,717,0,0,0,0,3,15,3,2,0,0,1,4,0,0,0,0,0,0,1,0,1,0,0,3,17,0,0,35,319,0,104,0,0,0,3,212,29,4,14,1,1,0,0,1,1,41,0,209,15,194,619,1,0,0,0,1,36,3,0,3,0,0,27,6,37,0,11,27,0,18,0,0,8,12,4,43,11,0,11,145,5,2027
Andhra Pradesh,Ysr,5,4,2,0,55,17,0,0,0,5,0,12,3,1,17,121,4,277,3,0,0,0,0,0,0,0,0,0,509,54,54,0,0,2,355,7,316,3,23,0,6,23,81,0,0,0,0,1219,8,0,0,704,33,0,0,472,2,30,6,4,0,0,4,0,1,1,0,0,0,0,1770,0,0,0,0,0,17,0,0,0,0,2,0,0,1,1,0,8,1,1,0,0,0,0,3,2,0,235,254,242,9,49,1,1,0,0,182,13,23,7,0,0,0,0,0,0,12,0,122,22,100,419,0,0,0,0,0,241,60,0,0,0,60,170,11,241,0,14,69,1,819,0,0,0,2,0,26,21,75,11,1038,783,5014
Arunachal Pradesh,Anjaw,0,0,0,0,0,0,0,0,0,0,0,0,0,0,0,0,0,1,0,0,0,0,0,0,0,0,0,0,1,0,0,0,0,0,1,0,1,0,0,0,0,1,0,0,0,0,0,0,0,0,0,0,0,0,0,0,0,0,0,0,0,0,0,0,0,0,0,0,0,0,2,0,0,0,0,0,0,0,0,0,0,0,0,0,0,0,0,0,0,0,0,0,0,0,0,0,0,0,0,3,0,0,0,0,0,0,3,0,0,0,0,0,0,0,0,0,0,0,1,0,1,4,0,0,0,0,0,5,0,0,0,0,0,3,2,5,0,0,0,0,0,0,0,0,0,0,0,0,0,0,0,1,13
Arunachal Pradesh,Changlang,2,1,0,0,3,0,0,0,0,0,0,0,0,0,0,1,0,0,0,0,0,0,0,0,0,0,0,0,7,2,2,0,0,0,5,0,5,0,0,0,0,0,0,0,0,0,2,2,0,1,0,1,0,0,0,0,0,0,3,3,0,0,3,0,0,0,0,0,0,0,14,0,0,0,0,0,0,0,0,0,0,0,0,0,0,0,0,0,0,0,0,0,0,0,0,0,0,0,0,18,0,2,0,0,0,0,16,0,15,3,0,0,0,0,0,0,0,0,2,0,2,38,0,0,0,0,0,3,0,0,0,0,0,1,2,3,0,0,0,0,5,0,0,0,0,0,0,0,0,0,5,8,75
Arunachal Pradesh,Crime Branch,0,0,0,0,0,0,0,0,0,0,0,0,0,0,0,0,0,0,0,0,0,0,0,0,0,0,0,0,0,0,0,0,0,0,0,0,0,0,0,0,0,0,0,0,0,0,0,0,0,0,0,0,0,0,0,0,0,0,0,0,0,0,0,0,0,0,0,0,0,0,0,0,0,0,0,0,0,0,0,0,0,0,0,0,0,0,0,0,0,0,0,0,0,0,0,0,0,0,0,0,0,0,0,0,0,0,0,0,0,0,0,0,0,0,0,0,0,0,0,0,0,0,0,0,0,0,0,5,0,0,0,0,0,2,3,5,0,0,0,0,0,0,0,0,0,1,0,0,0,0,1,2,8
Arunachal Pradesh,Dibang Valley,0,0,0,0,0,0,0,0,0,0,0,0,0,0,0,0,0,0,0,0,0,0,0,0,0,0,0,0,0,0,0,0,0,0,2,0,0,0,0,0,2,0,0,0,0,0,0,0,0,0,0,0,0,0,0,0,0,0,1,1,0,0,1,0,0,0,0,0,0,0,3,0,0,0,0,0,0,0,0,0,0,0,0,0,0,0,0,0,0,0,0,0,0,0,0,0,0,0,0,0,0,0,0,0,0,0,0,0,0,0,0,0,0,0,0,0,0,0,0,0,0,0,0,0,0,0,0,4,0,0,0,0,0,4,0,4,0,0,0,0,0,0,0,0,0,0,0,0,0,0,0,1,8
Arunachal Pradesh,Kameng East,10,0,0,0,7,0,0,0,0,0,0,0,0,0,0,4,0,5,0,0,0,0,0,0,0,0,0,0,26,3,2,1,0,0,5,0,5,0,0,0,0,0,2,0,0,0,0,9,7,0,0,2,0,0,0,0,0,0,1,1,1,0,0,0,0,0,0,0,0,0,20,0,0,0,0,0,0,0,0,0,0,0,0,0,0,0,0,0,0,0,0,0,0,0,0,0,0,0,0,37,0,12,0,0,0,0,25,0,0,0,0,0,0,0,0,0,3,0,0,0,0,40,0,0,0,0,0,16,0,0,0,0,0,13,3,16,0,0,2,0,0,0,0,0,0,0,0,0,2,0,4,13,119
Arunachal Pradesh,Kameng West,6,0,0,0,1,0,0,0,0,0,0,0,0,0,0,2,0,0,0,0,0,0,0,0,0,0,0,0,9,5,5,0,0,0,10,0,10,0,0,0,0,0,1,0,0,0,0,11,4,0,0,7,0,0,0,0,0,0,0,0,0,0,0,0,0,0,0,0,0,0,27,0,0,0,0,0,0,0,0,0,0,0,0,0,0,0,0,0,0,0,0,0,0,0,0,0,0,0,0,18,3,6,0,0,0,0,9,0,0,0,0,0,0,0,0,0,1,0,3,0,3,22,0,0,0,0,0,10,0,0,0,0,0,9,1,10,0,0,0,0,7,0,0,0,0,0,0,1,0,0,8,16,92
Arunachal Pradesh,Kurung Kumey,0,0,0,0,1,0,0,0,0,0,0,0,0,0,0,0,0,0,0,0,0,0,0,0,0,0,0,0,1,3,3,0,0,0,1,0,1,0,0,0,0,0,1,0,0,0,0,2,1,0,0,1,0,0,0,0,0,0,0,0,0,0,0,0,0,0,0,0,0,0,7,0,0,0,0,0,0,0,0,0,0,0,0,0,0,0,0,0,0,0,0,0,0,0,0,0,0,0,0,4,0,0,0,0,0,0,4,0,0,0,0,0,0,0,0,0,0,0,0,0,0,4,0,0,0,0,0,3,0,0,0,0,0,2,1,3,0,0,0,0,2,0,0,0,0,0,0,0,0,0,2,14,31
Arunachal Pradesh,Lohit,3,0,0,0,4,0,0,0,0,0,0,0,0,0,0,0,0,0,0,0,0,0,0,0,0,0,0,0,7,2,2,0,0,1,14,0,7,0,0,0,7,0,2,0,0,0,0,6,0,0,0,6,0,0,0,0,0,0,7,6,5,0,1,0,0,0,0,0,0,1,32,0,0,0,0,0,0,0,0,0,0,0,0,0,0,0,0,0,0,0,0,0,0,0,0,0,0,0,0,6,1,0,0,0,0,0,5,0,2,0,0,0,0,0,0,0,1,0,9,2,7,18,0,0,0,0,0,6,0,0,0,0,0,6,0,6,0,0,0,0,14,0,0,0,0,1,0,0,0,0,15,9,87
Arunachal Pradesh,Longding,2,0,1,0,0,1,0,0,0,0,1,0,0,0,0,0,0,0,0,0,0,0,0,0,0,0,0,0,4,2,2,0,0,0,3,0,3,0,0,0,0,1,1,0,2,0,0,7,2,0,0,4,1,0,0,0,0,3,5,2,0,0,2,0,0,3,0,0,0,0,24,0,0,0,0,0,6,0,0,0,0,6,0,0,0,0,0,0,0,0,0,0,0,0,0,0,0,0,6,11,1,0,0,0,0,0,10,0,3,2,0,0,0,0,0,0,0,0,4,0,4,20,0,0,0,0,0,3,0,0,0,0,0,3,0,3,0,0,0,0,1,0,0,0,0,0,0,0,1,0,2,4,63
Arunachal Pradesh,Lower Dibang Valley,4,0,0,0,0,6,0,0,0,0,0,6,0,0,0,5,0,2,0,0,0,0,0,0,0,0,0,0,17,1,1,0,0,1,12,11,0,0,1,0,0,0,5,0,0,0,0,7,3,0,0,4,0,0,0,0,0,1,1,1,0,0,1,0,0,0,0,0,0,0,28,0,0,0,0,0,0,0,0,0,0,0,0,0,0,0,0,0,0,0,0,0,0,0,0,0,0,0,0,15,4,5,0,0,0,0,6,0,1,0,0,0,0,0,0,0,1,0,5,1,4,22,0,0,0,0,0,1,0,0,0,0,0,1,0,1,0,0,0,0,9,0,0,0,0,0,1,0,0,0,10,2,80
Arunachal Pradesh,Papum Pare City,10,1,4,0,15,2,1,0,0,0,0,1,3,0,2,9,0,29,0,0,0,0,1,0,0,0,0,0,76,4,4,0,0,1,17,13,4,0,0,0,0,3,3,0,0,0,0,78,58,1,0,14,5,0,0,0,0,5,19,17,17,0,0,0,0,2,0,0,0,0,130,0,0,0,0,0,0,0,0,0,0,0,0,0,0,0,0,0,0,0,0,0,0,0,0,0,0,0,0,275,63,110,9,0,1,8,84,14,7,7,0,0,0,0,0,0,11,0,38,17,21,352,1,0,0,0,1,73,0,0,0,0,0,55,18,74,0,0,1,0,45,0,0,0,0,0,4,1,37,0,88,51,771
Arunachal Pradesh,Papum Pare Rural,0,0,0,0,1,0,0,0,0,0,0,0,0,0,0,0,0,0,0,0,0,0,0,0,0,0,0,0,1,8,8,0,0,0,8,5,3,0,0,0,0,0,0,0,0,0,0,24,6,0,0,10,0,0,0,0,8,0,3,2,0,1,1,0,0,0,0,0,0,1,43,0,0,0,0,0,0,0,0,0,0,0,0,0,0,0,0,0,0,0,0,0,0,0,0,0,0,0,0,129,19,29,0,0,2,3,76,2,1,9,0,0,0,0,0,0,5,0,0,0,0,146,2,0,1,0,1,15,0,0,0,0,0,12,3,17,0,0,0,0,1,0,0,0,0,0,0,0,0,0,1,37,245
Arunachal Pradesh,Siang East,13,1,1,0,2,1,0,0,0,0,0,1,0,0,0,2,0,3,0,0,0,0,0,0,0,0,0,0,23,1,1,0,0,0,17,0,17,0,0,0,0,0,1,0,0,0,0,17,9,0,0,7,0,0,0,1,0,11,3,0,0,0,0,0,0,0,0,0,0,3,50,0,0,0,0,0,0,0,0,0,0,0,0,0,0,0,0,0,0,0,0,0,0,0,0,0,0,0,0,55,13,13,0,0,0,3,26,0,0,1,0,0,0,0,1,0,3,0,12,0,12,72,0,0,0,0,0,6,0,0,0,0,0,6,0,6,0,0,0,0,18,0,0,0,0,0,0,0,7,0,25,22,198
Arunachal Pradesh,Siang Upper,2,0,0,0,1,0,0,0,0,0,0,0,0,0,0,0,0,0,0,0,0,0,0,0,0,0,0,0,3,0,0,0,0,0,1,0,0,0,0,0,1,0,0,0,0,0,0,3,0,0,0,1,0,0,0,0,2,0,0,0,0,0,0,0,0,0,0,0,0,0,4,0,0,0,0,0,0,0,0,0,0,0,0,0,0,0,0,0,0,0,0,0,0,0,0,0,0,0,0,14,4,1,0,0,4,0,5,1,0,1,1,1,0,0,0,0,0,0,3,1,2,20,0,0,0,0,0,0,0,0,0,0,0,0,0,0,0,0,0,0,3,0,0,0,0,0,0,1,0,0,4,7,38
Arunachal Pradesh,Siang West,5,2,0,0,1,3,0,0,0,0,0,3,0,0,1,1,0,7,1,0,0,0,0,0,0,0,0,0,21,1,1,0,0,0,6,1,5,0,0,0,0,1,0,0,0,0,0,9,2,0,0,7,0,0,0,0,0,0,0,0,0,0,0,0,0,0,0,0,0,0,17,0,0,0,0,0,2,0,0,0,0,0,0,0,0,0,0,0,0,0,0,0,0,0,2,0,0,0,2,19,1,3,0,0,0,1,14,0,1,1,0,0,0,0,0,0,0,0,13,5,8,34,0,0,0,0,0,3,0,0,0,0,0,2,1,3,0,0,3,0,10,0,0,1,0,0,3,1,3,1,22,11,110
Arunachal Pradesh,Subansiri Lower,0,0,0,0,0,0,0,0,0,0,0,0,0,0,0,0,0,2,0,0,0,0,0,0,0,0,1,0,3,4,4,0,0,0,1,0,1,0,0,0,0,0,0,0,0,0,0,3,0,0,0,2,0,0,0,0,1,0,0,0,0,0,0,0,0,0,0,0,0,0,8,0,0,0,0,0,0,0,0,0,0,0,0,0,0,0,0,0,0,0,0,0,0,0,0,0,0,0,0,14,7,5,0,0,0,0,2,0,0,0,1,1,0,0,0,0,2,0,11,0,11,28,0,0,0,0,0,3,0,0,0,0,0,3,0,3,0,0,0,0,13,0,0,0,0,1,0,3,0,0,17,8,67
Arunachal Pradesh,Subansiri Upper,5,0,0,0,4,0,0,0,0,0,0,0,0,1,0,0,0,4,0,0,0,0,0,0,0,0,0,0,14,3,3,0,0,0,3,0,2,0,0,0,1,0,0,0,0,0,0,16,10,0,0,5,1,0,0,0,0,0,1,1,0,0,1,0,0,0,0,0,0,0,23,0,0,0,0,0,0,0,0,0,0,0,0,0,0,0,0,0,0,0,0,0,0,0,0,0,0,0,0,21,12,2,0,0,0,0,7,1,1,2,1,1,0,0,0,0,0,0,3,0,3,29,2,0,0,0,2,6,0,0,0,0,0,2,4,8,0,0,0,0,4,0,0,0,0,0,0,1,1,0,6,30,110
Arunachal Pradesh,Tawang,1,0,0,0,0,0,0,0,0,0,0,0,0,1,0,0,0,0,0,0,0,0,0,0,0,0,0,0,2,0,0,0,0,0,4,0,1,0,0,0,3,0,0,0,0,0,0,0,0,0,0,0,0,0,0,0,0,0,0,0,0,0,0,0,0,0,0,0,0,0,4,0,0,0,0,0,0,0,0,0,0,0,0,0,0,0,0,0,0,0,0,0,0,0,0,0,0,0,0,4,0,1,0,0,0,0,3,0,0,0,0,0,0,0,0,0,0,0,4,0,4,8,0,0,0,0,0,1,0,0,0,0,0,1,0,1,0,0,0,0,0,0,0,0,0,0,0,0,0,0,0,14,29
Arunachal Pradesh,Tirap,0,1,0,0,1,0,0,0,0,0,0,0,0,0,0,0,0,0,0,0,0,0,0,0,0,0,0,0,2,0,0,0,0,0,0,0,0,0,0,0,0,0,0,0,0,0,0,2,2,0,0,0,0,0,0,0,0,0,3,0,0,0,0,0,0,0,0,0,0,3,5,0,0,0,0,0,3,0,0,0,0,3,0,0,0,0,0,0,0,0,0,0,0,0,0,0,0,0,3,10,6,1,0,0,0,0,3,0,3,0,0,0,0,0,0,0,0,0,5,0,5,18,0,0,0,0,0,13,0,0,0,0,0,12,1,13,0,0,0,0,0,0,0,0,0,0,0,1,0,0,1,1,43
Arunachal Pradesh,Namsai,5,0,0,0,1,0,0,0,0,0,0,0,0,0,0,0,1,1,0,0,0,0,0,0,0,0,0,0,8,5,5,0,0,1,22,0,22,0,0,0,0,0,3,0,0,0,0,7,2,0,0,4,1,0,0,0,0,2,5,4,0,2,2,0,0,0,0,0,0,1,45,0,0,0,0,0,1,0,0,0,0,1,0,0,0,0,0,0,0,0,0,0,0,0,0,1,0,0,2,16,5,5,0,0,0,0,6,0,3,3,0,0,0,0,0,0,3,0,6,1,5,31,0,0,0,0,0,7,0,0,0,0,0,2,5,7,0,0,1,0,6,0,0,0,0,0,2,2,0,0,11,2,106
Arunachal Pradesh,Siang,3,0,0,0,0,0,0,0,0,0,0,0,0,0,0,0,0,0,0,0,0,0,0,0,0,0,0,0,3,0,0,0,0,0,1,0,1,0,0,0,0,0,0,0,0,0,0,3,1,0,0,1,1,0,0,0,0,0,0,0,0,0,0,0,0,0,0,0,0,0,4,0,0,0,0,0,0,0,0,0,0,0,0,0,0,0,0,0,0,0,0,0,0,0,0,0,0,0,0,4,0,0,0,0,0,0,4,0,0,0,0,0,0,0,0,0,0,1,0,0,0,5,0,0,0,0,0,3,0,0,0,0,0,2,1,3,0,1,1,0,0,0,0,0,0,0,1,0,0,0,3,3,21
Arunachal Pradesh,Kamle,2,0,0,0,1,0,0,0,0,0,0,0,0,1,0,0,0,0,0,0,0,0,0,0,0,0,0,0,4,2,2,0,0,0,4,0,3,0,0,0,1,0,0,0,0,0,0,3,2,0,0,1,0,0,0,0,0,2,1,1,0,0,1,0,0,0,0,0,0,0,12,0,0,0,0,0,0,0,0,0,0,0,0,0,0,0,0,0,0,0,0,0,0,0,0,0,0,0,0,4,0,0,0,0,0,0,4,0,0,0,0,0,0,0,0,0,0,0,2,1,1,6,0,0,0,0,0,0,0,0,0,0,0,0,0,0,0,0,0,0,1,0,0,0,0,0,0,0,0,0,1,0,23
Arunachal Pradesh,Kra Dadi,0,0,0,0,1,0,0,0,0,0,0,0,0,1,0,0,0,0,0,0,0,0,0,0,0,0,0,0,2,0,0,0,0,0,0,0,0,0,0,0,0,0,0,0,0,0,0,2,2,0,0,0,0,0,0,0,0,0,2,0,0,0,0,0,0,0,0,0,0,2,4,0,0,0,0,0,0,0,0,0,0,0,0,0,0,0,0,0,0,0,0,0,0,0,0,0,0,0,0,6,0,0,0,0,0,0,6,0,0,0,0,0,0,0,0,0,1,0,0,0,0,7,0,0,0,0,0,0,0,0,0,0,0,0,0,0,0,0,0,0,2,0,0,0,0,0,1,0,0,0,3,2,18
Arunachal Pradesh,Lower Siang,2,1,0,0,2,3,1,0,0,1,0,1,0,0,0,0,0,0,0,0,0,0,0,0,0,0,0,0,8,1,1,0,0,0,1,1,0,0,0,0,0,0,1,0,0,0,0,2,2,0,0,0,0,0,0,0,0,2,2,2,2,0,0,0,0,0,0,0,0,0,9,0,0,0,0,0,0,0,0,0,0,0,0,0,0,0,0,0,0,0,0,0,0,0,0,0,0,0,0,6,1,0,0,0,0,0,5,0,0,0,0,0,0,0,0,0,0,0,5,1,4,11,0,0,0,0,0,2,0,0,0,0,0,1,1,2,0,0,0,0,2,0,0,0,0,0,1,1,2,0,6,2,38
Arunachal Pradesh,Leparada,0,1,0,0,2,1,0,0,0,0,0,1,0,0,0,0,0,0,0,0,0,0,0,0,0,0,0,0,4,1,1,0,0,0,2,0,2,0,0,0,0,0,0,0,0,0,0,7,2,0,0,0,1,0,0,0,4,0,1,1,0,0,1,0,0,0,0,0,0,0,11,0,0,0,0,0,0,0,0,0,0,0,0,0,0,0,0,0,0,0,0,0,0,0,0,0,0,0,0,3,0,0,0,0,0,0,3,0,1,0,0,0,0,0,0,0,0,0,0,0,0,4,0,0,0,0,0,5,2,0,0,0,2,0,3,5,0,0,0,0,2,0,0,0,0,0,0,0,0,0,2,7,33
Arunachal Pradesh,Shiyomi,0,0,0,0,0,0,0,0,0,0,0,0,0,0,0,0,0,0,0,0,0,0,0,0,0,0,0,0,0,0,0,0,0,0,4,0,0,0,0,0,4,0,0,0,0,0,0,9,7,0,0,2,0,0,0,0,0,0,1,1,0,0,1,0,0,0,0,0,0,0,14,0,0,0,0,0,0,0,0,0,0,0,0,0,0,0,0,0,0,0,0,0,0,0,0,0,0,0,0,1,0,0,0,0,0,0,1,0,0,0,0,0,0,0,0,0,0,0,1,0,1,2,0,0,0,0,0,1,0,0,0,0,0,0,1,1,0,0,0,0,0,0,0,0,0,0,0,0,0,0,0,9,26
Arunachal Pradesh,Pakkessang,1,0,0,0,0,0,0,0,0,0,0,0,0,0,0,0,0,0,0,0,0,0,0,0,0,0,0,0,1,2,2,0,0,0,1,0,1,0,0,0,0,0,1,0,0,0,0,2,0,0,0,2,0,0,0,0,0,1,1,1,1,0,0,0,0,0,0,0,0,0,8,0,0,0,0,0,0,0,0,0,0,0,0,0,0,0,0,0,0,0,0,0,0,0,0,0,0,0,0,6,0,0,0,0,0,2,4,0,0,0,0,0,0,0,0,0,0,0,0,0,0,6,0,0,0,0,0,2,0,0,0,0,0,2,0,2,0,0,0,0,2,0,0,0,0,0,0,1,2,0,5,5,27
Assam,Bieo,0,0,0,0,0,0,0,0,0,0,0,0,0,0,0,0,0,0,0,0,0,0,0,0,0,0,0,0,0,0,0,0,0,0,0,0,0,0,0,0,0,0,0,0,0,0,0,0,0,0,0,0,0,0,0,0,0,0,0,0,0,0,0,0,0,0,0,0,0,0,0,0,0,0,0,0,0,0,0,0,0,0,0,0,0,0,0,0,0,0,0,0,0,0,0,0,0,0,0,0,0,0,0,0,0,0,0,0,0,0,0,0,0,0,0,0,0,0,0,0,0,0,0,0,0,0,0,6,0,0,0,0,0,6,0,6,0,0,0,0,0,0,0,0,0,0,0,0,0,0,0,0,6
Assam,Barpeta,26,1,0,0,0,28,0,0,0,0,0,28,39,1,4,0,10,27,20,0,0,0,0,0,11,0,0,0,167,33,33,0,0,9,90,0,90,0,0,0,0,0,43,0,0,0,0,150,80,0,0,70,0,0,0,0,0,0,45,0,0,0,0,0,0,0,0,0,0,45,370,0,0,0,0,0,12,0,0,0,0,0,0,0,0,0,0,12,0,0,0,0,0,0,0,0,0,0,12,190,0,35,0,0,0,0,155,0,9,9,5,5,0,0,0,0,20,0,95,0,95,328,0,0,0,0,0,42,0,0,0,0,0,35,7,42,0,0,0,0,159,0,0,0,0,0,0,2,0,0,161,74,1154
Assam,Baksa,5,0,1,0,12,3,0,0,0,1,0,2,3,1,2,1,2,4,22,0,0,0,0,0,0,0,0,0,56,7,7,0,0,2,41,0,41,0,0,0,0,4,13,0,0,0,0,86,45,0,0,16,4,0,0,0,21,2,27,21,10,5,6,0,0,0,0,0,0,6,182,0,0,0,0,1,0,0,0,0,0,0,0,0,0,0,0,0,0,0,0,0,0,0,0,1,0,0,2,98,2,35,0,0,2,0,59,0,3,2,1,1,0,3,0,0,6,3,43,12,31,159,0,0,0,0,0,20,2,0,0,0,2,16,2,20,0,5,0,0,48,0,0,9,0,0,5,3,0,0,70,9,498
Assam,Bongaigaon,55,2,0,0,25,5,0,0,0,0,0,5,11,0,4,0,0,13,22,0,0,0,0,0,0,0,0,0,137,19,19,0,0,3,141,43,98,0,0,0,0,9,3,0,3,2,0,67,45,0,0,22,0,0,0,0,0,12,80,6,0,0,6,0,0,0,0,0,0,74,339,0,0,0,0,1,0,0,0,0,0,0,0,0,0,0,0,0,0,0,0,0,0,0,0,0,0,0,1,189,0,75,0,0,0,0,114,0,7,5,4,4,0,0,0,0,1,0,61,0,61,267,0,0,0,0,0,38,1,0,0,0,1,37,0,38,0,0,0,0,65,0,0,0,0,0,0,2,9,0,76,4,862
Assam,Cid,0,0,0,0,0,0,0,0,0,0,0,0,0,0,0,0,0,0,0,0,0,0,0,0,0,0,0,0,0,0,0,0,0,0,0,0,0,0,0,0,0,0,0,0,0,0,0,0,0,0,0,0,0,0,0,0,0,0,0,0,0,0,0,0,0,0,0,0,0,0,0,0,0,0,0,0,0,0,0,0,0,0,0,0,0,0,0,0,0,0,0,0,0,0,0,0,0,0,0,0,0,0,0,0,0,0,0,0,0,0,0,0,0,0,0,0,0,0,0,0,0,0,0,0,0,0,0,6,0,0,0,0,0,6,0,6,0,0,0,0,0,0,0,0,1,0,0,0,0,0,1,2,9
Assam,Cachar,39,4,0,0,73,1,0,0,0,0,0,1,12,0,0,7,5,104,176,0,0,0,0,0,110,0,0,0,531,26,26,0,0,1,105,51,9,0,0,0,45,0,36,0,2,0,0,185,116,0,0,56,12,0,0,0,1,50,90,24,0,16,8,0,0,0,0,0,0,66,495,0,0,0,0,0,9,0,0,0,0,0,0,0,0,0,0,9,0,0,0,0,0,0,0,0,0,0,9,440,87,167,0,0,0,0,186,3,14,14,11,11,0,0,0,0,17,50,116,11,105,665,3,0,0,0,3,93,0,0,0,0,0,72,21,96,0,0,0,0,294,0,0,1,0,1,0,7,3,0,306,171,2273
Assam,Chirang,15,5,0,0,17,10,4,0,0,0,0,6,4,1,0,0,3,16,13,0,0,0,0,0,4,0,0,0,88,11,11,0,0,1,40,0,40,0,0,0,0,3,24,0,0,0,0,73,43,0,0,6,1,0,0,23,0,7,19,17,8,9,0,0,0,0,0,0,0,2,178,0,0,0,0,0,1,0,0,0,0,0,0,0,0,0,0,0,1,0,0,0,0,0,0,0,0,0,1,50,3,11,0,0,0,0,36,2,2,0,0,0,0,0,0,0,2,0,17,2,15,73,0,0,0,0,0,30,20,0,0,0,20,10,0,30,0,0,0,0,34,0,0,0,0,0,0,1,0,0,35,13,418
Assam,Darrang,23,9,2,0,24,2,0,0,0,0,0,2,3,0,0,0,0,25,47,0,0,0,0,0,0,0,0,0,135,28,28,0,0,0,97,0,97,0,0,0,0,9,7,0,0,0,0,177,87,0,0,89,0,1,0,0,0,0,13,7,0,2,5,0,0,0,0,0,0,6,331,0,0,0,0,0,0,0,0,0,0,0,0,0,0,0,0,0,0,0,0,0,0,0,0,0,0,0,0,137,0,32,0,0,0,0,105,1,5,9,0,0,0,0,2,0,8,0,71,0,71,233,0,0,0,0,0,35,0,0,0,0,0,26,9,35,0,0,0,0,143,0,0,0,0,0,0,4,0,0,147,32,913
Assam,Dhemaji,13,1,7,0,13,4,0,0,0,0,0,4,1,0,1,0,1,17,51,0,0,0,0,0,0,0,0,0,109,22,22,0,0,0,108,0,108,0,0,0,0,3,26,0,0,0,0,63,34,0,0,29,0,0,0,0,0,0,15,6,0,4,2,0,0,0,0,0,0,9,237,0,0,0,0,0,0,0,0,0,0,0,0,0,0,0,0,0,0,0,0,0,0,0,0,0,0,0,0,96,0,21,0,0,0,0,75,5,11,6,0,0,0,0,0,0,3,0,37,5,32,158,0,0,0,0,0,50,0,0,0,0,0,47,3,50,0,0,0,0,28,0,0,0,0,0,0,2,0,0,30,34,618
Assam,Dhubri,78,15,4,0,34,3,0,0,0,0,0,3,25,1,1,4,3,30,18,0,0,0,0,0,1,0,0,0,217,26,26,0,0,3,71,64,3,0,0,0,4,12,27,0,0,0,0,87,45,0,0,36,4,1,0,0,1,2,151,24,0,23,1,0,0,3,0,0,0,124,379,2,0,2,2,45,60,0,0,0,0,0,0,0,0,0,0,8,0,0,0,0,0,0,52,5,0,0,110,190,9,48,0,0,0,0,133,0,36,12,4,4,0,0,0,0,47,0,51,0,51,340,2,0,0,0,2,20,10,0,0,0,10,6,4,22,0,0,11,0,152,0,0,2,0,2,0,8,5,0,180,113,1363
Assam,Dibrugarh,18,0,4,0,18,8,0,0,0,0,0,8,7,2,4,0,2,51,26,0,0,0,0,0,0,0,0,0,140,45,44,1,0,6,117,17,97,0,0,0,3,12,63,0,1,1,0,134,69,0,0,65,0,0,0,0,0,2,50,43,13,5,25,0,0,0,0,0,0,7,431,0,0,0,0,0,0,0,0,0,0,0,0,0,0,0,0,0,0,0,0,0,0,0,0,0,0,0,0,278,0,54,0,0,0,0,224,0,13,12,0,0,0,0,0,0,13,0,72,0,72,388,0,0,0,0,0,167,17,9,0,8,0,130,20,167,0,0,0,0,79,0,0,0,0,0,0,8,0,0,87,121,1334
Assam,Grp,0,0,0,0,5,5,0,0,5,0,0,0,0,0,2,2,1,0,4,0,0,0,0,0,0,0,0,0,19,15,15,0,0,0,5,3,0,0,2,0,0,0,5,0,9,0,0,17,4,0,0,1,1,0,0,0,11,0,0,0,0,0,0,0,0,0,0,0,0,0,51,0,0,0,0,0,0,0,0,0,0,0,0,0,0,0,0,0,0,0,0,0,0,0,0,0,0,0,0,373,1,30,63,0,1,0,278,9,3,6,0,0,0,0,0,0,4,0,1,0,1,396,8,0,0,0,8,54,1,0,0,0,1,51,2,62,0,0,0,0,0,0,0,0,0,0,0,0,0,0,0,4,532
Assam,Goalpara,32,0,1,0,32,0,0,0,0,0,0,0,0,0,0,0,10,41,19,0,0,0,0,0,0,0,0,0,135,23,23,0,0,0,121,0,119,0,2,0,0,2,6,0,0,0,0,51,26,0,0,23,1,0,0,0,1,0,28,9,0,0,9,0,0,1,0,0,0,18,231,0,0,0,0,4,1,0,0,0,0,0,0,0,0,0,0,0,0,0,0,0,0,0,1,0,0,0,5,155,8,26,1,0,0,0,120,0,22,8,3,2,1,0,0,0,12,0,43,19,24,243,4,0,0,0,4,58,3,0,0,0,3,51,4,62,0,0,0,0,187,0,0,0,0,0,0,0,0,0,187,136,999
Assam,Golaghat,23,17,1,0,11,0,0,0,0,0,0,0,1,0,1,0,4,8,75,0,0,0,0,0,0,0,0,0,141,30,30,0,0,4,59,3,56,0,0,0,0,8,35,0,0,0,0,46,21,0,0,25,0,0,0,0,0,0,20,4,0,4,0,0,0,0,0,0,0,16,202,0,0,0,0,0,0,0,0,0,0,0,0,0,0,0,0,0,0,0,0,0,0,0,0,0,0,0,0,118,5,26,0,0,0,1,86,4,4,4,5,5,0,0,0,0,0,0,28,0,28,163,1,0,0,0,1,44,0,0,0,0,0,44,0,45,0,0,0,0,160,0,0,0,0,0,0,0,0,0,160,85,796
Assam,Guwahati City,69,9,0,0,36,45,0,0,0,0,0,45,20,7,20,0,1,125,130,2,1,1,0,0,32,0,0,0,498,63,63,0,0,2,360,70,282,0,0,0,8,20,21,0,0,0,0,421,115,0,0,248,0,0,0,23,35,25,155,88,0,53,35,0,0,3,0,0,0,64,1067,0,0,0,0,13,0,0,0,0,0,0,0,0,0,0,0,0,0,0,0,0,0,0,0,0,0,0,13,2159,485,1118,0,0,0,0,556,21,35,183,2,2,0,0,2,0,59,0,460,81,379,2921,32,0,0,0,32,572,14,9,5,0,0,485,73,604,0,0,0,0,879,0,0,0,0,0,0,7,0,8,894,493,6490
Assam,Hailakandi,28,0,2,0,14,1,0,0,0,0,0,1,10,0,1,1,3,29,26,0,0,0,0,0,1,0,0,0,116,13,12,1,0,0,29,29,0,0,0,0,0,3,29,6,0,0,0,114,37,0,0,35,3,0,0,39,0,4,27,7,1,0,6,0,0,1,0,0,0,19,225,0,0,0,0,2,4,0,0,0,0,0,0,0,0,0,0,1,0,0,0,0,0,0,3,4,0,0,10,171,8,20,0,0,0,0,143,2,12,11,1,1,0,0,0,0,2,3,24,0,24,226,1,1,0,0,0,76,8,0,0,0,8,67,1,77,0,0,0,0,101,0,0,0,0,0,0,5,0,0,106,15,775
Assam,Hamren,5,0,0,0,6,3,0,0,0,0,0,3,1,0,0,0,0,2,10,0,0,0,0,0,0,0,0,0,27,3,3,0,0,0,8,0,8,0,0,0,0,0,2,0,0,0,0,0,0,0,0,0,0,0,0,0,0,0,5,3,3,0,0,1,0,0,0,0,0,1,18,0,0,0,0,0,1,0,0,0,0,0,0,0,0,0,0,0,0,0,0,0,0,0,1,0,0,0,1,20,0,2,0,0,0,0,18,0,1,0,0,0,0,0,0,0,1,0,1,0,1,23,0,0,0,0,0,4,0,0,0,0,0,4,0,4,0,0,0,0,4,0,0,0,0,0,0,1,0,0,5,19,97
Assam,Jorhat,17,2,0,0,23,3,0,0,0,0,0,3,5,6,7,0,4,27,2,0,0,0,0,0,15,0,0,0,111,35,35,0,0,0,84,53,24,0,0,0,7,0,19,0,0,0,0,93,38,0,0,47,0,0,0,0,8,0,36,34,11,20,3,0,0,0,0,0,0,2,267,0,0,0,0,0,1,0,0,0,0,0,0,0,0,0,0,0,0,0,0,0,0,0,1,0,0,0,1,240,17,117,0,0,0,0,106,0,9,10,0,0,0,0,0,0,11,0,75,51,24,345,0,0,0,0,0,69,0,0,0,0,0,60,9,69,0,0,0,0,105,0,0,0,0,0,0,5,0,0,110,44,947
Assam,Kamrup,49,14,3,0,50,52,0,8,0,0,0,44,6,3,7,16,11,171,100,2,0,0,0,0,3,0,0,0,487,55,52,0,3,4,300,211,89,0,0,0,0,5,91,1,2,1,0,367,280,0,0,75,11,1,0,0,0,6,102,71,5,29,37,0,5,0,0,0,0,26,934,0,0,0,0,5,19,0,0,0,0,0,0,0,0,0,0,14,0,0,0,0,0,0,5,0,0,0,24,700,11,257,0,0,0,0,432,1,33,34,6,6,0,0,0,0,22,25,153,37,116,974,1,0,0,0,1,104,0,0,0,0,0,102,2,105,0,0,0,0,476,0,1,29,2,0,2,16,1,0,527,482,3533
Assam,Karbi Anglong,4,3,0,0,1,2,0,0,0,0,0,2,0,0,0,0,1,9,21,0,1,0,0,0,0,0,0,0,42,22,22,0,0,1,43,1,0,0,15,0,27,0,14,0,0,0,0,33,26,0,0,4,3,0,0,0,0,0,37,24,23,0,1,0,0,0,0,0,0,13,150,0,0,0,0,0,0,0,0,0,0,0,0,0,0,0,0,0,0,0,0,0,0,0,0,0,0,0,0,96,18,7,1,0,0,0,70,0,15,5,0,0,0,0,0,0,10,0,2,2,0,128,4,0,0,0,4,14,0,0,0,0,0,12,2,18,0,1,0,0,22,0,0,0,0,0,0,1,0,0,24,30,392
Assam,Karimganj,49,7,1,0,6,9,0,1,0,0,0,8,4,0,2,0,6,217,69,0,0,0,0,0,19,0,0,0,389,28,28,0,0,2,65,1,61,0,0,0,3,7,59,0,6,2,0,170,109,0,0,56,0,2,1,2,0,8,39,24,12,8,4,0,1,3,0,0,0,11,386,0,0,0,0,11,12,0,0,0,0,0,0,0,0,0,0,10,0,0,0,0,0,0,2,6,0,0,29,182,6,61,0,0,1,0,114,5,0,5,1,1,0,0,0,0,44,25,84,0,84,346,1,0,0,0,1,98,5,0,0,0,5,79,14,99,0,7,1,0,137,0,0,10,3,0,0,8,14,0,180,447,1876
Assam,Kokrajhar,24,5,0,0,28,3,0,0,0,0,0,3,0,0,0,4,1,21,0,0,0,0,0,0,0,0,0,0,86,26,26,0,0,3,46,4,30,0,0,0,12,3,32,0,0,0,0,42,0,0,0,19,0,0,0,23,0,0,60,53,0,23,30,0,0,0,0,0,0,7,212,0,0,0,0,0,4,0,0,0,0,0,0,0,0,0,0,0,0,0,0,0,0,0,4,0,0,0,4,77,0,30,0,0,0,0,47,9,12,7,0,0,0,0,0,0,5,0,12,0,12,122,0,0,0,0,0,29,0,0,0,0,0,25,4,29,0,1,0,0,37,0,0,0,0,0,0,2,5,0,45,81,579
Assam,Lakhimpur,28,0,0,0,23,0,0,0,0,0,0,0,0,0,2,0,1,50,48,0,0,0,0,0,3,0,0,0,155,31,31,0,0,3,112,47,65,0,0,0,0,6,26,1,0,0,0,99,70,0,0,29,0,0,0,0,0,0,71,3,2,0,1,0,0,0,0,0,0,68,349,0,0,0,0,0,0,0,0,0,0,0,0,0,0,0,0,0,0,0,0,0,0,0,0,0,0,0,0,103,54,21,0,0,0,0,28,0,14,10,3,3,0,0,0,0,1,0,96,11,85,227,12,0,0,0,12,50,0,0,0,0,0,48,2,62,0,1,0,0,87,0,0,0,2,0,0,1,0,0,91,26,910
Assam,Morigaon,49,4,6,0,44,6,0,0,0,2,0,4,8,0,1,2,3,42,24,0,0,0,0,0,3,0,0,0,192,18,18,0,0,0,93,54,39,0,0,0,0,3,24,0,0,0,0,95,55,0,0,36,4,0,0,0,0,0,167,40,0,0,40,0,0,0,0,0,0,127,400,0,0,0,0,3,19,0,0,0,0,0,0,0,0,0,0,8,4,0,0,0,0,0,7,0,0,0,22,215,28,44,0,0,0,0,143,5,7,11,3,3,0,0,0,0,4,0,46,0,46,291,2,0,0,0,2,75,0,0,0,0,0,66,9,77,0,9,0,0,155,0,0,0,0,0,0,6,0,0,170,57,1209
Assam,Dima Hasao,1,0,1,0,1,0,0,0,0,0,0,0,0,0,0,0,0,0,6,0,0,0,0,0,1,0,0,0,10,7,7,0,0,1,19,0,19,0,0,0,0,1,5,0,0,0,1,6,3,0,0,0,2,0,0,1,0,0,5,3,3,0,0,0,0,1,0,0,0,1,45,0,0,0,0,0,1,0,0,0,0,0,0,0,0,0,0,1,0,0,0,0,0,0,0,0,0,0,1,22,1,8,0,0,1,0,12,0,1,1,1,1,0,0,0,0,0,0,0,0,0,25,0,0,0,0,0,14,1,0,0,0,1,13,0,14,0,0,0,0,7,0,0,0,0,0,0,0,0,0,7,2,104
Assam,Nagaon,59,11,5,0,77,36,0,0,19,0,0,17,10,0,4,0,7,160,82,0,1,0,0,0,10,0,0,0,462,63,63,0,0,9,224,131,47,0,0,0,46,10,110,0,0,1,0,189,142,0,0,22,17,1,1,5,1,3,168,161,0,73,88,0,1,1,0,0,0,5,777,0,0,0,0,21,74,1,0,0,0,0,0,0,0,0,0,29,16,0,0,0,0,0,28,6,0,0,101,482,38,115,3,0,0,1,325,0,42,23,6,6,0,0,0,0,60,8,207,22,185,828,46,0,0,0,46,151,2,0,0,0,2,130,19,197,0,0,1,0,374,0,0,7,0,8,0,15,5,0,410,319,3094
Assam,Nalbari,25,3,0,0,42,4,0,0,0,0,0,4,37,1,1,13,3,24,26,0,0,0,0,0,1,0,0,0,180,17,17,0,0,0,93,1,32,0,2,0,58,6,13,4,0,0,0,96,62,0,0,30,1,0,0,2,1,20,33,30,5,0,25,0,0,1,0,0,0,2,282,0,0,0,0,0,1,0,0,0,0,0,0,0,0,0,0,1,0,0,0,0,0,0,0,0,0,0,1,170,10,37,0,2,0,0,121,10,11,18,4,4,0,0,0,0,9,4,74,15,59,300,0,0,0,0,0,42,0,0,0,0,0,37,5,42,0,0,0,0,225,0,0,0,0,0,0,3,28,0,256,47,1108
Assam,Rpo,0,0,0,0,0,0,0,0,0,0,0,0,0,0,0,0,0,0,0,0,0,0,0,0,0,0,0,0,0,0,0,0,0,0,0,0,0,0,0,0,0,0,0,0,0,0,0,0,0,0,0,0,0,0,0,0,0,0,0,0,0,0,0,0,0,0,0,0,0,0,0,0,0,0,0,0,0,0,0,0,0,0,0,0,0,0,0,0,0,0,0,0,0,0,0,0,0,0,0,0,0,0,0,0,0,0,0,0,0,0,0,0,0,0,0,0,0,0,0,0,0,0,0,0,0,0,0,0,0,0,0,0,0,0,0,0,0,0,0,0,0,0,0,0,0,0,0,0,0,0,0,0,0
Assam,Sou,0,0,0,0,0,0,0,0,0,0,0,0,0,0,0,0,0,0,0,0,0,0,0,0,0,0,0,0,0,0,0,0,0,0,0,0,0,0,0,0,0,0,0,0,0,0,0,0,0,0,0,0,0,0,0,0,0,0,0,0,0,0,0,0,0,0,0,0,0,0,0,0,0,0,0,0,0,0,0,0,0,0,0,0,0,0,0,0,0,0,0,0,0,0,0,0,0,0,0,0,0,0,0,0,0,0,0,0,0,0,0,0,0,0,0,0,0,0,0,0,0,0,0,0,0,0,0,0,0,0,0,0,0,0,0,0,0,0,0,0,0,0,0,0,0,0,0,0,0,0,0,0,0
Assam,Stf,0,0,0,0,0,0,0,0,0,0,0,0,0,0,0,0,0,0,0,0,0,0,0,0,0,0,0,0,0,0,0,0,0,0,0,0,0,0,0,0,0,0,0,0,0,0,0,0,0,0,0,0,0,0,0,0,0,0,0,0,0,0,0,0,0,0,0,0,0,0,0,0,0,0,0,0,0,0,0,0,0,0,0,0,0,0,0,0,0,0,0,0,0,0,0,0,0,0,0,0,0,0,0,0,0,0,0,0,0,0,0,0,0,0,0,0,0,0,0,0,0,0,4,0,0,0,4,0,0,0,0,0,0,0,0,4,0,0,0,0,0,0,0,0,0,0,0,0,0,0,0,0,4
Assam,Sibsagar,6,4,0,0,7,0,0,0,0,0,0,0,2,0,0,0,0,6,0,0,0,0,0,0,0,0,0,0,25,17,17,0,0,1,40,39,1,0,0,0,0,6,19,0,0,0,0,32,14,0,0,12,6,0,0,0,0,3,9,9,6,0,3,0,0,0,0,0,0,0,127,0,0,0,0,3,0,0,0,0,0,0,0,0,0,0,0,0,0,0,0,0,0,0,0,0,0,0,3,63,9,19,0,0,2,0,33,0,2,2,1,1,0,2,1,2,1,0,26,6,20,100,0,0,0,0,0,25,0,0,0,0,0,22,3,25,0,2,0,0,23,0,0,1,0,0,0,0,0,0,26,19,325
Assam,Sonitpur,42,21,2,0,22,5,0,0,0,5,0,0,5,0,2,0,0,65,59,1,0,0,0,0,18,0,0,0,242,59,58,1,0,1,154,142,0,0,0,0,12,15,49,0,0,1,0,166,76,0,0,70,13,0,0,6,1,9,17,5,0,3,2,0,0,2,0,0,0,10,471,0,0,0,0,2,3,1,0,0,0,0,0,0,0,0,0,2,0,0,0,0,0,0,0,1,0,0,6,195,38,52,0,0,0,1,104,6,10,8,3,3,0,0,2,0,16,0,47,21,26,287,0,0,0,0,0,52,39,0,0,0,39,11,2,52,0,0,3,0,184,0,0,15,0,3,0,1,15,0,221,128,1407
Assam,Tinsukia,17,1,2,11,9,7,4,0,0,1,0,2,7,2,0,0,2,21,19,1,0,0,1,0,0,0,0,0,100,66,59,7,0,7,112,0,99,0,0,0,13,8,35,0,0,1,0,136,42,1,0,41,33,0,0,15,4,34,95,93,0,44,49,0,1,1,0,0,0,0,494,1,1,0,1,2,2,0,0,0,0,0,0,0,0,0,0,0,1,0,0,0,0,0,1,0,0,0,4,154,18,66,1,2,1,2,64,3,5,6,2,2,0,0,1,1,30,6,113,30,83,321,0,0,0,0,0,73,0,0,0,0,0,42,31,73,0,0,0,0,68,0,0,1,0,0,1,0,0,0,70,56,1119
Assam,Udalguri,24,1,0,0,12,5,0,0,0,0,0,5,5,1,1,0,2,10,32,0,0,0,0,0,1,0,0,0,94,23,23,0,0,3,110,110,0,0,0,0,0,3,20,0,2,0,0,59,32,0,0,26,1,0,0,0,0,4,49,4,0,0,4,0,1,0,0,0,0,44,273,0,0,0,0,5,9,0,0,0,0,0,0,0,0,0,0,9,0,0,0,0,0,0,0,1,0,0,15,73,0,24,0,0,2,0,47,0,3,4,0,0,0,0,0,0,8,0,62,12,50,150,0,0,0,0,0,26,10,0,0,0,10,16,0,26,0,2,2,0,81,0,0,22,0,1,4,3,12,0,127,16,701
Assam,Sadia,3,0,0,0,0,0,0,0,0,0,0,0,0,0,0,0,0,4,0,0,0,0,0,0,1,0,0,0,8,4,4,0,0,1,0,0,0,0,0,0,0,0,8,0,0,0,0,24,15,0,0,9,0,0,0,0,0,0,10,5,1,0,4,0,0,0,0,0,0,5,47,0,0,0,0,0,0,0,0,0,0,0,0,0,0,0,0,0,0,0,0,0,0,0,0,0,0,0,0,31,7,9,0,0,3,0,12,0,0,0,0,0,0,0,0,0,6,0,9,0,9,46,0,0,0,0,0,6,0,0,0,0,0,6,0,6,0,0,0,0,20,0,0,0,0,0,0,0,0,0,20,11,138
Assam,Majuli,3,0,0,0,7,0,0,0,0,0,0,0,0,2,2,0,0,2,26,0,0,0,0,0,0,0,0,0,42,0,0,0,0,0,12,0,12,0,0,0,0,0,0,0,0,0,0,18,13,2,0,3,0,0,0,0,0,0,0,0,0,0,0,0,0,0,0,0,0,0,30,0,0,0,0,0,0,0,0,0,0,0,0,0,0,0,0,0,0,0,0,0,0,0,0,0,0,0,0,7,0,0,0,0,0,0,7,0,1,0,0,0,0,0,0,0,0,0,6,0,6,14,0,0,0,0,0,9,9,0,0,0,9,0,0,9,0,4,0,0,2,0,0,0,0,0,0,0,0,0,6,13,114
Assam,Biswanath,18,0,4,0,21,0,0,0,0,0,0,0,0,0,0,0,1,16,44,0,0,0,0,0,15,0,0,0,119,26,26,0,0,0,74,3,69,0,0,0,2,3,33,0,0,0,0,43,31,0,0,12,0,0,0,0,0,0,46,20,0,2,18,0,0,0,0,0,0,26,225,0,0,0,0,1,5,1,0,0,0,0,0,0,0,0,0,0,0,0,0,0,0,0,4,0,0,0,6,51,13,17,0,0,0,0,21,2,3,4,0,0,0,0,0,0,2,0,55,24,31,117,2,0,0,0,2,55,0,0,0,0,0,55,0,57,0,0,0,0,32,0,0,0,0,0,0,3,2,0,37,35,596
Assam,Hojai,36,9,0,0,8,9,0,0,0,0,0,9,11,0,3,0,3,49,135,0,0,0,0,0,33,0,0,0,296,16,16,0,0,0,65,0,65,0,0,0,0,3,4,0,5,0,0,233,111,0,0,80,16,0,0,0,26,0,30,17,17,0,0,0,0,0,0,0,0,13,356,0,0,0,0,0,6,0,0,0,0,0,0,0,0,0,0,2,3,1,0,0,0,0,0,9,0,0,15,147,17,48,0,2,0,0,80,0,12,2,0,0,0,0,0,0,8,3,46,0,46,218,1,0,0,0,1,99,70,6,0,0,64,18,11,100,0,0,1,2,92,0,0,7,0,0,0,6,12,0,120,19,1124
Assam,South Salmara,17,5,0,0,1,1,1,0,0,0,0,0,11,0,0,0,2,11,8,0,0,0,0,0,42,0,0,0,98,15,15,0,0,0,20,20,0,0,0,0,0,3,51,0,7,0,0,46,29,0,0,13,3,1,0,0,0,0,20,9,0,3,6,0,0,1,0,0,0,10,162,0,0,0,0,0,7,0,0,0,0,0,0,0,0,0,0,0,0,0,0,0,0,0,7,0,0,0,7,65,0,12,0,0,0,0,53,0,15,0,1,1,0,0,0,0,4,0,29,0,29,114,1,0,0,0,1,20,0,0,0,0,0,16,4,21,0,0,0,0,28,0,0,0,0,0,0,2,0,0,30,36,468
Assam,Charaideo,7,0,0,0,9,0,0,0,0,0,0,0,10,0,0,0,0,5,12,0,0,0,0,0,0,0,0,0,43,27,27,0,0,0,38,0,38,0,0,0,0,3,16,0,0,0,0,5,1,0,0,1,0,0,0,0,3,0,16,16,8,0,8,0,0,0,0,0,0,0,105,0,0,0,0,2,1,0,0,0,0,0,0,0,0,0,0,0,0,0,0,0,0,0,1,0,0,0,3,63,0,25,0,0,0,0,38,0,0,5,2,2,0,0,0,0,9,0,3,0,3,82,1,0,0,1,0,8,0,0,0,0,0,8,0,9,0,0,0,0,7,0,0,0,0,0,0,0,0,0,7,13,262
Assam,Bajali,7,0,3,0,2,0,0,0,0,0,0,0,1,0,0,0,0,29,5,0,0,0,0,0,5,0,0,0,52,6,6,0,0,2,29,13,16,0,0,0,0,4,5,0,0,0,0,51,44,0,0,7,0,0,0,0,0,0,7,2,0,0,2,0,0,0,0,0,0,5,104,0,0,0,0,0,0,0,0,0,0,0,0,0,0,0,0,0,0,0,0,0,0,0,0,0,0,0,0,32,6,15,0,0,0,0,11,2,1,5,2,2,0,0,0,0,0,0,42,0,42,84,0,0,0,0,0,18,14,2,2,0,10,4,0,18,0,0,0,0,52,0,0,10,1,0,0,1,0,0,64,4,326
Assam,Tamulpur,13,2,1,0,30,2,0,2,0,0,0,0,2,0,0,1,2,10,6,0,0,0,0,0,0,0,0,0,69,8,8,0,0,0,50,0,50,0,0,0,0,7,10,0,0,0,0,27,15,0,0,12,0,0,0,0,0,2,45,40,1,22,17,0,0,0,0,0,0,5,149,0,0,0,0,0,1,0,0,0,0,0,0,0,0,0,0,0,1,0,0,0,0,0,0,1,0,0,2,44,1,15,0,0,1,0,27,1,2,2,1,1,0,0,0,0,5,0,11,1,10,66,0,0,0,0,0,8,0,0,0,0,0,7,1,8,0,0,0,0,32,0,0,4,1,0,1,0,6,0,44,5,343
Bihar,Araria,46,0,0,0,0,0,0,0,0,0,0,0,0,0,0,0,31,34,272,0,0,0,0,0,0,0,1,2,386,54,54,0,0,7,185,103,82,0,0,0,0,0,203,0,0,0,0,2634,818,0,0,1793,18,0,0,5,0,0,59,30,0,6,24,0,2,1,0,0,0,26,3142,0,0,0,0,0,50,0,0,0,0,0,0,0,0,0,0,7,0,33,0,0,0,8,2,0,0,0,50,865,0,444,0,0,0,0,421,18,3,50,3,3,0,0,0,0,1,0,35,0,35,975,0,0,0,0,0,175,49,30,6,0,13,72,54,175,0,0,0,0,44,0,0,0,1,0,0,0,0,0,45,70,4843
Bihar,Arwal,7,0,0,0,0,0,0,0,0,0,0,0,1,0,0,0,12,11,63,0,0,0,0,0,0,0,0,0,94,18,18,0,0,1,74,47,27,0,0,0,0,0,51,0,0,0,0,647,182,0,0,384,4,0,0,0,77,0,36,29,3,1,25,0,0,0,0,0,0,7,827,0,0,0,0,0,62,0,0,0,0,0,0,0,0,0,0,4,0,48,0,0,0,6,4,0,0,0,62,151,0,96,0,0,0,0,55,2,9,4,0,0,0,0,0,0,19,36,29,0,29,250,0,0,0,0,0,63,33,9,8,12,4,18,12,63,0,0,0,0,41,0,0,0,0,2,1,7,0,0,51,0,1347
Bihar,Aurangabad,23,0,0,0,13,0,0,0,0,0,0,0,0,0,0,0,26,62,253,0,1,0,0,0,0,0,0,0,378,62,62,0,0,4,258,138,120,0,0,0,0,0,301,0,0,7,0,2469,979,0,0,254,0,0,0,0,1236,274,162,162,0,0,162,0,0,0,0,0,0,0,3537,0,0,0,0,0,75,2,0,0,0,0,0,0,0,0,0,19,0,42,0,0,0,6,6,0,0,0,75,965,0,589,0,0,0,0,376,25,15,11,7,7,0,0,0,0,4,0,222,27,195,1249,0,0,0,0,0,255,54,20,26,3,5,90,111,255,0,0,0,0,96,0,0,0,0,0,0,8,0,0,104,192,5790
Bihar,Bagaha,16,0,0,0,1,0,0,0,0,0,0,0,0,0,0,0,18,23,139,0,0,0,0,0,0,0,0,0,197,29,29,0,0,1,56,26,30,0,0,0,0,0,162,0,0,0,0,122,43,0,0,76,3,0,0,0,0,0,31,19,7,0,12,0,0,0,0,0,0,12,401,0,0,0,0,0,19,0,0,0,0,0,0,0,0,0,0,2,0,14,0,0,0,2,1,0,0,0,19,149,1,69,0,0,0,0,79,1,6,7,1,1,0,0,0,0,0,0,26,0,26,190,0,0,0,0,0,64,22,0,0,0,22,42,0,64,0,0,0,0,20,0,0,0,0,0,0,2,0,0,22,972,1865
Bihar,Banka,10,0,0,0,1,0,0,0,0,0,0,0,2,0,0,0,15,18,81,0,0,0,0,0,0,0,0,0,127,45,45,0,0,4,137,66,71,0,0,0,0,0,41,18,0,0,0,1172,142,0,0,154,10,0,0,0,866,0,42,34,9,5,20,0,0,0,0,0,0,8,1459,0,0,0,0,0,4,0,0,0,0,0,0,1,0,0,0,1,1,0,0,0,0,1,0,0,0,0,4,428,7,288,0,0,0,0,133,6,7,29,0,0,0,0,0,0,0,0,46,0,46,516,0,0,0,0,0,89,40,0,0,0,40,42,7,89,0,0,0,0,36,0,0,0,0,0,0,2,0,0,38,1196,3429
Bihar,Begusarai,31,0,0,0,5,0,0,0,0,0,0,0,0,0,0,0,22,23,435,0,0,0,0,0,0,0,0,0,516,90,89,1,0,1,261,183,78,0,0,0,0,1,162,2,8,0,0,2311,520,0,0,1791,0,0,0,0,0,0,211,61,0,36,25,0,7,1,0,0,0,142,3047,0,0,0,0,0,13,0,0,0,0,0,0,0,0,0,0,0,0,7,0,0,0,1,5,0,0,0,13,772,173,421,0,1,0,0,177,26,16,49,2,2,0,0,0,0,7,4,130,0,130,1006,1,0,0,0,1,200,56,0,21,35,0,144,0,201,0,0,0,0,108,0,0,0,0,4,0,5,0,0,117,790,5690
Bihar,Bettiah,43,0,0,0,1,0,0,0,0,0,0,0,0,0,0,5,26,55,154,0,0,0,0,0,0,0,0,0,284,67,67,0,0,0,149,73,76,0,0,0,0,0,698,0,1,0,0,2218,917,0,0,1297,0,4,0,0,0,0,188,39,0,0,39,0,0,1,0,0,0,148,3321,0,0,0,0,0,11,2,0,0,0,0,0,0,0,0,0,3,0,4,0,0,0,2,0,0,0,0,11,992,0,799,0,0,0,0,193,8,11,17,0,0,0,0,0,0,0,0,91,0,91,1119,3,0,0,0,3,212,77,18,21,29,9,103,32,215,0,0,0,0,49,0,0,0,0,0,0,3,1,0,53,389,5392
Bihar,Kaimur(Bhabhua),24,0,0,0,17,0,0,0,0,0,0,0,0,0,0,0,18,27,194,0,0,0,0,0,0,0,0,0,280,57,57,0,0,2,106,76,30,0,0,0,0,0,201,0,0,0,0,1346,561,0,0,615,0,0,0,0,170,0,132,122,92,0,30,0,3,0,0,0,0,7,1844,0,0,0,0,0,77,1,0,0,0,0,0,0,0,0,0,8,0,52,0,0,0,6,10,0,0,0,77,493,0,238,0,0,6,0,249,5,5,16,2,2,0,0,0,0,9,3,105,0,105,638,0,0,0,0,0,128,32,14,1,5,12,71,25,128,0,0,0,0,141,0,0,0,0,0,0,1,0,0,142,140,3249
Bihar,Bhagalpur,39,0,0,0,6,0,0,0,0,0,0,0,0,0,0,0,25,69,485,0,0,0,0,0,0,0,0,0,624,64,64,0,0,4,149,73,76,0,0,0,0,3,11,0,3,0,0,955,306,0,0,542,15,0,0,70,22,63,102,45,24,0,21,0,0,1,0,0,0,56,1354,0,0,0,0,0,226,1,0,0,0,0,0,0,0,0,0,16,8,156,0,0,1,15,29,0,0,0,226,1325,0,861,7,1,0,14,442,23,7,43,6,6,0,0,0,0,0,0,126,0,126,1530,0,0,0,0,0,326,98,87,11,0,0,228,0,326,0,4,0,0,77,0,0,0,5,0,0,7,0,0,93,2184,6337
Bihar,Bhojpur,21,0,0,0,8,5,0,0,0,2,0,3,4,4,5,0,28,51,225,0,0,0,0,0,0,0,0,0,351,98,98,0,0,7,314,185,129,0,0,0,0,0,377,45,0,0,0,1875,650,19,10,1069,53,2,0,72,0,350,225,137,24,65,48,0,0,1,0,0,0,87,3291,0,0,0,0,0,133,0,0,0,0,0,0,0,0,0,0,6,0,100,0,0,0,13,14,0,0,0,133,1032,0,668,0,0,9,0,355,14,43,79,6,6,0,0,0,9,10,218,133,0,133,1544,0,0,0,0,0,176,68,0,5,3,60,47,61,176,0,22,0,0,45,0,0,0,0,0,0,20,35,0,122,0,5617
Bihar,Buxar,13,0,0,0,0,7,0,0,0,0,0,7,0,0,0,0,16,26,184,0,0,0,0,0,0,0,0,0,246,42,42,0,0,0,92,66,26,0,0,0,0,0,0,0,0,0,0,1060,37,0,0,1003,20,0,0,0,0,14,85,22,0,4,18,0,0,1,0,0,0,62,1293,0,0,0,0,0,273,0,0,0,0,0,0,2,0,1,0,28,0,208,0,0,0,9,25,0,0,0,273,548,0,338,0,0,0,0,210,12,0,17,1,1,0,0,0,0,0,0,76,0,76,654,0,0,0,0,0,175,61,0,27,34,0,54,60,175,0,0,0,0,58,0,0,0,0,0,0,3,0,0,61,577,3279
Bihar,Darbhanga,39,0,0,0,2,0,0,0,0,0,0,0,0,0,0,0,19,65,430,0,0,0,0,0,0,0,0,0,555,49,48,1,0,6,221,120,101,0,0,0,0,0,158,499,0,0,0,2929,255,0,0,1721,9,0,0,101,843,0,160,91,0,14,77,0,0,1,0,0,0,68,4022,0,0,0,0,0,33,10,0,0,0,0,0,0,0,0,0,0,0,13,0,0,0,8,2,0,0,0,33,1049,30,804,0,0,0,0,215,21,4,47,9,9,0,0,0,0,0,0,164,0,164,1294,0,0,0,0,0,254,51,0,19,7,25,102,101,254,0,0,0,0,83,0,0,0,0,0,0,0,0,0,83,349,6590
Bihar,Gaya,82,0,0,0,5,23,0,0,0,0,0,23,0,0,0,5,44,89,392,0,0,0,0,0,0,0,0,0,640,117,117,0,0,4,309,40,269,0,0,0,0,0,209,0,0,0,1,5965,48,0,0,5883,34,0,0,0,0,461,342,191,20,51,120,0,0,4,0,0,0,147,7408,0,0,0,0,0,140,8,0,0,0,0,0,0,0,0,0,26,0,94,0,0,0,4,8,0,0,0,140,1983,0,1307,0,0,0,0,676,59,0,74,17,17,0,0,0,0,0,0,336,0,336,2469,0,0,0,0,0,563,161,0,76,85,0,197,205,563,0,0,0,0,256,0,0,0,0,0,0,6,0,0,262,31,11513
Bihar,Gopalganj,8,0,0,0,0,0,0,0,0,0,0,0,0,0,0,0,29,25,330,0,0,0,0,0,0,0,0,0,392,37,37,0,0,0,195,0,195,0,0,0,0,0,698,0,5,0,0,2343,658,0,0,1685,0,0,0,0,0,0,105,46,41,0,5,0,0,1,0,0,0,58,3383,0,0,0,0,0,46,0,0,0,0,0,0,4,0,0,0,4,0,25,0,0,0,13,0,0,0,0,46,718,89,551,0,0,0,0,78,7,23,25,3,3,0,0,0,0,0,0,57,0,57,833,0,0,0,0,0,252,71,0,20,0,51,150,31,252,0,0,0,0,60,0,0,0,0,0,0,4,0,0,64,5,4975
Bihar,Jamalpur Railway,0,0,0,0,1,0,0,0,0,0,0,0,0,0,0,0,0,0,0,0,0,0,0,0,0,0,0,0,1,2,2,0,0,0,0,0,0,0,0,0,0,0,1,0,0,0,0,0,0,0,0,0,0,0,0,0,0,10,3,2,0,1,1,0,0,0,0,0,0,1,16,0,0,0,0,0,0,0,0,0,0,0,0,0,0,0,0,0,0,0,0,0,0,0,0,0,0,0,0,427,0,22,61,0,0,0,344,32,1,3,0,0,0,0,0,0,0,48,0,0,0,511,0,0,0,0,0,4,2,0,0,0,2,0,2,4,0,0,0,0,0,0,0,0,0,0,0,0,0,0,0,0,532
Bihar,Jamui,17,1,0,0,0,0,0,0,0,0,0,0,11,0,0,0,18,21,143,0,0,0,0,0,0,0,0,0,211,51,51,0,0,3,153,96,56,0,1,0,0,0,8,0,1,0,0,2095,896,0,0,1199,0,0,0,0,0,0,71,27,7,0,20,0,2,3,0,0,0,39,2382,0,0,0,0,0,67,2,0,0,0,0,0,0,0,0,0,3,0,43,0,0,0,9,10,0,0,0,67,326,0,153,0,0,0,0,173,6,15,25,9,9,0,0,0,0,6,0,66,0,66,453,0,0,0,0,0,80,32,9,8,15,0,33,15,80,0,0,0,0,47,0,0,0,0,0,0,0,0,0,47,57,3297
Bihar,Jehanabad,1,4,1,0,10,2,1,0,0,1,0,0,20,0,0,0,20,44,115,0,0,0,0,0,0,0,0,0,217,29,29,0,0,4,90,53,37,0,0,0,0,0,266,93,0,0,0,461,112,0,0,336,13,0,0,0,0,300,99,42,21,6,15,0,0,0,0,0,0,57,1342,0,0,0,0,0,114,0,0,0,0,1,0,2,0,0,0,29,0,60,0,0,0,11,11,0,0,0,114,481,19,254,3,1,0,1,203,13,27,25,1,1,0,0,0,0,10,96,81,0,81,734,0,0,0,0,0,108,25,11,8,6,0,83,0,108,0,1,9,0,47,0,0,0,0,3,2,10,0,0,72,302,2889
Bihar,Katihar,51,0,0,0,9,0,0,0,0,0,0,0,0,0,21,0,18,49,273,0,0,0,0,0,0,0,0,0,421,62,62,0,0,2,146,66,80,0,0,0,0,0,192,0,0,0,0,768,276,0,0,465,27,0,0,0,0,776,98,52,0,7,45,0,1,1,0,0,0,44,2044,0,0,0,0,0,27,1,0,0,0,0,0,1,0,0,0,4,0,16,0,0,0,4,1,0,0,0,27,618,38,437,0,0,9,0,134,11,10,27,9,9,0,0,0,0,17,103,50,5,45,845,1,0,0,0,1,160,42,0,0,0,42,65,53,161,0,0,0,0,29,0,0,0,5,0,0,31,10,8,83,289,3870
Bihar,Katihar Railway,0,0,0,0,0,0,0,0,0,0,0,0,0,0,0,0,0,0,2,0,0,0,0,0,0,0,0,0,2,2,2,0,0,0,0,0,0,0,0,0,0,0,0,0,0,0,0,5,0,0,0,0,3,0,0,0,2,0,9,4,0,0,4,0,0,0,0,0,0,5,16,0,0,0,0,0,0,0,0,0,0,0,0,0,0,0,0,0,0,0,0,0,0,0,0,0,0,0,0,273,0,24,0,0,0,0,249,3,0,5,0,0,0,0,0,0,0,0,6,2,4,287,0,0,0,0,0,2,0,0,0,0,0,2,0,2,0,0,0,0,0,0,0,0,0,0,0,0,0,0,0,189,496
Bihar,Khagaria,13,0,0,0,1,0,0,0,0,0,0,0,0,0,0,0,12,26,234,0,0,0,0,0,0,0,0,0,286,57,57,0,0,2,157,101,56,0,0,0,0,0,127,0,2,0,0,1882,555,0,0,1327,0,0,0,0,0,0,86,80,0,0,80,0,1,0,0,0,0,5,2313,0,0,0,0,0,11,1,0,0,0,0,0,0,0,0,0,2,0,2,0,0,0,4,2,0,0,0,11,377,101,173,0,0,0,0,103,12,3,29,0,0,0,0,0,0,0,0,73,0,73,494,0,0,0,0,0,163,59,0,21,26,12,24,80,163,0,0,0,0,40,0,0,0,0,0,0,0,0,0,40,443,3750
Bihar,Kishanganj,50,0,0,0,1,3,0,3,0,0,0,0,0,0,0,0,20,36,72,0,0,0,0,0,0,0,0,0,182,20,20,0,0,0,83,61,22,0,0,0,0,0,3,0,0,0,0,1171,220,0,0,512,2,1,0,0,436,0,97,48,0,35,13,0,0,1,0,0,0,48,1374,0,0,0,0,0,12,2,0,0,0,0,0,0,0,0,0,1,0,5,0,0,0,3,1,0,0,0,12,412,18,236,0,0,4,0,154,9,6,10,3,3,0,0,0,0,9,0,33,0,33,482,0,0,0,0,0,70,23,6,6,6,5,12,35,70,0,1,0,0,8,0,0,0,0,0,0,2,0,0,11,0,2131
Bihar,Lakhisarai,5,0,0,0,0,0,0,0,0,0,0,0,0,0,0,0,16,17,184,0,0,0,0,0,0,0,0,0,222,32,32,0,0,0,101,77,24,0,0,0,0,0,327,0,0,0,0,620,67,0,0,552,0,1,0,0,0,54,134,81,9,42,30,0,1,1,0,0,0,51,1268,0,0,0,0,0,24,1,0,0,0,2,0,0,0,0,0,2,2,15,0,0,0,2,0,0,0,0,24,266,40,169,0,0,0,0,57,1,9,14,5,5,0,0,0,0,2,0,69,0,69,366,0,0,0,0,0,138,81,0,30,25,26,0,57,138,0,0,0,0,37,42,0,0,0,0,0,0,0,0,79,504,2601
Bihar,Madhepura,14,1,0,0,0,0,0,0,0,0,0,0,0,0,0,0,16,35,270,0,0,0,0,0,0,0,0,0,336,86,86,0,0,1,193,120,72,0,1,0,0,1,52,0,0,0,0,2454,1138,0,0,1248,67,0,0,0,1,0,39,21,0,9,12,0,2,5,0,0,0,11,2826,0,0,0,0,0,39,0,0,0,0,0,0,0,0,0,0,26,0,0,0,0,0,9,4,0,0,0,39,1008,51,481,0,0,0,0,476,75,10,84,1,1,0,0,0,0,0,19,97,0,97,1294,0,0,0,0,0,132,58,0,0,0,58,74,0,132,0,0,37,0,34,0,0,0,0,0,0,1,0,1,73,13,4713
Bihar,Madhubani,41,2,0,0,5,0,0,0,0,0,0,0,0,0,0,0,19,38,418,0,0,0,0,0,0,0,0,0,523,77,77,0,0,1,231,109,122,0,0,0,0,13,451,190,0,0,0,1814,502,0,0,1309,3,0,0,0,0,0,83,25,0,15,10,0,0,1,0,0,0,57,2860,0,0,0,0,0,22,0,0,0,0,0,0,0,0,0,0,2,0,13,0,0,0,6,1,0,0,9,31,1404,0,1172,0,0,0,0,232,8,26,53,4,4,0,2,0,0,17,16,132,0,132,1662,0,0,0,0,0,193,44,0,17,18,9,48,101,193,0,13,0,0,70,0,0,0,0,0,0,8,0,0,91,314,5674
Bihar,Motihari,35,0,0,0,10,0,0,0,0,0,0,0,0,0,0,0,66,71,519,0,0,0,0,0,0,0,0,0,701,125,125,0,0,0,392,248,144,0,0,0,0,0,218,0,7,0,0,4128,764,0,0,2233,59,1,0,57,1014,0,140,103,19,30,54,0,2,2,0,0,0,33,5010,0,0,0,0,0,88,6,0,0,0,1,0,0,0,1,0,8,0,60,0,0,0,10,2,3,0,0,91,2010,0,1596,0,0,0,0,414,8,8,102,11,11,0,0,0,0,0,0,202,25,177,2341,5,0,0,0,5,421,136,29,18,35,54,58,227,426,0,0,0,0,121,0,0,0,0,0,0,9,0,0,130,1536,10235
Bihar,Munger,23,0,0,0,7,0,0,0,0,0,0,0,0,0,0,0,8,45,259,0,0,0,0,0,0,0,0,0,342,59,59,0,0,2,72,42,30,0,0,0,0,9,429,103,0,0,0,238,85,0,0,104,5,1,0,43,0,588,62,62,4,0,58,0,0,0,0,0,0,0,1562,0,0,0,0,0,13,0,0,0,0,0,0,0,0,0,0,1,0,10,0,0,0,1,1,0,0,0,13,276,0,140,5,0,0,2,129,9,14,27,0,0,0,0,0,0,2,0,119,2,117,447,2,0,0,0,2,138,61,11,12,24,14,54,23,140,0,0,3,0,53,0,0,0,0,0,0,0,121,0,177,176,2857
Bihar,Muzaffarpur,64,0,0,0,0,4,0,0,0,0,0,4,0,0,2,6,80,44,782,0,0,0,0,0,0,0,0,0,982,121,121,0,0,5,493,310,183,0,0,0,0,0,143,168,0,0,0,4249,595,0,0,3555,22,0,0,77,0,0,351,215,99,0,116,0,2,1,0,0,0,133,5530,0,0,0,0,0,69,1,0,0,0,0,0,0,0,0,0,4,0,52,0,0,0,6,6,0,0,0,69,2221,85,1388,0,5,0,0,743,55,37,87,6,4,2,0,0,0,52,45,271,0,271,2774,0,0,0,0,0,387,79,53,21,5,0,221,87,387,0,0,10,0,159,0,0,0,0,0,0,1,0,0,170,0,9912
Bihar,Muzaffarpur Railway,0,0,0,0,4,0,0,0,0,0,0,0,0,0,0,0,0,0,4,0,0,0,0,0,0,0,0,0,8,3,3,0,0,0,0,0,0,0,0,0,0,0,4,0,0,0,0,9,0,0,0,0,0,0,0,0,9,37,6,4,0,0,4,0,0,1,0,0,0,1,59,0,0,0,0,0,1,0,0,0,0,0,0,0,0,0,0,0,0,0,0,0,0,0,1,0,0,0,1,854,0,66,0,0,0,0,788,20,0,6,0,0,0,0,0,0,0,165,0,0,0,1045,0,0,0,0,0,23,3,0,3,0,0,20,0,23,0,0,0,0,0,0,0,0,0,0,0,0,0,0,0,23,1159
Bihar,Nalanda,20,0,0,0,8,0,0,0,0,0,0,0,0,0,2,0,49,73,326,0,0,0,0,0,0,0,0,0,478,98,98,0,0,9,260,140,120,0,0,0,0,0,532,0,0,0,0,2590,188,327,0,2029,45,1,0,0,0,0,280,156,20,52,84,0,1,4,0,0,0,119,3769,0,0,0,0,0,499,5,0,0,0,2,1,0,0,0,0,12,0,341,0,0,0,51,87,0,0,0,499,1200,339,530,0,0,0,0,331,57,16,76,16,16,0,0,0,0,0,0,266,0,266,1631,0,0,0,0,0,363,132,48,16,19,49,189,42,363,0,0,0,0,138,0,0,0,0,0,0,0,0,0,138,693,7571
Bihar,Naugachia,11,0,0,0,0,4,0,0,0,4,0,0,2,0,0,0,9,11,99,0,0,0,0,0,0,0,0,0,136,23,23,0,0,3,66,0,66,0,0,0,0,0,60,20,0,2,0,84,51,0,0,27,4,0,0,1,1,599,99,60,0,23,37,0,3,0,0,0,0,36,956,0,0,0,0,0,41,0,0,0,0,0,0,0,0,0,0,0,0,39,0,0,0,1,1,1,0,0,42,259,0,147,0,0,0,0,112,3,57,24,0,0,0,0,0,0,5,6,24,0,24,378,0,0,0,0,0,51,11,0,4,0,7,15,25,51,0,0,1,0,46,0,0,0,0,1,2,13,0,0,63,149,1775
Bihar,Nawadah,22,0,0,0,2,0,0,0,0,0,0,0,0,0,4,0,15,39,245,0,0,0,0,0,0,0,0,0,327,45,45,0,0,3,191,76,115,0,0,0,0,0,399,164,21,15,0,730,489,0,0,146,95,0,0,0,0,0,263,129,32,0,97,0,4,1,0,0,0,129,1831,0,0,0,0,0,53,1,0,0,0,0,0,0,0,0,0,9,0,32,0,0,0,8,3,0,0,0,53,722,0,462,0,0,0,0,260,3,7,26,6,6,0,0,0,0,2,530,117,0,117,1413,0,0,0,0,0,231,125,0,64,61,0,42,64,231,0,0,0,0,100,0,0,0,0,0,0,3,0,0,103,1984,5942
Bihar,Patna,110,0,0,0,43,0,0,0,0,0,0,0,7,0,14,4,89,241,933,0,0,0,0,0,0,0,0,0,1441,335,335,0,0,18,745,464,281,0,0,0,0,0,476,0,0,0,0,9278,666,0,0,6747,20,0,0,21,1824,236,1734,378,18,155,205,0,1,2,0,0,0,1353,12822,0,0,0,0,0,74,4,0,0,0,0,0,0,0,0,0,15,0,32,0,0,0,16,7,0,0,0,74,9947,0,6114,0,0,0,0,3833,41,46,210,46,46,0,0,0,9,0,0,1026,0,1026,11325,1,0,0,0,1,4150,1691,347,76,85,1183,1713,746,4151,0,0,0,0,416,0,0,0,0,1,0,0,0,0,417,2306,32536
Bihar,Patna Railway,1,1,0,0,6,0,0,0,0,0,0,0,0,0,0,0,2,0,1,0,0,0,0,0,0,0,0,0,11,9,9,0,0,0,0,0,0,0,0,0,0,2,0,0,0,0,0,30,0,25,0,0,0,0,0,0,5,63,15,4,0,3,1,0,0,0,0,0,0,11,119,0,0,0,0,15,0,0,0,0,0,0,0,0,0,0,0,0,0,0,0,0,0,0,0,0,0,0,15,1526,0,43,0,0,0,0,1483,15,1,7,0,0,0,0,0,0,0,243,0,0,0,1792,0,0,0,0,0,18,0,0,0,0,0,14,4,18,0,0,0,0,0,0,0,0,0,0,0,0,0,0,0,41,1996
Bihar,Purnea,85,5,1,0,3,0,0,0,0,0,0,0,0,0,0,0,27,38,416,0,0,0,0,0,0,0,2,0,577,68,68,0,0,4,237,103,134,0,0,0,0,0,195,0,0,0,0,1305,524,0,0,679,102,0,0,0,0,0,153,82,62,0,20,0,1,3,0,0,0,67,1962,0,0,0,0,0,41,1,0,0,0,0,0,0,0,0,0,10,0,21,0,0,0,2,7,0,0,0,41,1417,0,790,0,0,0,0,627,67,9,78,10,10,0,0,0,0,6,0,142,0,142,1729,0,0,0,0,0,297,94,13,2,6,73,127,76,297,0,0,0,0,87,0,0,0,0,0,0,5,0,0,92,1887,6585
Bihar,Rohtas,38,0,0,0,28,0,0,0,0,0,0,0,0,0,0,0,32,76,359,0,0,0,0,0,0,0,0,0,533,101,101,0,0,2,303,93,210,0,0,0,0,0,162,0,0,0,0,3129,680,0,0,2449,0,0,0,0,0,0,344,173,96,0,77,0,0,3,0,0,0,168,4041,0,0,0,0,0,303,14,0,0,0,1,0,3,0,0,0,37,0,208,0,0,0,9,31,0,0,0,303,1325,0,699,0,0,0,0,626,11,20,53,13,13,0,0,0,0,4,0,199,0,199,1625,1,0,0,0,1,476,133,10,61,62,0,130,213,477,0,0,0,0,140,0,0,0,0,0,0,3,0,0,143,434,7556
Bihar,Saharsa,7,0,0,0,0,0,0,0,0,0,0,0,0,0,4,0,10,14,173,0,0,0,0,0,0,0,0,0,208,56,56,0,0,0,127,70,57,0,0,0,0,0,494,0,0,0,0,1149,462,0,0,687,0,0,0,0,0,525,90,39,0,22,17,0,0,5,0,0,0,46,2441,0,0,0,0,59,125,0,0,0,1,0,0,0,0,1,0,14,2,78,0,0,0,12,17,0,0,0,184,699,176,403,0,0,0,0,120,30,13,96,2,2,0,0,0,0,0,0,88,0,88,928,0,0,0,0,0,105,58,0,1,1,56,47,0,105,0,0,0,0,33,0,0,0,0,0,0,0,0,2,35,0,3901
Bihar,Samastipur,30,0,0,0,1,0,0,0,0,0,0,0,0,0,0,0,40,24,428,0,0,0,0,0,0,0,0,0,523,101,101,0,0,1,261,148,87,26,0,0,0,0,404,0,0,0,0,41,41,0,0,0,0,0,0,0,0,1510,91,48,22,0,26,0,3,0,0,0,0,40,2409,0,0,0,0,0,48,0,0,0,1,0,0,0,0,0,0,12,0,22,0,0,0,8,5,0,0,0,48,868,0,480,0,0,0,0,388,25,7,83,5,5,0,0,244,0,0,863,106,14,92,2201,0,0,0,0,0,180,108,18,44,9,37,64,8,180,0,22,0,0,154,0,0,0,0,0,0,2,0,0,178,266,5805
Bihar,Saran,16,0,0,0,16,0,0,0,0,0,0,0,0,0,0,0,42,84,673,0,0,0,0,0,0,0,0,0,831,103,103,0,0,8,384,235,149,0,0,0,0,0,525,0,0,0,0,4056,815,0,0,1477,0,0,0,0,1764,0,233,117,0,0,117,0,6,0,0,0,0,110,5309,0,0,0,0,0,41,10,0,0,0,1,0,0,0,0,0,0,0,16,0,0,0,13,1,0,0,0,41,1629,0,961,0,0,0,0,668,44,30,110,14,13,1,0,0,0,0,0,232,0,232,2059,0,0,0,0,0,706,129,79,8,28,14,574,3,706,0,21,0,0,187,0,0,0,0,0,0,2,0,14,224,2635,11805
Bihar,Sheikhpura,3,0,0,0,4,0,0,0,0,0,0,0,0,0,0,0,6,6,58,0,0,0,0,0,0,0,0,0,77,25,25,0,0,0,54,31,22,0,1,0,0,0,128,0,0,0,0,506,46,0,0,460,0,0,0,0,0,0,51,45,0,11,34,0,0,0,0,0,0,6,764,0,0,0,0,0,105,0,0,0,0,0,0,0,0,0,0,4,0,86,0,0,0,5,10,0,0,0,105,196,0,125,0,0,0,0,71,0,1,12,1,1,0,0,0,0,0,0,41,0,41,251,0,0,0,0,0,94,40,7,17,16,0,30,24,94,0,1,0,0,21,0,0,0,0,0,0,0,0,0,22,70,1383
Bihar,Sheohar,6,0,0,0,0,0,0,0,0,0,0,0,0,0,0,0,4,7,86,0,0,0,0,0,0,0,0,0,103,9,9,0,0,0,23,9,14,0,0,0,0,0,80,0,0,0,0,275,142,0,0,133,0,0,0,0,0,0,11,11,0,2,9,0,0,0,0,0,0,0,398,0,0,0,0,0,3,1,0,0,0,0,0,0,0,0,0,0,0,2,0,0,0,0,0,0,0,0,3,95,0,72,0,0,0,0,23,0,2,1,0,0,0,0,0,0,0,14,12,0,12,124,0,0,0,0,0,29,9,1,0,0,8,12,8,29,0,0,0,0,15,0,0,0,0,0,0,3,17,0,35,273,965
Bihar,Sitamarhi,39,5,7,0,4,0,0,0,0,0,0,0,0,0,4,0,29,41,467,0,0,0,0,0,5,0,0,0,601,81,81,0,0,11,192,112,80,0,0,0,0,2,380,0,1,0,0,1409,244,0,0,1158,7,0,0,0,0,432,105,63,28,0,35,1,5,4,0,0,0,32,2613,0,0,0,0,0,11,5,0,0,0,0,0,0,0,0,0,0,0,4,0,0,0,2,0,1,0,0,12,1360,0,1209,0,0,0,0,151,20,36,63,8,8,0,2,0,0,50,118,126,0,126,1783,3,0,0,0,3,110,47,38,4,1,4,45,18,113,0,0,0,0,68,0,0,0,0,0,0,13,0,5,86,85,5293
Bihar,Siwan,22,0,0,0,3,1,0,0,0,0,0,1,23,0,1,0,21,67,502,0,0,0,0,0,0,0,0,0,640,65,65,0,0,0,156,100,56,0,0,0,0,0,262,0,0,0,0,1116,386,0,0,726,3,0,0,1,0,0,188,37,12,7,18,0,0,1,0,0,0,150,1787,0,0,0,0,0,61,0,0,0,0,0,0,0,0,0,0,2,0,50,0,0,0,7,2,0,0,0,61,1633,0,1169,0,0,0,0,464,3,24,52,1,1,0,0,0,0,0,0,155,0,155,1868,0,0,0,0,0,183,103,0,27,10,66,14,66,183,0,7,0,0,127,0,0,0,0,0,0,5,1,0,140,4324,9003
Bihar,Supaul,13,0,0,0,0,0,0,0,0,0,0,0,0,0,0,0,23,33,127,0,0,0,0,0,0,0,0,0,196,44,44,0,0,1,188,153,35,0,0,0,0,0,192,0,0,0,0,2528,569,0,0,1959,0,0,0,0,0,0,146,51,51,0,0,0,0,0,0,0,0,95,3099,0,0,0,0,0,68,0,0,0,0,0,0,0,0,0,0,26,0,31,0,0,0,7,4,0,0,0,68,517,0,219,0,0,0,0,298,5,4,42,2,2,0,0,0,0,9,0,45,0,45,624,0,0,0,0,0,91,20,16,0,2,2,48,23,91,0,0,0,0,40,0,0,0,0,0,0,0,0,0,40,0,4118
Bihar,Vaishali,26,26,0,0,0,13,1,0,5,2,0,5,0,0,0,0,58,83,633,0,0,0,0,0,0,0,0,0,839,69,69,0,0,3,300,140,160,0,0,0,0,0,527,0,13,0,0,1440,600,2,19,206,38,0,0,199,376,83,344,234,76,48,110,0,2,1,0,0,0,107,2779,0,0,0,0,0,63,1,0,0,0,1,0,0,0,0,0,5,0,42,0,0,0,12,2,0,0,0,63,1719,22,1202,35,0,16,56,388,24,36,79,8,8,0,0,2,0,11,17,222,0,222,2118,0,0,0,0,0,439,84,25,29,17,13,92,263,439,0,0,0,0,122,0,0,0,0,0,0,2,0,3,127,2109,8474
Bihar,Economic Offences Unit,0,0,0,0,0,0,0,0,0,0,0,0,0,0,0,0,0,0,0,0,0,0,0,0,0,0,0,0,0,0,0,0,0,0,0,0,0,0,0,0,0,0,0,0,0,0,0,0,0,0,0,0,0,0,0,0,0,0,0,0,0,0,0,0,0,0,0,0,0,0,0,0,0,0,0,0,0,0,0,0,0,0,0,0,0,0,0,0,0,0,0,0,0,0,0,0,0,0,0,0,0,0,0,0,0,0,0,0,0,0,0,0,0,0,0,0,0,0,0,0,0,0,0,0,0,0,0,9,0,0,0,0,0,8,1,9,0,0,0,0,0,0,0,1,0,0,0,0,0,0,1,3,13
Bihar,Anti Terrorist Squad,0,0,0,0,0,0,0,0,0,0,0,0,0,0,0,0,0,0,0,0,0,0,0,0,0,0,0,0,0,0,0,0,0,0,0,0,0,0,0,0,0,0,0,0,0,0,0,0,0,0,0,0,0,0,0,0,0,0,0,0,0,0,0,0,0,0,0,0,0,0,0,0,0,0,0,0,0,0,0,0,0,0,0,0,0,0,0,0,0,0,0,0,0,0,0,0,0,0,0,0,0,0,0,0,0,0,0,0,0,0,0,0,0,0,0,0,0,0,0,0,0,0,0,0,0,0,0,0,0,0,0,0,0,0,0,0,0,0,0,0,0,0,0,0,0,0,0,0,0,0,0,0,0
Chhattisgarh,Balod,21,2,4,0,8,0,0,0,0,0,0,0,7,0,3,2,0,6,0,0,0,0,0,0,0,0,0,0,53,18,18,0,0,1,198,0,191,0,0,0,7,6,12,0,0,0,0,15,2,0,0,13,0,0,0,0,0,0,63,57,57,0,0,0,0,3,0,0,0,3,313,0,0,0,0,0,4,0,0,0,0,0,0,0,0,0,0,0,0,0,0,0,0,0,4,0,0,0,4,91,2,53,0,0,0,0,36,0,0,3,0,0,0,0,0,0,4,0,98,22,76,196,0,0,0,0,0,52,4,0,0,0,4,48,0,52,0,0,0,0,238,6,0,0,0,0,0,1,0,0,245,613,1476
Chhattisgarh,Balodbazar,29,0,0,0,30,9,1,2,0,3,0,3,0,1,5,6,0,26,0,0,3,0,2,0,0,0,0,0,111,33,33,0,0,1,289,40,238,0,0,6,5,13,58,1,6,2,0,129,50,0,0,52,4,0,0,3,20,4,146,146,58,88,0,0,0,0,0,0,0,0,682,0,0,0,0,0,53,0,0,0,1,1,0,4,0,0,0,1,5,15,4,5,5,4,8,0,0,0,53,222,40,131,7,1,0,0,43,1,9,18,4,4,0,0,0,0,6,0,186,12,174,446,1,0,0,0,1,51,0,0,0,0,0,36,15,52,0,0,1,0,354,5,0,48,16,0,5,15,3,2,449,1427,3220
Chhattisgarh,Balrampur,65,0,0,0,32,0,0,0,0,0,0,0,0,0,1,2,2,15,0,0,0,0,0,0,0,0,0,0,117,53,53,0,0,3,214,89,125,0,0,0,0,7,27,0,0,0,0,44,23,0,0,6,15,0,0,0,0,24,66,66,31,0,35,0,0,0,0,0,0,0,438,0,0,0,0,0,53,0,0,0,0,0,0,0,0,0,0,0,0,0,0,0,0,0,53,3,0,0,56,79,14,31,0,0,0,0,34,0,2,8,1,1,0,0,0,0,5,0,43,0,43,138,0,0,0,0,0,32,0,0,0,0,0,32,0,32,0,0,0,0,127,1,0,0,9,0,0,6,5,0,148,584,1513
Chhattisgarh,Bemetra,14,0,0,0,17,2,0,0,0,1,0,1,0,0,2,3,0,18,0,0,0,0,2,0,0,0,0,0,58,19,19,0,0,4,221,25,187,0,0,0,9,5,15,1,0,0,0,25,9,0,0,15,1,0,0,0,0,7,64,64,64,0,0,0,0,0,0,0,0,0,361,0,0,0,0,0,22,0,0,0,0,2,0,0,0,0,0,4,1,2,0,0,0,1,12,0,0,0,22,105,3,56,3,0,0,0,43,0,0,5,0,0,0,0,0,0,0,0,95,18,77,205,0,0,0,0,0,24,7,0,0,0,7,17,0,24,0,0,1,0,180,1,0,0,7,0,3,6,18,0,216,638,1524
Chhattisgarh,Bilaspur,110,0,0,0,114,0,0,0,0,0,0,0,0,0,0,37,4,99,0,0,12,4,0,0,0,0,0,0,380,49,49,0,0,1,385,363,10,0,0,0,12,18,52,2,0,0,0,3886,2046,174,0,1666,0,0,0,0,0,0,402,402,73,113,216,0,0,0,0,0,0,0,4795,0,0,0,0,0,63,0,0,0,0,0,0,7,1,3,0,14,3,1,2,3,0,2,27,0,0,0,63,751,165,293,0,0,0,0,293,7,5,48,1,1,0,0,1,0,18,0,380,72,308,1211,0,0,0,0,0,201,0,0,0,0,0,190,11,201,0,0,0,0,1040,107,0,200,0,0,0,12,0,0,1359,0,8009
Chhattisgarh,Bizapur,11,0,0,0,1,0,0,0,0,0,0,0,0,0,0,0,0,0,0,0,0,0,0,0,0,0,0,0,12,48,27,21,0,0,76,75,0,0,0,0,1,1,66,0,0,0,0,0,0,0,0,0,0,0,0,0,0,0,14,14,0,12,2,0,0,0,0,0,0,0,205,0,0,0,0,0,5,0,0,0,0,0,0,0,0,0,0,0,0,0,0,0,0,0,5,0,0,0,5,23,2,18,0,1,0,0,2,0,0,0,9,9,0,0,0,0,0,0,17,14,3,49,0,0,0,0,0,12,10,0,0,0,10,2,0,12,0,0,0,0,43,0,0,0,0,0,0,6,0,0,49,69,401
Chhattisgarh,Dantewara,8,0,0,0,2,1,0,0,0,0,0,1,2,0,1,1,0,1,0,0,0,0,0,0,0,0,0,0,16,15,15,0,0,0,75,2,69,0,1,0,3,2,25,0,0,0,0,5,0,0,0,1,4,0,0,0,0,0,7,7,6,1,0,0,0,0,0,0,0,0,129,0,0,0,0,0,3,0,0,0,0,0,0,0,0,0,0,0,0,0,0,0,0,0,3,0,0,0,3,27,2,11,0,0,0,0,14,1,0,1,0,0,0,0,0,0,1,0,17,6,11,47,0,0,0,0,0,15,3,0,0,0,3,12,0,15,0,0,0,0,50,0,0,94,0,0,0,1,1,0,146,9,365
Chhattisgarh,Dhamtari,15,0,4,0,16,3,0,0,0,0,0,3,1,0,1,7,1,6,0,0,0,0,5,0,0,0,0,0,59,25,25,0,0,1,196,19,168,0,0,0,9,6,15,0,0,0,0,77,29,0,0,46,0,0,0,0,2,13,52,51,51,0,0,0,0,0,0,0,0,1,385,0,0,0,0,0,15,0,0,0,0,0,0,0,0,0,0,1,0,2,0,0,0,1,11,0,0,0,15,140,0,101,0,0,0,0,39,0,0,9,1,1,0,0,0,0,2,0,108,40,68,260,0,0,0,0,0,25,3,0,0,0,3,22,0,25,0,0,4,0,195,0,0,0,5,1,1,7,0,0,213,654,1611
Chhattisgarh,Durg,69,0,0,0,44,11,1,0,0,0,0,10,5,2,7,25,4,49,2,0,0,0,6,0,0,0,0,0,224,61,61,0,0,6,341,62,274,0,0,0,5,11,121,0,0,2,0,220,7,0,0,110,17,0,0,5,81,1,293,284,284,0,0,0,0,0,0,0,0,9,1056,0,0,0,0,0,32,1,0,0,0,2,0,0,0,2,0,1,1,23,0,0,2,0,0,1,0,0,33,837,8,622,0,1,0,0,206,28,17,51,2,2,0,0,0,0,11,0,378,34,344,1324,0,0,0,0,0,243,3,0,2,1,0,221,19,243,0,0,0,0,903,19,0,262,25,1,7,17,18,1,1253,2992,7125
Chhattisgarh,Gariyaband,17,0,1,0,9,1,0,0,0,0,1,0,0,0,3,2,2,20,0,0,0,0,0,0,0,0,0,0,55,22,22,0,0,0,118,6,108,0,1,0,3,3,15,0,0,0,0,8,4,0,0,4,0,0,0,0,0,3,26,26,25,1,0,0,0,0,0,0,0,0,195,0,0,0,0,0,11,0,0,0,0,0,0,0,0,0,0,4,0,2,0,0,0,0,5,3,0,0,14,78,1,47,0,0,1,0,29,1,2,1,3,3,0,0,0,0,0,0,23,7,16,108,0,0,0,0,0,22,1,0,0,0,1,20,1,22,0,0,0,0,140,0,0,6,5,1,0,4,0,0,156,714,1264
Chhattisgarh,Grp Raipur,2,0,0,0,3,0,0,0,0,0,0,0,0,0,0,2,0,0,0,0,0,0,0,0,0,0,0,0,7,2,2,0,0,0,3,3,0,0,0,0,0,0,1,0,0,0,0,11,0,0,0,10,0,0,0,1,0,0,5,5,5,0,0,0,0,0,0,0,0,0,22,0,0,0,0,0,0,0,0,0,0,0,0,0,0,0,0,0,0,0,0,0,0,0,0,0,0,0,0,337,0,25,0,0,0,0,312,0,1,4,0,0,0,0,0,0,0,0,6,0,6,348,0,0,0,0,0,3,3,0,0,0,3,0,0,3,0,0,0,0,1,0,0,17,0,0,0,1,0,0,19,32,431
Chhattisgarh,Jagdalpur,39,0,0,0,24,0,0,0,0,0,0,0,0,0,0,7,0,10,0,0,0,0,0,0,0,0,0,0,80,20,20,0,0,0,228,110,78,0,0,0,40,4,7,0,0,0,0,549,3,0,0,279,0,0,0,0,267,0,87,43,0,41,2,0,0,0,0,0,0,44,895,0,0,0,0,0,18,2,0,0,0,0,0,3,0,0,0,0,1,0,0,7,0,0,5,0,0,0,18,94,10,66,0,0,0,0,18,0,0,14,1,1,0,0,0,0,13,0,82,18,64,204,0,0,0,0,0,86,38,32,1,0,5,48,0,86,0,0,0,0,0,0,0,0,0,0,0,4,0,0,4,414,1701
Chhattisgarh,Janjgir,38,1,0,0,52,0,0,0,0,0,0,0,0,0,0,9,3,40,0,0,4,0,0,0,0,0,0,0,147,29,29,0,0,4,220,19,193,0,0,0,8,6,28,0,0,0,0,119,41,0,0,54,4,0,0,0,20,0,181,181,0,86,95,0,0,0,0,0,0,0,587,0,0,0,0,0,77,0,0,0,0,0,0,0,0,0,0,0,0,0,0,0,0,0,77,0,0,0,77,254,0,143,0,0,0,1,110,2,2,16,2,2,0,0,0,0,5,0,205,3,202,486,0,0,0,0,0,42,0,0,0,0,0,42,0,42,0,0,0,0,257,67,0,1,17,0,5,4,0,1,352,1659,3350
Chhattisgarh,Jashpur,55,0,0,0,14,0,0,0,0,0,0,0,0,0,0,7,1,4,0,0,0,0,0,0,0,0,0,0,81,58,58,0,0,1,332,59,273,0,0,0,0,9,13,0,0,0,0,44,27,0,0,11,6,0,0,0,0,0,66,66,66,0,0,0,0,0,0,0,0,0,523,0,0,0,0,0,27,0,0,0,0,0,0,0,0,0,0,0,0,0,0,0,0,0,27,0,0,0,27,142,0,76,0,0,0,0,66,0,1,8,0,0,0,0,0,0,1,0,78,12,66,230,1,0,0,0,1,31,1,1,0,0,0,30,0,32,0,0,0,0,133,0,0,0,5,0,0,4,0,0,142,341,1376
Chhattisgarh,Kabirdham,10,0,1,0,28,2,0,0,0,0,0,2,2,0,1,3,2,36,3,0,0,0,6,0,0,0,0,0,94,29,29,0,0,2,136,10,120,0,0,0,6,4,26,0,0,0,0,48,18,0,0,28,0,0,0,0,2,0,115,115,115,0,0,0,0,0,0,0,0,0,360,0,0,0,0,0,46,0,0,0,0,0,0,12,0,0,0,0,0,6,0,1,0,0,27,0,0,0,46,106,3,44,0,2,0,0,57,2,0,15,2,2,0,0,0,0,4,0,150,5,145,279,1,0,0,0,1,44,8,0,1,0,7,32,4,45,0,0,0,0,189,0,0,0,3,0,0,5,0,0,197,1011,2032
Chhattisgarh,Kanker,22,0,1,0,6,3,0,2,0,1,0,0,2,0,2,7,1,6,0,0,0,0,1,0,0,0,0,0,51,21,21,0,0,2,194,19,164,0,0,0,11,2,19,0,0,0,0,91,20,0,0,17,0,0,0,54,0,3,47,47,0,30,17,0,0,0,0,0,0,0,379,0,0,0,0,0,12,0,0,0,0,0,0,0,0,0,0,0,0,0,0,6,0,0,6,0,0,0,12,69,2,44,1,0,0,0,22,0,4,6,0,0,0,0,0,0,0,0,59,12,47,138,0,0,0,0,0,33,0,0,0,0,0,33,0,33,0,0,0,0,103,2,0,0,5,0,1,2,3,0,116,370,1099
Chhattisgarh,Kondagaon,31,0,0,0,8,0,0,0,0,0,0,0,0,0,0,1,2,3,0,0,0,0,0,0,0,0,0,0,45,19,19,0,0,0,192,5,113,61,0,0,13,3,5,0,0,0,0,4,4,0,0,0,0,0,0,0,0,0,56,56,56,0,0,0,0,0,0,0,0,0,279,0,0,0,0,0,9,0,0,0,0,0,0,0,0,0,0,0,0,0,0,0,0,0,9,0,0,0,9,30,0,8,10,0,0,0,12,0,0,1,0,0,0,0,1,0,1,0,21,2,19,54,1,0,0,0,1,35,0,0,0,0,0,35,0,36,0,0,0,0,119,0,0,0,0,0,0,5,0,0,124,269,816
Chhattisgarh,Korba,94,0,12,0,52,17,0,0,0,0,0,17,1,0,9,38,3,30,0,0,0,0,0,0,0,0,0,0,256,50,50,0,0,3,393,55,324,0,0,0,14,15,24,0,0,0,0,33,8,0,0,15,7,0,0,0,3,5,198,198,0,103,95,0,0,0,0,0,0,0,721,0,0,0,0,0,50,0,0,0,0,0,0,0,0,0,0,0,0,0,0,0,0,0,50,1,0,0,51,471,2,150,1,0,2,0,316,4,17,31,8,8,0,0,0,0,12,0,260,16,244,803,0,0,0,0,0,68,0,0,0,0,0,68,0,68,0,0,1,0,228,10,0,132,19,0,1,24,0,2,417,1962,4278
Chhattisgarh,Koriya,15,0,0,0,8,2,0,0,0,0,0,2,0,0,1,3,1,6,0,0,0,0,0,0,0,0,0,0,36,13,13,0,0,0,103,99,4,0,0,0,0,0,5,0,0,0,0,5,4,0,0,1,0,0,0,0,0,0,39,39,39,0,0,0,0,0,0,0,0,0,165,0,0,0,0,0,11,0,0,0,0,0,0,0,0,0,0,0,0,0,0,0,0,0,11,0,0,0,11,41,0,22,0,0,0,0,19,0,0,3,1,1,0,0,0,0,1,0,42,1,41,88,0,0,0,0,0,17,0,0,0,0,0,16,1,17,0,0,0,0,84,0,0,0,0,0,0,2,0,0,86,404,807
Chhattisgarh,Mahasamund,49,0,0,0,39,0,0,0,0,0,0,0,0,0,0,11,4,12,0,0,0,0,0,0,0,0,0,0,115,24,24,0,0,3,280,277,0,0,0,0,3,6,37,0,0,0,0,51,0,0,0,43,4,0,0,0,4,0,127,127,65,0,62,0,0,0,0,0,0,0,528,0,0,0,0,0,22,0,0,0,0,0,0,0,0,0,0,0,0,0,0,0,0,0,22,0,0,0,22,180,0,100,0,4,0,0,76,3,1,14,0,0,0,0,0,0,6,2,89,0,89,295,1,0,0,0,1,58,0,0,0,0,0,58,0,59,0,1,0,0,205,0,0,0,0,0,0,3,0,1,210,753,1982
Chhattisgarh,Mungali,12,0,0,0,9,2,0,0,0,0,0,2,0,0,2,2,1,9,0,0,0,0,0,0,0,0,0,0,37,15,15,0,0,2,124,18,100,0,0,0,6,3,9,0,0,0,0,56,28,0,0,26,1,0,0,0,1,0,62,62,0,34,28,0,0,0,0,0,0,0,271,0,0,0,0,0,19,0,0,0,0,0,0,0,0,0,0,0,0,0,0,0,0,0,19,0,0,0,19,50,0,22,0,0,0,0,28,0,0,4,2,2,0,0,0,0,3,0,37,0,37,96,0,0,0,0,0,28,3,1,1,0,1,25,0,28,0,0,0,0,156,0,0,1,4,1,0,7,2,0,171,534,1156
Chhattisgarh,Narayanpur,7,0,0,0,1,0,0,0,0,0,0,0,0,0,0,0,0,1,0,0,0,0,0,0,0,0,0,0,9,22,21,1,0,0,34,2,31,0,0,0,1,2,28,0,0,0,0,3,0,0,0,3,0,0,0,0,0,0,9,8,8,0,0,0,0,0,0,0,0,1,98,0,0,0,0,0,3,0,0,0,0,0,0,0,0,0,0,0,0,0,0,0,0,2,1,0,0,0,3,26,0,9,0,0,0,0,17,0,0,0,1,1,0,0,0,0,0,0,11,0,11,38,0,0,0,0,0,3,0,0,0,0,0,3,0,3,0,0,0,0,27,0,0,1,1,0,1,6,0,0,36,47,234
Chhattisgarh,Raigarh,53,0,7,0,40,2,0,0,0,2,0,0,3,1,0,7,3,13,0,0,0,1,0,0,2,0,0,0,132,56,56,0,0,7,415,0,415,0,0,0,0,14,27,1,2,3,0,109,15,0,0,29,5,0,0,49,11,1,111,110,0,47,63,0,1,0,0,0,0,0,746,0,0,0,0,0,33,0,0,0,0,0,0,0,0,0,0,6,1,11,0,0,0,1,14,0,0,0,33,422,1,190,0,0,0,0,231,4,3,26,4,4,0,0,0,0,19,3,146,9,137,627,0,0,0,0,0,68,0,0,0,0,0,68,0,68,0,0,0,0,274,61,0,13,7,0,7,6,0,0,368,1209,3183
Chhattisgarh,Raipur,114,0,0,0,66,13,0,0,0,0,0,13,0,0,2,21,6,99,0,0,0,0,9,0,0,0,0,0,330,78,78,0,0,5,651,170,465,0,0,0,16,8,97,3,4,0,0,1420,24,0,0,1373,12,0,0,5,6,3,485,482,240,240,2,0,0,0,0,0,0,3,2754,0,0,0,0,0,87,0,0,0,0,2,0,0,0,0,0,0,0,0,0,0,1,0,84,0,0,0,87,1480,132,1163,0,2,0,5,178,17,2,70,3,3,0,0,2,0,47,0,526,186,340,2147,0,0,0,0,0,250,181,1,1,1,178,69,0,250,0,4,0,0,1496,114,0,0,12,0,0,17,0,0,1643,2682,9893
Chhattisgarh,Rajnandgaon,27,0,0,0,12,6,0,0,0,0,0,6,0,0,9,9,3,12,0,0,0,0,0,0,0,0,0,0,78,26,26,0,0,1,218,201,17,0,0,0,0,9,17,0,0,0,0,102,35,0,0,44,7,0,0,0,16,18,104,103,103,0,0,0,0,0,0,0,0,1,495,0,0,0,0,0,21,0,0,0,0,0,0,0,0,0,0,0,0,0,0,0,0,0,21,0,0,0,21,227,4,137,2,2,0,0,82,8,3,11,0,0,0,0,1,0,7,0,157,30,127,414,0,0,0,0,0,78,0,0,0,0,0,68,10,78,0,0,0,0,233,0,0,0,6,0,3,7,13,0,262,809,2157
Chhattisgarh,Sarguja,96,0,2,0,41,23,0,0,0,0,0,23,0,0,1,12,4,20,0,0,0,1,2,0,0,0,0,0,202,55,55,0,0,1,320,41,0,0,0,0,279,4,13,1,0,0,0,1014,13,0,0,23,10,1,0,2,965,37,119,119,0,62,57,0,0,0,0,0,0,0,1564,0,0,0,0,0,43,0,0,0,0,0,0,0,0,0,0,0,0,0,0,0,0,0,43,0,0,0,43,372,0,271,0,0,0,0,101,1,6,15,3,3,0,0,0,0,17,0,171,7,164,585,1,0,0,0,1,156,5,0,2,3,0,151,0,157,0,2,0,0,294,59,0,0,6,0,0,17,14,0,392,176,3119
Chhattisgarh,Sukma,8,1,0,0,7,0,0,0,0,0,0,0,0,0,0,1,0,1,2,0,0,0,0,0,0,0,0,0,20,28,28,0,0,1,46,0,45,0,0,0,1,0,29,0,0,0,0,3,0,0,0,2,0,0,0,0,1,0,19,19,0,11,8,0,0,0,0,0,0,0,126,0,0,0,0,0,1,0,0,0,0,0,0,0,0,0,0,0,0,0,0,0,0,0,1,0,0,0,1,22,0,15,0,0,0,0,7,0,0,2,5,4,1,0,0,0,0,0,9,0,9,38,1,0,0,0,1,8,2,0,0,0,2,4,2,9,0,0,0,0,28,0,0,44,0,0,0,4,0,0,76,53,323
Chhattisgarh,Surajpur,28,0,1,0,14,5,0,1,0,0,0,4,2,0,2,9,0,20,0,0,0,0,3,0,0,0,0,0,84,54,54,0,0,2,282,0,261,0,0,0,21,11,30,0,0,0,0,73,41,1,0,25,3,1,0,2,0,5,59,59,55,4,0,0,0,0,0,0,0,0,516,0,0,0,0,3,41,0,0,0,0,0,0,0,0,1,0,19,0,3,0,0,9,1,8,2,0,1,47,128,0,44,0,0,1,2,81,0,2,4,1,1,0,0,0,0,1,0,93,6,87,229,0,0,0,0,0,45,13,0,0,1,12,23,9,45,0,0,1,0,174,0,0,801,0,0,3,12,0,1,992,7,1920
Chhattisgarh,Gaurela-Pendra-Marwari,17,1,3,0,6,2,0,0,0,0,0,2,2,1,4,4,1,15,0,0,0,0,0,0,0,0,0,0,56,16,16,0,0,1,88,9,75,0,1,0,3,2,12,0,0,0,0,40,15,0,0,21,3,0,0,0,1,1,49,48,48,0,0,0,0,0,0,0,0,1,209,0,0,0,0,0,6,0,0,0,0,0,0,0,0,0,0,4,0,0,0,0,0,0,2,0,0,0,6,75,0,43,2,0,0,0,30,1,3,2,0,0,0,0,0,0,2,0,49,8,41,132,0,0,0,0,0,35,9,0,1,8,0,24,2,35,0,0,0,0,73,0,0,0,1,0,0,5,1,0,80,367,885
Chhattisgarh,Khairagarh - Chhuikhadan-Gandai,10,0,1,0,11,4,0,1,0,2,0,1,3,0,2,5,2,8,0,1,0,0,0,0,0,0,0,0,47,8,8,0,0,3,92,34,55,0,0,0,3,2,5,0,0,0,0,24,4,0,0,16,4,0,0,0,0,0,46,46,28,18,0,0,0,0,0,0,0,0,180,0,0,0,0,0,3,0,0,0,0,0,0,0,0,0,0,0,0,1,0,0,1,1,0,0,0,0,3,55,0,28,0,0,0,0,27,0,4,4,0,0,0,0,0,0,1,0,65,22,43,129,0,0,0,0,0,22,10,8,2,0,0,10,2,22,0,0,0,0,122,3,0,26,4,0,0,8,0,0,163,381,925
Chhattisgarh,Manendragarh-Chirmiri-Bharatpur,36,0,0,0,8,4,0,0,0,2,0,2,7,0,1,1,0,12,0,0,0,0,0,0,0,0,0,0,69,21,21,0,0,1,105,0,100,0,0,0,5,2,13,0,0,0,0,21,9,0,0,10,1,0,0,0,1,0,57,57,29,28,0,0,0,0,0,0,0,0,220,0,0,0,0,0,9,0,0,0,0,0,0,0,0,0,0,1,0,0,0,0,0,0,8,0,0,0,9,72,1,39,0,0,0,0,32,0,0,9,0,0,0,0,0,0,1,0,61,4,57,143,0,0,0,0,0,26,0,0,0,0,0,20,6,26,0,0,0,0,91,0,0,0,0,0,0,1,0,0,92,575,1134
Chhattisgarh,Mohla-Manpur-Ambagarh Chouki,6,0,0,0,1,0,0,0,0,0,0,0,0,0,0,0,0,1,0,1,0,0,0,0,0,0,0,0,9,6,6,0,0,0,97,0,94,0,0,0,3,0,2,0,0,0,0,104,45,1,0,0,1,0,0,14,43,0,18,18,18,0,0,0,0,0,0,0,0,0,227,0,0,0,0,0,1,0,0,0,0,0,0,0,0,0,0,0,0,0,0,0,0,0,1,0,0,0,1,16,3,11,0,0,0,0,2,0,0,0,0,0,0,0,0,0,2,0,16,4,12,34,0,0,0,0,0,9,1,1,0,0,0,8,0,9,0,0,1,0,16,0,0,3,0,0,0,0,0,0,20,0,300
Chhattisgarh,Sakti,19,0,0,0,43,0,0,0,0,0,0,0,0,0,0,4,3,25,0,0,0,0,0,0,0,0,0,0,94,15,15,0,0,1,135,25,101,0,0,0,9,2,12,0,0,0,0,76,26,0,0,47,1,0,0,0,2,0,119,117,0,62,55,0,0,1,0,0,0,1,360,0,0,0,0,0,56,0,0,0,0,0,0,0,0,0,0,0,0,0,0,0,0,0,56,2,0,0,58,129,0,93,0,0,0,0,36,1,4,7,1,1,0,0,0,0,0,0,89,2,87,231,0,0,0,0,0,39,0,0,0,0,0,38,1,39,0,0,0,0,101,1,0,1,2,0,0,6,0,0,111,602,1495
Chhattisgarh,Sarangarh-Bilaigarh,24,0,0,0,15,3,3,0,0,0,0,0,1,1,1,1,1,0,4,0,0,0,0,0,0,0,0,0,51,16,16,0,0,3,121,1,120,0,0,0,0,4,12,0,0,0,0,107,15,0,0,18,2,0,0,72,0,17,71,71,0,45,26,0,0,0,0,0,0,0,351,0,0,0,0,0,38,0,0,0,0,1,0,0,0,0,0,0,1,0,0,14,0,0,22,0,0,0,38,128,21,50,0,0,0,0,57,0,1,3,0,0,0,0,0,0,1,0,45,0,45,178,0,0,0,0,0,33,4,1,0,1,2,29,0,33,0,0,0,0,82,0,0,9,1,0,0,5,1,1,99,556,1306
Goa,North Goa,55,0,2,0,24,29,1,4,0,3,0,21,4,6,12,31,1,2,0,0,0,0,0,0,0,0,0,0,166,16,16,0,0,13,85,12,67,0,0,0,6,2,18,0,3,2,0,173,17,0,0,113,20,0,0,22,1,22,58,49,16,20,13,0,0,1,0,0,0,8,392,0,0,0,0,6,18,0,0,4,0,0,0,0,0,0,0,1,1,5,0,1,0,0,6,2,0,3,29,211,37,53,3,0,1,2,115,20,4,7,0,0,0,0,0,0,18,0,73,18,55,333,0,0,0,0,0,92,17,0,0,0,17,72,3,92,0,0,6,0,90,6,0,0,11,5,11,7,11,2,149,42,1203
Goa,South Goa,42,1,0,0,15,8,0,2,2,2,0,2,0,1,7,13,1,1,0,0,0,0,2,0,0,0,0,0,91,13,13,0,0,3,98,13,76,0,0,0,9,4,10,0,1,1,0,93,11,0,0,56,10,0,0,15,1,13,36,32,20,4,8,0,0,0,0,0,0,4,272,0,0,0,0,4,18,3,0,0,0,0,0,0,0,1,0,2,0,6,0,3,2,0,1,6,0,1,29,101,7,44,0,0,0,1,49,6,2,5,2,2,0,0,0,0,15,0,62,16,46,193,0,0,0,0,0,65,18,5,1,0,12,41,6,65,0,0,4,0,141,6,0,0,7,4,14,4,14,2,196,19,865
Goa,Cid,8,0,1,0,3,4,0,0,0,0,0,4,0,0,0,3,0,0,0,0,0,0,0,0,0,0,0,0,19,1,1,0,0,1,0,0,0,0,0,0,0,1,1,0,0,0,0,1,0,0,0,0,0,0,0,0,1,0,0,0,0,0,0,0,0,0,0,0,0,0,5,0,0,0,0,0,0,0,0,0,0,0,0,0,0,0,0,0,0,0,0,0,0,0,0,0,0,0,0,5,0,0,1,0,0,0,4,0,3,1,0,0,0,0,0,0,0,0,0,0,0,9,0,0,0,0,0,16,4,0,0,0,4,7,5,16,0,0,0,0,0,0,0,0,0,0,0,0,0,0,0,4,53
Gujarat,Ahmedabad City,62,0,4,0,31,23,0,0,0,0,0,23,9,6,33,3,2,386,26,1,1,0,9,0,0,0,0,0,596,90,90,0,0,18,393,0,392,0,0,0,1,56,98,6,12,2,0,1385,222,0,0,1105,23,3,0,26,6,1,206,159,33,67,59,0,0,6,0,0,0,41,2267,0,0,0,0,2,35,0,0,0,0,0,0,0,0,0,0,0,0,0,0,20,0,0,15,6,0,3,46,3583,62,1894,10,2,0,19,1596,178,76,110,8,8,0,1,1,0,135,2,398,51,347,4492,10,0,0,0,10,661,0,0,0,0,0,512,149,671,0,0,3378,0,3503,4776,0,0,0,0,17,30,119,3,11826,2908,22806
Gujarat,Ahmedabad Rural,11,0,0,0,6,5,0,0,0,1,0,4,1,0,3,1,1,4,5,0,0,1,3,0,0,0,0,0,41,31,31,0,0,8,326,48,278,0,0,0,0,17,49,1,5,0,0,217,115,0,0,79,6,0,1,12,4,0,25,22,15,7,0,0,0,1,0,0,0,2,679,0,0,0,0,0,3,0,0,0,0,0,0,0,0,1,0,0,0,0,0,2,0,0,0,0,0,0,3,469,0,161,0,0,0,0,308,6,33,26,2,2,0,0,0,0,22,10,77,11,66,645,0,0,0,0,0,91,28,0,0,0,28,20,43,91,0,0,301,0,1609,955,0,0,0,0,5,2,6,1,2879,530,4868
Gujarat,Amreli,15,0,0,0,6,4,0,0,0,0,0,4,4,1,3,0,0,62,19,0,0,0,2,0,0,0,0,0,116,22,22,0,0,4,127,4,123,0,0,0,0,8,33,0,4,1,0,192,65,0,0,116,5,1,0,5,0,0,7,4,1,1,2,0,0,1,0,0,0,2,398,0,0,0,0,0,8,0,0,0,0,0,0,0,0,0,0,2,0,1,0,2,0,0,3,2,0,6,16,320,2,60,0,0,1,2,255,3,21,12,1,1,0,1,0,0,15,2,76,25,51,451,0,0,0,0,0,68,5,4,0,0,1,52,11,68,0,0,103,0,357,203,0,0,1,3,3,5,7,1,683,674,2406
Gujarat,Anand,13,0,0,0,4,6,2,0,0,0,0,4,1,1,6,0,0,25,9,0,1,0,4,0,0,0,0,0,70,15,15,0,0,6,201,50,151,0,0,0,0,4,16,1,1,0,0,118,77,0,0,34,4,0,0,3,0,0,24,23,11,0,12,0,0,0,0,0,0,1,386,0,0,0,0,1,4,1,0,0,0,0,0,0,0,1,1,0,0,0,0,0,0,0,1,0,0,1,6,281,6,102,5,1,2,1,164,1,8,9,2,2,0,0,0,0,37,1,52,4,48,391,1,0,0,0,1,63,3,0,1,1,1,31,29,64,0,0,339,0,583,759,0,0,0,0,10,7,4,0,1702,517,3136
Gujarat,Arvalli,11,0,0,0,5,12,0,0,0,0,0,12,1,1,1,1,0,14,18,0,0,0,2,0,0,0,0,0,66,23,23,0,0,0,115,0,114,0,0,0,1,10,13,1,1,0,0,66,33,0,0,27,2,0,0,2,2,0,20,15,12,3,0,0,0,2,0,0,0,3,249,0,0,0,0,0,8,0,0,0,0,0,0,0,0,0,0,0,3,4,0,1,0,0,0,0,0,0,8,158,1,44,0,0,0,0,113,7,0,9,4,4,0,0,1,0,10,0,50,4,46,239,0,0,0,0,0,61,22,1,1,1,19,30,9,61,0,0,16,0,383,527,0,0,0,0,15,7,6,0,954,546,2123
Gujarat,Banaskantha,51,0,0,0,15,13,0,7,0,0,0,6,0,0,0,0,2,79,27,0,0,0,6,0,0,0,0,0,193,33,33,0,0,9,284,84,197,0,0,0,3,17,36,0,24,1,0,199,130,0,0,61,7,0,0,1,0,0,38,16,0,9,7,0,0,3,0,0,0,19,641,0,0,0,0,0,15,0,0,0,0,0,0,0,0,1,0,0,0,8,0,6,0,0,0,0,0,1,16,555,119,326,0,5,0,2,103,15,25,29,5,5,0,0,0,0,21,1,103,13,90,754,1,0,0,0,1,109,0,0,0,0,0,67,42,110,0,0,91,0,921,820,0,6,0,0,34,7,8,0,1887,1063,4664
Gujarat,Bharuch,14,0,0,0,6,14,2,3,0,1,0,8,0,0,0,0,0,31,14,0,0,0,2,0,0,0,0,0,81,19,19,0,0,3,269,70,193,0,2,0,4,5,25,2,0,0,0,159,52,0,0,89,6,0,0,11,1,3,30,26,26,0,0,0,0,0,0,0,0,4,515,0,0,0,0,5,1,0,0,0,0,0,0,0,0,0,0,0,0,1,0,0,0,0,0,0,0,1,7,307,5,139,0,0,1,3,159,8,4,10,3,3,0,0,0,0,23,5,113,20,93,473,2,2,0,0,0,66,2,0,1,1,0,31,33,68,0,0,1946,0,1489,668,0,0,0,0,52,8,15,0,4178,425,5747
Gujarat,Bhavnagar,15,0,0,0,6,4,0,1,0,0,0,3,0,0,4,0,1,54,26,0,0,0,1,0,0,0,0,0,111,46,46,0,0,5,143,3,140,0,0,0,0,17,15,0,5,0,0,331,169,0,0,150,3,0,0,6,3,0,17,12,3,9,0,0,0,1,0,0,0,4,579,0,0,0,0,0,5,0,0,0,0,0,0,0,0,0,0,0,0,1,0,1,0,0,3,1,0,2,8,395,1,151,1,0,0,0,242,5,13,17,2,2,0,0,0,0,16,1,80,12,68,529,5,3,0,0,2,59,2,0,1,0,1,33,24,64,0,0,196,0,317,243,0,0,1,0,25,7,8,0,797,885,2973
Gujarat,Botad,8,0,0,0,1,0,0,0,0,0,0,0,1,0,0,0,0,11,4,0,0,0,1,0,0,0,0,0,26,11,11,0,0,1,65,4,60,0,0,0,1,10,12,1,0,0,0,91,36,0,0,52,1,0,0,1,1,0,6,4,3,1,0,0,0,2,0,0,0,0,197,0,0,0,0,0,0,0,0,0,0,0,0,0,0,0,0,0,0,0,0,0,0,0,0,0,0,0,0,78,1,31,0,0,0,0,46,2,9,3,0,0,0,0,0,0,6,2,24,9,15,124,0,0,0,0,0,23,2,0,0,0,2,13,8,23,0,0,24,0,135,428,0,0,0,0,2,0,1,0,590,473,1433
Gujarat,Chhotaudepur,8,0,0,0,1,2,0,0,0,0,0,2,2,1,0,0,0,2,19,0,0,0,1,0,0,0,0,0,36,24,24,0,0,4,127,0,127,0,0,0,0,8,15,1,0,0,0,53,37,0,0,15,0,0,0,1,0,0,7,6,0,3,3,0,0,1,0,0,0,0,239,0,0,0,0,1,3,0,0,0,0,0,0,0,0,0,0,0,1,0,0,0,0,0,2,0,0,1,5,114,0,96,0,0,0,0,18,0,1,2,0,0,0,0,0,0,7,0,20,1,19,144,0,0,0,0,0,11,3,0,1,0,2,4,4,11,0,0,43,0,2584,533,0,1,0,0,0,3,0,0,3164,207,3806
Gujarat,Cid Crime,0,0,0,0,0,0,0,0,0,0,0,0,0,0,0,0,0,0,0,0,0,0,0,0,0,0,0,0,0,0,0,0,0,0,0,0,0,0,0,0,0,0,0,0,1,0,0,2,0,0,0,0,2,0,0,0,0,0,1,0,0,0,0,0,1,0,0,0,0,0,4,0,0,0,0,0,0,0,0,0,0,0,0,0,0,0,0,0,0,0,0,0,0,0,0,0,0,0,0,2,0,0,0,0,0,0,2,0,10,0,0,0,0,0,0,0,51,0,0,0,0,63,1,0,0,0,1,36,0,0,0,0,0,11,25,37,0,0,0,0,0,0,0,0,0,0,0,0,0,0,0,4,108
Gujarat,Dahod,11,0,1,0,6,1,0,0,0,0,0,1,0,0,1,0,1,18,44,0,0,0,5,0,0,0,0,0,88,15,15,0,0,1,168,10,157,0,0,0,1,9,9,0,0,0,0,77,51,0,0,18,5,0,0,2,1,1,8,3,0,1,2,0,0,0,0,0,0,5,288,0,0,0,0,2,3,0,0,0,0,0,0,3,0,0,0,0,0,0,0,0,0,0,0,0,0,0,5,175,0,103,0,0,0,1,71,1,4,4,2,2,0,0,0,0,9,0,42,4,38,237,0,0,0,0,0,38,1,0,0,1,0,21,16,38,0,0,28,0,1913,1328,0,1,0,0,22,2,4,0,3298,391,4345
Gujarat,Dang,2,0,0,0,1,0,0,0,0,0,0,0,2,0,0,0,0,2,0,0,0,0,0,0,0,0,0,0,7,6,6,0,0,0,48,0,48,0,0,0,0,2,4,0,1,0,0,4,2,0,0,2,0,0,0,0,0,0,0,0,0,0,0,0,0,0,0,0,0,0,65,0,0,0,0,0,0,0,0,0,0,0,0,0,0,0,0,0,0,0,0,0,0,0,0,0,0,0,0,12,0,6,0,0,0,0,6,1,0,2,0,0,0,0,0,0,1,0,7,0,7,23,0,0,0,0,0,10,0,0,0,0,0,8,2,10,0,0,9,0,192,0,0,0,1,0,4,0,3,0,209,34,348
Gujarat,Devbhumi Dwarka,7,0,0,0,4,1,0,0,0,0,0,1,3,2,3,3,0,29,9,0,0,0,2,0,0,0,0,0,63,9,9,0,0,3,70,1,66,0,0,0,3,7,14,4,1,0,0,73,31,7,0,32,3,0,0,0,0,0,9,5,0,4,1,0,0,2,0,0,0,2,190,0,0,0,0,0,2,0,0,0,0,0,0,0,0,0,0,0,0,0,0,1,0,0,1,0,0,0,2,52,1,15,0,0,0,1,35,0,12,7,3,3,0,1,0,0,6,0,24,4,20,105,0,0,0,0,0,27,0,0,0,0,0,9,18,27,0,0,142,0,433,556,0,0,0,0,16,0,0,0,1147,176,1710
Gujarat,Gandhinagar,16,0,1,0,2,16,0,3,0,4,0,9,0,0,0,0,0,37,21,0,0,0,5,0,0,0,0,0,98,24,24,0,0,2,232,49,181,0,0,1,1,12,33,1,1,0,0,182,55,0,39,78,3,0,1,0,6,0,32,23,0,14,9,0,0,6,0,0,0,3,519,0,0,0,0,0,16,0,0,0,0,0,0,0,0,1,0,2,0,6,0,5,0,2,0,0,0,0,16,742,11,357,7,1,0,4,362,17,11,7,8,8,0,0,0,0,12,0,133,22,111,930,0,0,0,0,0,115,1,0,0,0,1,60,54,115,0,0,139,0,1104,660,0,0,0,0,15,3,3,0,1924,522,4124
Gujarat,Gir Somnath,16,0,0,0,2,5,0,0,0,0,0,5,1,0,0,1,0,46,4,0,0,0,2,0,0,0,0,0,77,9,9,0,0,3,87,1,86,0,0,0,0,2,14,0,0,0,0,80,24,0,0,51,3,0,0,0,2,0,0,0,0,0,0,0,0,0,0,0,0,0,195,0,0,0,0,0,4,0,0,0,0,0,0,0,0,0,0,3,0,1,0,0,0,0,0,1,0,5,10,97,0,33,0,0,0,2,62,3,9,4,0,0,0,0,0,0,7,0,39,11,28,159,3,2,0,0,1,15,3,3,0,0,0,7,5,18,0,0,110,0,555,481,0,0,0,0,5,1,6,0,1158,290,1907
Gujarat,Jamnagar,19,0,0,0,7,3,0,0,0,0,0,3,0,0,3,0,1,57,16,0,0,0,0,0,0,0,0,0,106,21,21,0,0,6,130,5,125,0,0,0,0,12,19,2,1,0,0,185,92,0,0,77,3,0,0,12,1,0,16,12,12,0,0,1,0,0,0,0,0,3,392,0,0,0,0,3,0,0,0,0,0,0,0,0,0,0,0,0,0,0,0,0,0,0,0,0,0,1,4,234,10,100,0,0,0,1,123,3,19,11,0,0,0,2,1,0,15,3,63,15,48,351,0,0,0,0,0,44,4,3,1,0,0,29,11,44,0,0,50,0,1754,1740,0,1,0,0,35,7,5,0,3592,399,4888
Gujarat,Junagadh,22,0,0,0,9,8,0,1,0,2,0,5,1,0,2,0,1,113,17,0,0,0,2,0,0,0,0,0,175,9,9,0,0,5,127,5,122,0,0,0,0,14,24,2,5,2,0,315,50,1,0,219,13,1,0,29,2,0,30,22,6,12,4,0,0,2,0,0,0,6,533,0,0,0,0,5,4,0,0,0,0,0,0,0,0,0,0,1,0,0,0,2,0,0,1,0,0,1,10,216,3,60,0,0,0,1,152,3,44,8,2,2,0,0,0,0,17,0,60,12,48,350,0,0,0,0,0,46,1,0,0,0,1,30,15,46,0,0,188,0,414,349,1,8,2,0,22,5,14,0,1003,617,2734
Gujarat,Kachchh East(G),19,0,0,0,2,9,1,0,0,3,0,5,0,2,1,0,0,47,33,0,0,0,4,0,0,0,0,0,117,29,29,0,0,4,208,0,195,0,0,0,13,15,30,0,2,0,0,129,61,0,0,53,4,0,0,10,1,0,45,35,20,9,6,0,0,1,0,0,0,9,462,0,0,0,0,0,9,0,0,0,0,0,0,0,0,0,0,0,0,6,0,0,0,0,3,0,0,0,9,249,1,169,0,0,0,2,77,2,20,25,3,3,0,1,0,0,31,3,85,11,74,419,0,0,0,0,0,77,18,15,0,3,0,37,22,77,0,0,210,0,520,585,0,2,0,0,25,5,5,0,1352,406,2842
Gujarat,Kachchh West(B),16,0,0,0,4,6,0,4,0,0,0,2,1,2,3,1,0,38,10,0,0,0,2,0,0,0,0,0,83,24,24,0,0,3,152,4,142,0,0,0,6,14,12,0,1,0,0,106,49,0,0,45,3,1,0,7,1,0,20,18,15,2,1,0,0,0,0,0,0,2,332,0,0,0,0,1,9,0,0,0,0,0,0,0,0,0,0,1,2,5,0,1,0,0,0,4,0,0,14,223,6,76,1,0,3,1,136,0,7,10,0,0,0,0,0,0,12,5,108,12,96,365,1,0,0,1,0,53,6,6,0,0,0,41,6,54,0,0,297,0,1066,771,0,0,3,0,16,4,4,0,2161,418,3427
Gujarat,Kheda,19,0,1,0,16,8,0,0,0,0,0,8,0,0,0,1,0,42,10,0,0,0,1,0,0,0,0,0,98,20,20,0,0,6,218,10,204,0,0,0,4,18,34,6,9,2,0,122,82,0,0,33,4,0,0,3,0,0,22,18,18,0,0,0,0,0,0,0,0,4,457,0,0,0,0,0,6,0,0,0,0,0,0,1,0,0,0,5,0,0,0,0,0,0,0,0,0,2,8,521,5,160,0,1,0,3,352,6,6,11,5,5,0,0,0,0,38,0,73,3,70,660,0,0,0,0,0,104,0,0,0,0,0,67,37,104,0,0,313,0,660,265,0,0,0,0,25,4,7,0,1274,840,3441
Gujarat,Mahisagar,8,0,0,0,2,5,0,0,0,0,0,5,0,0,0,0,0,9,8,0,0,0,6,0,0,0,0,0,38,5,5,0,0,2,91,13,78,0,0,0,0,5,5,0,7,0,0,45,27,0,0,13,2,1,0,1,1,0,9,8,8,0,0,0,0,0,0,0,0,1,169,0,0,0,0,0,2,0,0,0,0,0,2,0,0,0,0,0,0,0,0,0,0,0,0,0,0,0,2,62,2,32,0,0,0,0,28,0,5,1,0,0,0,0,0,0,3,0,23,4,19,94,1,0,0,0,1,17,0,0,0,0,0,7,10,18,0,1,56,0,342,202,0,0,0,0,8,1,1,0,611,311,1243
Gujarat,Mehsana,11,0,2,0,4,15,0,0,0,0,0,15,4,0,9,0,0,32,15,0,0,0,3,0,0,0,0,0,95,16,16,0,0,3,214,0,214,0,0,0,0,14,46,0,2,3,0,255,111,0,1,116,16,1,0,9,1,1,64,59,0,22,37,0,0,1,0,0,0,4,618,0,0,0,0,2,9,0,0,0,0,0,0,0,0,0,0,0,4,2,0,2,0,0,1,3,0,0,14,642,1,263,0,0,0,1,377,10,12,25,6,6,0,0,0,1,63,0,116,11,105,875,0,0,0,0,0,103,0,0,0,0,0,64,39,103,0,0,35,0,411,237,1,0,3,1,37,5,8,0,738,756,3199
Gujarat,Morbi,6,0,1,0,0,2,0,0,0,0,0,2,2,0,2,0,0,5,6,0,0,0,3,0,0,0,0,0,27,34,34,0,0,3,183,6,177,0,0,0,0,10,15,7,0,0,0,140,64,0,0,62,3,0,0,10,1,0,13,7,7,0,0,0,0,1,0,0,0,5,405,0,0,0,0,0,2,0,0,0,0,0,0,0,0,0,0,0,0,0,0,0,0,0,2,0,0,0,2,139,0,98,0,0,0,1,40,0,22,5,0,0,0,1,1,0,10,1,23,2,21,202,0,0,0,0,0,39,0,0,0,0,0,24,15,39,0,0,131,0,1503,1815,0,0,0,0,19,3,1,0,3472,196,4343
Gujarat,Narmada,5,0,0,0,0,2,0,0,0,0,0,2,0,2,0,0,0,7,7,0,0,0,0,0,0,0,0,0,23,12,12,0,0,0,85,11,74,0,0,0,0,1,4,0,0,0,0,43,25,0,0,16,2,0,0,0,0,0,3,2,1,1,0,0,0,0,0,0,0,1,148,0,0,0,0,0,4,0,0,0,0,0,0,0,0,1,0,0,0,0,0,1,0,0,2,0,0,1,5,50,1,13,2,0,0,0,34,0,0,1,1,1,0,0,1,0,4,0,11,3,8,68,0,0,0,0,0,11,1,0,0,0,1,4,6,11,0,0,104,0,2030,711,0,1,0,0,3,0,5,0,2854,111,3220
Gujarat,Navsari,7,0,0,0,0,0,0,0,0,0,0,0,1,0,2,0,0,9,2,0,1,0,0,0,0,0,0,0,22,9,9,0,0,4,168,0,168,0,0,0,0,3,8,0,11,0,0,43,15,0,0,22,3,0,0,2,1,0,6,5,5,0,0,0,0,1,0,0,0,0,252,0,0,0,0,0,2,0,0,0,0,0,0,0,0,0,0,0,0,1,0,0,0,0,1,2,0,0,4,147,8,59,0,0,0,0,80,0,2,1,0,0,0,0,0,0,10,9,43,9,34,212,0,0,0,0,0,60,1,0,0,0,1,18,41,60,0,0,7,0,973,369,0,0,0,0,3,4,5,0,1361,98,2009
Gujarat,Panchmahal,14,0,2,0,3,21,1,4,0,0,0,16,0,0,5,0,0,58,31,0,0,0,2,0,0,0,0,0,136,23,23,0,0,4,292,40,248,0,0,0,4,17,19,1,4,2,0,124,75,0,0,36,4,2,0,6,1,0,12,10,9,0,1,0,0,1,0,0,0,1,498,0,0,0,0,0,9,0,0,0,0,0,0,1,0,0,0,0,2,1,0,0,0,0,5,0,0,3,12,198,0,141,0,0,0,1,56,3,4,7,0,0,0,0,0,0,23,0,63,9,54,298,1,0,0,0,1,75,29,21,0,0,8,25,21,76,0,0,525,0,1190,643,0,1,0,0,26,4,6,0,2395,747,4162
Gujarat,Patan,18,0,0,0,5,0,0,0,0,0,0,0,6,2,5,2,1,39,1,0,0,0,2,0,0,0,0,0,81,18,18,0,0,6,126,0,124,0,0,0,2,8,28,2,6,9,0,162,66,0,0,90,3,0,0,2,1,0,19,12,0,5,7,0,0,0,0,0,0,7,384,0,0,0,0,0,9,0,0,0,0,0,0,0,0,0,0,0,2,0,0,7,0,0,0,1,0,0,10,217,0,84,0,1,0,0,132,0,10,14,5,5,0,0,0,0,13,14,34,2,32,307,1,1,0,0,0,74,36,2,0,0,34,8,30,75,0,0,138,0,1172,881,0,0,0,0,36,5,0,0,2232,581,3670
Gujarat,Porbandar,4,0,0,0,3,1,0,0,0,0,0,1,3,0,2,2,0,7,2,0,0,0,0,0,0,0,0,0,24,11,11,0,0,2,58,0,58,0,0,0,0,7,6,0,1,0,0,78,30,0,1,40,3,0,0,4,0,0,8,2,2,0,0,0,0,3,0,0,0,3,171,0,0,0,0,0,2,0,0,0,0,0,0,0,0,0,0,0,1,0,0,0,0,0,1,0,0,4,6,55,1,25,0,0,0,2,27,1,7,5,0,0,0,0,0,0,4,1,18,6,12,91,0,0,0,0,0,28,0,0,0,0,0,17,11,28,0,0,24,0,253,199,0,1,0,0,12,3,4,0,496,214,1030
Gujarat,Rajkot City,37,0,1,0,1,20,0,0,0,0,0,20,0,0,0,0,0,102,12,0,0,0,4,0,0,0,0,0,177,33,33,0,0,9,160,0,152,0,0,0,8,22,38,1,1,1,0,293,80,0,0,184,8,0,0,14,7,0,78,69,52,17,0,0,0,1,0,0,0,8,636,0,0,0,0,0,17,0,0,0,0,0,0,0,0,1,0,0,0,0,0,11,0,0,5,0,0,4,21,673,1,391,0,1,0,8,272,5,24,15,0,0,0,1,0,0,64,0,165,28,137,947,6,0,0,0,6,187,0,0,0,0,0,137,50,193,0,0,1194,0,815,679,0,0,0,0,29,7,26,0,2750,388,5112
Gujarat,Rajkot Rural,15,0,0,0,4,8,0,0,0,0,8,0,1,0,1,0,1,61,8,0,0,1,2,0,0,0,0,0,102,33,33,0,0,3,159,7,151,0,0,0,1,13,5,0,0,0,0,188,82,0,0,100,2,0,0,3,1,0,16,6,1,5,0,0,1,2,0,0,0,7,417,0,0,0,0,0,2,0,0,0,0,0,0,0,0,0,0,0,1,0,0,1,0,0,0,0,0,1,3,140,1,66,0,0,2,0,71,0,21,6,1,1,0,0,0,0,12,0,46,17,29,226,0,0,0,0,0,37,0,0,0,0,0,29,8,37,0,0,194,0,881,747,0,2,0,0,8,6,6,0,1844,294,2923
Gujarat,Sabarkantha,8,0,0,0,8,9,0,1,1,0,0,7,2,0,1,0,0,32,9,0,0,0,1,0,0,0,0,0,70,32,32,0,0,3,193,0,193,0,0,0,0,9,15,0,7,0,0,56,22,0,1,30,1,0,0,1,1,2,23,15,0,5,10,0,0,2,0,0,0,6,340,0,0,0,0,0,10,0,0,0,0,0,0,0,0,0,0,2,0,0,0,2,0,0,6,0,0,1,11,402,0,189,0,0,1,0,212,5,2,8,8,8,0,0,1,0,5,0,57,6,51,488,0,0,0,0,0,41,0,0,0,0,0,22,19,41,0,0,217,0,953,1137,0,0,0,0,3,4,12,1,2327,458,3735
Gujarat,Surat City,85,0,1,0,40,28,0,14,0,0,0,14,0,0,0,1,2,341,18,0,1,0,6,0,0,0,0,0,523,114,113,0,1,17,280,25,241,0,0,0,14,32,50,3,9,2,0,490,91,2,0,353,7,0,0,29,8,0,263,245,237,4,4,0,0,0,0,0,0,18,1260,0,0,0,0,0,12,0,0,0,0,0,0,0,0,0,0,0,12,0,0,0,0,0,0,2,0,2,16,1578,26,731,36,2,0,21,762,105,105,34,4,4,0,0,0,0,312,23,231,40,191,2392,5,0,0,0,5,562,0,0,0,0,0,438,124,567,0,0,1442,0,1733,1935,0,6,0,0,5,12,28,0,5161,1314,11233
Gujarat,Surat Rural,16,0,1,0,3,6,0,0,0,0,6,0,0,1,0,0,2,14,4,2,0,0,5,0,0,0,0,0,54,30,30,0,0,1,451,156,289,0,1,0,5,11,17,0,4,3,0,83,26,5,2,36,1,0,0,12,1,0,27,23,21,1,1,0,1,2,0,0,0,1,627,0,0,0,0,0,4,0,0,0,0,0,0,0,0,1,0,0,0,0,0,3,0,0,0,0,0,0,4,328,55,89,0,0,0,4,180,12,12,12,3,3,0,0,0,0,21,1,83,14,69,472,2,0,0,0,2,97,0,0,0,0,0,65,32,99,0,0,1549,0,2595,1082,0,0,0,0,32,1,10,0,5269,335,6860
Gujarat,Surendranagar,8,0,0,0,3,11,0,0,0,0,0,11,1,2,6,0,0,17,15,0,0,0,4,0,0,0,0,0,67,22,22,0,0,7,225,31,189,0,0,0,5,23,29,3,6,3,0,235,121,0,0,101,4,0,1,7,1,0,13,7,6,1,0,0,1,1,0,0,0,4,566,0,0,0,0,0,10,0,0,0,0,0,0,0,0,0,0,1,0,0,0,7,2,0,0,1,0,1,12,156,0,91,0,0,0,1,64,0,20,18,8,8,0,7,1,0,7,0,72,11,61,289,0,0,0,0,0,31,5,0,0,0,5,9,17,31,0,0,333,0,1602,1877,0,2,2,0,22,3,15,0,3856,470,5291
Gujarat,Tapi,2,0,1,0,0,4,1,0,0,1,0,2,2,0,0,0,0,2,3,0,0,0,0,0,0,0,0,0,14,8,8,0,0,2,138,15,119,0,0,0,4,1,3,0,2,1,0,34,22,0,0,8,1,0,0,3,0,0,1,1,0,0,1,0,0,0,0,0,0,0,190,0,0,0,0,0,2,0,0,0,0,0,0,0,0,0,0,0,0,0,0,2,0,0,0,3,0,0,5,87,1,35,0,0,1,0,50,0,0,3,1,1,0,0,0,0,12,0,26,2,24,129,0,0,0,0,0,19,0,0,0,0,0,10,9,19,0,0,166,0,2840,345,0,0,0,0,11,5,0,0,3367,76,3800
Gujarat,Vadodara City,38,0,0,0,10,25,0,3,1,5,0,16,1,1,7,0,1,76,2,1,0,0,4,0,0,0,0,0,166,29,29,0,0,4,167,45,122,0,0,0,0,10,24,2,4,2,0,427,82,6,0,272,13,0,0,40,14,1,53,43,28,2,13,0,1,4,0,0,0,5,723,0,0,0,0,0,16,1,0,0,0,0,0,0,1,0,0,0,0,7,0,7,0,0,0,0,0,11,27,736,7,483,9,0,1,3,233,25,16,15,1,1,0,0,0,0,39,0,230,26,204,1062,1,0,0,0,1,222,39,0,0,2,37,142,41,223,0,0,279,0,753,404,1,12,0,0,81,6,16,0,1552,695,4448
Gujarat,Vadodara Rural,15,0,0,0,2,2,0,0,0,0,0,2,1,0,4,0,0,12,8,0,0,0,6,0,0,0,0,0,50,23,23,0,0,5,270,54,211,0,0,0,5,9,16,1,1,0,0,91,53,0,0,31,3,0,0,3,1,1,10,9,8,0,1,0,0,0,0,0,0,1,427,0,0,0,0,0,14,0,0,0,0,0,3,0,0,0,0,0,0,4,0,0,0,1,6,4,1,0,19,145,5,68,2,3,0,2,65,1,4,5,4,4,0,0,1,0,13,3,38,6,32,214,0,0,0,0,0,53,15,0,0,0,15,23,15,53,0,0,1148,0,2031,2085,0,4,3,1,5,1,6,0,5284,322,6369
Gujarat,Valsad,9,0,0,0,1,3,0,0,0,0,0,3,0,0,0,0,0,6,3,0,0,0,2,0,0,0,0,0,24,28,28,0,0,3,279,44,235,0,0,0,0,7,4,1,0,0,0,68,38,0,0,15,6,0,0,8,1,0,63,63,59,4,0,0,0,0,0,0,0,0,453,0,0,0,0,0,4,0,0,0,0,0,0,0,0,0,0,2,0,0,0,0,0,2,0,0,0,2,6,131,4,71,0,0,0,3,53,6,4,2,2,2,0,1,1,0,11,0,97,21,76,255,0,0,0,0,0,96,11,0,0,0,11,37,48,96,0,0,460,0,3552,1725,0,0,0,0,3,8,0,0,5748,269,6851
Gujarat,W Rly Ahmedabad,0,0,0,0,2,0,0,0,0,0,0,0,0,0,0,0,0,0,0,0,0,0,4,0,0,0,0,0,6,1,1,0,0,0,2,1,0,0,0,0,1,2,1,1,0,0,0,16,5,0,0,2,6,0,0,0,3,0,3,2,2,0,0,0,0,0,1,0,1,0,26,0,0,0,0,0,0,0,0,0,0,0,0,0,0,0,0,0,0,0,0,0,0,0,0,0,0,0,0,764,0,49,51,0,0,0,664,28,1,0,1,1,0,0,0,0,1,2,6,1,5,803,0,0,0,0,0,2,2,0,0,0,2,0,0,2,0,0,0,0,5,63,0,1,0,0,1,0,0,0,70,31,938
Gujarat,W Rly Vadodara,0,0,0,0,2,9,0,0,8,0,0,1,0,0,1,0,0,0,1,0,0,0,3,0,0,0,0,0,16,3,3,0,0,1,1,0,1,0,0,0,0,1,1,1,1,0,0,11,2,4,0,3,2,0,0,0,0,0,0,0,0,0,0,0,0,0,0,0,0,0,20,0,0,0,0,0,0,0,0,0,0,0,0,0,0,0,0,0,0,0,0,0,0,0,0,0,0,3,3,697,0,22,0,0,0,0,675,11,0,6,1,1,0,0,0,0,2,13,1,1,0,731,0,0,0,0,0,4,1,0,1,0,0,3,0,4,0,0,0,0,2,305,0,1,0,0,0,0,0,1,309,14,1097
Gujarat,Cyber Ahmedabad Range,0,0,0,0,0,0,0,0,0,0,0,0,0,0,0,0,0,0,0,0,0,0,0,0,0,0,0,0,0,0,0,0,0,0,0,0,0,0,0,0,0,0,0,0,0,0,0,0,0,0,0,0,0,0,0,0,0,0,0,0,0,0,0,0,0,0,0,0,0,0,0,0,0,0,0,0,0,0,0,0,0,0,0,0,0,0,0,0,0,0,0,0,0,0,0,0,0,0,0,0,0,0,0,0,0,0,0,0,0,0,0,0,0,0,0,0,0,0,0,0,0,0,0,0,0,0,0,2,0,0,0,0,0,0,2,2,0,0,0,0,0,0,0,0,0,0,0,0,0,0,0,0,2
Gujarat,Cyber Bhavnagar Range,0,0,0,0,0,0,0,0,0,0,0,0,0,0,0,0,0,0,0,0,0,0,0,0,0,0,0,0,0,0,0,0,0,0,0,0,0,0,0,0,0,0,0,0,0,0,0,0,0,0,0,0,0,0,0,0,0,0,0,0,0,0,0,0,0,0,0,0,0,0,0,0,0,0,0,0,0,0,0,0,0,0,0,0,0,0,0,0,0,0,0,0,0,0,0,0,0,0,0,0,0,0,0,0,0,0,0,0,0,0,0,0,0,0,0,0,0,0,0,0,0,0,0,0,0,0,0,8,0,0,0,0,0,7,1,8,0,0,0,0,0,0,0,0,0,0,0,0,0,0,0,0,8
Gujarat,Cyber Border Range,0,0,0,0,0,0,0,0,0,0,0,0,0,0,0,0,0,0,0,0,0,0,0,0,0,0,0,0,0,0,0,0,0,0,0,0,0,0,0,0,0,0,0,0,0,0,0,0,0,0,0,0,0,0,0,0,0,0,0,0,0,0,0,0,0,0,0,0,0,0,0,0,0,0,0,0,0,0,0,0,0,0,0,0,0,0,0,0,0,0,0,0,0,0,0,0,0,0,0,0,0,0,0,0,0,0,0,0,0,0,0,0,0,0,0,0,0,0,0,0,0,0,0,0,0,0,0,7,0,0,0,0,0,7,0,7,0,0,0,0,0,0,0,0,0,0,0,0,0,0,0,0,7
Gujarat,Cyber Gandhinagar Range,0,0,0,0,0,0,0,0,0,0,0,0,0,0,0,0,0,0,0,0,0,0,0,0,0,0,0,0,0,0,0,0,0,0,0,0,0,0,0,0,0,0,0,0,0,0,0,0,0,0,0,0,0,0,0,0,0,0,0,0,0,0,0,0,0,0,0,0,0,0,0,0,0,0,0,0,0,0,0,0,0,0,0,0,0,0,0,0,0,0,0,0,0,0,0,0,0,0,0,0,0,0,0,0,0,0,0,0,2,0,0,0,0,0,0,0,1,0,0,0,0,3,0,0,0,0,0,13,0,0,0,0,0,13,0,13,0,0,0,0,0,0,0,0,0,0,0,0,0,0,0,0,16
Gujarat,Cyber Junagadh Range,0,0,0,0,0,0,0,0,0,0,0,0,0,0,0,0,0,0,0,0,0,0,0,0,0,0,0,0,0,0,0,0,0,0,0,0,0,0,0,0,0,0,0,0,0,0,0,0,0,0,0,0,0,0,0,0,0,0,0,0,0,0,0,0,0,0,0,0,0,0,0,0,0,0,0,0,0,0,0,0,0,0,0,0,0,0,0,0,0,0,0,0,0,0,0,0,0,0,0,0,0,0,0,0,0,0,0,0,1,0,0,0,0,0,0,0,0,0,0,0,0,1,0,0,0,0,0,12,1,1,0,0,0,8,3,12,0,0,0,0,0,0,0,0,0,0,0,0,0,0,0,0,13
Gujarat,Cyber Panchmahal Range,0,0,0,0,0,0,0,0,0,0,0,0,0,0,0,0,0,0,0,0,0,0,0,0,0,0,0,0,0,0,0,0,0,0,0,0,0,0,0,0,0,0,0,0,0,0,0,0,0,0,0,0,0,0,0,0,0,0,0,0,0,0,0,0,0,0,0,0,0,0,0,0,0,0,0,0,0,0,0,0,0,0,0,0,0,0,0,0,0,0,0,0,0,0,0,0,0,0,0,0,0,0,0,0,0,0,0,0,0,0,0,0,0,0,0,0,0,0,0,0,0,0,0,0,0,0,0,2,0,0,0,0,0,0,2,2,0,0,0,0,0,0,0,0,0,0,0,0,0,0,0,0,2
Gujarat,Cyber Rajkot Range,0,0,0,0,0,0,0,0,0,0,0,0,0,0,0,0,0,0,0,0,0,0,0,0,0,0,0,0,0,0,0,0,0,0,0,0,0,0,0,0,0,0,0,0,0,0,0,0,0,0,0,0,0,0,0,0,0,0,0,0,0,0,0,0,0,0,0,0,0,0,0,0,0,0,0,0,0,0,0,0,0,0,0,0,0,0,0,0,0,0,0,0,0,0,0,0,0,0,0,0,0,0,0,0,0,0,0,0,0,0,0,0,0,0,0,0,0,0,0,0,0,0,0,0,0,0,0,2,0,0,0,0,0,2,0,2,0,0,0,0,0,0,0,0,0,0,0,0,0,0,0,0,2
Gujarat,Cyber Surat Range,0,0,0,0,0,0,0,0,0,0,0,0,0,0,0,0,0,0,0,0,0,0,0,0,0,0,0,0,0,0,0,0,0,0,0,0,0,0,0,0,0,0,0,0,0,0,0,0,0,0,0,0,0,0,0,0,0,0,0,0,0,0,0,0,0,0,0,0,0,0,0,0,0,0,0,0,0,0,0,0,0,0,0,0,0,0,0,0,0,0,0,0,0,0,0,0,0,0,0,0,0,0,0,0,0,0,0,0,0,0,0,0,0,0,0,0,0,0,0,0,0,0,0,0,0,0,0,0,0,0,0,0,0,0,0,0,0,0,0,0,0,0,0,0,0,0,0,0,0,0,0,0,0
Gujarat,Cyber Vadodara Range,0,0,0,0,0,0,0,0,0,0,0,0,0,0,0,0,0,0,0,0,0,0,0,0,0,0,0,0,0,0,0,0,0,0,0,0,0,0,0,0,0,0,0,0,0,0,0,0,0,0,0,0,0,0,0,0,0,0,0,0,0,0,0,0,0,0,0,0,0,0,0,0,0,0,0,0,0,0,0,0,0,0,0,0,0,0,0,0,0,0,0,0,0,0,0,0,0,0,0,0,0,0,0,0,0,0,0,0,0,0,0,0,0,0,0,0,0,0,0,0,0,0,0,0,0,0,0,0,0,0,0,0,0,0,0,0,0,0,0,0,0,0,0,0,0,0,0,0,0,0,0,0,0
Haryana,Ambala,51,0,5,0,27,10,0,0,0,0,0,10,8,4,8,17,4,198,41,1,0,0,2,0,44,0,0,0,420,31,31,0,0,7,234,0,227,0,0,0,7,17,28,5,1,2,0,163,91,0,0,41,19,2,0,3,7,546,100,2,0,2,0,0,0,1,0,0,0,97,1134,0,0,0,0,0,45,0,0,0,0,0,0,0,0,0,0,0,0,0,0,0,0,0,45,1,0,4,50,811,45,525,14,0,0,3,224,32,7,18,2,2,0,0,0,0,44,0,456,93,363,1370,1,0,0,1,0,383,52,0,12,0,40,324,7,384,0,0,7,0,223,51,0,2,5,0,2,8,69,0,367,205,3930
Haryana,Bhiwani,26,0,3,0,6,10,0,0,0,5,0,5,8,4,20,7,8,260,17,1,0,0,0,0,27,0,0,0,397,39,39,0,0,0,123,0,118,0,0,0,5,31,17,7,0,0,0,244,191,1,0,25,15,0,0,4,8,603,14,1,1,0,0,0,0,1,0,0,0,12,1078,0,0,0,0,0,64,0,0,0,0,0,0,0,0,0,0,0,54,10,0,0,0,0,0,1,0,1,66,573,142,266,0,0,0,0,165,9,13,20,5,5,0,0,0,0,12,1,303,47,256,936,0,0,0,0,0,257,219,0,5,21,193,36,2,257,0,0,0,0,173,41,0,0,2,0,1,9,81,0,307,330,3371
Haryana,Faridabad,104,5,3,0,14,37,0,0,0,0,0,37,7,4,15,26,24,384,13,1,0,0,2,0,49,0,0,0,688,79,79,0,0,14,248,2,121,0,104,0,21,30,53,6,0,0,0,313,208,0,0,70,22,0,0,9,4,1380,521,10,0,7,3,0,2,5,0,0,0,504,2644,0,0,0,0,0,216,0,0,0,0,0,0,0,0,0,0,0,0,0,0,0,0,0,216,3,0,596,815,2298,52,1701,56,2,10,19,458,59,52,17,3,3,0,8,0,0,61,36,394,54,340,2928,1,0,0,1,0,1082,331,4,63,48,216,608,143,1083,0,0,16,0,393,252,0,5,4,0,12,15,30,0,727,552,9437
Haryana,Fatehabad,31,0,2,0,4,13,0,0,0,0,0,13,10,2,12,7,4,82,44,0,0,1,0,0,2,0,0,0,214,28,28,0,0,2,92,16,73,0,0,0,3,23,29,0,9,5,0,192,125,0,0,56,9,0,0,0,2,575,39,17,7,9,1,0,0,0,0,0,0,22,994,0,0,0,0,0,8,0,0,0,0,0,0,0,0,0,0,0,0,0,0,1,0,0,7,0,1,4,13,564,0,365,0,1,0,1,197,23,7,12,3,3,0,1,0,0,6,3,446,129,317,1065,0,0,0,0,0,216,0,0,0,0,0,215,1,216,0,1,65,0,109,40,0,3,4,0,2,10,71,0,305,245,3052
Haryana,Grp,0,0,0,0,3,1,0,0,0,0,0,1,0,0,0,3,1,0,0,0,0,0,2,0,0,0,0,0,10,24,23,1,0,0,9,0,9,0,0,0,0,30,3,0,0,0,0,34,8,0,0,7,18,0,0,0,1,28,8,4,3,0,1,0,0,1,0,0,0,3,136,0,0,0,0,0,2,0,0,0,0,0,0,0,0,0,0,0,0,0,0,0,0,0,2,0,0,12,14,956,0,205,256,0,0,0,495,53,0,3,1,1,0,0,0,0,0,3,1,0,1,1017,0,0,0,0,0,8,0,0,0,0,0,8,0,8,0,0,0,0,6,7,0,1,0,0,0,0,0,0,14,32,1231
Haryana,Gurugram,189,2,13,0,38,21,7,0,1,0,0,13,13,5,41,107,15,361,42,1,1,0,4,0,64,0,0,0,917,96,96,0,0,8,498,138,329,0,3,0,28,25,61,23,25,26,0,350,228,0,0,28,50,2,0,34,8,1383,353,284,280,0,4,1,3,2,0,0,0,63,2848,0,0,0,0,0,110,2,0,0,1,0,0,0,2,6,2,11,4,7,1,1,0,1,72,0,0,239,349,4359,168,2987,65,7,12,34,1086,114,67,93,8,8,0,7,0,1,78,30,368,98,270,5125,2,0,0,1,1,1540,233,0,18,0,215,1146,161,1542,0,0,154,0,591,796,0,2,2,13,15,12,112,8,1705,374,12860
Haryana,Hissar,60,3,8,0,22,9,0,0,0,0,0,9,25,5,31,14,8,143,55,1,0,1,2,0,31,0,0,0,418,43,42,1,0,10,167,86,75,0,0,0,6,28,42,18,2,1,0,345,225,0,1,84,25,0,0,4,6,1012,75,3,0,3,0,0,1,0,0,0,0,71,1743,0,0,0,0,0,103,0,0,0,0,0,0,0,1,0,0,5,21,9,1,3,3,0,60,0,0,3,106,1777,432,906,0,0,0,11,428,47,28,28,3,3,0,3,0,0,28,1,635,156,479,2550,0,0,0,0,0,289,32,7,9,10,6,217,40,289,0,0,19,0,273,39,0,6,7,2,5,17,163,2,533,370,6009
Haryana,Jhajjar,40,12,3,0,21,7,0,0,0,0,0,7,11,3,13,16,8,140,14,1,0,0,0,0,36,0,0,0,325,37,36,1,0,2,225,0,215,0,0,0,10,15,51,17,1,1,0,192,137,0,0,26,12,1,0,12,4,738,151,10,0,6,4,0,0,0,0,0,0,141,1430,0,0,0,0,0,49,0,0,0,0,0,0,0,0,4,0,13,19,0,0,0,0,0,13,1,0,3,53,751,0,213,0,0,0,0,538,16,15,31,5,5,0,3,0,0,43,8,288,49,239,1160,0,0,0,0,0,209,10,0,0,0,10,186,13,209,0,0,9,0,190,19,0,2,3,0,2,12,84,1,322,375,3874
Haryana,Jind,55,2,0,0,19,17,3,3,0,0,0,11,17,1,12,2,5,182,25,0,1,0,0,0,41,0,0,0,379,38,37,1,0,4,184,47,130,0,1,0,6,32,40,2,1,0,0,238,164,0,0,48,21,0,0,1,4,667,23,8,4,4,0,0,0,1,0,0,0,14,1229,0,0,0,0,0,56,0,0,0,0,0,0,0,0,0,0,3,10,6,1,15,0,0,21,0,0,2,58,878,70,505,7,0,0,1,295,9,18,12,1,1,0,0,0,0,3,2,493,68,425,1416,0,0,0,0,0,274,31,3,15,13,0,220,23,274,0,0,1,0,178,19,0,0,3,0,2,14,42,2,261,347,3964
Haryana,Kaithal,42,5,1,0,18,6,0,0,0,0,0,6,8,4,4,6,4,71,71,4,0,0,0,0,30,0,0,0,274,26,26,0,0,1,158,0,148,0,4,0,6,17,32,4,0,2,0,230,154,0,0,57,13,1,0,4,1,492,55,1,0,0,1,0,0,1,0,0,0,53,1017,0,0,0,0,0,65,0,0,0,0,0,0,0,0,0,0,0,0,0,0,0,0,0,65,0,0,3,68,724,17,482,0,0,0,2,223,9,20,24,2,2,0,0,0,0,9,3,355,52,303,1146,1,0,0,0,1,214,12,0,4,8,0,162,40,215,0,3,104,0,215,0,0,1,0,0,2,13,54,1,393,154,3267
Haryana,Karnal,93,17,8,0,64,8,0,0,0,0,0,8,16,3,32,24,10,278,52,4,2,0,1,0,44,14,0,0,670,55,55,0,0,8,330,0,312,0,2,0,16,27,59,47,13,0,0,315,161,0,0,116,27,0,0,4,7,1343,248,0,0,0,0,0,2,0,0,0,0,246,2445,0,0,0,0,0,169,0,0,0,0,0,0,0,0,0,0,0,0,0,0,0,0,0,169,2,0,5,176,1609,187,784,0,0,0,6,632,41,25,39,3,3,0,1,1,0,33,3,709,102,607,2464,1,0,0,0,1,496,327,0,11,4,312,102,67,497,0,0,86,0,432,19,0,0,5,0,6,29,179,2,758,942,7952
Haryana,Kurukshetra,48,7,2,0,24,14,0,0,0,0,0,14,18,5,22,23,1,282,72,0,0,0,0,0,25,0,0,0,543,23,23,0,0,6,234,34,194,0,0,0,6,18,45,7,9,0,0,218,115,0,0,68,19,2,0,3,11,561,112,3,3,0,0,0,1,0,0,0,0,108,1233,0,0,0,0,0,72,0,0,0,0,0,0,0,0,0,0,0,7,0,0,0,0,0,65,1,0,3,76,1004,0,650,0,0,0,0,354,40,9,16,1,1,0,0,1,0,17,0,346,79,267,1434,0,0,0,0,0,467,299,0,17,0,282,127,41,467,0,0,10,0,300,0,0,4,7,0,1,11,106,0,439,242,4434
Haryana,Mahendergarh,23,1,1,0,7,9,0,0,0,0,0,9,14,0,11,5,5,91,5,0,0,0,1,0,20,0,0,0,193,24,24,0,0,1,172,0,168,0,0,0,4,12,28,3,1,0,0,139,122,0,0,4,11,0,0,2,0,496,33,14,0,12,2,0,1,1,0,0,0,17,909,0,0,0,0,0,44,0,0,0,0,0,0,0,0,0,0,0,0,0,0,0,0,0,44,0,0,6,50,405,0,170,0,0,0,0,235,9,10,4,2,2,0,0,0,0,10,3,178,22,156,621,0,0,0,0,0,172,0,0,0,0,0,152,20,172,0,0,1,0,182,60,0,5,3,1,5,9,62,0,328,274,2547
Haryana,Nuh,52,3,3,0,7,8,0,0,0,0,0,8,21,0,0,4,11,135,33,1,4,2,3,0,26,0,0,0,313,28,26,2,0,1,192,0,93,0,0,0,99,12,31,0,0,0,0,136,30,0,0,69,12,0,0,22,3,181,37,6,0,3,3,0,0,0,0,0,0,31,618,0,0,0,0,0,71,0,0,0,0,0,0,0,0,0,0,3,0,0,0,0,0,0,68,2,0,2,75,378,6,249,5,0,1,0,117,5,11,22,6,6,0,3,0,0,13,62,112,6,106,612,0,0,0,0,0,249,59,0,0,2,57,80,110,249,0,0,25,0,311,11,1,3,4,1,1,5,101,0,463,319,2649
Haryana,Palwal,62,7,0,0,7,6,0,0,0,0,0,6,15,2,6,1,16,219,16,1,0,0,4,0,41,0,0,0,403,43,43,0,0,6,279,92,179,0,0,0,8,14,66,6,4,0,0,194,115,0,0,50,21,1,0,3,4,452,50,33,0,23,10,0,0,2,0,0,0,15,1114,0,0,0,0,0,140,0,0,0,0,0,9,0,0,0,0,6,3,21,0,0,0,0,101,0,0,6,146,784,65,587,0,0,0,0,132,18,23,23,1,1,0,0,0,0,15,35,233,19,214,1132,0,0,0,0,0,225,24,0,0,0,24,180,21,225,0,1,7,0,308,1,0,1,2,0,4,4,103,0,431,211,3662
Haryana,Panchkula,28,2,1,0,11,7,0,0,0,0,0,7,1,4,7,18,0,132,20,0,0,0,2,0,5,0,0,0,238,15,15,0,0,2,111,0,107,0,0,0,4,5,9,0,1,0,0,86,46,0,0,24,11,1,0,4,0,325,116,2,0,1,1,0,0,1,0,0,0,113,670,0,0,0,0,0,31,0,0,0,0,0,0,0,0,0,0,0,0,0,0,0,0,0,31,0,0,8,39,614,47,346,0,0,0,6,215,36,7,11,2,2,0,1,0,0,6,1,194,55,139,872,2,0,0,1,1,309,6,0,0,0,6,227,76,311,0,0,14,0,124,60,0,1,3,1,1,12,32,0,248,160,2538
Haryana,Panipat,104,8,0,0,45,5,0,0,0,0,0,5,4,6,7,10,11,235,119,1,3,0,2,0,16,0,0,0,576,53,53,0,0,10,318,0,153,0,0,0,165,28,52,19,0,0,0,274,169,0,0,74,13,1,1,8,8,1426,394,3,0,0,3,0,2,2,0,0,0,387,2574,0,0,0,0,0,63,0,0,0,0,0,0,0,0,0,0,0,27,36,0,0,0,0,0,0,0,21,84,1276,0,833,0,0,0,3,440,32,25,66,14,14,0,0,0,0,24,3,495,52,443,1935,0,0,0,0,0,462,300,0,31,25,244,118,44,462,0,0,13,0,118,61,0,0,1,0,2,12,39,0,246,923,6800
Haryana,Rewari,85,3,9,0,12,16,0,0,0,0,0,16,8,3,30,18,5,194,15,2,0,3,0,0,33,0,0,0,436,32,32,0,0,1,261,0,250,0,0,0,11,14,23,18,0,0,0,206,154,0,0,16,23,0,0,10,3,674,184,176,74,60,42,0,0,0,0,0,0,8,1413,0,0,0,0,0,39,0,0,0,0,0,0,0,0,1,1,4,3,0,0,0,0,0,30,2,0,8,49,954,108,491,0,0,0,0,355,14,6,18,2,2,0,1,0,0,15,4,340,63,277,1354,0,0,0,0,0,229,138,66,12,3,57,85,6,229,0,0,1,0,301,61,0,2,1,5,0,13,81,0,465,291,4237
Haryana,Rohtak,80,6,2,0,13,18,5,2,3,1,0,7,16,2,27,15,7,242,27,1,0,0,9,0,15,0,0,0,480,54,54,0,0,6,224,0,216,0,0,0,8,20,91,51,2,0,0,162,102,0,0,37,20,1,0,0,2,928,200,1,1,0,0,0,1,1,0,0,0,197,1738,0,0,0,0,0,61,0,0,0,0,0,0,0,0,13,6,12,13,2,0,2,0,0,13,0,0,5,66,1431,95,941,9,4,5,8,369,72,21,66,3,3,0,2,0,0,53,3,478,91,387,2129,0,0,0,0,0,693,570,51,22,252,245,41,82,693,0,0,12,0,204,19,0,0,4,0,4,15,88,0,346,379,5831
Haryana,Sirsa,34,3,0,0,9,13,0,0,0,0,0,13,4,2,5,8,4,100,10,0,0,0,1,0,68,0,0,0,261,25,25,0,0,1,99,0,95,0,0,0,4,14,33,7,3,0,0,240,137,0,0,78,21,0,0,2,2,498,15,0,0,0,0,0,0,0,0,0,0,15,935,0,0,0,0,0,54,0,0,0,0,0,0,0,0,0,0,0,0,0,0,0,0,0,54,0,0,60,114,802,0,441,0,0,0,1,360,22,4,19,0,0,0,2,0,0,9,0,461,73,388,1319,0,0,0,0,0,173,149,87,4,0,58,0,24,173,0,0,62,0,101,62,0,0,0,0,7,7,113,0,352,170,3324
Haryana,Sonipat,80,7,0,0,43,27,0,0,0,0,0,27,12,1,17,23,17,198,25,0,0,0,3,0,44,0,0,0,497,69,69,0,0,7,363,104,239,0,3,0,17,25,66,43,0,0,0,113,7,0,0,33,30,0,0,43,0,155,290,1,1,0,0,0,0,2,0,0,0,287,1131,0,0,0,0,0,2,0,0,0,0,0,0,0,0,0,0,0,0,0,0,0,0,0,2,2,0,9,13,1175,0,657,0,0,0,8,510,30,32,75,6,6,0,0,0,0,32,11,482,32,450,1843,0,0,0,0,0,410,99,33,30,4,32,223,88,410,0,1,32,0,397,38,0,28,1,0,0,12,108,0,617,1834,6345
Haryana,Yamunanagar,62,8,10,0,15,5,0,0,0,0,0,5,13,4,22,11,4,285,79,2,1,1,0,0,13,0,0,0,535,44,43,1,0,0,228,0,222,0,0,0,6,16,42,27,3,0,0,205,100,1,2,65,25,1,0,7,4,767,156,143,143,0,0,0,0,0,0,0,0,13,1488,0,0,0,0,0,87,0,0,0,0,0,0,0,0,0,0,0,0,0,0,0,0,0,87,1,0,5,93,1518,0,848,0,0,0,1,669,50,15,19,6,5,1,0,0,0,13,0,916,139,777,2537,2,0,0,0,2,401,59,0,19,0,40,335,7,403,0,0,6,0,248,39,0,0,9,3,3,12,89,0,409,495,5960
Haryana,Irrigation & Power,0,0,0,0,0,0,0,0,0,0,0,0,0,0,0,0,0,0,0,0,0,0,0,0,0,0,0,0,0,0,0,0,0,0,0,0,0,0,0,0,0,0,0,0,0,0,0,0,0,0,0,0,0,0,0,0,0,0,0,0,0,0,0,0,0,0,0,0,0,0,0,0,0,0,0,0,0,0,0,0,0,0,0,0,0,0,0,0,0,0,0,0,0,0,0,0,0,0,0,0,0,0,0,0,0,0,0,0,0,0,0,0,0,0,0,0,0,0,0,0,0,0,0,0,0,0,0,0,0,0,0,0,0,0,0,0,0,0,0,0,0,0,0,0,0,0,0,0,0,0,0,1404,1404
Haryana,Charkhi Dadri,16,8,1,0,8,4,0,0,0,0,0,4,8,1,4,12,2,104,0,1,0,0,1,0,18,0,0,0,188,19,18,1,0,3,73,0,72,0,0,1,0,8,21,6,0,0,0,108,84,0,0,10,10,0,0,2,2,250,19,0,0,0,0,0,0,0,0,0,0,19,507,0,0,0,0,0,26,0,0,0,0,0,0,0,0,0,0,11,5,0,0,0,0,1,9,0,0,3,29,120,22,63,0,0,0,1,34,0,5,3,1,1,0,0,0,0,10,1,66,8,58,206,0,0,0,0,0,78,35,8,4,2,21,29,14,78,0,0,1,0,57,15,0,1,2,1,0,13,32,0,122,136,1266
Haryana,Hansi,18,0,0,0,2,10,0,0,0,0,0,10,10,0,8,10,3,74,3,1,0,0,0,0,10,0,0,0,149,20,20,0,0,2,55,0,54,0,0,0,1,9,9,0,1,0,0,153,110,0,0,28,14,0,0,0,1,317,7,0,0,0,0,0,0,0,0,0,0,7,573,0,0,0,0,0,25,0,0,0,0,0,0,0,0,0,0,0,0,0,0,0,0,0,25,0,0,0,25,447,0,219,0,0,0,0,228,5,3,16,0,0,0,0,0,0,9,1,226,28,198,707,0,0,0,0,0,100,39,4,2,5,28,51,10,100,0,0,23,0,67,95,0,3,0,0,4,5,47,0,244,106,1904
Haryana,Dabwali,8,1,0,0,1,1,0,0,0,0,0,1,0,0,0,3,0,32,3,0,0,0,0,0,36,0,0,0,85,11,11,0,0,2,33,0,32,0,0,0,1,6,14,0,0,0,0,66,22,0,0,34,8,0,0,1,1,223,0,0,0,0,0,0,0,0,0,0,0,0,355,0,0,0,0,0,39,0,0,0,0,0,0,0,0,0,0,0,0,0,0,0,0,0,39,0,0,8,47,301,0,132,0,0,0,2,167,7,3,15,0,0,0,1,0,0,7,2,108,35,73,444,0,0,0,0,0,58,52,41,1,0,10,0,6,58,0,0,16,0,43,44,0,4,0,0,1,2,35,0,145,119,1253
Himachal Pradesh,Baddi,23,2,0,0,7,5,2,2,0,1,0,0,1,0,4,0,0,12,3,0,0,0,2,0,0,0,0,0,59,11,9,2,0,1,75,14,38,0,0,0,23,4,7,0,0,5,0,44,18,0,0,17,2,0,0,7,0,0,47,42,0,29,13,0,1,1,0,0,0,3,194,0,0,0,0,0,42,0,0,0,3,0,0,0,0,3,0,9,4,22,0,0,0,1,0,0,0,0,42,85,1,75,1,0,0,1,7,2,3,0,1,1,0,0,0,0,22,0,40,13,27,153,0,0,0,0,0,47,25,0,1,1,23,15,7,47,0,3,3,0,90,11,0,0,1,0,1,4,27,0,140,105,740
Himachal Pradesh,Bilaspur,12,0,1,0,14,10,5,3,0,2,0,0,0,1,5,10,0,22,2,0,0,0,2,0,0,0,0,0,79,6,6,0,0,0,25,0,25,0,0,0,0,8,6,0,0,0,0,53,40,0,0,8,5,0,0,0,0,348,23,22,8,14,0,0,0,1,0,0,0,0,469,0,0,0,0,2,24,0,0,0,0,0,0,0,0,0,0,15,2,7,0,0,0,0,0,2,0,0,28,54,1,15,0,0,0,0,38,2,1,1,0,0,0,0,0,0,3,0,32,8,24,93,0,0,0,0,0,20,6,3,0,0,3,13,1,20,0,0,0,0,116,25,0,0,1,0,2,1,32,0,177,93,959
Himachal Pradesh,Chamba,26,0,0,0,19,12,6,5,0,0,0,1,0,3,3,4,0,7,10,0,0,0,1,0,0,0,0,0,85,5,5,0,0,0,44,0,37,0,5,0,2,2,2,0,0,0,0,40,30,0,0,2,3,0,0,5,0,0,24,24,0,15,9,0,0,0,0,0,0,0,117,0,0,0,0,0,9,0,0,0,1,1,0,0,0,0,0,4,0,3,0,0,0,0,0,2,0,0,11,8,0,0,0,0,0,0,8,0,0,0,0,0,0,0,0,0,3,0,13,4,9,24,0,0,0,0,0,12,1,1,0,0,0,11,0,12,0,0,0,0,37,41,0,0,0,0,1,2,26,0,107,172,528
Himachal Pradesh,Cid,0,0,0,0,0,0,0,0,0,0,0,0,0,0,0,0,0,0,0,0,0,0,0,0,0,0,0,0,0,0,0,0,0,0,0,0,0,0,0,0,0,0,0,0,0,0,0,0,0,0,0,0,0,0,0,0,0,0,0,0,0,0,0,0,0,0,0,0,0,0,0,0,0,0,0,0,0,0,0,0,0,0,0,0,0,0,0,0,0,0,0,0,0,0,0,0,0,0,0,0,0,0,0,0,0,0,0,0,0,0,0,0,0,0,0,0,0,0,0,0,0,0,0,0,0,0,0,0,0,0,0,0,0,0,0,0,0,0,0,0,0,0,0,0,0,0,0,0,0,0,0,0,0
Himachal Pradesh,Grp,0,0,0,0,0,0,0,0,0,0,0,0,0,0,0,0,0,0,0,0,0,0,0,0,0,0,0,0,0,0,0,0,0,0,1,0,0,0,0,0,1,0,0,0,0,0,0,0,0,0,0,0,0,0,0,0,0,0,0,0,0,0,0,0,0,0,0,0,0,0,1,0,0,0,0,0,0,0,0,0,0,0,0,0,0,0,0,0,0,0,0,0,0,0,0,0,0,0,0,4,0,0,0,0,0,0,4,0,0,0,0,0,0,0,0,0,0,0,0,0,0,4,0,0,0,0,0,0,0,0,0,0,0,0,0,0,0,0,0,0,0,6,0,0,0,0,0,0,0,0,6,2,13
Himachal Pradesh,Hamirpur,7,0,0,0,11,17,11,5,0,0,0,1,1,0,5,12,0,9,10,0,0,0,0,0,0,0,0,0,72,5,5,0,0,3,29,15,12,0,0,0,2,3,6,0,0,0,0,64,32,0,0,26,4,0,0,2,0,0,22,22,6,14,2,0,0,0,0,0,0,0,132,0,0,0,0,5,13,0,0,0,0,0,0,0,0,0,0,10,1,0,0,2,0,0,0,1,0,0,19,22,0,9,0,0,0,2,11,1,0,0,0,0,0,0,0,0,4,2,26,8,18,55,0,0,0,0,0,24,21,0,1,0,20,0,3,24,0,0,0,0,62,32,0,0,2,0,0,4,59,0,159,227,688
Himachal Pradesh,Kangra,37,1,4,0,28,12,8,4,0,0,0,0,1,1,14,13,0,23,0,0,0,0,0,0,0,0,0,0,134,12,12,0,0,0,73,12,59,0,0,0,2,10,9,0,0,0,0,92,49,0,0,26,11,0,0,6,0,0,46,46,22,19,5,0,0,0,0,0,0,0,242,0,0,0,0,0,23,0,0,0,0,0,0,0,0,0,0,11,2,8,0,2,0,0,0,1,0,0,24,38,2,11,2,0,0,0,23,2,1,1,0,0,0,0,0,0,7,0,64,10,54,113,0,0,0,0,0,74,22,2,0,1,19,47,5,74,0,0,0,0,155,237,0,0,2,0,6,12,99,0,511,434,1532
Himachal Pradesh,Kinnaur,6,1,0,0,1,1,0,1,0,0,0,0,0,0,1,0,0,1,0,0,0,0,0,0,0,0,0,0,11,2,2,0,0,1,23,0,20,0,0,0,3,1,1,0,0,0,0,12,9,0,0,1,0,0,0,2,0,3,8,8,8,0,0,0,0,0,0,0,0,0,51,0,0,0,0,0,2,0,0,0,1,0,0,0,0,0,0,0,1,0,0,0,0,0,0,0,0,0,2,4,0,2,0,0,0,0,2,0,0,0,0,0,0,0,0,0,1,0,2,2,0,7,0,0,0,0,0,6,3,0,0,0,3,3,0,6,0,0,0,0,14,37,0,0,0,0,1,2,4,0,58,39,174
Himachal Pradesh,Kullu,17,0,1,0,18,8,4,4,0,0,0,0,1,0,3,9,0,11,1,0,0,0,1,0,0,0,0,0,70,3,3,0,0,1,33,0,30,0,0,0,3,3,4,0,0,0,0,46,22,0,0,8,7,0,0,9,0,0,36,31,24,1,6,0,0,0,0,0,0,5,126,0,0,0,0,0,26,0,0,0,0,0,0,0,0,0,0,14,0,8,1,0,3,0,0,0,0,0,26,13,0,5,0,0,0,0,8,2,5,0,0,0,0,0,0,0,4,0,28,4,24,52,0,0,0,0,0,26,15,3,1,0,11,8,3,26,0,0,0,0,132,77,0,0,0,0,1,2,11,0,223,253,776
Himachal Pradesh,Lahaul & Spiti,0,0,0,0,0,1,0,0,0,0,0,1,0,0,0,0,0,0,0,0,0,0,0,0,0,0,0,0,1,0,0,0,0,0,10,0,10,0,0,0,0,0,1,0,0,0,0,8,5,0,0,2,0,0,0,1,0,0,0,0,0,0,0,0,0,0,0,0,0,0,19,0,0,0,0,0,0,0,0,0,0,0,0,0,0,0,0,0,0,0,0,0,0,0,0,1,0,0,1,3,1,0,0,0,0,0,2,0,0,0,0,0,0,0,0,0,0,0,0,0,0,3,0,0,0,0,0,1,0,0,0,0,0,1,0,1,0,0,0,0,12,11,0,0,0,0,1,0,0,0,24,13,62
Himachal Pradesh,Mandi,54,0,0,0,29,27,2,8,1,4,0,12,7,3,12,20,0,28,41,0,0,0,0,0,0,0,0,0,221,7,7,0,0,1,60,0,54,0,0,0,6,16,12,0,0,0,0,104,65,0,0,15,15,0,0,9,0,0,42,42,0,35,7,0,0,0,0,0,0,0,242,0,0,0,0,1,40,0,0,0,0,0,0,0,1,3,0,20,0,14,0,0,0,0,2,0,0,0,41,69,1,20,2,1,2,0,43,1,3,3,1,1,0,0,0,0,7,1,42,14,28,127,0,0,0,0,0,56,55,2,2,0,51,0,1,56,0,0,2,0,218,57,0,0,1,0,0,9,131,0,418,600,1705
Himachal Pradesh,Shimla,46,0,0,0,11,40,10,6,0,19,0,5,0,0,5,6,0,16,28,0,0,0,0,0,0,0,0,0,152,15,15,0,0,2,106,0,101,0,0,0,5,4,7,0,0,0,0,86,50,0,0,11,12,0,0,12,1,0,17,12,0,12,0,0,1,0,0,0,0,4,237,0,0,0,0,15,22,0,0,0,0,1,0,0,0,0,0,9,3,8,0,0,0,0,1,6,0,0,43,66,17,16,0,2,8,0,23,0,1,0,0,0,0,0,0,0,18,0,54,21,33,139,0,0,0,0,0,66,9,6,3,0,0,51,6,66,0,0,1,0,219,147,0,0,0,0,3,7,44,5,426,309,1372
Himachal Pradesh,Sirmaur,49,0,0,0,44,12,5,0,0,5,0,2,0,2,4,8,0,12,0,0,0,0,1,0,0,0,0,0,132,3,3,0,0,1,69,11,47,0,0,0,11,3,3,0,0,0,0,55,30,0,0,12,6,0,0,7,0,20,33,31,0,9,22,0,0,0,0,0,0,2,187,0,0,0,0,3,53,0,0,0,0,0,0,0,0,2,0,20,1,30,0,0,0,0,0,0,0,0,56,61,0,27,0,0,0,0,34,0,3,1,0,0,0,0,0,0,9,0,32,5,27,106,1,0,0,0,1,43,0,0,0,0,0,42,1,44,0,0,0,0,128,50,0,0,2,0,0,3,67,0,250,177,952
Himachal Pradesh,Solan,24,0,0,0,17,10,0,0,0,3,0,7,0,1,16,6,0,10,0,0,0,0,0,0,0,0,0,0,84,6,6,0,0,3,28,0,27,0,0,0,1,3,7,0,0,0,0,39,22,0,0,7,6,0,0,4,0,0,44,43,43,0,0,0,0,0,0,0,0,1,130,0,0,0,0,1,33,0,0,0,0,0,0,0,1,0,0,5,4,3,0,10,0,0,10,1,0,0,35,54,1,13,2,0,0,0,38,0,3,3,1,1,0,0,0,0,19,1,49,18,31,130,0,0,0,0,0,86,0,0,0,0,0,60,26,86,0,0,2,0,162,65,0,0,2,0,7,4,55,3,300,198,963
Himachal Pradesh,Una,15,0,0,0,9,3,3,0,0,0,0,0,1,0,4,7,0,27,2,0,0,0,0,0,0,0,0,0,68,6,6,0,0,0,68,30,34,0,0,0,4,8,2,0,0,0,0,65,42,0,0,18,3,0,0,2,0,0,30,30,0,19,11,0,0,0,0,0,0,0,179,0,0,0,0,4,32,0,0,0,0,2,0,0,1,0,0,19,10,0,0,0,0,0,0,1,0,0,37,56,0,31,0,0,0,0,25,0,5,1,1,1,0,0,0,0,5,0,45,0,45,113,1,0,0,0,1,63,0,0,0,0,0,62,1,64,0,0,0,0,156,162,0,0,2,0,0,2,42,0,364,156,981
Himachal Pradesh,Cyber,0,0,0,0,0,0,0,0,0,0,0,0,0,0,0,0,0,0,0,0,0,0,0,0,0,0,0,0,0,0,0,0,0,0,0,0,0,0,0,0,0,0,0,0,0,0,0,0,0,0,0,0,0,0,0,0,0,0,0,0,0,0,0,0,0,0,0,0,0,0,0,0,0,0,0,0,0,0,0,0,0,0,0,0,0,0,0,0,0,0,0,0,0,0,0,0,0,0,0,0,0,0,0,0,0,0,0,0,0,0,0,0,0,0,0,0,0,0,0,0,0,0,0,0,0,0,0,20,15,15,0,0,0,5,0,20,0,0,0,0,0,0,0,0,0,0,0,0,0,0,0,0,20
Himachal Pradesh,Nurpur,8,0,0,0,6,14,2,6,0,4,0,2,0,0,8,3,0,6,0,0,0,0,0,0,0,0,0,0,45,3,3,0,0,1,34,4,28,0,1,0,1,4,8,0,0,0,0,68,35,0,0,23,10,0,0,0,0,0,21,21,0,9,12,0,0,0,0,0,0,0,139,0,0,0,0,4,33,0,0,0,0,0,0,0,0,0,0,24,9,0,0,0,0,0,0,0,0,0,37,19,2,8,0,0,0,0,9,0,1,0,0,0,0,0,0,0,1,0,23,7,16,44,0,0,0,0,0,16,0,0,0,0,0,16,0,16,0,0,1,0,50,53,0,0,2,0,1,3,47,0,157,168,606
Jharkhand,Bokaro,25,0,0,0,55,35,0,0,0,0,0,35,0,0,20,0,7,0,0,0,0,0,0,0,0,0,0,0,142,56,56,0,0,1,417,325,75,17,0,0,0,5,121,0,0,0,0,832,257,0,0,210,0,0,0,0,365,0,157,83,0,0,83,0,0,0,0,0,0,74,1589,0,0,0,0,29,32,1,0,0,0,1,0,0,0,0,0,15,9,0,0,0,0,0,6,0,0,0,61,649,82,552,0,0,0,0,15,5,0,22,2,2,0,0,0,0,25,0,220,5,215,923,0,0,0,0,0,132,0,0,0,0,0,132,0,132,0,0,0,0,0,0,0,0,0,0,0,0,0,0,0,618,3465
Jharkhand,Chaibasa,64,0,2,0,8,5,0,0,0,2,0,3,1,0,2,5,1,7,0,0,0,0,0,0,1,0,0,0,96,87,87,0,0,1,159,25,134,0,0,0,0,1,32,0,0,0,0,17,15,0,0,2,0,0,0,0,0,0,16,10,0,0,10,0,5,0,0,0,0,1,313,0,0,0,0,0,0,0,0,0,0,0,0,0,0,0,0,0,0,0,0,0,0,0,0,2,0,0,2,158,0,93,0,0,0,0,65,1,0,10,3,3,0,0,0,0,16,0,29,0,29,217,0,0,0,0,0,12,0,0,0,0,0,12,0,12,0,2,0,0,24,0,0,0,3,0,0,0,0,0,29,94,763
Jharkhand,Chatra,39,1,0,0,12,8,0,0,0,0,0,8,0,0,0,0,11,8,20,0,0,0,0,0,0,0,0,0,99,60,60,0,0,0,142,41,100,0,1,0,0,1,1,0,0,0,0,40,40,0,0,0,0,0,0,0,0,367,46,19,0,5,14,0,1,6,0,0,0,20,657,0,0,0,0,0,90,1,0,0,0,0,0,0,0,0,0,12,0,0,0,0,0,0,77,0,0,0,90,220,18,103,0,0,12,0,87,0,35,28,7,7,0,0,0,0,15,0,51,0,51,356,0,0,0,0,0,100,0,0,0,0,0,62,38,100,0,0,0,0,3,0,0,0,0,0,0,1,0,0,4,204,1510
Jharkhand,Deoghar,37,4,0,0,17,29,0,0,0,0,0,29,3,0,0,0,18,20,37,0,0,0,0,0,54,0,1,0,220,79,79,0,0,2,139,37,102,0,0,0,0,4,5,0,5,0,0,99,55,0,0,16,28,0,0,0,0,96,24,15,0,0,15,0,0,4,0,0,0,5,453,0,0,0,0,0,121,0,0,0,0,0,0,0,0,0,0,0,0,0,0,0,0,0,121,0,0,0,121,578,0,256,0,0,0,0,322,42,22,39,14,14,0,0,0,0,0,0,127,0,127,822,0,0,0,0,0,52,31,0,0,0,31,19,2,52,0,0,1,0,63,0,0,0,3,0,0,0,0,0,67,965,2700
Jharkhand,Dhanbad,56,0,0,0,44,57,21,0,0,0,0,36,18,0,28,3,15,34,56,0,0,0,0,0,0,0,0,0,311,76,76,0,0,0,449,402,47,0,0,0,0,4,46,0,0,0,0,502,26,18,12,25,75,0,0,0,346,0,72,31,0,0,31,0,0,4,0,0,0,37,1149,0,0,0,0,21,51,1,0,0,0,0,0,0,0,0,0,0,5,0,0,0,0,0,45,0,0,0,72,1000,0,552,0,0,0,0,448,25,62,33,12,12,0,0,0,0,134,0,223,0,223,1489,0,0,0,0,0,247,0,0,0,0,0,247,0,247,0,0,7,0,41,0,0,0,0,0,0,28,0,0,76,795,4139
Jharkhand,Dhanbad Railway,0,0,0,0,0,2,0,0,2,0,0,0,0,0,0,0,0,0,0,0,0,0,0,0,0,0,0,0,2,0,0,0,0,0,1,1,0,0,0,0,0,1,4,0,0,0,0,4,1,0,0,0,0,0,0,0,3,9,0,0,0,0,0,0,0,0,0,0,0,0,19,0,0,0,0,0,0,0,0,0,0,0,0,0,0,0,0,0,0,0,0,0,0,0,0,0,0,0,0,616,0,22,16,0,0,0,578,6,0,0,0,0,0,0,0,0,0,67,2,0,2,691,0,0,0,0,0,5,1,0,0,0,1,4,0,5,0,0,0,0,0,0,0,0,0,0,0,0,0,0,0,6,723
Jharkhand,Dumka,32,1,0,0,14,5,0,0,0,0,0,5,13,1,2,0,8,11,6,0,0,0,0,0,34,0,0,0,127,63,63,0,0,1,191,63,128,0,0,0,0,5,50,0,0,0,0,81,68,0,0,0,13,0,0,0,0,86,3,0,0,0,0,0,2,1,0,0,0,0,480,0,0,0,0,0,39,0,0,0,0,0,0,0,0,0,0,0,0,0,0,0,0,0,39,0,0,0,39,268,8,124,0,0,0,0,136,0,5,14,4,4,0,0,0,0,6,0,11,0,11,308,1,0,0,0,1,39,0,0,0,0,0,39,0,40,0,2,0,0,28,0,0,0,0,0,0,2,0,0,32,110,1136
Jharkhand,Garhwa,50,6,0,0,50,8,0,0,0,0,0,8,20,2,3,0,15,46,40,4,0,0,0,0,43,0,0,0,287,71,71,0,0,5,216,135,77,0,1,0,3,10,169,0,0,0,0,369,112,0,0,93,14,0,0,0,150,0,45,39,0,0,39,0,0,2,0,0,0,4,885,0,0,0,0,0,152,0,0,0,0,0,0,0,0,0,0,41,23,0,0,0,0,0,88,0,0,0,152,257,0,111,0,0,0,0,146,0,15,24,3,3,0,0,0,0,0,0,82,0,82,381,1,0,0,0,1,98,0,0,0,0,0,90,8,99,0,0,0,0,0,0,0,0,5,0,0,10,0,0,15,157,1976
Jharkhand,Giridih,47,0,5,0,20,0,0,0,0,0,0,0,84,7,2,2,26,29,72,0,2,0,0,0,4,0,0,0,300,88,88,0,0,0,322,246,69,0,4,0,3,7,484,0,0,0,0,387,95,11,0,150,0,0,0,0,131,0,25,0,0,0,0,0,0,2,0,0,0,23,1313,0,0,0,0,0,177,1,0,0,0,0,0,0,0,0,0,74,36,0,0,0,0,0,66,9,0,0,186,746,0,245,0,0,0,0,501,18,10,12,2,2,0,5,0,0,0,0,75,4,71,868,0,0,0,0,0,133,0,0,0,0,0,99,34,133,0,3,0,0,7,0,0,0,0,0,0,7,0,0,17,163,2980
Jharkhand,Godda,30,5,0,0,11,0,0,0,0,0,0,0,45,0,3,0,3,20,85,0,0,0,0,0,0,0,0,0,202,48,48,0,0,4,71,34,37,0,0,0,0,7,59,0,0,0,0,118,21,0,8,60,14,0,0,6,9,31,9,6,0,0,6,0,2,1,0,0,0,0,347,0,0,0,0,0,53,0,0,0,0,0,0,9,0,11,0,9,14,5,0,5,0,0,0,0,0,0,53,342,37,210,0,0,14,0,81,4,11,3,0,0,0,0,0,0,0,0,38,0,38,398,0,0,0,0,0,52,0,0,0,0,0,52,0,52,0,0,0,0,22,0,0,0,0,0,0,3,0,0,25,278,1355
Jharkhand,Gumla,35,0,0,0,13,0,0,0,0,0,0,0,0,0,0,0,0,0,24,0,0,0,0,0,0,0,0,0,72,81,81,0,0,2,198,79,119,0,0,0,0,3,36,0,0,0,0,57,42,0,0,15,0,0,0,0,0,0,20,18,0,11,7,0,0,2,0,0,0,0,397,0,0,0,0,0,7,0,0,0,0,0,0,0,0,0,0,0,0,0,0,0,0,0,7,0,0,0,7,186,0,77,0,0,0,0,109,0,0,13,1,1,0,0,0,0,0,0,63,0,63,263,0,0,0,0,0,31,10,0,0,0,10,21,0,31,0,0,0,0,36,0,0,0,0,0,0,0,0,0,36,93,899
Jharkhand,Hazaribagh,67,27,11,0,7,0,0,0,0,0,0,0,5,0,5,4,15,44,38,0,0,3,0,0,22,0,0,0,248,68,68,0,0,3,252,55,194,0,3,0,0,12,207,0,5,0,0,521,285,0,0,225,11,0,0,0,0,98,16,7,0,6,1,0,4,2,0,0,0,3,1182,0,0,0,0,0,162,7,0,1,0,0,3,0,0,9,0,50,48,0,0,18,0,0,26,0,0,0,162,661,14,397,0,0,0,0,250,34,49,25,3,3,0,0,0,0,8,28,152,0,152,960,0,0,0,0,0,290,22,2,5,1,14,149,119,290,0,10,3,0,46,0,0,0,8,17,0,23,58,0,165,594,3601
Jharkhand,Jamshedpur,58,18,0,0,73,0,0,0,0,0,0,0,0,0,0,0,2,67,60,0,0,0,0,0,0,0,0,0,278,86,86,0,0,2,27,27,0,0,0,0,0,10,37,0,0,0,0,1301,927,0,0,374,0,0,0,0,0,0,51,45,0,0,45,0,0,0,0,0,0,6,1514,0,0,0,0,0,48,0,0,0,0,0,0,0,0,0,0,20,28,0,0,0,0,0,0,0,0,0,48,889,125,610,0,0,0,0,154,40,33,18,2,2,0,0,0,0,0,0,135,35,100,1117,0,0,0,0,0,288,0,0,0,0,0,231,57,288,0,0,0,0,0,0,0,0,0,0,0,5,0,0,5,21,3271
Jharkhand,Jamshedpur Railway,0,0,0,0,1,0,0,0,0,0,0,0,0,0,0,1,0,1,1,0,0,0,0,0,0,0,0,0,4,0,0,0,0,0,0,0,0,0,0,0,0,0,0,0,0,0,0,6,0,0,0,0,1,0,0,0,5,3,1,1,0,0,1,0,0,0,0,0,0,0,10,0,0,0,0,0,1,0,0,0,0,0,0,0,0,0,0,0,0,1,0,0,0,0,0,0,0,0,1,202,0,5,43,0,0,0,154,4,1,1,1,1,0,0,0,0,0,34,2,0,2,245,0,0,0,0,0,3,1,0,0,0,1,1,1,3,0,0,0,0,0,0,0,0,0,1,0,0,0,0,1,2,266
Jharkhand,Jamtara,21,2,0,0,6,1,0,0,0,0,0,1,12,0,0,1,4,16,13,2,0,2,0,0,8,0,0,0,88,27,27,0,0,0,54,54,0,0,0,0,0,2,43,0,0,0,0,88,3,0,0,24,0,0,0,0,61,0,2,1,0,0,1,0,1,0,0,0,0,0,216,0,0,0,0,0,42,3,0,0,0,0,0,0,0,0,0,0,0,0,0,0,0,0,39,0,0,0,42,170,0,88,0,0,0,0,82,6,4,5,5,5,0,0,0,0,2,8,13,0,13,213,0,0,0,0,0,91,90,12,30,0,48,1,0,91,0,0,1,0,24,0,0,0,3,0,0,7,0,0,35,90,775
Jharkhand,Khunti,17,1,0,0,2,0,0,0,0,0,0,0,0,0,0,0,0,2,0,0,0,0,0,0,0,0,0,0,22,39,39,0,0,0,104,11,93,0,0,0,0,0,6,0,0,0,0,10,0,0,0,10,0,0,0,0,0,0,13,12,2,3,7,0,0,1,0,0,0,0,172,0,0,0,0,1,0,0,0,0,0,0,0,0,0,0,0,0,0,0,0,0,0,0,0,0,0,0,1,75,0,33,0,0,0,0,42,0,2,9,3,3,0,0,0,0,0,0,12,0,12,101,0,0,0,0,0,29,2,0,0,0,2,25,2,29,0,0,0,0,20,0,0,0,0,0,0,0,0,0,20,53,398
Jharkhand,Koderma,14,1,0,0,3,3,0,0,0,2,0,1,1,0,0,0,4,20,5,0,2,0,0,0,31,0,0,0,84,26,26,0,0,1,80,27,36,0,0,0,17,0,0,0,0,0,0,117,28,26,0,62,1,0,0,0,0,81,12,11,0,0,11,0,0,0,0,0,0,1,317,0,0,0,0,0,78,0,0,0,0,0,0,26,0,0,0,31,0,0,0,0,0,0,21,1,0,0,79,200,0,138,0,0,0,0,62,0,13,0,4,1,3,0,0,0,38,0,17,5,12,272,0,0,0,0,0,26,4,0,4,0,0,0,22,26,0,1,4,0,34,0,0,0,5,0,0,0,0,0,44,159,981
Jharkhand,Latehar,40,1,2,0,25,3,0,0,0,0,0,3,2,0,1,0,6,16,2,0,0,0,1,0,20,0,0,0,119,40,40,0,0,0,85,34,51,0,0,0,0,5,58,0,0,0,0,61,35,0,0,7,14,0,0,5,0,0,16,8,0,0,8,4,1,1,0,0,0,2,265,0,0,0,0,1,8,0,0,0,0,0,0,0,0,0,0,0,0,0,0,0,0,0,8,2,0,0,11,103,0,47,0,0,0,0,56,0,22,6,2,2,0,0,1,0,3,12,35,0,35,184,0,0,0,0,0,44,0,0,0,0,0,44,0,44,0,2,3,0,42,0,0,0,1,0,2,8,0,0,58,63,744
Jharkhand,Lohardagga,41,0,0,0,4,0,0,0,0,0,0,0,0,0,0,0,0,0,11,0,0,0,0,0,0,0,0,0,56,46,46,0,0,0,110,48,48,0,0,0,14,5,16,0,0,0,0,232,0,0,0,0,0,0,0,39,193,0,19,8,0,0,8,0,0,0,0,0,0,11,428,0,0,0,0,0,0,0,0,0,0,0,0,0,0,0,0,0,0,0,0,0,0,0,0,0,0,0,0,158,0,98,0,0,0,0,60,0,8,15,0,0,0,0,0,0,0,3,32,0,32,216,0,0,0,0,0,46,22,0,0,0,22,22,2,46,0,0,0,0,40,0,0,0,2,1,0,0,0,0,43,11,800
Jharkhand,Pakur,42,0,0,0,3,9,0,0,0,0,0,9,0,0,0,0,3,36,19,0,0,0,0,0,8,0,0,0,120,34,34,0,0,44,30,0,0,0,30,0,0,0,41,0,0,0,0,127,51,0,0,64,2,0,0,10,0,71,17,0,0,0,0,0,0,0,0,0,0,17,364,0,0,0,0,0,27,0,0,0,0,0,0,0,0,0,0,0,0,0,0,0,0,0,27,0,0,0,27,107,0,38,0,0,0,0,69,2,12,10,3,3,0,0,0,0,0,12,19,0,19,165,0,0,0,0,0,59,0,0,0,0,0,59,0,59,0,0,0,0,2,0,0,0,0,0,0,0,0,0,2,147,884
Jharkhand,Palamu,64,13,3,0,18,11,1,1,2,2,0,5,32,0,1,5,28,32,17,1,1,0,0,0,49,0,3,0,278,105,104,1,0,7,192,152,0,0,39,0,1,4,332,2,0,0,0,298,229,0,1,43,24,0,0,1,0,187,66,55,36,13,6,0,3,1,0,0,0,7,1193,1,1,0,1,4,70,2,0,0,0,1,1,2,0,12,1,21,9,3,0,13,0,4,1,0,0,0,74,440,47,173,1,5,9,1,204,5,45,57,7,7,0,1,1,0,73,11,143,13,130,783,0,0,0,0,0,111,0,0,0,0,0,52,59,111,0,6,11,0,77,0,0,0,1,1,7,17,4,0,124,7,2571
Jharkhand,Ramgarh,29,0,0,0,13,0,0,0,0,0,0,0,0,0,0,0,10,10,76,0,0,0,0,0,0,0,0,0,138,24,24,0,0,0,179,151,0,0,0,0,28,3,33,0,16,0,0,24,19,0,0,5,0,0,0,0,0,0,26,23,0,0,23,0,0,3,0,0,0,0,305,0,0,0,0,2,5,0,0,0,0,0,0,0,0,0,0,5,0,0,0,0,0,0,0,0,0,0,7,209,0,105,0,0,0,0,104,13,0,10,2,2,0,0,0,0,0,0,75,0,75,309,0,0,0,0,0,110,0,0,0,0,0,40,70,110,0,8,0,0,102,0,0,0,0,0,0,0,0,0,110,136,1115
Jharkhand,Ranchi,163,0,0,0,15,54,0,0,0,9,0,45,0,0,0,0,16,95,34,0,0,0,0,0,0,0,0,0,377,135,135,0,0,0,573,95,478,0,0,0,0,0,379,0,31,1,0,1063,36,0,0,51,15,0,0,0,961,0,184,79,0,0,79,0,0,6,0,0,0,99,2366,0,0,0,0,0,47,12,0,0,0,0,0,0,0,0,0,0,0,0,0,0,0,0,35,0,0,0,47,2289,35,1505,0,0,4,0,745,123,45,57,4,4,0,0,0,0,24,59,437,0,437,3038,0,0,0,0,0,568,108,13,11,3,81,367,93,568,0,1,0,0,258,0,0,0,0,0,0,0,0,0,259,491,7146
Jharkhand,Sahebganj,42,12,0,0,26,0,0,0,0,0,0,0,0,0,0,0,6,38,12,0,0,0,0,0,17,0,0,0,153,38,38,0,0,0,59,59,0,0,0,0,0,0,211,0,0,0,0,356,343,0,0,0,0,1,0,12,0,0,10,8,0,0,8,0,0,2,0,0,0,0,674,0,0,0,0,0,87,17,0,35,0,0,0,0,0,0,0,0,0,0,0,0,0,0,35,1,0,0,88,184,47,95,0,0,0,0,42,0,12,12,3,3,0,0,0,0,0,0,45,0,45,256,0,0,0,0,0,67,0,0,0,0,0,65,2,67,0,0,0,0,12,0,0,0,0,0,0,5,0,0,17,0,1255
Jharkhand,Saraikela,14,1,7,0,16,1,0,0,0,0,0,1,5,1,1,1,7,13,9,0,0,0,0,0,17,0,0,0,93,56,56,0,0,1,162,127,19,0,0,0,16,8,70,0,0,0,0,57,38,0,0,16,3,0,0,0,0,41,19,19,9,0,10,0,0,0,0,0,0,0,414,0,0,0,0,1,31,0,0,0,6,5,0,0,0,0,0,0,0,0,0,0,0,0,20,1,0,1,34,396,19,233,0,15,11,10,108,11,14,10,1,1,0,0,0,0,4,25,30,0,30,491,0,0,0,0,0,109,0,0,0,0,0,83,26,109,0,5,0,0,43,0,1,0,0,0,0,1,4,0,54,2,1197
Jharkhand,Simdega,46,0,0,0,0,0,0,0,0,0,0,0,0,0,0,0,1,17,19,0,0,0,0,0,0,0,0,0,83,39,39,0,0,0,115,0,115,0,0,0,0,2,7,0,0,0,0,16,0,0,0,8,0,0,0,8,0,0,13,13,0,0,13,0,0,0,0,0,0,0,192,0,0,0,0,0,1,0,0,0,0,0,0,0,0,0,0,0,0,0,0,0,0,0,1,0,0,0,1,63,19,33,0,0,0,0,11,0,2,5,1,1,0,0,0,0,6,0,6,0,6,83,0,0,0,0,0,11,0,0,0,0,0,11,0,11,0,6,0,0,15,0,0,0,0,0,0,1,0,1,23,207,600
Karnataka,Bagalkot,9,0,0,0,44,0,0,0,0,0,0,0,106,0,3,2,2,35,0,0,0,0,3,0,0,0,0,0,204,22,22,0,0,3,388,28,347,0,0,0,13,17,88,0,0,0,0,167,55,0,0,86,21,1,0,0,4,10,55,55,54,0,1,0,0,0,0,0,0,0,750,0,0,0,0,0,102,1,0,0,0,0,0,0,1,0,0,35,0,0,0,0,0,0,65,1,0,7,110,271,2,122,0,0,0,0,147,4,0,8,2,2,0,0,5,2,14,0,98,21,77,404,0,0,0,0,0,125,2,0,0,0,2,107,16,125,0,1,0,0,488,33,0,0,12,0,4,5,29,0,572,54,2219
Karnataka,Bengaluru City,168,1,16,0,897,180,16,8,3,26,1,126,66,29,109,97,25,619,3,3,1,0,9,0,0,0,0,0,2223,176,176,0,0,56,1049,204,673,2,9,17,144,129,449,7,0,0,0,2693,74,0,0,2242,175,2,1,143,56,42,1215,1165,1111,11,43,0,0,36,0,0,0,14,5816,1,0,1,1,0,75,0,1,0,0,2,0,0,0,2,0,26,1,12,2,3,0,0,26,36,2,74,187,9229,632,5352,0,1,1,169,3074,185,193,675,34,34,0,17,34,3,217,0,944,181,763,11531,11,0,0,0,11,3249,417,3,4,4,406,2655,177,3260,0,32,12,0,3896,3106,1,0,19,1,103,37,664,24,7895,3802,34715
Karnataka,Bengaluru District,22,2,0,0,198,11,0,0,0,0,0,11,19,0,7,10,5,153,0,4,0,0,2,0,0,0,0,0,433,71,71,0,0,5,737,57,672,0,0,0,8,28,135,4,0,0,0,792,18,2,0,623,50,1,0,98,0,23,316,316,287,0,29,0,0,0,0,0,0,0,2111,0,0,0,0,0,119,0,0,0,0,2,0,0,0,0,0,31,0,0,0,31,0,0,55,0,0,12,131,1585,28,1019,0,0,0,27,511,3,0,86,10,10,0,4,26,0,43,0,353,87,266,2110,0,0,0,0,0,554,0,0,0,0,0,514,40,554,0,11,1,0,1841,13,0,0,5,0,19,12,213,0,2115,182,7636
Karnataka,Belagavi District,16,1,0,0,83,7,0,0,0,2,0,5,99,0,9,3,3,117,4,0,0,0,1,0,1,0,0,0,344,71,71,0,0,0,717,57,647,0,0,0,13,31,130,1,0,0,0,354,45,0,0,287,21,0,0,1,0,7,99,99,85,0,14,0,0,0,0,0,0,0,1410,0,0,0,0,0,251,0,0,0,0,0,0,0,0,0,0,90,0,0,0,0,0,0,161,0,1,5,257,428,4,238,0,0,1,0,185,5,0,13,8,8,0,0,0,0,10,0,182,40,142,646,3,0,0,0,3,150,0,0,0,0,0,131,19,153,0,7,2,0,1235,65,0,0,13,0,10,8,61,0,1401,249,4460
Karnataka,Ballari,8,0,0,0,22,6,0,0,0,0,0,6,43,0,5,1,2,108,0,0,0,0,0,0,0,0,0,0,195,18,18,0,0,0,221,4,212,0,0,0,5,19,51,0,0,0,0,317,0,0,0,211,18,0,0,88,0,16,54,54,46,0,8,0,0,0,0,0,0,0,696,0,0,0,0,0,101,0,0,0,0,1,0,0,0,0,0,14,0,0,0,35,0,0,51,2,0,3,106,323,5,139,0,0,0,0,179,0,0,9,1,1,0,0,1,0,13,0,98,17,81,445,1,0,0,0,1,99,0,0,0,0,0,93,6,100,0,3,0,0,336,4,0,0,5,0,10,6,34,1,399,56,1997
Karnataka,Bidar,11,0,0,0,44,5,1,0,0,3,0,1,2,0,0,2,2,116,0,0,0,1,1,0,0,0,0,0,184,31,31,0,0,5,332,41,282,0,1,2,6,17,56,32,0,0,0,583,13,0,0,540,28,0,0,1,1,21,74,69,53,3,13,0,0,4,0,0,0,1,1151,0,0,0,0,0,143,5,0,0,0,2,0,0,0,0,0,38,0,65,2,0,0,0,31,1,1,14,159,300,2,147,0,0,0,2,149,3,0,11,2,2,0,0,1,1,10,0,134,19,115,462,1,0,0,0,1,55,17,8,3,0,6,30,8,56,0,2,1,0,737,5,0,2,14,0,17,6,82,0,866,98,2976
Karnataka,Vijayapura,27,0,0,0,119,5,0,0,0,0,0,5,6,0,1,1,2,103,0,0,0,0,3,0,0,0,0,0,267,65,65,0,0,2,432,49,377,0,0,0,6,18,102,2,0,0,0,405,47,0,0,232,18,0,0,0,108,16,102,94,82,0,12,0,0,0,0,0,0,8,1144,0,0,0,0,0,145,0,0,0,0,10,0,2,0,21,25,54,10,0,0,0,0,0,23,0,0,8,153,349,0,162,0,0,0,0,187,0,0,11,5,5,0,0,0,0,8,0,134,34,100,507,1,0,0,0,1,131,12,12,0,0,0,107,12,132,0,3,0,0,560,59,0,0,3,0,10,1,38,0,674,128,3005
Karnataka,Chikkaballapura,18,0,0,0,70,3,0,0,0,2,0,1,50,2,5,1,2,53,0,0,0,0,6,0,0,0,0,0,210,27,26,1,0,2,333,79,238,0,0,0,16,17,47,0,0,0,0,300,0,0,0,261,23,0,0,16,0,9,74,71,66,1,4,0,0,3,0,0,0,0,809,0,0,0,0,0,138,0,0,0,0,0,0,0,0,0,0,32,5,51,0,50,0,0,0,1,0,14,153,299,12,171,0,3,1,1,111,0,0,20,2,2,0,0,4,0,10,0,117,27,90,452,0,0,0,0,0,115,0,0,0,0,0,102,13,115,0,8,0,0,548,10,0,0,2,0,6,7,96,0,677,285,2701
Karnataka,Chamarajnagar,11,0,0,0,111,9,0,0,0,0,0,9,64,0,12,3,3,24,0,0,0,0,0,0,0,0,0,0,237,12,12,0,0,1,235,28,207,0,0,0,0,10,56,0,0,0,0,394,0,0,0,370,24,0,0,0,0,0,32,28,28,0,0,1,0,0,0,0,0,3,740,0,0,0,0,8,50,0,0,0,0,0,0,0,1,0,0,8,0,0,0,0,0,0,41,0,0,10,68,151,42,71,0,0,0,0,38,0,0,16,1,1,0,0,0,0,1,0,99,11,88,268,0,0,0,0,0,38,0,0,0,0,0,34,4,38,0,3,0,0,535,5,0,0,1,0,13,3,20,0,580,100,2031
Karnataka,Chikkamagaluru,10,0,0,0,120,10,1,0,0,2,0,7,33,0,1,3,1,72,0,0,0,0,1,0,0,0,0,0,251,31,31,0,0,2,254,32,207,0,0,0,15,12,47,1,0,0,0,338,5,0,0,276,24,0,0,33,0,3,76,76,76,0,0,0,0,0,0,0,0,0,764,0,0,0,0,0,52,0,0,0,0,7,5,0,1,0,0,21,3,8,0,3,0,0,4,0,0,20,72,232,0,100,0,0,0,1,131,0,0,8,4,4,0,1,0,0,3,0,96,22,74,344,0,0,0,0,0,65,13,1,0,0,12,43,9,65,0,10,2,0,711,0,0,0,7,0,5,8,57,0,800,353,2649
Karnataka,Chitradurga,18,0,0,0,241,10,0,0,0,0,0,10,121,14,22,3,4,121,0,0,0,0,4,0,0,0,0,0,558,31,31,0,0,2,420,0,417,0,0,0,3,22,93,1,0,0,0,502,8,0,0,339,26,1,0,61,67,16,107,107,90,0,17,0,0,0,0,0,0,0,1194,0,0,0,0,0,225,2,0,0,0,1,0,50,0,15,0,101,48,8,0,0,0,0,0,2,0,8,235,443,7,198,0,0,0,2,236,15,0,25,1,1,0,0,1,1,8,0,118,18,100,612,0,0,0,0,0,101,0,0,0,0,0,97,4,101,0,4,0,0,1278,0,0,0,3,0,12,6,45,0,1348,378,4426
Karnataka,Dakshina Kannada,9,0,0,0,41,14,0,0,1,0,0,13,4,7,7,4,0,30,0,0,0,0,0,0,0,0,0,0,116,13,13,0,0,2,160,1,149,0,0,0,10,2,29,1,0,0,0,159,3,0,0,124,21,2,0,9,0,4,26,26,26,0,0,0,0,0,0,0,0,0,396,0,0,0,0,0,31,0,0,0,0,1,0,0,0,0,0,13,4,12,0,0,0,0,1,9,0,3,43,164,7,49,0,0,0,0,108,2,1,10,1,1,0,0,0,0,12,0,71,13,58,261,1,0,0,0,1,48,0,0,0,0,0,47,1,49,0,1,0,0,705,1,0,0,4,0,7,5,33,1,757,187,1809
Karnataka,Davanagere,20,2,0,0,97,14,0,0,0,0,0,14,90,0,4,0,6,59,0,1,0,0,2,0,0,0,0,0,295,27,27,0,0,1,297,43,245,0,0,0,9,11,76,3,0,3,0,197,5,0,0,178,13,0,0,0,1,7,121,121,64,26,31,0,0,0,0,0,0,0,743,0,0,0,0,0,181,1,0,0,0,0,1,0,0,0,0,60,0,0,0,0,0,0,119,0,0,8,189,425,12,233,0,0,0,1,179,2,1,47,6,6,0,0,1,0,8,0,182,31,151,672,1,0,0,0,1,99,2,0,0,0,2,85,12,100,0,0,0,0,732,9,0,0,0,0,9,5,60,0,815,332,3146
Karnataka,Dharwad,5,0,0,0,24,4,0,0,0,2,0,2,6,0,0,1,1,24,0,0,0,0,1,0,0,0,0,0,66,20,20,0,0,1,191,42,145,0,0,0,4,9,30,0,0,0,0,106,4,0,0,68,2,0,0,7,25,0,24,22,9,4,9,0,0,2,0,0,0,0,381,0,0,0,0,0,60,1,0,0,0,0,5,0,0,0,0,26,0,18,0,10,0,0,0,1,0,3,64,103,2,46,0,0,0,0,55,1,0,9,2,2,0,0,0,0,1,0,43,9,34,159,0,0,0,0,0,33,0,0,0,0,0,32,1,33,0,1,0,0,284,0,0,0,7,0,4,2,18,0,316,47,1066
Karnataka,Gadag,7,1,0,0,45,6,0,0,0,0,0,6,0,0,2,1,1,23,0,0,0,0,0,0,0,0,0,0,86,17,17,0,0,0,159,12,137,0,0,0,10,5,29,0,0,0,0,83,6,0,0,47,13,0,0,17,0,10,30,30,30,0,0,0,0,0,0,0,0,0,333,0,0,0,0,0,101,1,0,0,0,0,0,0,0,0,0,19,0,0,0,0,0,0,81,1,0,4,106,166,1,68,0,0,0,0,97,3,0,8,0,0,0,0,0,0,10,0,52,15,37,239,1,0,0,0,1,39,0,0,0,0,0,32,7,40,0,3,0,0,163,0,0,0,6,0,3,1,14,0,190,77,1071
Karnataka,Kalaburgi,15,0,2,0,82,3,0,0,0,0,0,3,3,0,0,0,4,84,0,0,1,0,3,0,0,0,0,0,197,31,30,1,0,6,291,27,256,0,1,0,7,12,76,0,0,10,0,385,9,0,0,348,23,0,0,5,0,9,80,80,67,3,10,0,0,0,0,0,0,0,900,0,0,0,0,0,151,1,0,0,0,0,0,0,0,0,0,24,0,0,0,0,0,0,126,1,0,21,173,429,2,74,0,0,0,0,353,1,0,16,3,3,0,0,1,0,6,0,148,30,118,604,0,0,0,0,0,43,4,0,0,0,4,37,2,43,0,5,1,0,575,1,0,0,22,0,10,3,39,0,656,44,2617
Karnataka,Hassan,22,1,1,0,170,21,0,0,0,0,0,21,44,0,6,2,6,90,0,0,0,1,0,0,0,0,0,0,364,45,45,0,0,2,475,17,452,0,0,0,6,29,115,3,0,1,0,1019,17,1,0,914,31,0,0,56,0,17,96,95,92,0,3,0,0,1,0,0,0,0,1802,0,0,0,0,0,73,0,0,0,0,0,0,0,0,0,0,25,0,0,0,13,0,0,35,2,0,22,97,396,14,173,0,0,0,5,204,0,0,46,10,10,0,1,9,0,17,0,210,57,153,689,0,0,0,0,0,155,0,0,0,0,0,135,20,155,0,8,0,0,1749,1,0,0,10,0,16,10,69,0,1863,127,5097
Karnataka,Haveri,17,0,0,0,54,19,0,0,0,0,0,19,48,1,0,1,2,33,0,0,0,0,4,0,0,0,0,0,179,22,22,0,0,4,267,25,241,0,0,0,1,7,60,0,0,0,0,165,0,0,0,141,17,0,0,7,0,0,58,58,49,0,9,0,0,0,0,0,0,0,583,0,0,0,0,0,215,0,0,0,0,0,0,0,0,0,0,136,0,68,0,0,0,0,11,3,0,2,220,471,0,263,0,0,0,0,208,0,0,14,5,5,0,0,1,0,3,0,158,29,129,652,0,0,0,0,0,70,0,0,0,0,0,67,3,70,0,6,0,0,564,14,0,0,4,0,6,7,23,0,624,120,2448
Karnataka,Hubballi Dharwad City,13,0,0,0,52,1,0,0,0,0,0,1,6,1,20,5,4,97,0,0,0,0,1,0,1,0,0,0,201,24,24,0,0,6,105,27,74,0,0,0,4,14,89,0,0,0,0,271,3,0,0,112,36,0,0,87,33,9,79,75,71,0,4,0,0,1,0,0,0,3,597,0,0,0,0,0,30,0,0,0,0,0,2,0,2,0,0,3,0,0,0,12,0,0,11,1,0,28,59,215,3,128,1,0,0,5,78,2,4,26,4,4,0,0,0,1,17,0,86,22,64,355,0,0,0,0,0,106,0,0,0,0,0,93,13,106,0,1,0,0,329,3,0,0,6,0,3,1,26,0,369,129,1816
Karnataka,Kgf,4,1,0,0,30,4,0,0,0,0,0,4,6,0,4,1,1,8,0,0,0,0,1,0,0,0,0,0,60,12,12,0,0,0,72,25,43,0,0,1,3,9,31,0,0,0,0,104,4,0,0,89,9,0,0,2,0,0,36,35,35,0,0,0,0,0,0,0,0,1,264,0,0,0,0,0,11,0,0,0,0,0,0,0,0,0,0,5,0,6,0,0,0,0,0,0,0,13,24,86,6,41,0,0,0,2,37,0,1,6,0,0,0,0,0,0,2,0,76,13,63,171,0,0,0,0,0,27,15,0,0,0,15,7,5,27,0,3,0,0,126,0,0,0,0,0,10,1,0,0,140,100,786
Karnataka,Kodagu,4,0,0,0,39,9,0,0,0,0,0,9,5,0,7,5,0,21,0,1,0,0,0,0,1,0,0,0,92,23,23,0,0,7,84,2,81,0,0,0,1,10,37,1,0,0,0,318,6,0,0,281,14,0,0,17,0,4,40,40,36,0,4,0,0,0,0,0,0,0,524,0,0,0,0,0,7,0,0,0,0,1,0,0,0,0,0,2,0,0,0,1,0,0,3,16,0,21,44,108,9,28,0,0,0,1,70,0,0,8,2,2,0,0,0,1,5,0,84,22,62,208,0,0,0,0,0,79,0,0,0,0,0,71,8,79,0,1,3,0,419,0,0,0,8,0,6,2,35,0,474,78,1499
Karnataka,Kolar,4,0,0,0,65,12,0,0,0,0,0,12,29,0,2,1,5,26,1,0,0,0,2,0,1,0,0,0,148,28,28,0,0,3,283,32,232,0,0,0,19,16,59,0,0,0,0,239,12,0,0,206,21,0,0,0,0,5,80,79,72,4,3,0,0,1,0,0,0,0,713,0,0,0,0,0,117,0,0,0,2,4,0,8,0,16,8,29,13,7,0,6,0,0,24,0,0,8,125,232,5,139,0,0,0,1,87,0,0,32,0,0,0,0,3,0,9,0,96,24,72,372,0,0,0,0,0,62,44,0,0,0,44,7,11,62,0,14,0,0,543,0,0,1,11,0,6,9,25,2,611,231,2262
Karnataka,Koppal,12,0,0,0,119,0,0,0,0,0,0,0,0,0,0,0,2,58,0,0,1,2,4,0,0,0,0,0,198,19,19,0,0,1,277,0,272,0,0,0,5,9,47,0,0,1,0,145,0,0,0,113,32,0,0,0,0,6,43,43,39,0,4,0,0,0,0,0,0,0,548,0,0,0,0,0,62,0,0,0,0,0,0,0,0,0,0,10,7,0,0,10,0,0,35,5,0,9,76,218,4,76,0,0,0,0,138,0,0,9,7,7,0,0,0,0,7,0,98,21,77,339,0,0,0,0,0,52,0,0,0,0,0,50,2,52,0,6,0,0,391,5,0,0,1,0,4,1,52,11,471,90,1774
Karnataka,Mandya,5,0,1,0,106,17,0,0,0,9,0,8,108,0,4,1,4,62,0,3,0,1,2,0,0,0,0,0,314,27,27,0,0,2,508,27,477,0,0,0,4,20,83,0,0,0,0,749,15,0,0,603,33,0,0,98,0,23,103,103,94,0,9,0,0,0,0,0,0,0,1515,0,0,0,0,0,76,14,0,0,0,1,0,0,0,0,0,14,0,0,0,17,0,0,30,2,0,12,90,344,13,170,0,0,0,2,159,0,0,34,3,3,0,0,5,1,7,0,169,44,125,563,0,0,0,0,0,101,0,0,0,0,0,90,11,101,0,1,0,0,1597,1,0,1,2,0,9,11,75,0,1697,83,4363
Karnataka,Mangaluru City,25,0,0,0,47,23,1,0,0,5,0,17,3,4,13,5,0,20,0,0,0,0,0,0,0,0,0,0,140,10,10,0,0,3,192,2,169,0,0,0,21,5,51,0,0,0,0,194,8,0,0,153,19,0,0,7,7,5,53,52,47,1,4,0,0,1,0,0,0,0,513,0,0,0,0,0,15,2,0,0,0,1,0,0,1,0,0,2,0,3,0,0,0,1,5,4,0,16,35,203,3,62,0,0,0,4,134,4,3,15,1,1,0,1,1,0,14,0,54,18,36,296,2,0,0,0,2,115,1,0,0,0,1,99,15,117,0,2,0,0,861,14,0,0,9,0,13,1,18,0,918,84,2103
Karnataka,Mysuru City,23,0,0,0,35,11,1,0,0,1,0,9,7,0,10,2,5,17,1,0,1,0,0,0,0,0,0,0,112,22,22,0,0,0,166,21,140,0,0,0,5,17,41,0,0,0,0,243,5,0,0,217,13,0,0,8,0,6,61,61,61,0,0,0,0,0,0,0,0,0,556,0,0,0,0,0,11,0,0,0,0,0,0,0,0,0,0,3,2,4,0,0,0,0,2,3,0,3,17,351,0,238,0,0,0,0,113,2,3,42,2,2,0,3,0,1,20,0,91,9,82,515,0,0,0,0,0,155,0,0,0,0,0,135,20,155,0,3,0,0,969,0,0,0,0,0,2,0,46,3,1023,145,2523
Karnataka,Mysuru District,12,0,0,0,155,22,0,0,0,0,0,22,72,0,4,1,3,106,0,0,0,0,0,0,0,0,0,0,375,49,49,0,0,3,451,3,446,0,0,0,2,35,63,0,0,0,0,915,3,0,0,866,25,0,0,21,0,16,117,117,96,0,21,0,0,0,0,0,0,0,1649,0,0,0,0,0,139,0,0,0,0,0,2,0,0,0,0,31,0,0,0,22,0,3,81,4,0,16,159,465,15,238,0,0,0,2,210,1,0,41,0,0,0,0,0,0,5,0,247,34,213,759,0,0,0,0,0,99,0,0,0,0,0,89,10,99,0,1,0,0,1594,3,0,0,11,0,12,15,87,0,1723,121,4885
Karnataka,Raichur,19,0,0,0,159,12,0,0,0,6,0,6,11,1,1,1,2,117,0,1,0,0,1,0,1,0,0,0,326,39,39,0,0,2,322,8,312,0,0,0,2,20,92,2,0,0,0,311,6,0,0,265,21,0,0,19,0,33,52,51,35,0,16,0,0,1,0,0,0,0,873,0,0,0,0,0,242,1,0,0,0,0,0,0,0,0,0,48,0,0,0,12,0,0,181,2,0,0,244,566,8,187,0,0,0,0,371,2,0,18,5,5,0,0,1,0,13,0,99,26,73,704,2,0,0,0,2,99,0,0,0,0,0,94,5,101,0,2,0,0,370,7,0,0,22,0,11,3,52,0,467,83,2798
Karnataka,Krailways,0,0,0,0,4,2,2,0,0,0,0,0,0,0,0,0,0,0,0,1,0,0,4,0,0,0,0,0,11,13,13,0,0,0,5,0,2,0,0,0,3,4,6,0,0,0,0,18,0,0,0,12,6,0,0,0,0,2,4,3,3,0,0,0,0,0,0,0,0,1,52,0,0,0,0,0,0,0,0,0,0,0,0,0,0,0,0,0,0,0,0,0,0,0,0,0,0,0,0,719,0,58,0,0,0,0,661,14,0,33,0,0,0,0,2,0,0,0,1,1,0,769,0,0,0,0,0,3,0,0,0,0,0,1,2,3,0,1,0,0,0,0,0,0,1,0,0,0,1,0,3,26,864
Karnataka,Ramanagara,9,0,1,0,157,13,0,0,0,0,0,13,36,3,5,3,1,49,0,1,0,0,2,0,0,0,0,0,280,39,39,0,0,2,408,28,380,0,0,0,0,20,73,0,0,0,0,761,0,0,0,533,22,0,0,206,0,8,120,120,112,0,8,0,0,0,0,0,0,0,1431,0,0,0,0,0,40,0,0,0,0,0,0,0,0,0,0,11,0,0,0,6,0,0,23,1,0,3,44,500,0,269,0,0,0,0,231,0,0,41,11,11,0,0,3,0,10,0,171,40,131,736,0,0,0,0,0,135,0,0,0,0,0,127,8,135,0,13,0,0,1181,4,0,0,2,0,8,13,90,0,1311,73,4010
Karnataka,Shimoga,18,0,0,0,216,19,0,0,0,1,0,18,43,3,10,6,2,88,0,0,1,3,4,0,0,0,0,0,413,36,36,0,0,3,368,32,328,0,0,0,8,23,149,0,0,0,0,830,1,0,0,752,41,0,0,36,0,25,109,105,101,0,4,0,0,0,0,0,0,4,1543,0,0,0,0,0,186,0,0,0,0,0,0,2,2,2,0,61,0,2,0,0,0,0,117,2,0,25,213,422,14,206,0,0,0,2,200,0,8,42,8,8,0,1,4,2,11,0,172,41,131,670,1,0,0,0,1,210,0,0,0,0,0,201,9,211,0,3,1,0,1139,0,0,0,15,0,20,10,148,1,1337,201,4588
Karnataka,Tumakuru,30,0,0,0,251,26,0,0,0,0,0,26,65,0,6,4,5,51,0,1,0,0,3,0,0,0,0,0,442,52,52,0,0,6,748,11,730,0,0,0,7,28,138,0,0,0,0,1070,32,0,0,780,50,0,0,208,0,26,154,153,147,1,5,0,0,1,0,0,0,0,2222,0,0,0,0,0,61,1,0,0,0,0,0,0,0,0,0,25,0,20,0,7,0,0,8,0,0,49,110,734,14,434,0,0,0,2,284,1,2,87,3,3,0,1,10,1,16,0,264,50,214,1119,0,0,0,0,0,255,94,30,14,17,33,133,28,255,0,6,0,0,1897,2,0,0,13,0,15,16,114,0,2063,141,6352
Karnataka,Udupi,14,0,0,0,66,4,0,0,0,0,1,3,0,0,3,3,0,64,0,0,0,0,0,0,0,0,0,0,154,6,6,0,0,0,239,5,221,0,0,0,13,10,37,1,0,0,0,200,20,0,0,160,11,0,0,3,6,15,35,33,31,0,2,0,0,0,0,0,0,2,543,0,0,0,0,0,39,0,0,0,0,3,1,0,0,2,2,11,0,19,0,0,0,0,1,1,0,21,61,311,13,68,0,0,0,3,227,2,0,16,4,4,0,1,4,1,14,0,91,20,71,444,1,0,0,0,1,157,0,0,0,0,0,144,13,158,0,4,2,0,990,2,0,1,0,0,14,5,51,7,1076,271,2707
Karnataka,Uttara Kannada,12,0,0,0,158,16,0,0,0,0,0,16,40,1,11,8,0,43,0,0,0,0,1,0,0,0,0,0,290,17,17,0,0,4,251,9,239,0,0,0,3,8,53,0,0,0,0,291,11,0,0,234,31,0,0,15,0,1,66,66,54,5,7,0,0,0,0,0,0,0,691,0,0,0,0,0,79,0,0,0,0,0,0,0,0,0,0,10,0,37,0,16,0,0,16,5,0,7,91,177,5,60,0,0,1,1,110,1,7,12,4,4,0,0,0,0,11,0,99,20,79,311,2,0,0,0,2,91,0,0,0,0,0,80,11,93,0,5,0,0,726,0,0,0,20,0,8,4,33,1,797,304,2577
Karnataka,Yadgiri,15,0,0,0,124,12,0,0,0,0,0,12,0,0,0,2,0,46,0,1,0,0,5,0,0,0,0,0,205,21,21,0,0,3,160,10,147,0,0,0,3,5,58,5,0,0,0,239,3,0,0,221,11,0,0,3,1,12,38,37,32,0,5,0,0,0,0,0,0,1,541,0,0,0,0,0,162,0,0,0,0,0,0,0,0,4,0,55,2,19,0,5,0,0,77,2,0,0,164,193,0,72,0,1,0,0,120,0,0,1,0,0,0,0,0,1,3,0,55,16,39,253,0,0,0,0,0,40,2,0,0,0,2,32,6,40,0,4,1,0,292,6,0,0,12,0,2,3,22,2,344,35,1582
Karnataka,Belagavi City,12,1,1,0,45,7,0,0,0,1,0,6,2,0,7,3,3,63,0,0,0,0,2,0,0,0,0,0,146,15,15,0,0,1,145,17,114,0,0,0,14,7,75,0,0,1,0,135,6,0,0,121,7,0,0,1,0,2,45,43,33,1,9,0,0,2,0,0,0,0,426,0,0,0,0,0,60,0,0,0,0,1,0,0,0,3,0,12,1,1,0,2,6,1,33,4,0,6,70,267,2,129,1,0,0,3,132,4,2,27,4,4,0,0,1,0,3,0,106,24,82,414,2,0,0,0,2,104,0,0,0,0,0,98,6,106,0,3,0,0,390,1,0,0,14,0,8,5,24,0,445,123,1730
Karnataka,Kalaburgi City,19,0,0,0,56,0,0,0,0,0,0,0,0,0,0,1,2,76,0,0,0,0,4,0,0,0,0,0,158,25,23,2,0,2,119,3,112,0,0,0,4,8,53,0,0,0,0,191,2,0,0,163,13,1,0,5,7,11,69,69,56,2,11,0,0,0,0,0,0,0,478,0,0,0,0,8,76,4,0,0,1,1,0,0,0,0,0,1,0,0,0,0,0,0,69,2,0,11,97,308,8,212,0,0,1,1,86,0,1,34,2,2,0,0,0,1,6,0,100,17,83,452,0,0,0,0,0,83,0,0,0,0,0,71,12,83,0,1,1,0,364,5,0,0,10,0,9,3,31,1,425,115,1808
Karnataka,Vijayanagara,8,0,0,0,81,1,0,0,0,0,0,1,30,0,4,1,2,71,0,0,0,0,1,0,0,0,0,0,199,21,21,0,0,1,211,0,206,0,0,0,5,11,64,0,0,0,0,159,2,0,0,94,14,0,0,47,2,5,53,53,41,0,12,0,0,0,0,0,0,0,525,0,0,0,0,0,88,0,0,0,0,0,0,13,0,4,2,41,24,2,0,0,0,0,2,0,0,8,96,213,3,69,0,0,0,0,141,1,2,11,1,1,0,1,0,0,6,0,63,11,52,298,2,0,0,0,2,67,0,0,0,0,0,65,2,69,0,0,0,0,355,3,0,0,7,0,5,2,29,0,401,100,1688
Kerala,Alapuzha,53,2,3,0,245,39,0,0,0,0,0,39,7,7,19,47,0,257,1,1,0,0,1,0,0,0,0,0,682,32,32,0,0,10,240,0,239,0,1,0,0,4,88,233,0,0,0,895,60,0,0,807,17,2,1,8,0,33,11,8,0,0,8,0,0,0,0,0,0,3,1546,0,0,0,0,94,54,0,0,0,0,3,0,0,1,0,0,2,0,46,0,0,2,0,0,14,0,162,324,264,0,91,0,0,0,0,173,8,8,51,3,3,0,0,0,0,17,0,169,42,127,520,1,0,0,0,1,1052,0,0,0,0,0,1024,28,1053,0,0,5,6,4802,61,0,97,0,0,11,10,79,0,5071,1213,10409
Kerala,Ernakulam Commr,109,1,1,0,89,130,5,17,14,8,0,86,4,8,44,56,0,156,0,0,0,0,0,0,0,0,0,0,598,17,17,0,0,11,129,10,115,0,0,0,4,3,60,156,0,0,0,567,49,0,1,452,42,0,0,23,0,206,18,13,1,6,6,0,0,3,0,0,0,2,1167,1,0,1,1,71,0,0,0,0,0,0,0,0,0,0,0,0,0,0,0,0,0,0,0,0,0,82,153,430,7,198,2,0,0,2,221,7,24,55,5,5,0,7,10,1,25,0,106,37,69,670,0,0,0,0,0,1025,8,8,0,0,0,956,61,1025,0,0,24,0,5269,263,2,81,0,4,45,3,66,1,5758,671,10043
Kerala,Ernakulam Rural,74,4,0,0,179,115,5,3,7,0,0,100,5,9,29,98,0,275,1,0,0,0,0,0,0,0,0,0,789,35,35,0,0,7,237,0,234,0,0,0,3,2,58,118,0,0,0,1056,123,0,0,801,34,2,1,30,65,130,27,19,4,2,13,0,0,2,0,0,0,6,1670,0,0,0,0,26,125,4,0,8,2,24,0,0,4,0,0,2,2,14,0,0,29,1,35,4,0,45,200,480,11,180,0,7,0,2,280,19,8,57,1,1,0,2,0,0,37,0,212,75,137,816,2,0,0,0,2,1073,159,139,0,0,20,839,75,1075,0,2,1,4,5739,54,13,296,0,2,100,11,252,1,6475,634,11659
Kerala,Idukki,23,3,0,0,71,88,3,5,3,0,0,77,22,2,11,34,1,64,1,0,0,0,1,0,1,0,0,0,322,19,19,0,0,6,74,3,69,0,0,0,2,1,55,90,0,0,0,559,35,1,0,458,44,0,0,21,0,3,8,8,6,0,2,0,0,0,0,0,0,0,815,0,0,0,0,30,26,0,0,0,0,9,0,0,3,0,0,1,1,12,0,0,0,0,0,1,0,32,89,139,15,27,0,0,0,3,94,1,3,17,1,1,0,0,0,0,7,0,88,28,60,256,0,0,0,0,0,372,2,0,1,1,0,359,11,372,0,1,4,0,11685,107,2,104,0,0,10,16,32,0,11961,387,14202
Kerala,Kannur City,24,1,0,0,52,18,4,0,1,0,2,11,4,2,13,24,0,169,0,0,0,0,0,0,1,0,0,0,308,5,5,0,0,1,108,0,107,0,0,0,1,3,37,66,0,0,0,300,16,0,0,225,18,1,0,40,0,0,9,2,0,0,2,0,0,1,0,0,0,6,529,0,0,0,0,3,47,0,0,0,0,9,0,0,7,0,0,1,0,29,0,0,0,1,0,1,0,34,85,117,2,31,0,0,0,1,83,3,2,22,7,7,0,2,0,1,11,0,91,26,65,256,2,0,0,0,2,282,2,1,0,0,1,267,13,284,0,0,0,0,1652,73,0,19,0,0,1,9,75,5,1834,565,3861
Kerala,Kasargod,18,0,0,0,34,45,2,7,3,5,2,26,4,1,10,25,0,108,0,0,0,0,1,0,0,0,0,0,246,13,13,0,0,0,83,2,80,0,0,0,1,5,20,57,0,0,0,481,21,1,0,354,22,1,1,44,37,95,8,5,0,1,4,0,0,2,0,0,0,1,762,0,0,0,0,31,85,0,0,0,0,45,0,0,4,0,0,0,0,4,0,4,0,1,27,4,0,23,143,133,28,18,2,6,2,2,75,3,5,22,1,1,0,1,1,0,9,0,121,51,70,296,1,0,0,0,1,328,69,4,0,0,65,248,11,329,0,0,0,0,1758,11,0,5,0,1,10,11,45,0,1841,247,3864
Kerala,Kollam Commr,35,6,1,0,164,26,4,2,0,4,1,15,5,4,15,27,0,191,1,0,0,0,0,0,0,0,0,0,475,21,21,0,0,3,102,3,99,0,0,0,0,7,110,249,0,0,0,547,68,0,0,430,45,1,0,2,1,0,8,6,3,3,0,0,0,0,0,0,0,2,1047,0,0,0,0,0,124,0,0,0,0,65,0,0,0,0,0,0,0,8,0,0,51,0,0,0,0,148,272,277,2,119,3,0,1,4,148,1,3,46,2,2,0,0,0,0,3,0,122,26,96,454,1,0,0,0,1,409,7,4,0,0,3,386,16,410,0,3,3,0,6891,117,0,0,0,1,0,10,64,0,7089,602,10349
Kerala,Kollam Rural,40,1,0,0,156,37,2,1,2,2,0,30,19,5,23,27,0,132,0,0,0,0,0,0,0,0,0,0,440,17,17,0,0,3,129,0,129,0,0,0,0,5,47,105,0,0,0,375,44,0,0,289,36,1,0,5,0,0,2,2,0,0,2,0,0,0,0,0,0,0,683,1,0,1,1,53,8,0,0,0,0,0,0,0,0,0,0,0,0,0,0,0,6,1,1,0,0,72,133,137,31,48,0,0,0,4,54,6,0,30,0,0,0,0,0,0,0,0,74,14,60,247,1,0,0,0,1,416,11,11,0,0,0,399,6,417,0,0,2,0,4467,284,0,97,0,0,0,10,35,0,4895,911,7727
Kerala,Kottayam,45,3,0,0,262,27,2,1,2,2,0,20,0,4,16,34,0,200,2,0,0,0,1,0,0,0,0,0,594,18,18,0,0,3,183,7,176,0,0,0,0,1,96,189,0,0,0,457,39,0,0,384,19,0,0,8,7,28,10,10,4,1,5,0,0,0,0,0,0,0,985,0,0,0,0,62,17,0,0,0,0,2,0,0,1,0,0,2,1,1,0,0,0,1,9,1,0,70,150,262,32,85,8,1,3,3,130,4,4,45,1,1,0,0,0,0,15,0,134,33,101,465,1,0,0,0,1,779,90,41,1,0,48,661,28,780,0,0,0,0,4890,1034,0,272,0,0,48,11,140,0,6395,309,9678
Kerala,Kozhikode Commr,51,0,4,0,53,61,13,17,3,3,0,25,4,2,14,29,0,297,0,0,0,0,1,0,0,0,0,0,516,11,11,0,0,1,136,1,132,0,0,0,3,1,26,62,0,2,0,326,36,0,0,255,26,0,0,9,0,269,12,10,0,7,3,0,0,1,0,0,0,1,846,0,0,0,0,8,141,0,0,0,0,2,0,0,20,0,0,0,0,2,0,0,105,12,0,1,0,25,175,235,18,116,7,0,0,5,89,3,7,32,1,1,0,0,0,0,13,0,128,45,83,419,6,0,0,0,6,450,270,57,0,0,213,171,9,456,0,0,1,0,7551,36,1,40,1,2,12,8,52,0,7704,194,10310
Kerala,Kozhikode Rural,35,2,1,0,79,93,6,16,6,6,2,57,3,4,19,36,0,375,1,0,0,0,0,0,0,0,0,0,648,14,14,0,0,4,145,0,144,0,0,0,1,3,39,56,3,1,0,594,29,0,0,512,32,0,0,21,0,511,16,10,1,4,5,0,0,2,0,0,0,4,1386,0,0,0,0,92,93,0,0,0,0,7,0,0,19,0,0,2,1,7,0,0,36,1,20,5,0,17,207,152,6,71,2,3,0,1,69,2,6,20,4,4,0,1,0,0,8,0,148,53,95,341,2,0,0,0,2,349,84,11,1,1,71,257,8,351,0,0,0,0,2820,12,0,3,0,0,1,22,93,0,2951,224,6108
Kerala,Malappuram,73,1,4,0,103,85,10,3,11,5,0,56,15,9,40,42,0,703,1,0,0,0,1,0,0,0,0,0,1077,16,16,0,0,16,257,0,243,0,1,0,13,6,53,157,11,0,0,858,56,0,0,716,67,0,0,18,1,213,18,12,1,2,9,0,1,1,0,0,0,4,1605,0,0,0,0,172,0,0,0,0,0,0,0,0,0,0,0,0,0,0,0,0,0,0,0,9,0,50,231,305,10,118,7,2,2,9,157,5,19,52,11,11,0,0,6,0,14,0,270,42,228,682,0,0,0,0,0,887,44,10,1,24,9,779,64,887,0,0,2,0,3340,70,0,157,0,0,1,18,126,3,3717,757,8956
Kerala,Palakkad,40,0,4,0,46,70,0,0,0,0,0,70,1,10,21,14,0,281,1,0,0,0,0,0,0,0,0,0,488,16,16,0,0,12,278,0,278,0,0,0,0,4,58,101,6,0,0,840,39,0,0,763,33,1,0,4,0,0,11,5,0,0,5,0,1,0,0,0,0,5,1326,0,0,0,0,76,110,0,0,0,0,1,0,0,7,0,0,1,0,101,0,0,0,0,0,7,0,73,266,187,3,87,2,0,0,3,92,5,3,38,10,10,0,0,0,0,16,0,142,24,118,401,3,0,0,0,3,700,282,0,0,0,282,401,17,703,0,0,1,0,4562,24,0,0,0,0,0,30,53,0,4670,821,8675
Kerala,Pathanamthitta,32,7,0,0,98,31,4,6,3,0,0,18,7,8,23,21,0,101,0,0,0,0,0,0,0,0,0,0,328,7,7,0,0,5,109,10,97,0,2,0,0,7,34,87,0,0,0,244,35,0,0,194,12,0,0,3,0,6,9,7,0,1,6,0,0,0,0,0,0,2,508,0,0,0,0,40,42,0,0,0,0,4,0,0,0,0,0,17,3,18,0,0,0,0,0,3,0,89,174,113,42,34,0,0,0,4,33,8,6,14,0,0,0,0,0,0,4,0,91,21,70,236,0,0,0,0,0,623,1,0,0,0,1,604,18,623,0,0,0,0,4981,49,0,89,0,0,83,9,90,0,5301,372,7542
Kerala,Railways,2,0,0,0,29,27,0,0,27,0,0,0,0,1,1,13,0,0,0,0,0,0,1,0,0,0,0,0,74,1,1,0,0,1,0,0,0,0,0,0,0,0,0,5,0,0,0,38,1,0,0,12,23,0,0,1,1,0,0,0,0,0,0,0,0,0,0,0,0,0,45,0,0,0,0,2,0,0,0,0,0,0,0,0,0,0,0,0,0,0,0,0,0,0,0,0,0,2,4,379,4,2,171,0,0,0,202,25,0,5,1,1,0,1,0,0,0,0,1,0,1,412,0,0,0,0,0,1,0,0,0,0,0,0,1,1,0,0,0,0,0,0,0,0,0,1,0,0,1,0,2,28,566
Kerala,Thrissur Commr,58,5,3,0,65,49,2,0,1,3,0,43,1,4,17,23,0,257,0,0,0,0,0,0,0,0,0,0,482,19,19,0,0,2,171,0,166,0,1,0,4,4,42,142,0,0,0,500,68,0,2,390,31,1,0,8,0,187,5,3,1,2,0,0,1,0,0,0,0,1,1072,0,0,0,0,54,61,0,0,0,0,6,0,0,11,0,0,0,0,44,0,0,0,0,0,3,0,92,210,292,9,125,5,0,0,1,152,21,13,45,3,3,0,0,0,0,21,0,171,36,135,566,1,0,0,0,1,721,30,0,0,0,30,691,0,722,0,0,0,0,4591,150,0,36,1,0,1,12,67,0,4858,640,8550
Kerala,Thrissur Rural,35,1,5,0,78,53,5,4,5,6,0,33,3,4,18,39,0,221,0,0,0,0,0,0,0,0,0,0,457,17,17,0,0,7,120,8,111,0,0,0,1,3,40,122,0,0,0,553,60,0,0,414,27,0,0,9,43,65,8,7,1,1,5,0,0,1,0,0,0,0,935,0,0,0,0,44,3,0,0,0,0,0,0,0,0,0,0,0,1,0,0,0,0,2,0,2,0,42,91,138,11,66,0,0,0,3,58,1,8,29,4,4,0,1,0,0,8,0,109,30,79,298,1,0,0,0,1,549,78,3,0,5,70,454,17,550,0,6,1,0,3732,32,0,87,0,0,8,5,7,0,3878,487,6696
Kerala,Trivandrum Commr,68,4,0,0,175,50,12,3,3,10,5,17,6,4,21,32,0,111,1,0,0,0,0,0,0,0,0,0,472,9,9,0,0,8,108,17,90,0,1,0,0,1,55,191,0,0,0,780,61,0,0,105,39,0,0,15,560,24,11,9,1,2,6,0,0,0,0,0,0,2,1187,0,0,0,0,268,3,0,0,0,0,1,0,0,0,0,0,0,0,0,0,0,2,0,0,3,0,148,422,337,60,141,1,0,0,8,127,7,5,54,1,1,0,0,0,0,6,0,68,10,58,478,6,0,0,0,6,1088,1,0,1,0,0,1040,47,1094,0,0,0,0,14274,414,0,0,0,0,0,4,19,0,14711,385,18749
Kerala,Trivandrum Rural,88,6,1,0,262,69,4,7,5,7,2,44,7,4,22,43,0,305,1,0,0,0,0,0,0,0,0,0,808,31,31,0,0,3,664,32,623,0,0,0,9,9,104,342,0,0,0,932,71,0,0,682,43,1,0,89,46,4,12,9,1,2,6,0,0,0,0,0,0,3,2101,0,0,0,0,87,3,0,0,0,0,0,0,0,0,0,0,1,0,2,0,0,0,0,0,3,0,139,232,354,75,84,5,4,2,3,181,16,3,58,5,5,0,2,0,0,10,0,223,56,167,671,2,0,0,0,2,525,62,4,0,1,57,448,15,527,0,7,1,0,14873,93,0,28,0,0,4,22,38,7,15073,1317,20729
Kerala,Wayanadu,20,0,0,0,92,16,3,2,2,0,0,9,1,0,6,10,0,123,0,0,0,0,0,0,0,0,0,0,268,8,8,0,0,2,47,2,45,0,0,0,0,2,20,22,0,0,0,456,47,4,0,368,11,0,0,8,18,13,6,6,3,0,3,0,0,0,0,0,0,0,576,0,0,0,0,49,13,0,0,0,0,0,0,0,0,0,0,0,0,0,0,1,10,0,2,2,0,18,82,59,1,13,0,0,1,0,44,2,1,6,2,2,0,0,0,0,1,0,67,24,43,138,0,0,0,0,0,216,12,0,0,1,11,202,2,216,0,3,0,0,842,16,0,16,0,2,5,8,23,2,917,157,2354
Kerala,Crime Branch,0,0,0,0,0,0,0,0,0,0,0,0,0,0,0,0,0,0,0,0,0,0,0,0,0,0,0,0,0,2,2,0,0,0,0,0,0,0,0,0,0,0,1,0,0,0,0,1,0,0,0,1,0,0,0,0,0,0,0,0,0,0,0,0,0,0,0,0,0,0,4,0,0,0,0,0,0,0,0,0,0,0,0,0,0,0,0,0,0,0,0,0,0,0,0,0,0,0,0,0,0,0,0,0,0,0,0,0,0,0,0,0,0,0,0,0,246,0,0,0,0,246,6,0,0,0,6,501,1,0,0,1,0,493,7,507,0,0,0,0,0,0,0,0,0,0,0,0,0,0,0,2,759
Kerala,Kannur Rural,17,0,3,0,35,31,3,0,2,0,0,26,0,3,3,17,0,132,0,0,0,0,0,0,0,0,0,0,241,10,10,0,0,2,58,0,57,0,0,0,1,0,23,28,0,0,0,194,11,0,0,168,6,3,0,6,0,0,11,9,1,5,3,0,0,0,0,0,0,2,326,0,0,0,0,0,50,0,0,0,0,11,0,0,7,0,0,0,0,29,0,0,3,0,0,2,0,9,61,47,0,13,0,0,0,0,34,3,1,7,0,0,0,0,0,0,3,0,66,23,43,127,0,0,0,0,0,204,4,1,0,0,3,190,10,204,0,1,1,0,1234,38,0,12,0,3,1,13,62,0,1365,418,2742
Madhya Pradesh,Agar,21,0,0,0,0,21,0,0,0,0,0,21,0,4,9,2,0,14,0,0,0,1,0,0,0,0,0,0,72,7,7,0,0,3,92,92,0,0,0,0,0,8,3,0,0,0,0,943,399,46,2,452,6,0,0,0,38,0,29,29,8,0,21,0,0,0,0,0,0,0,1085,0,0,0,0,0,4,0,0,0,0,0,0,2,0,0,0,0,0,0,0,1,0,0,1,0,0,0,4,95,25,38,0,0,0,0,32,0,0,2,0,0,0,0,0,0,1,0,41,0,41,139,0,0,0,0,0,9,9,0,0,0,9,0,0,9,0,0,5,0,106,0,0,0,0,0,0,3,47,0,161,67,1537
Madhya Pradesh,Alirajpur,39,2,0,0,20,12,0,0,0,12,0,0,0,0,5,3,0,7,61,0,0,0,0,0,0,0,0,0,149,23,23,0,0,0,148,148,0,0,0,0,0,21,27,0,0,0,0,92,38,0,0,50,4,0,0,0,0,56,40,37,34,0,3,0,0,0,0,0,0,3,407,0,0,0,0,0,5,0,0,0,0,0,0,0,0,0,0,0,1,4,0,0,0,0,0,0,0,0,5,153,16,116,0,0,0,0,21,1,6,13,2,2,0,0,1,0,7,0,56,0,56,239,0,0,0,0,0,5,0,0,0,0,0,5,0,5,0,0,0,0,330,0,0,0,2,0,37,9,11,0,389,1028,2222
Madhya Pradesh,Anuppur,33,0,2,0,34,3,0,0,0,0,0,3,2,0,8,1,6,73,1,0,0,0,3,0,7,0,0,0,173,24,24,0,0,3,161,14,146,0,0,0,1,7,13,0,0,0,0,122,54,0,0,40,21,0,0,3,4,23,155,154,146,4,4,0,0,0,0,0,0,1,508,0,0,0,0,0,4,0,0,0,1,0,0,0,0,0,0,0,0,0,0,0,0,2,1,0,0,0,4,266,8,62,2,0,0,1,193,0,1,4,2,2,0,1,0,0,17,0,98,23,75,389,0,0,0,0,0,19,0,0,0,0,0,13,6,19,0,0,16,0,175,2,0,0,1,0,0,6,1,0,201,19,1313
Madhya Pradesh,Ashok Nagar,16,1,1,0,43,18,0,0,0,0,0,18,0,2,6,5,8,113,2,0,1,0,3,0,0,0,0,0,219,21,21,0,0,1,122,112,0,0,0,0,10,16,20,0,0,0,0,472,169,0,0,252,24,1,0,7,19,4,75,73,46,27,0,0,0,1,0,0,0,1,731,0,0,0,0,0,9,0,0,0,0,0,0,0,0,0,0,3,0,4,1,1,0,0,0,1,0,0,10,122,16,84,0,1,0,0,21,0,0,11,0,0,0,0,1,0,4,0,58,8,50,196,0,0,0,0,0,26,12,0,0,0,12,14,0,26,0,0,2,0,296,0,1,19,5,0,0,6,14,5,348,1395,2925
Madhya Pradesh,Balaghat,36,0,2,0,16,19,0,0,0,0,0,19,1,1,23,6,6,96,0,0,0,0,1,0,0,0,0,0,207,33,33,0,0,2,237,37,197,0,0,0,3,3,21,0,0,0,0,111,2,0,0,82,19,0,0,2,6,0,210,209,207,0,2,0,0,0,0,0,0,1,617,0,0,0,0,0,9,0,0,0,0,0,0,0,0,0,0,0,0,0,0,0,0,1,8,0,0,0,9,144,1,51,0,0,0,0,92,1,17,5,1,1,0,0,0,0,17,0,91,24,67,276,0,0,0,0,0,17,0,0,0,0,0,17,0,17,0,1,42,0,413,0,0,0,8,0,12,7,26,0,509,1706,3341
Madhya Pradesh,Barwani,36,0,0,0,51,32,0,0,0,0,0,32,0,0,3,4,1,48,0,0,0,0,2,0,0,0,0,0,177,32,32,0,0,1,275,0,273,0,0,0,2,18,7,0,0,0,0,68,10,0,0,36,10,0,0,1,11,1,111,111,110,0,1,0,0,0,0,0,0,0,513,0,0,0,0,0,18,0,0,0,0,0,0,0,0,0,0,0,0,0,0,0,0,0,18,1,0,0,19,219,0,150,0,4,0,0,65,2,1,8,4,4,0,0,1,0,0,0,110,0,110,345,0,0,0,0,0,27,0,0,0,0,0,27,0,27,0,0,6,0,541,1,1,0,2,0,13,3,0,3,570,1652,3303
Madhya Pradesh,Betul,63,1,13,0,38,32,0,0,32,0,0,0,0,7,23,4,6,127,0,0,0,0,0,0,0,0,0,0,314,65,65,0,0,4,333,317,10,0,1,0,5,19,32,0,4,0,0,208,10,0,0,152,34,0,0,11,1,53,262,257,251,0,6,0,0,0,0,0,0,5,980,0,0,0,0,0,5,0,0,0,0,0,0,0,0,0,0,0,0,5,0,0,0,0,0,2,0,0,7,200,40,109,0,0,0,0,51,0,8,12,1,1,0,1,0,0,7,0,116,11,105,345,0,0,0,0,0,43,0,0,0,0,0,38,5,43,0,0,23,0,608,0,0,0,10,0,11,12,28,0,692,2245,4626
Madhya Pradesh,Bhind,31,1,2,0,21,30,0,0,0,0,0,30,0,0,0,3,20,116,0,0,0,0,0,0,0,0,0,0,224,41,41,0,0,4,246,246,0,0,0,0,0,19,49,34,0,0,0,1579,85,0,0,1355,22,0,0,105,12,0,158,153,0,66,87,0,0,0,0,0,0,5,2130,0,0,0,0,0,14,0,0,0,0,0,0,0,0,0,0,0,0,0,0,0,0,0,14,0,0,0,14,327,52,168,0,0,0,0,107,2,0,12,0,0,0,0,1,0,8,0,148,0,148,498,0,0,0,0,0,44,0,0,0,0,0,44,0,44,0,0,2,0,544,0,0,0,2,0,47,12,2,0,609,109,3628
Madhya Pradesh,Bhopal Commissionarate,184,2,25,0,159,38,4,4,0,11,3,16,4,6,68,24,15,501,5,0,2,0,3,0,1,0,1,0,1038,42,42,0,0,5,265,165,54,0,4,0,42,17,58,67,0,0,0,1055,200,3,0,572,35,0,1,150,94,25,655,594,31,258,305,2,0,4,0,0,0,55,2189,0,0,0,0,0,22,3,0,0,0,0,0,0,0,0,0,0,0,2,0,1,0,1,15,2,1,2,27,2130,90,1344,40,5,0,4,647,54,6,39,3,3,0,0,5,5,29,2,458,82,376,2731,8,0,0,0,8,301,55,11,2,0,42,216,30,309,0,0,55,0,2400,37,1,1326,2,1,6,23,19,3,3873,2684,12851
Madhya Pradesh,Bhopal Railway,3,0,0,0,7,4,0,0,4,0,0,0,0,0,0,0,1,0,0,0,0,0,0,0,0,0,0,0,15,3,3,0,0,0,0,0,0,0,0,0,0,3,3,0,0,0,0,25,0,0,0,0,5,0,0,20,0,0,10,7,0,0,7,0,0,2,0,0,0,1,44,0,0,0,0,0,0,0,0,0,0,0,0,0,0,0,0,0,0,0,0,0,0,0,0,0,0,0,0,6464,0,64,0,0,0,0,6400,84,0,23,0,0,0,0,0,0,0,0,1,0,1,6572,0,0,0,0,0,3,0,0,0,0,0,3,0,3,0,0,0,0,0,0,0,0,0,0,0,0,0,0,0,183,6817
Madhya Pradesh,Burhanpur,17,1,0,0,27,2,0,0,0,0,0,2,0,1,2,1,0,45,4,0,0,0,0,0,0,0,0,0,100,13,13,0,0,0,106,0,94,0,0,0,12,12,12,0,0,0,0,232,110,0,0,103,4,0,0,4,11,0,89,87,87,0,0,0,0,0,0,0,0,2,464,0,0,0,0,0,13,1,0,2,0,0,0,0,0,0,0,0,0,0,0,4,0,2,4,1,0,0,14,102,0,53,0,0,0,0,49,2,0,2,3,3,0,0,0,0,6,0,44,3,41,159,0,0,0,0,0,10,5,0,0,0,5,5,0,10,0,0,19,0,326,1,0,0,9,0,0,0,4,0,359,6,1112
Madhya Pradesh,Chhatarpur,74,1,5,0,64,42,0,0,0,7,0,35,0,3,14,1,21,230,0,0,6,0,0,0,0,0,0,0,461,43,41,2,0,2,182,28,150,0,2,0,2,17,58,0,186,0,0,724,44,0,0,274,41,0,0,280,85,13,303,302,163,138,1,0,0,0,0,0,0,1,1528,0,0,0,0,0,16,0,0,0,0,0,0,3,0,1,0,0,0,2,0,2,0,0,8,0,0,0,16,303,5,159,6,1,0,0,132,1,8,18,0,0,0,0,3,0,11,0,221,22,199,565,0,0,0,0,0,52,2,0,2,0,0,45,5,52,0,0,22,0,274,3,0,0,2,1,14,3,5,0,324,3901,6847
Madhya Pradesh,Chhindwara,67,0,0,0,45,29,0,0,0,0,0,29,0,0,0,0,10,128,0,0,3,0,0,0,0,0,0,0,282,50,50,0,0,3,422,186,236,0,0,0,0,18,22,0,0,0,0,356,87,0,0,269,0,0,0,0,0,0,287,287,0,136,151,0,0,0,0,0,0,0,1158,0,0,0,0,0,5,0,0,0,0,0,0,0,0,0,0,1,0,1,0,0,3,0,0,0,0,0,5,264,40,139,0,0,0,0,85,0,0,9,0,0,0,0,0,0,1,0,109,0,109,383,0,0,0,0,0,35,0,0,0,0,0,35,0,35,0,0,0,0,744,0,0,194,0,0,0,0,0,0,938,2043,4844
Madhya Pradesh,Damoh,36,0,0,0,31,3,0,0,0,0,0,3,0,11,13,2,9,48,0,0,0,0,1,0,0,0,0,0,154,27,27,0,0,3,256,255,1,0,0,0,0,23,11,0,1,0,0,1757,42,0,0,1693,22,0,0,0,0,94,208,208,0,89,119,0,0,0,0,0,0,0,2380,0,0,0,0,0,5,0,0,0,0,0,0,0,0,0,0,0,0,5,0,0,0,0,0,2,0,0,7,200,70,33,0,2,0,0,95,1,1,15,0,0,0,0,0,0,2,0,137,28,109,356,0,0,0,0,0,33,20,0,0,0,20,13,0,33,0,0,1,0,756,0,0,0,4,0,0,8,52,0,821,1,3752
Madhya Pradesh,Datia,36,0,0,0,44,5,0,0,0,0,0,5,0,0,0,0,6,95,0,0,0,0,2,0,0,0,0,0,188,25,25,0,0,4,130,129,1,0,0,0,0,13,42,0,0,0,0,1783,817,0,0,839,16,0,0,73,38,99,103,100,100,0,0,0,0,0,0,0,0,3,2199,0,0,0,0,0,5,0,0,0,0,0,0,0,0,0,0,0,0,4,0,1,0,0,0,0,0,0,5,184,0,94,0,0,0,0,90,0,0,10,0,0,0,0,2,0,4,0,59,0,59,259,0,0,0,0,0,26,5,3,2,0,0,21,0,26,0,0,40,1,321,1,0,0,8,0,52,7,47,0,477,24,3178
Madhya Pradesh,Dewas,91,0,0,0,44,45,0,0,0,0,0,45,6,2,25,14,5,191,16,2,0,0,0,0,0,0,0,0,441,32,32,0,0,2,329,314,14,0,1,0,0,20,38,1,0,0,0,597,83,0,0,177,58,1,0,159,119,18,177,171,171,0,0,1,0,1,0,0,0,4,1214,0,0,0,0,0,37,3,0,0,0,0,0,0,0,0,0,5,0,8,0,0,0,0,21,2,0,0,39,657,177,359,0,0,0,0,121,0,9,8,5,5,0,0,4,1,33,0,188,26,162,905,0,0,0,0,0,80,74,0,4,1,69,0,6,80,0,0,76,0,1025,1,0,0,14,0,9,5,36,2,1168,3821,7668
Madhya Pradesh,Dhar,89,0,4,0,27,38,0,0,26,0,0,12,1,1,30,12,9,111,3,0,0,0,7,0,0,0,0,0,332,58,58,0,0,5,651,622,11,0,4,0,14,45,49,1,0,2,0,515,208,0,0,216,24,0,0,42,25,109,356,348,348,0,0,0,0,1,0,0,0,7,1791,0,0,0,0,0,20,0,0,0,0,0,0,0,0,0,0,1,0,11,0,2,0,0,6,6,0,0,26,752,124,524,0,0,0,0,104,18,10,32,6,6,0,0,23,0,46,0,206,16,190,1093,1,0,0,0,1,52,3,0,0,0,3,44,5,53,0,0,19,7,1450,2,4,48,3,0,7,17,39,1,1597,2960,7852
Madhya Pradesh,Dindori,40,1,0,0,50,0,0,0,0,0,0,0,0,0,0,3,1,108,1,0,0,0,4,0,0,0,0,0,208,28,28,0,0,13,119,61,58,0,0,0,0,10,3,0,0,0,0,131,5,0,0,125,1,0,0,0,0,63,170,169,169,0,0,0,0,0,0,0,0,1,537,0,0,0,0,0,0,0,0,0,0,0,0,0,0,0,0,0,0,0,0,0,0,0,0,0,0,0,0,65,0,29,0,0,0,0,36,1,0,2,0,0,0,0,0,0,9,0,61,0,61,138,0,0,0,0,0,18,0,0,0,0,0,18,0,18,0,0,7,0,473,0,0,0,5,0,15,3,61,0,564,1111,2576
Madhya Pradesh,Guna,61,0,0,0,58,2,0,0,0,0,0,2,0,3,11,8,0,153,0,0,0,0,0,0,0,0,0,0,296,23,23,0,0,0,212,82,130,0,0,0,0,17,25,0,0,0,0,479,221,0,0,191,27,0,0,8,32,5,137,137,0,70,67,0,0,0,0,0,0,0,898,0,0,0,0,0,33,0,0,0,0,0,0,0,0,0,0,0,0,0,0,0,0,0,33,2,0,0,35,391,0,261,0,0,0,0,130,0,3,15,3,2,1,0,0,0,16,0,120,30,90,548,0,0,0,0,0,32,0,0,0,0,0,28,4,32,0,0,3,0,442,0,0,24,4,0,8,11,35,1,528,2871,5208
Madhya Pradesh,Gwalior,126,2,3,0,57,49,0,0,0,0,0,49,6,2,28,9,19,582,10,0,0,0,7,0,0,0,0,0,900,62,61,1,0,25,340,338,0,0,1,1,0,33,125,21,0,0,0,431,23,0,0,2,54,0,0,147,205,147,365,356,351,0,5,0,0,2,0,0,0,7,1549,0,0,0,0,0,47,0,0,0,0,2,0,3,0,6,0,3,8,19,2,0,1,3,0,3,0,1,51,1513,12,1153,0,1,0,2,345,15,19,55,3,3,0,2,3,1,29,3,559,54,505,2202,4,0,0,2,2,194,31,12,7,3,9,136,27,198,0,0,34,2,1704,7,0,0,14,0,7,19,146,8,1941,4227,11068
Madhya Pradesh,Harda,19,0,0,0,20,5,0,0,0,0,0,5,0,0,4,2,0,48,0,0,0,0,0,0,0,0,0,0,98,16,16,0,0,0,106,97,8,0,0,0,1,11,13,0,0,0,0,127,52,0,0,50,9,0,0,0,16,9,104,103,0,36,67,0,0,0,0,0,0,1,386,0,0,0,0,0,9,0,0,0,1,0,0,0,0,0,0,0,0,4,0,0,1,3,0,0,0,0,9,87,9,38,0,0,0,0,40,1,0,2,0,0,0,0,1,0,0,0,52,0,52,143,0,0,0,0,0,21,6,0,0,0,6,14,1,21,0,0,5,0,221,0,0,1029,7,0,5,7,3,0,1277,36,1970
Madhya Pradesh,Narmadapuram,53,0,0,0,64,18,0,0,0,0,0,18,1,3,23,8,5,112,6,0,0,0,2,0,0,0,0,0,295,29,29,0,0,2,199,184,0,0,0,0,15,11,28,0,0,0,0,171,15,0,0,110,18,0,0,6,22,0,227,227,227,0,0,0,0,0,0,0,0,0,667,0,0,0,0,0,0,0,0,0,0,0,0,0,0,0,0,0,0,0,0,0,0,0,0,1,0,0,1,188,0,105,0,0,0,0,83,1,3,4,2,2,0,0,0,0,4,0,49,6,43,251,0,0,0,0,0,19,18,1,0,0,17,1,0,19,0,0,3,0,690,0,0,1,6,0,4,11,37,0,752,3002,4987
Madhya Pradesh,Indore Commissionarate,195,0,18,0,56,74,4,0,1,23,25,21,12,12,103,22,14,474,24,0,0,0,10,0,0,0,0,0,1014,62,62,0,0,7,361,112,208,0,1,0,40,58,184,41,4,0,0,979,118,0,0,614,42,4,3,29,169,101,719,708,708,0,0,2,0,0,0,0,0,9,2516,0,0,0,0,0,16,0,0,0,0,0,0,0,0,0,0,1,2,7,0,0,0,1,5,8,0,0,24,3514,62,3043,3,3,0,7,396,78,36,151,3,3,0,3,6,0,46,3,413,95,318,4253,1,0,0,0,1,248,88,31,1,4,52,157,3,249,0,0,286,0,3168,2,2,297,19,3,6,37,81,2,3903,210,12169
Madhya Pradesh,Indore Railway,1,0,0,0,4,1,0,0,1,0,0,0,0,0,0,0,0,1,0,0,0,0,0,0,0,0,0,0,7,1,1,0,0,0,0,0,0,0,0,0,0,1,2,0,0,0,0,6,0,0,0,1,5,0,0,0,0,0,1,1,1,0,0,0,0,0,0,0,0,0,11,0,0,0,0,0,1,0,0,0,0,0,0,0,0,0,0,0,0,0,0,0,0,0,1,0,0,1,2,1947,0,87,0,0,0,0,1860,18,0,9,0,0,0,0,0,0,0,0,4,4,0,1978,0,0,0,0,0,0,0,0,0,0,0,0,0,0,0,0,0,0,9,0,0,0,0,1,0,0,0,0,10,94,2102
Madhya Pradesh,Jabalpur,122,1,3,0,71,62,0,0,0,0,0,62,0,1,38,8,15,264,0,0,0,0,2,0,0,0,0,0,587,79,79,0,0,4,607,0,607,0,0,0,0,32,150,0,0,4,0,2062,214,0,0,1290,28,0,0,30,500,0,558,552,0,285,267,0,1,0,0,0,0,5,3496,0,0,0,0,2,28,2,0,0,0,0,0,0,2,0,0,0,2,1,0,1,0,1,19,3,0,0,33,1062,24,752,0,4,1,3,278,32,12,46,2,1,1,0,0,0,39,7,383,32,351,1583,1,0,0,0,1,213,12,0,0,0,12,174,27,214,0,0,24,0,3596,4,0,3622,0,1,2,34,30,2,7315,175,13403
Madhya Pradesh,Jabalpur Railway,3,0,0,0,6,0,0,0,0,0,0,0,0,0,0,1,0,1,0,0,2,0,0,0,0,0,0,0,13,2,2,0,0,0,4,0,0,0,0,0,4,4,1,0,0,0,0,14,1,0,0,4,4,0,0,4,1,0,15,14,14,0,0,0,0,0,0,0,0,1,40,0,0,0,0,0,1,0,0,0,0,0,0,0,0,0,0,0,0,0,0,0,0,0,1,0,0,0,1,3572,0,15,11,0,0,0,3546,113,0,13,0,0,0,0,0,0,0,17,15,2,13,3730,0,0,0,0,0,2,0,0,0,0,0,2,0,2,0,0,0,0,3,0,0,0,0,0,0,0,0,0,3,80,3869
Madhya Pradesh,Jhabua,58,1,0,0,47,3,0,0,0,0,0,3,0,0,1,1,0,18,0,0,0,0,8,0,0,0,0,0,137,27,27,0,0,3,186,182,4,0,0,0,0,25,12,0,1,0,0,519,102,0,0,23,16,0,0,378,0,25,258,249,171,73,5,0,0,0,0,0,0,9,1056,0,0,0,0,0,13,0,0,0,0,0,0,0,0,0,0,0,0,0,0,0,0,0,13,0,0,7,20,143,0,98,0,0,0,0,45,2,14,6,1,1,0,0,3,0,6,0,46,0,46,221,0,0,0,0,0,13,0,0,0,0,0,13,0,13,0,0,1,0,463,0,0,0,0,0,34,13,5,1,517,1324,3288
Madhya Pradesh,Katni,21,0,1,0,16,16,0,0,0,0,0,16,1,5,6,0,11,59,0,0,0,0,7,0,0,0,0,0,143,23,23,0,0,0,258,230,16,0,1,0,11,6,10,0,0,0,0,351,40,0,0,277,10,0,0,4,20,29,274,274,273,0,1,0,0,0,0,0,0,0,951,0,0,0,0,0,3,0,0,0,2,0,0,0,0,0,0,0,0,0,0,1,0,0,0,1,0,0,4,138,25,82,0,0,0,0,31,0,1,4,2,2,0,0,2,0,12,0,82,9,73,241,0,0,0,0,0,24,2,2,0,0,0,17,5,24,0,0,97,0,831,0,0,0,2,2,2,5,18,0,957,1643,3963
Madhya Pradesh,Khandwa,40,0,1,0,64,22,0,0,0,0,0,22,0,2,11,4,2,50,0,0,0,0,3,0,3,0,0,0,202,29,29,0,0,0,231,33,188,0,1,0,9,20,39,0,0,0,0,265,72,0,0,119,19,0,0,11,44,37,145,145,106,22,17,0,0,0,0,0,0,0,766,0,0,0,0,0,17,0,0,0,0,0,0,0,0,0,0,0,1,3,0,8,0,4,1,2,0,0,19,261,0,160,1,0,0,2,98,2,4,9,2,2,0,1,0,0,6,0,134,34,100,419,0,0,0,0,0,23,2,0,0,0,2,19,2,23,0,0,10,0,560,6,0,0,11,0,21,13,33,4,658,1675,3762
Madhya Pradesh,Khargone,55,1,0,0,56,41,0,2,0,12,1,26,0,0,12,9,2,91,0,0,1,0,5,0,0,0,0,0,273,31,31,0,0,5,376,268,97,0,0,0,11,18,24,0,1,0,0,367,98,1,0,122,19,0,0,112,15,12,211,206,189,3,14,0,1,0,0,0,0,4,1045,0,0,0,0,0,22,0,0,0,0,0,2,0,0,0,0,3,1,2,0,7,0,0,7,0,0,0,22,306,1,167,2,3,0,1,132,0,6,11,3,3,0,2,1,0,9,1,157,19,138,496,0,0,0,0,0,37,4,0,0,0,4,33,0,37,0,0,36,0,560,1,0,30,5,0,7,4,5,0,648,119,2640
Madhya Pradesh,Mandla,38,0,3,0,14,13,0,0,0,0,0,13,0,1,9,0,3,77,1,0,0,0,4,0,1,0,0,0,164,22,22,0,0,2,283,0,269,0,0,0,14,12,5,0,1,10,0,133,17,0,0,92,8,0,0,4,12,0,208,208,207,0,1,0,0,0,0,0,0,0,676,0,0,0,0,0,9,0,0,0,0,0,0,0,0,0,0,0,0,0,0,0,0,0,9,1,2,0,12,151,0,67,0,0,0,0,84,1,8,2,0,0,0,0,0,0,6,0,106,11,95,274,0,0,0,0,0,29,3,0,0,0,3,26,0,29,0,1,16,0,659,1,0,511,4,0,6,4,18,0,1220,474,2849
Madhya Pradesh,Mandsaur,30,1,0,0,78,1,0,0,0,0,0,1,0,0,4,2,0,98,0,0,0,0,0,0,0,0,0,0,214,31,31,0,0,9,0,0,0,0,0,0,0,19,31,0,0,0,0,69,39,0,0,19,8,0,0,3,0,2,134,132,55,77,0,0,0,0,0,0,0,2,295,0,0,0,0,0,20,0,0,0,0,0,0,0,0,0,0,0,0,0,0,0,0,0,20,0,0,0,20,302,65,193,0,0,0,0,44,1,27,9,1,1,0,5,0,0,22,0,76,1,75,443,0,0,0,0,0,47,0,0,0,0,0,47,0,47,0,0,16,0,494,0,0,0,3,0,0,7,0,2,522,2566,4107
Madhya Pradesh,Morena,47,0,2,0,35,6,0,0,0,0,0,6,2,6,19,0,25,94,0,0,1,0,1,0,5,0,0,0,243,54,54,0,0,4,290,0,288,0,0,0,2,19,60,11,1,0,0,2663,1213,0,0,1236,39,2,1,142,30,92,122,118,118,0,0,0,0,0,0,0,0,4,3316,0,0,0,0,0,11,0,0,0,0,0,0,0,0,0,0,0,0,0,0,0,0,3,8,0,0,2,13,465,0,361,0,0,0,0,104,6,5,21,1,1,0,1,2,0,8,76,112,10,102,697,0,0,0,0,0,30,21,2,6,3,10,5,4,30,0,0,41,0,746,5,1,0,4,1,2,3,29,2,834,385,5518
Madhya Pradesh,Narsinghpur,41,0,0,0,13,82,0,0,0,6,0,76,2,1,30,12,6,138,7,0,0,0,4,0,0,0,1,0,337,19,19,0,0,3,263,252,11,0,0,0,0,21,20,0,0,0,0,893,180,0,0,266,4,0,0,343,100,10,193,193,156,24,13,0,0,0,0,0,0,0,1422,0,0,0,0,0,9,0,0,0,0,0,0,1,0,0,0,0,0,6,1,1,0,0,0,0,0,0,9,125,8,77,1,0,1,0,38,2,1,6,0,0,0,0,1,1,5,0,84,18,66,225,0,0,0,0,0,27,5,5,0,0,0,22,0,27,0,0,1,0,373,0,0,0,8,0,0,8,44,0,434,1451,3905
Madhya Pradesh,Neemuch,20,0,0,0,22,20,0,0,0,1,0,19,0,0,1,0,3,86,0,0,0,1,2,0,0,0,0,0,155,16,16,0,0,0,120,110,0,0,0,0,10,14,11,0,0,0,0,130,40,0,0,64,14,0,0,7,5,10,93,86,85,0,1,0,0,0,0,0,0,7,394,0,0,0,0,0,12,0,0,0,0,0,0,0,0,0,0,0,0,0,0,0,0,0,12,0,0,0,12,168,0,106,0,0,0,0,62,0,11,8,1,1,0,0,1,0,18,0,57,0,57,264,0,0,0,0,0,30,1,0,0,0,1,28,1,30,0,0,20,0,258,1,0,0,1,0,0,2,11,0,293,1357,2505
Madhya Pradesh,Panna,21,0,1,0,22,39,0,0,0,0,0,39,1,0,14,2,8,141,0,0,0,0,3,0,0,0,0,0,252,19,19,0,0,3,188,180,0,0,0,0,8,18,14,0,0,0,0,291,17,0,0,193,37,0,0,23,21,96,198,198,78,0,120,0,0,0,0,0,0,0,827,0,0,0,0,0,1,0,0,0,0,0,0,0,0,0,0,0,0,0,0,0,0,0,1,0,0,0,1,136,3,90,0,0,0,0,43,1,3,13,0,0,0,0,2,0,5,0,102,2,100,262,0,0,0,0,0,54,35,3,3,0,29,18,1,54,0,0,6,0,352,0,0,0,7,0,26,9,11,0,411,7,1814
Madhya Pradesh,Raisen,35,0,0,0,42,62,0,0,0,0,0,62,1,7,0,2,2,85,4,0,0,0,1,0,0,0,0,0,241,55,55,0,0,5,327,327,0,0,0,0,0,20,45,4,0,0,0,2211,934,0,0,1108,25,0,0,59,85,0,217,216,216,0,0,0,0,1,0,0,0,0,2884,0,0,0,0,0,18,3,0,0,0,0,2,0,0,0,0,0,0,0,0,0,0,0,13,0,0,0,18,383,79,222,0,0,0,0,82,0,0,8,1,1,0,0,0,0,10,0,126,7,119,528,0,0,0,0,0,12,12,0,0,0,12,0,0,12,0,0,0,0,740,0,0,0,0,0,0,15,0,0,755,1493,5931
Madhya Pradesh,Rajgarh,82,0,0,0,74,32,0,12,0,20,0,0,0,1,9,11,11,288,60,1,0,0,1,0,0,0,0,0,570,18,18,0,0,11,283,283,0,0,0,0,0,35,34,7,0,0,0,189,21,0,0,94,29,0,0,0,45,157,111,111,0,68,43,0,0,0,0,0,0,0,845,0,0,0,0,0,19,0,0,0,0,0,1,0,0,0,0,10,0,0,0,0,0,0,8,0,0,0,19,281,63,158,0,0,0,0,60,0,134,31,1,1,0,1,0,0,5,1,132,3,129,586,0,0,0,0,0,23,1,1,0,0,0,20,2,23,0,0,14,0,297,2,0,0,5,1,0,77,55,0,451,3498,5992
Madhya Pradesh,Ratlam,82,0,4,0,45,20,0,1,0,5,5,9,1,4,36,6,1,184,3,0,0,0,4,0,0,0,0,0,390,45,45,0,0,1,247,54,181,0,1,0,11,23,56,0,0,6,0,425,166,0,0,132,26,0,0,9,92,2,326,317,0,162,155,0,0,1,0,0,0,8,1131,0,0,0,0,0,14,1,0,1,0,0,0,4,0,0,0,3,0,1,0,0,0,0,4,2,1,0,17,490,8,280,0,3,0,0,199,2,20,21,3,3,0,0,3,0,36,0,123,7,116,698,0,0,0,0,0,95,14,3,0,0,11,70,11,95,0,0,23,0,1107,1,0,77,19,1,2,14,6,6,1256,4467,8054
Madhya Pradesh,Rewa,63,1,0,0,63,7,0,0,0,0,0,7,3,4,2,13,23,184,7,0,2,0,6,0,1,0,0,0,379,42,41,1,0,6,372,195,167,0,0,0,10,17,45,2,0,0,0,691,158,0,0,75,13,2,0,427,16,64,436,430,428,0,2,0,0,1,0,0,0,5,1675,0,0,0,0,0,13,0,0,0,0,0,0,0,0,0,0,0,0,0,0,0,0,0,13,1,2,0,16,843,121,590,1,1,5,3,122,14,2,43,2,2,0,1,2,0,12,0,370,43,327,1289,0,0,0,0,0,88,18,0,0,4,14,57,13,88,0,0,37,0,580,21,0,2086,6,0,10,15,32,24,2811,353,6611
Madhya Pradesh,Sagar,104,0,2,0,185,38,0,35,0,0,0,3,0,0,29,1,18,413,167,0,2,0,3,0,0,0,0,0,962,73,73,0,0,4,553,547,6,0,0,0,0,51,89,1,0,0,0,1960,162,0,0,1581,49,1,0,2,165,6,313,312,312,0,0,0,1,0,0,0,0,0,3050,0,0,0,0,0,48,2,0,0,0,3,0,0,0,0,0,5,1,7,0,0,7,3,20,3,0,0,51,560,93,344,0,6,0,0,117,4,3,22,1,1,0,0,0,0,4,0,323,24,299,917,0,0,0,0,0,57,9,0,0,0,9,45,3,57,0,0,43,0,1260,1,0,138,0,0,0,16,46,0,1504,5393,11934
Madhya Pradesh,Satna,42,6,3,0,52,9,0,0,0,0,0,9,0,1,3,4,23,71,144,0,1,0,2,0,0,0,0,0,361,30,30,0,0,3,365,351,0,0,1,0,13,19,22,1,0,0,0,254,66,0,0,175,13,0,0,0,0,118,250,247,243,0,4,0,0,3,0,0,0,0,1062,0,0,0,0,0,6,0,0,0,0,0,0,0,0,0,0,0,0,0,0,0,0,0,6,0,0,0,6,303,44,202,0,0,0,0,57,5,4,17,0,0,0,0,1,0,5,0,135,12,123,470,0,0,0,0,0,23,0,0,0,0,0,23,0,23,0,0,5,0,921,6,0,2343,8,0,6,11,62,0,3362,1,5285
Madhya Pradesh,Seoni,39,0,0,0,65,0,0,0,0,0,0,0,0,0,0,4,8,151,117,0,2,0,2,0,0,0,0,0,388,36,36,0,0,3,321,309,12,0,0,0,0,13,27,0,0,0,0,423,10,0,0,391,12,0,0,0,10,48,130,129,0,117,12,0,0,1,0,0,0,0,1001,0,0,0,0,0,4,0,0,0,0,0,0,0,0,0,0,0,0,0,0,0,0,0,4,4,0,0,8,197,37,120,0,0,0,0,40,5,6,7,0,0,0,0,0,0,5,0,159,49,110,379,0,0,0,0,0,37,4,0,4,0,0,33,0,37,0,0,0,1,907,37,0,0,8,0,19,8,20,2,1002,1306,4121
Madhya Pradesh,Shahdol,65,1,5,0,37,26,1,0,0,14,0,11,3,1,19,3,5,170,4,0,1,0,2,0,1,0,0,0,343,38,38,0,0,8,245,22,223,0,0,0,0,17,16,2,0,0,0,333,140,0,0,115,34,0,0,4,40,50,274,272,272,0,0,0,0,1,0,0,0,1,983,0,0,0,0,0,9,0,0,0,0,0,0,0,0,1,0,1,0,2,0,4,0,1,0,6,0,0,15,389,1,149,0,1,0,0,238,8,11,9,0,0,0,0,0,0,7,2,204,35,169,630,0,0,0,0,0,44,4,1,2,1,0,40,0,44,0,0,14,0,504,2,0,0,3,0,12,10,33,3,581,90,2686
Madhya Pradesh,Shajapur,45,0,7,0,59,27,0,0,0,0,0,27,2,1,21,8,8,102,1,0,0,0,4,0,0,0,0,0,285,27,25,2,0,0,392,392,0,0,0,0,0,16,24,2,0,0,0,601,103,0,0,229,24,2,0,104,139,49,220,220,185,33,2,0,0,0,0,0,0,0,1331,0,0,0,0,0,19,1,0,0,0,0,3,0,0,0,0,1,0,1,0,1,0,1,11,0,0,0,19,303,3,160,2,0,0,0,138,4,2,17,1,1,0,0,0,0,2,0,181,54,127,510,0,0,0,0,0,32,14,0,4,3,7,11,7,32,0,0,18,0,745,3,4,699,6,0,5,8,6,0,1494,2204,5875
Madhya Pradesh,Sheopur,16,0,0,0,21,9,0,0,0,1,0,8,0,0,0,0,4,37,1,0,0,0,1,0,0,0,0,0,89,10,10,0,0,3,91,86,2,0,1,0,2,10,19,0,1,1,0,246,139,0,0,93,9,0,0,0,5,28,58,57,57,0,0,0,0,0,0,0,0,1,467,0,0,0,0,0,11,0,0,0,0,0,1,4,0,0,0,0,0,0,0,1,0,2,3,0,0,0,11,128,2,43,0,0,1,0,82,0,1,2,0,0,0,0,2,0,4,0,45,9,36,182,0,0,0,0,0,15,5,0,0,0,5,10,0,15,0,1,42,0,143,0,0,0,3,0,6,6,17,1,219,807,1790
Madhya Pradesh,Shivpuri,93,0,0,0,85,5,0,0,0,0,0,5,0,4,19,1,8,151,0,0,1,0,0,0,0,0,0,0,367,51,51,0,0,5,324,324,0,0,0,0,0,30,51,4,0,0,0,721,72,0,0,596,28,0,0,25,0,85,192,192,88,0,104,0,0,0,0,0,0,0,1463,0,0,0,0,0,11,0,0,0,0,0,0,1,0,0,0,0,2,0,0,0,0,0,8,5,0,0,16,240,0,168,0,0,0,0,72,2,6,19,0,0,0,4,3,0,10,0,114,0,114,398,0,0,0,0,0,68,17,0,2,0,15,47,4,68,0,0,0,0,758,2,0,0,6,0,0,7,16,2,791,3213,6316
Madhya Pradesh,Sidhi,35,0,1,0,41,0,0,0,0,0,0,0,0,0,0,0,19,65,0,0,0,0,4,0,0,0,0,0,165,20,20,0,0,3,230,125,105,0,0,0,0,20,6,1,0,0,0,1985,1169,15,0,49,15,0,0,131,606,161,195,195,195,0,0,0,0,0,0,0,0,0,2621,0,0,0,0,2,1,0,0,0,0,0,0,0,0,0,0,0,0,0,0,0,1,0,0,0,0,0,3,180,79,54,0,0,0,0,47,0,0,5,0,0,0,0,0,0,1,0,130,26,104,316,0,0,0,0,0,21,9,3,1,0,5,1,11,21,0,4,1,0,1256,0,0,0,1,0,0,6,0,0,1268,0,4394
Madhya Pradesh,Sehore,83,0,3,0,38,21,0,0,0,3,0,18,2,3,47,4,8,146,69,0,1,1,2,0,0,0,0,0,428,25,25,0,0,1,285,260,25,0,0,0,0,19,38,7,1,2,0,332,61,0,0,164,41,0,0,11,55,42,66,65,63,0,2,0,0,0,0,0,0,1,818,0,0,0,0,0,15,0,0,0,0,0,0,0,0,0,0,6,0,1,0,0,0,1,7,1,0,0,16,289,3,119,2,0,0,1,164,0,7,19,0,0,0,1,1,0,8,0,170,25,145,495,0,0,0,0,0,63,12,4,0,0,8,51,0,63,0,0,7,0,900,2,0,2360,14,0,4,16,43,4,3350,251,5421
Madhya Pradesh,Singrauli,85,0,3,0,49,16,1,0,1,0,0,14,0,1,12,8,18,198,5,3,0,0,6,0,0,0,0,0,404,38,38,0,0,12,289,21,251,0,1,0,16,25,25,1,0,0,0,382,200,0,0,128,30,0,0,12,12,129,218,216,215,0,1,0,0,0,0,0,0,2,1119,0,0,0,0,2,10,0,0,0,1,0,0,0,0,0,0,0,0,2,0,0,0,2,5,4,0,1,17,392,0,119,0,0,0,0,273,4,4,23,1,1,0,0,1,1,16,3,142,9,133,587,2,0,0,0,2,35,4,3,0,0,1,24,7,37,0,0,19,0,620,18,0,2466,3,0,5,16,52,2,3201,27,5392
Madhya Pradesh,Tikamgarh,45,0,2,0,63,0,0,0,0,0,0,0,0,0,3,2,6,19,6,0,0,0,8,0,0,0,0,0,154,22,22,0,0,2,148,127,20,0,1,0,0,10,14,0,0,0,0,728,357,56,0,187,29,0,0,88,11,18,127,125,0,57,68,0,0,0,0,0,0,2,1069,0,0,0,0,0,16,0,0,0,0,0,0,0,0,0,0,3,0,7,0,4,0,2,0,0,0,0,16,168,0,65,0,1,0,0,102,4,0,8,2,2,0,1,0,0,1,0,75,6,69,259,1,0,0,0,1,29,0,0,0,0,0,29,0,30,0,0,14,0,268,0,0,34,2,0,0,5,5,0,328,1544,3400
Madhya Pradesh,Ujjain,87,1,3,0,55,69,0,0,0,0,0,69,4,11,39,11,13,218,10,0,1,0,1,0,0,0,0,0,523,45,45,0,0,2,367,213,122,0,1,0,31,19,53,1,0,0,0,864,149,0,0,170,28,0,0,178,339,20,299,294,106,31,157,0,0,1,0,0,0,4,1670,0,0,0,0,0,22,0,0,0,0,2,0,3,0,0,0,0,0,0,0,0,0,0,17,0,0,0,22,926,39,631,7,2,2,0,245,4,24,31,0,0,0,0,6,0,7,0,183,16,167,1181,0,0,0,0,0,83,4,3,1,0,0,67,12,83,0,0,7,0,1335,9,0,469,14,0,2,10,25,2,1873,4190,9542
Madhya Pradesh,Umaria,25,0,0,0,30,0,0,0,0,0,0,0,0,0,0,1,0,39,1,0,0,0,0,0,0,0,0,0,96,18,18,0,0,4,119,0,118,0,0,0,1,4,1,0,0,0,0,80,40,0,0,36,4,0,0,0,0,113,139,139,139,0,0,0,0,0,0,0,0,0,478,0,0,0,0,0,0,0,0,0,0,0,0,0,0,0,0,0,0,0,0,0,0,0,0,0,0,0,0,108,0,28,0,0,0,0,80,0,1,4,0,0,0,0,0,0,0,0,63,12,51,176,0,0,0,0,0,14,0,0,0,0,0,14,0,14,0,0,0,0,283,0,0,0,1,0,9,1,1,0,295,25,1084
Madhya Pradesh,Vidisha,60,0,0,0,149,9,0,0,0,0,0,9,3,0,40,4,11,139,16,0,0,0,4,0,0,0,0,1,436,31,31,0,0,3,247,195,52,0,0,0,0,32,36,0,0,0,0,1167,195,0,0,891,21,0,0,36,24,0,298,296,256,26,14,0,0,0,0,0,0,2,1814,0,0,0,0,0,7,0,0,0,0,0,3,0,0,0,0,0,0,0,0,0,0,1,3,0,0,0,7,331,43,208,0,0,0,0,80,0,0,8,0,0,0,0,0,2,5,0,196,6,190,542,1,0,0,0,1,30,16,0,0,0,16,14,0,31,0,0,0,0,893,5,0,1292,0,0,0,6,0,0,2196,1025,6051
Madhya Pradesh,Cyber Crime Cell,0,0,0,0,0,0,0,0,0,0,0,0,0,0,0,0,0,0,0,0,0,0,0,0,0,0,0,0,0,0,0,0,0,0,0,0,0,0,0,0,0,0,0,0,0,0,0,0,0,0,0,0,0,0,0,0,0,0,0,0,0,0,0,0,0,0,0,0,0,0,0,0,0,0,0,0,0,0,0,0,0,0,0,0,0,0,0,0,0,0,0,0,0,0,0,0,0,0,0,0,0,0,0,0,0,0,0,0,0,0,0,0,0,0,0,0,0,0,0,0,0,0,0,0,0,0,0,0,0,0,0,0,0,0,0,0,0,0,0,0,0,0,0,0,0,0,0,0,0,0,0,0,0
Madhya Pradesh,Niwari,15,1,0,0,5,23,0,9,0,2,0,12,0,0,2,0,2,60,0,0,0,1,1,0,0,0,0,0,110,5,5,0,0,0,70,35,34,0,0,0,1,11,4,0,0,0,0,155,69,0,0,61,9,0,0,0,16,0,48,47,0,22,25,0,0,1,0,0,0,0,293,0,0,0,0,0,3,0,0,0,0,0,0,0,0,0,0,0,0,1,0,1,0,1,0,0,0,0,3,45,0,27,0,0,0,0,18,0,2,6,0,0,0,0,1,0,1,0,47,3,44,102,0,0,0,0,0,12,1,0,0,0,1,7,4,12,0,0,15,0,140,0,0,0,4,0,2,1,15,0,177,909,1606
Madhya Pradesh,Bhopal Rural,13,0,0,0,29,9,0,0,0,0,3,6,0,0,0,2,7,34,0,0,0,0,1,0,0,0,0,0,95,14,14,0,0,2,122,70,8,0,17,0,27,5,19,1,0,0,0,155,23,0,0,24,1,0,0,100,7,1,65,60,0,31,29,0,0,0,0,0,0,5,384,0,0,0,0,0,5,0,0,0,0,0,2,0,0,0,0,0,0,0,0,1,0,0,2,0,0,0,5,77,8,50,0,0,0,0,19,24,2,3,0,0,0,0,1,0,5,0,44,2,42,156,0,0,0,0,0,8,2,0,0,0,2,4,2,8,0,0,0,0,275,0,0,28,2,3,0,0,0,0,308,643,1599
Madhya Pradesh,Indore Rural,46,0,6,0,44,6,0,0,0,2,0,4,0,1,18,4,4,128,7,0,0,0,2,0,0,0,0,0,266,18,16,2,0,3,351,122,216,0,0,0,13,20,37,0,1,0,0,326,119,0,0,185,5,0,0,1,16,39,185,183,179,3,1,0,0,0,0,0,0,2,980,0,0,0,0,0,24,3,0,0,0,0,0,5,0,0,0,2,0,13,0,0,0,0,1,0,0,0,24,536,15,355,0,2,0,0,164,7,1,13,3,3,0,0,2,0,12,0,151,19,132,725,0,0,0,0,0,41,8,0,0,1,7,32,1,41,0,0,9,0,1067,2,0,29,5,1,0,6,24,0,1143,2241,5420
Madhya Pradesh,Pandhurna,2,0,0,0,4,1,1,0,0,0,0,0,0,0,2,0,0,13,0,0,0,0,1,0,0,0,0,0,23,11,11,0,0,1,115,46,69,0,0,0,0,5,5,0,0,0,0,61,25,0,0,36,0,0,0,0,0,0,43,43,0,17,26,0,0,0,0,0,0,0,241,0,0,0,0,0,4,0,0,0,0,0,0,0,0,0,0,0,0,4,0,0,0,0,0,0,0,0,4,47,11,22,0,0,1,0,13,0,1,2,1,1,0,0,0,0,0,0,24,0,24,75,0,0,0,0,0,8,0,0,0,0,0,5,3,8,0,0,4,0,91,0,0,0,0,0,0,2,0,0,97,261,709
Madhya Pradesh,Maihar,13,0,2,0,30,0,0,0,0,0,0,0,0,0,0,0,5,40,0,0,0,0,4,0,0,0,0,0,94,16,16,0,0,0,231,231,0,0,0,0,0,3,2,0,0,0,0,223,60,0,0,148,15,0,0,0,0,49,157,157,157,0,0,0,0,0,0,0,0,0,681,0,0,0,0,0,6,0,0,0,0,0,0,0,0,0,0,1,0,1,0,0,0,0,4,0,0,0,6,96,0,47,0,0,0,0,49,4,2,8,1,1,0,0,0,0,2,0,86,33,53,199,0,0,0,0,0,9,7,0,4,0,3,2,0,9,0,0,3,0,481,2,4,536,2,0,5,3,4,0,1040,429,2458
Madhya Pradesh,Mauganj,23,0,1,0,25,22,0,0,0,0,0,22,0,0,0,2,9,41,0,0,0,0,0,0,0,0,0,0,123,13,13,0,0,3,131,131,0,0,0,0,0,11,7,0,0,0,0,199,41,0,0,108,9,0,0,27,14,21,120,120,120,0,0,0,0,0,0,0,0,0,505,0,0,0,0,0,9,0,0,0,0,0,0,0,0,0,0,0,0,0,0,0,0,0,9,0,0,0,9,64,16,37,0,0,0,0,11,1,0,8,1,1,0,0,0,0,1,0,121,25,96,196,0,0,0,0,0,11,0,0,0,0,0,3,8,11,0,0,12,0,234,1,1,0,3,0,0,6,19,0,276,564,1684
Maharashtra,Ahilyanagar,121,0,0,0,500,64,0,0,0,0,0,64,16,3,90,18,6,420,10,0,0,0,7,0,1,0,0,0,1256,112,111,1,0,14,928,356,571,0,0,0,1,84,202,1,13,5,0,1814,91,0,0,1568,83,1,0,0,71,159,591,564,564,0,0,0,1,6,0,0,0,20,3923,0,0,0,0,8,835,0,0,0,0,0,0,0,0,150,147,161,299,0,0,0,0,0,78,0,0,10,853,3175,0,1530,0,0,0,0,1645,25,23,269,33,32,1,1,21,0,67,0,777,194,583,4391,1,0,0,0,1,289,26,3,4,2,17,249,14,290,0,1,71,0,1333,2002,0,2,32,1,61,13,135,3,3654,1841,16208
Maharashtra,Akola,35,0,0,0,90,74,0,0,0,0,0,74,5,9,43,5,9,264,4,0,0,0,6,0,0,0,0,0,544,35,35,0,0,1,193,0,179,0,0,0,14,16,35,0,0,0,0,1374,68,0,0,1191,31,0,0,57,27,19,144,143,87,25,31,0,1,0,0,0,0,0,1817,0,0,0,0,11,65,18,0,0,0,0,0,0,0,0,0,5,0,38,0,0,1,3,0,10,0,10,96,723,0,158,0,0,0,0,565,0,8,37,4,4,0,0,1,0,8,0,120,20,100,901,0,0,0,0,0,103,11,0,0,1,10,89,3,103,0,0,51,0,371,375,0,219,10,0,65,22,36,0,1149,380,4990
Maharashtra,Amravati Commr,47,0,2,0,49,36,0,0,0,0,0,36,3,2,69,9,1,150,3,1,0,0,0,0,0,0,0,0,372,32,32,0,0,2,93,68,21,0,0,0,4,6,52,1,0,0,0,609,33,0,0,526,26,0,1,10,13,22,121,119,118,0,1,0,1,1,0,0,0,0,938,0,0,0,0,31,25,0,0,0,0,0,0,0,0,0,0,0,0,0,0,0,0,0,25,5,0,6,67,848,61,393,0,0,0,0,394,4,12,65,14,14,0,6,0,0,19,0,267,188,79,1235,2,0,0,0,2,139,59,0,2,0,57,65,15,141,0,1,12,0,365,412,0,107,1,8,21,18,52,0,997,133,3883
Maharashtra,Amravati Rural,42,0,4,0,54,64,0,0,0,0,0,64,6,1,67,18,2,238,1,1,0,0,1,0,0,0,0,0,499,31,31,0,0,10,317,69,239,0,0,0,9,14,59,0,0,0,0,1428,56,0,0,1326,38,0,0,7,1,13,213,213,207,0,6,0,0,0,0,0,0,0,2085,0,0,0,0,13,54,1,0,0,0,1,0,0,0,4,0,4,0,0,0,0,5,0,39,1,0,6,74,874,0,229,0,0,0,0,645,1,6,23,6,6,0,2,1,0,3,0,136,24,112,1052,2,0,0,0,2,76,26,19,0,5,2,40,10,78,0,0,112,0,346,2676,1,252,19,0,49,20,40,0,3515,75,7378
Maharashtra,Chhatrapati Sambhajinagar Commr,92,0,5,0,170,60,3,0,0,0,0,57,6,1,85,10,11,266,3,5,1,1,5,0,1,0,0,0,722,46,46,0,0,7,179,71,103,0,1,0,4,21,117,4,0,0,0,1312,62,0,0,1103,52,1,0,26,68,20,257,255,246,0,9,0,1,1,0,0,0,0,1963,0,0,0,0,60,123,0,0,1,0,1,0,0,1,10,2,13,13,13,0,0,2,0,67,5,0,21,209,1683,1,1117,0,0,0,4,561,5,14,193,16,16,0,4,2,0,29,0,150,42,108,2096,2,0,0,0,2,250,74,3,3,6,62,175,1,252,0,3,37,0,428,57,1,35,16,1,1,24,96,7,706,46,5994
Maharashtra,Chhatrapati Sambhajinagar Rural,47,0,0,0,134,88,0,0,0,0,0,88,9,1,31,9,6,337,1,4,0,0,0,0,0,0,0,0,667,33,33,0,0,13,445,69,375,0,0,0,1,40,66,1,0,0,0,1148,20,0,0,1037,41,0,0,1,49,17,154,154,123,0,31,0,0,0,0,0,0,0,1917,0,0,0,0,39,280,0,0,0,0,3,0,56,0,3,1,27,1,1,0,0,0,0,188,4,0,22,345,1002,0,230,0,0,0,0,772,3,7,66,5,5,0,0,4,0,18,0,158,49,109,1263,0,0,0,0,0,93,72,0,0,0,72,21,0,93,0,3,32,0,390,1122,2,2,11,0,25,21,99,1,1708,38,6031
Maharashtra,Beed,79,0,1,0,153,107,0,0,0,0,0,107,33,3,68,15,5,551,8,6,0,0,0,0,0,0,0,0,1029,40,40,0,0,4,434,85,348,0,0,0,1,64,192,0,0,0,0,1611,80,0,0,1467,30,1,0,0,33,44,217,174,172,0,2,0,2,1,0,0,0,40,2606,0,0,0,0,98,456,0,0,0,0,0,0,0,0,10,1,116,31,16,0,0,0,0,282,9,0,19,582,1276,0,501,0,0,0,0,775,0,12,79,22,22,0,0,5,0,111,0,221,58,163,1726,0,0,0,0,0,172,57,0,0,57,0,115,0,172,0,0,53,0,422,300,0,14,26,0,1,31,99,34,980,151,7246
Maharashtra,Bhandara,19,0,1,0,25,29,0,0,0,0,0,29,5,0,17,5,0,25,0,0,0,0,0,0,0,0,0,0,126,13,13,0,0,7,151,1,147,0,0,0,3,2,20,0,0,0,0,508,34,0,0,444,9,0,0,4,17,7,79,76,76,0,0,0,1,1,0,0,0,1,787,0,0,0,0,21,19,0,0,0,0,0,0,0,0,0,0,2,0,0,0,0,0,0,17,0,0,2,42,706,0,149,0,0,0,0,557,1,3,6,5,5,0,0,0,0,10,0,112,26,86,843,0,0,0,0,0,49,24,3,0,2,19,21,4,49,0,12,17,0,424,565,0,120,7,1,23,17,33,0,1219,6,3072
Maharashtra,Buldhana,52,0,0,0,96,140,6,0,0,0,11,123,22,1,54,18,6,208,7,0,0,0,1,0,0,0,0,0,605,47,47,0,0,4,372,81,264,0,0,3,24,41,59,0,0,0,0,1078,37,0,0,953,58,0,1,10,19,30,197,191,96,37,58,0,0,0,0,0,0,6,1828,1,0,1,1,36,244,0,0,1,0,5,0,31,0,5,1,15,14,9,0,0,1,0,162,20,0,13,313,1165,0,411,0,0,0,0,754,9,12,85,12,12,0,2,3,0,31,2,226,52,174,1547,3,1,0,0,2,140,34,32,0,0,2,92,14,143,0,1,18,0,453,1653,0,319,21,1,14,74,173,2,2729,816,7982
Maharashtra,Chandrapur,46,0,0,0,57,69,0,0,0,0,0,69,11,6,31,28,1,144,1,0,0,0,2,0,0,0,0,0,396,42,42,0,0,7,355,64,286,0,0,0,5,7,52,0,0,0,0,1404,82,0,0,1274,41,0,0,7,0,18,186,186,153,4,29,0,0,0,0,0,0,0,2071,0,0,0,0,16,56,0,0,0,0,0,0,0,0,0,0,10,0,0,0,0,0,1,45,2,0,5,79,944,0,323,9,0,0,0,612,2,7,21,6,6,0,0,2,0,32,0,253,34,219,1267,0,0,0,0,0,106,47,17,1,2,27,51,8,106,0,0,48,0,536,1412,0,794,17,1,12,29,71,0,2920,29,6868
Maharashtra,Dhule,14,0,0,0,26,38,0,0,0,0,0,38,51,0,5,9,0,431,7,2,0,0,1,0,0,0,0,0,584,27,27,0,0,5,407,66,197,0,0,0,144,26,65,2,0,1,0,508,207,0,0,255,38,0,0,3,5,1,182,167,103,62,2,0,0,1,0,0,0,14,1224,0,0,0,0,3,113,0,0,0,0,2,0,5,0,0,0,0,0,0,0,0,0,0,106,0,0,6,122,606,0,352,0,0,0,0,254,11,4,35,16,16,0,1,7,0,24,0,159,17,142,863,0,0,0,0,0,74,1,0,1,0,0,54,19,74,0,0,0,0,607,22,0,0,11,0,24,1,5,0,670,402,3939
Maharashtra,Gadchiroli,11,0,1,0,8,14,0,0,0,0,0,14,4,1,8,2,0,10,2,0,2,0,0,0,1,0,0,0,64,33,33,0,0,3,148,28,120,0,0,0,0,3,33,0,0,0,0,262,11,0,0,233,9,0,0,2,7,2,62,62,62,0,0,0,0,0,0,0,0,0,546,0,0,0,0,3,12,0,0,0,0,0,0,0,0,0,0,0,0,0,0,0,0,1,11,0,0,1,16,273,0,115,0,0,0,0,158,0,1,7,1,1,0,0,0,0,5,0,65,5,60,352,0,0,0,0,0,27,9,0,0,0,9,18,0,27,0,0,25,0,115,475,0,47,1,0,6,10,8,0,687,11,1703
Maharashtra,Gondia,30,0,2,0,25,15,0,0,0,0,0,15,9,5,30,16,0,32,1,0,0,0,1,0,0,0,0,0,166,29,29,0,0,6,167,61,106,0,0,0,0,5,30,2,0,0,0,604,5,0,0,564,25,1,0,3,6,13,134,131,131,0,0,0,0,1,0,0,0,2,990,0,0,0,0,19,12,0,0,0,0,0,0,0,0,0,0,0,0,0,0,0,0,0,12,1,0,2,34,393,67,135,0,2,0,0,189,3,0,11,1,1,0,1,0,0,14,0,137,23,114,560,0,0,0,0,0,44,25,2,0,2,21,15,4,44,0,0,7,0,490,1376,0,163,7,0,19,20,25,2,2109,19,3922
Maharashtra,Hingoli,13,0,4,0,59,36,0,0,5,0,0,31,8,0,10,3,2,166,3,3,0,0,0,0,3,0,0,0,310,24,24,0,0,1,190,13,176,0,0,0,1,23,39,0,0,0,0,863,21,0,0,657,15,0,0,10,160,33,56,53,51,0,2,0,0,2,0,0,0,1,1229,0,0,0,0,41,84,0,0,0,0,0,0,2,0,6,1,24,9,1,0,0,0,0,41,2,0,15,142,424,0,131,0,0,0,0,293,0,6,20,3,3,0,1,9,0,3,0,45,4,41,511,0,0,0,0,0,26,2,1,0,0,1,24,0,26,0,0,42,0,180,1057,0,98,3,2,6,22,62,0,1472,24,3714
Maharashtra,Jalgaon,52,0,4,0,130,48,2,0,0,0,0,46,12,7,34,12,1,444,0,0,0,0,2,0,0,0,0,0,746,65,65,0,0,9,473,13,455,0,1,0,4,44,115,1,2,3,0,660,45,0,0,518,71,1,0,9,16,22,346,343,221,76,46,0,0,2,0,0,0,1,1740,0,0,0,0,31,320,19,0,0,0,2,1,25,0,10,2,3,9,64,0,0,0,2,183,1,0,31,383,1741,0,901,0,1,0,0,839,9,14,104,21,21,0,7,1,0,68,0,366,53,313,2331,9,0,0,0,9,197,92,0,2,5,85,80,25,206,0,2,43,0,482,1577,0,36,19,0,11,21,63,0,2254,620,8280
Maharashtra,Jalna,53,0,0,0,203,79,5,0,0,0,0,74,15,8,28,4,5,447,1,5,0,0,0,0,0,0,0,0,848,37,37,0,0,2,322,312,3,0,0,0,7,20,89,2,0,0,0,1447,42,0,0,1344,40,0,0,0,21,21,167,160,160,0,0,0,0,4,0,0,0,3,2107,0,0,0,0,60,339,15,0,0,0,0,2,5,0,0,1,1,3,0,0,0,0,0,312,9,0,13,421,1331,64,467,0,3,0,0,797,2,19,74,9,9,0,0,2,0,27,0,204,27,177,1668,1,0,0,0,1,129,16,0,0,0,16,113,0,130,0,0,42,0,276,425,0,60,18,0,13,28,73,0,935,232,6341
Maharashtra,Kolhapur,58,0,1,0,143,50,1,0,0,0,0,49,8,3,34,10,6,132,0,3,0,0,1,0,0,0,0,0,449,68,67,1,0,5,411,23,385,0,0,0,3,31,69,1,0,0,0,1037,22,0,0,934,38,0,0,27,16,22,276,271,192,23,56,0,0,3,0,0,0,2,1920,0,0,0,0,43,252,0,0,0,0,1,0,0,0,0,1,31,3,5,0,0,0,0,211,3,0,26,324,1469,97,816,0,2,0,0,554,5,14,69,10,10,0,0,0,0,29,0,371,55,316,1967,1,0,0,0,1,223,27,2,0,0,25,188,8,224,0,0,48,0,1488,455,1,12,14,0,5,21,113,1,2158,110,7152
Maharashtra,Latur,41,0,3,0,132,34,4,0,0,0,3,27,8,7,22,5,2,389,5,2,0,0,1,0,7,0,0,0,658,59,59,0,0,7,348,66,270,0,1,0,11,37,63,0,0,2,0,1724,50,0,0,1426,56,0,0,8,184,43,220,212,0,88,124,0,1,1,0,0,0,6,2503,0,0,0,0,33,212,1,0,1,0,1,0,7,0,5,1,16,4,0,0,0,6,3,167,3,0,19,267,907,111,460,1,5,3,1,326,6,10,62,7,7,0,1,2,0,15,0,209,22,187,1219,0,0,0,0,0,118,41,9,5,1,26,51,26,118,0,0,38,0,476,648,3,46,6,5,10,53,68,21,1374,26,6165
Maharashtra,Mumbai Commr,411,0,32,0,857,286,20,0,3,1,0,262,37,71,467,676,8,855,5,7,3,0,15,0,2,0,0,0,3732,107,106,1,0,25,501,190,199,0,3,0,109,42,305,10,1,12,0,4797,429,2,8,3925,190,3,2,141,97,89,1854,1837,1587,153,97,0,2,6,0,0,0,9,7743,2,2,0,2,46,278,9,0,0,0,6,0,0,0,0,0,11,1,4,0,2,0,4,241,20,0,56,400,10854,383,2589,21,3,1,117,7740,117,203,591,16,16,0,20,10,0,1395,0,1307,237,1070,14513,10,0,0,0,10,6366,2394,25,6,205,2158,2858,1114,6376,0,0,1192,1,10798,2768,11,44,42,29,101,22,225,25,15258,3404,51428
Maharashtra,Mumbai Railway,2,0,0,0,42,31,0,0,31,0,0,0,0,0,10,9,0,0,0,0,0,1,6,0,0,0,0,0,101,4,4,0,0,2,2,0,0,0,0,0,2,8,7,1,0,0,0,79,14,0,0,46,9,1,0,6,3,0,35,34,25,4,5,1,0,0,0,0,0,0,138,0,0,0,0,6,6,0,0,0,0,0,0,0,0,0,0,0,0,0,0,0,0,0,6,0,0,1,13,13384,0,16,1632,0,0,0,11736,130,1,122,0,0,0,4,0,0,12,0,0,0,0,13653,0,0,0,0,0,40,2,0,0,0,2,27,11,40,0,0,0,0,0,0,0,3,0,3,1,0,0,0,7,13,13965
Maharashtra,Nagpur Commr,136,0,19,0,146,96,0,0,0,0,0,96,14,11,101,24,3,294,3,0,0,0,7,0,0,0,0,0,854,88,88,0,0,10,348,327,18,0,1,0,2,30,192,2,0,0,0,775,104,0,0,547,49,1,0,9,65,56,532,516,0,248,268,2,3,7,0,0,0,4,2033,0,0,0,0,24,117,0,0,0,0,1,0,0,0,0,0,0,0,0,0,0,0,0,116,1,0,21,163,2937,23,1947,0,1,0,2,964,27,73,160,16,16,0,6,25,0,48,0,1012,117,895,4304,3,0,0,0,3,697,225,0,0,1,224,464,8,700,0,0,162,1,1798,4244,0,595,25,0,0,32,74,3,6934,799,15787
Maharashtra,Nagpur Railway,2,0,0,0,5,2,0,0,2,0,0,0,0,0,1,1,0,0,0,0,0,0,0,0,0,0,0,0,11,3,3,0,0,0,0,0,0,0,0,0,0,4,2,0,0,0,0,18,1,0,0,13,2,0,0,0,2,0,1,1,0,1,0,0,0,0,0,0,0,0,28,0,0,0,0,0,2,0,0,0,0,0,0,0,0,0,0,0,0,0,0,0,0,0,2,0,0,0,2,1411,0,28,0,0,0,0,1383,24,0,6,2,2,0,0,0,0,2,0,0,0,0,1445,1,0,0,0,1,0,0,0,0,0,0,0,0,1,0,0,0,0,0,0,0,2,0,0,0,0,0,0,2,7,1496
Maharashtra,Nagpur Rural,34,0,8,0,44,34,3,0,0,0,1,30,7,5,34,16,2,38,2,1,0,0,1,0,0,0,0,0,226,39,39,0,0,6,413,109,300,0,0,0,4,21,58,0,0,3,0,1156,73,0,0,1005,35,0,0,9,34,22,194,186,183,0,3,0,0,0,0,0,0,8,1912,0,0,0,0,10,40,0,0,0,0,1,0,0,0,2,0,3,3,1,0,0,4,0,26,5,0,9,64,1370,0,394,0,0,0,0,976,7,5,15,7,7,0,1,1,0,27,1,298,74,224,1732,0,0,0,0,0,78,35,2,2,2,29,39,4,78,0,2,15,0,840,4275,0,211,15,4,24,33,59,0,5478,26,9516
Maharashtra,Nanded,38,0,0,0,206,27,0,0,0,0,0,27,6,5,21,9,4,366,1,0,0,0,6,0,0,0,0,0,689,72,72,0,0,7,423,73,346,0,1,0,3,48,87,1,0,0,0,1764,50,0,0,1574,36,0,0,4,100,0,232,224,224,0,0,0,1,0,0,0,0,7,2634,0,0,0,0,67,252,0,0,0,0,0,27,0,0,5,0,26,6,31,1,56,8,7,85,0,0,24,343,1362,0,766,0,5,0,0,591,10,24,109,23,23,0,3,3,0,29,0,279,31,248,1842,1,0,0,0,1,125,14,0,0,0,14,111,0,126,0,0,73,0,515,1683,0,266,17,7,26,37,132,13,2769,109,8512
Maharashtra,Nandurbar,15,0,2,0,31,8,0,0,0,3,0,5,3,1,7,9,0,96,0,0,0,0,2,0,0,0,0,0,174,34,34,0,0,6,170,31,138,0,0,0,1,15,39,0,0,0,0,215,16,0,0,181,6,0,0,12,0,4,86,78,41,37,0,0,2,5,0,0,0,1,569,0,0,0,0,0,71,0,0,0,0,1,0,10,0,0,0,0,0,0,0,0,0,2,58,8,0,15,94,374,0,218,0,0,0,0,156,5,3,16,11,11,0,1,1,2,1,0,103,10,93,517,0,0,0,0,0,51,0,0,0,0,0,48,3,51,0,0,6,0,132,131,0,2,11,1,0,4,10,1,298,244,1947
Maharashtra,Nasik Commr,62,0,0,0,169,0,0,0,0,0,0,0,0,0,7,11,2,169,0,0,0,0,3,0,0,0,0,0,423,40,40,0,0,5,188,38,150,0,0,0,0,19,97,10,0,0,0,569,18,0,0,525,26,0,0,0,0,6,331,331,330,0,1,0,0,0,0,0,0,0,1265,0,0,0,0,0,89,3,0,0,0,0,0,0,0,0,0,0,0,0,0,0,0,0,86,10,0,8,107,1214,0,766,0,0,0,0,448,55,34,188,6,6,0,0,4,0,26,0,316,83,233,1843,3,0,0,0,3,376,283,0,0,0,283,93,0,379,0,2,202,0,339,52,0,1,8,1,0,38,31,0,674,72,4763
Maharashtra,Nasik Rural,48,0,1,0,127,65,0,0,4,0,1,60,24,0,32,13,3,548,1,5,0,0,7,0,0,0,0,0,874,88,88,0,0,10,896,284,478,0,0,0,134,60,86,0,1,1,0,1711,47,0,0,1247,41,1,1,8,366,18,540,487,124,154,209,0,1,9,0,0,0,43,3411,0,0,0,0,21,386,3,0,0,0,10,0,32,0,4,0,79,9,4,1,0,4,1,239,1,0,33,441,1521,2,854,1,2,1,0,661,14,12,128,17,17,0,0,6,0,19,0,353,53,300,2070,1,0,0,0,1,251,14,4,1,0,9,202,35,252,0,0,33,0,711,465,2,8,95,2,6,38,85,2,1447,102,8597
Maharashtra,Navi Mumbai,88,0,0,0,94,20,1,0,0,0,0,19,4,3,30,51,3,152,0,1,1,0,1,0,0,0,0,0,448,43,43,0,0,8,308,60,226,0,0,2,20,21,67,2,1,0,0,564,49,0,0,463,38,0,0,14,0,10,459,454,176,256,22,0,0,4,0,0,0,1,1483,0,0,0,0,0,115,0,0,0,0,0,0,0,0,1,2,6,2,0,0,0,0,1,103,5,0,2,122,1623,91,921,25,0,1,21,564,28,17,235,10,10,0,0,0,0,66,0,354,82,272,2333,4,0,0,0,4,757,351,0,0,14,337,380,26,761,0,0,18,0,498,744,0,86,10,0,0,1,37,1,1395,657,7199
Maharashtra,Dharashiv,42,0,4,0,94,46,0,0,0,0,0,46,5,0,14,8,2,140,4,0,0,0,0,0,0,0,0,0,359,34,34,0,0,6,303,0,295,0,0,0,8,33,63,4,0,0,0,810,32,0,0,721,22,0,1,10,24,38,131,122,77,19,26,0,1,0,0,0,0,8,1422,0,0,0,0,19,274,0,0,0,0,0,0,55,0,40,34,56,51,32,0,0,2,4,0,4,0,8,305,687,20,277,11,2,0,2,375,3,3,36,14,14,0,0,4,0,32,0,161,42,119,940,0,0,0,0,0,64,19,0,0,1,18,35,10,64,0,0,78,0,325,422,0,12,10,0,11,40,48,1,947,69,4106
Maharashtra,Palghar,25,0,0,0,50,4,2,1,0,0,0,1,3,3,14,14,0,36,0,1,0,0,3,0,0,0,0,0,153,35,35,0,0,8,320,92,225,0,0,0,3,4,28,0,0,0,0,474,18,0,0,312,19,0,0,93,32,1,163,158,123,28,7,0,0,4,0,0,0,1,1033,0,0,0,0,69,27,0,0,0,3,0,0,0,0,0,1,12,0,0,0,0,0,0,11,1,0,7,104,293,7,110,0,0,0,0,176,0,6,28,3,3,0,0,1,0,9,0,158,33,125,498,0,0,0,0,0,136,37,6,3,4,24,81,18,136,0,0,3,0,156,1427,0,0,2,0,0,5,17,0,1610,21,3555
Maharashtra,Parbhani,33,0,0,0,52,39,0,0,0,0,0,39,6,1,24,4,5,220,2,0,0,0,1,0,0,0,0,0,387,36,36,0,0,3,212,189,22,0,0,0,1,26,70,0,0,0,0,1358,41,0,0,1168,42,0,0,5,102,27,121,109,108,1,0,0,1,3,0,0,0,8,1853,0,0,0,0,72,113,0,0,0,0,0,0,0,0,0,0,0,0,0,0,0,23,0,90,14,0,11,210,841,0,356,0,0,0,0,485,6,11,27,2,2,0,2,0,0,4,0,166,32,134,1059,1,0,0,0,1,78,6,0,3,0,3,71,1,79,0,0,96,0,297,483,0,637,20,2,11,27,133,1,1707,18,5313
Maharashtra,Pune Commr,244,0,0,0,222,159,1,0,0,0,0,158,18,24,165,64,4,514,3,6,0,0,5,0,0,0,0,0,1428,94,94,0,0,11,378,121,235,0,0,0,22,54,186,10,1,0,0,1651,110,0,0,1422,33,1,0,32,53,40,734,713,80,310,323,2,6,6,0,0,0,7,3159,0,0,0,0,29,239,2,0,0,0,2,4,0,2,1,0,3,16,45,0,0,0,0,164,14,0,42,324,3554,0,1981,0,0,0,0,1573,52,55,351,18,18,0,0,22,0,93,0,527,127,400,4672,2,0,0,0,2,2030,975,5,2,10,958,1019,36,2032,0,0,236,0,1236,218,5,5,17,3,17,31,99,18,1885,208,13708
Maharashtra,Pune Railway,0,0,0,0,2,2,0,0,2,0,0,0,0,0,0,0,0,0,0,0,0,0,1,0,0,0,0,0,5,0,0,0,0,0,0,0,0,0,0,0,0,0,2,0,0,0,0,8,1,0,0,1,2,0,0,0,4,0,8,8,8,0,0,0,0,0,0,0,0,0,18,0,0,0,0,0,0,0,0,0,0,0,0,0,0,0,0,0,0,0,0,0,0,0,0,0,0,0,0,1212,0,9,287,0,0,0,916,21,0,28,0,0,0,0,1,0,0,0,0,0,0,1262,0,0,0,0,0,9,0,0,0,0,0,9,0,9,0,0,0,0,0,39,0,0,0,0,0,0,0,0,39,1,1334
Maharashtra,Pune Rural,103,0,8,0,291,58,5,0,0,0,0,53,33,5,87,27,5,215,4,1,4,0,2,0,0,0,0,0,843,90,90,0,0,18,921,7,902,0,0,0,12,69,136,9,0,0,0,2076,100,0,0,1668,59,0,0,31,218,65,477,460,400,29,31,0,4,5,0,0,0,8,3861,0,0,0,0,13,609,0,0,0,1,1,1,28,0,11,7,105,14,58,0,0,0,1,382,0,0,18,640,2175,69,1055,1,1,0,8,1041,16,45,153,15,15,0,6,3,0,53,0,629,113,516,3095,4,0,0,0,4,384,262,1,0,0,261,112,10,388,0,1,95,0,1219,1103,2,22,18,7,44,48,125,17,2701,134,11662
Maharashtra,Raigad,27,0,4,0,64,18,0,0,0,0,0,18,1,5,29,21,1,44,1,0,0,0,2,0,0,0,0,0,217,32,32,0,0,10,248,28,214,0,0,0,6,11,27,0,0,0,0,420,22,0,0,353,17,0,0,8,20,25,129,128,128,0,0,0,0,1,0,0,0,0,902,0,0,0,0,40,74,0,0,0,0,1,0,0,0,0,0,0,0,0,0,0,0,0,73,0,1,2,117,365,14,87,0,0,0,0,264,16,7,16,1,1,0,0,2,0,18,0,161,22,139,586,0,0,0,0,0,141,16,0,0,0,16,125,0,141,0,0,11,0,459,1374,0,4,16,5,32,8,55,0,1964,35,3962
Maharashtra,Ratnagiri,23,0,1,0,35,25,3,0,2,0,0,20,1,2,21,29,0,11,0,0,0,0,0,0,0,0,0,0,148,10,10,0,0,3,124,22,98,0,0,0,4,4,13,0,0,1,0,239,11,0,0,199,8,0,0,8,13,14,71,70,43,20,7,0,0,0,0,0,0,1,479,0,0,0,0,1,46,0,0,0,0,1,0,0,0,1,0,10,1,9,0,0,2,0,22,0,0,1,48,186,6,27,6,0,1,0,146,0,4,16,0,0,0,2,0,0,10,0,88,19,69,306,2,0,0,0,2,112,55,0,0,4,51,52,5,114,0,0,4,0,264,220,0,1,11,0,12,3,26,0,541,9,1645
Maharashtra,Sangli,53,0,2,0,67,54,0,0,0,0,0,54,17,6,36,12,4,113,9,5,0,0,0,0,1,0,0,0,379,55,55,0,0,3,434,8,422,0,0,0,4,29,55,0,0,0,0,801,41,0,0,659,19,0,0,19,63,18,240,224,0,113,111,2,0,3,0,0,0,11,1635,1,0,1,1,16,171,0,0,1,0,2,0,15,1,3,1,26,7,18,0,0,0,0,97,1,0,10,198,1209,104,637,0,0,0,0,468,0,19,75,5,5,0,1,2,0,7,0,331,57,274,1649,1,0,0,0,1,168,33,3,5,0,25,129,6,169,0,0,39,0,1153,460,0,4,5,2,8,22,125,3,1821,506,6358
Maharashtra,Satara,46,0,1,0,138,62,0,0,0,3,0,59,20,7,52,20,0,150,2,1,0,1,2,0,2,0,0,0,504,48,48,0,0,19,465,98,360,0,0,0,7,40,113,0,0,0,0,1195,48,2,3,1002,48,0,0,8,84,25,301,292,89,15,188,0,0,1,0,0,0,8,2206,0,0,0,0,39,193,0,1,0,0,2,0,1,1,4,0,21,11,9,0,15,1,0,127,3,0,30,265,1157,14,540,0,0,0,5,598,15,26,123,16,16,0,1,8,0,34,0,301,64,237,1681,1,0,0,0,1,257,65,4,0,1,60,171,21,258,1,1,130,0,585,3298,0,5,13,0,16,42,156,0,4247,26,9187
Maharashtra,Sindhudurg,9,0,0,0,18,20,0,0,2,0,0,18,5,3,11,2,0,5,0,0,0,0,0,0,0,0,0,0,73,12,12,0,0,4,92,0,88,0,0,0,4,3,13,0,0,0,0,186,7,0,0,158,10,0,0,6,5,7,31,29,18,7,4,0,0,0,0,0,0,2,348,0,0,0,0,14,33,0,0,0,0,1,0,0,0,1,1,17,0,0,0,0,0,0,13,0,0,8,55,149,6,15,4,0,2,1,121,2,0,5,0,0,0,0,0,0,17,0,62,11,51,235,0,0,0,0,0,52,18,1,0,1,16,29,5,52,0,0,2,0,237,296,0,1,5,2,3,7,22,0,575,6,1344
Maharashtra,Solapur Commr,45,0,0,0,67,10,0,0,0,0,0,10,6,2,36,11,0,161,1,0,1,0,0,0,1,0,0,0,341,17,17,0,0,0,85,13,68,0,2,0,2,8,17,2,0,0,0,333,8,0,0,277,26,0,0,5,17,9,99,98,96,0,2,0,0,0,0,0,0,1,570,0,0,0,0,8,84,0,0,0,0,0,0,0,0,0,0,0,0,0,0,0,0,0,84,3,1,9,105,579,0,205,0,1,0,0,373,1,20,35,1,1,0,0,2,0,5,0,130,28,102,773,0,0,0,0,0,112,7,0,0,1,6,105,0,112,0,1,58,0,160,226,0,1,6,0,0,6,45,8,511,43,2455
Maharashtra,Solapur Rural,85,0,8,0,136,105,0,0,0,0,0,105,74,1,76,17,11,155,6,4,1,0,1,0,1,0,0,0,681,67,67,0,0,14,648,53,591,0,0,0,4,68,77,0,0,0,0,1942,42,0,0,1741,79,2,1,7,70,18,291,267,130,130,7,0,0,6,0,0,0,18,3125,0,0,0,0,3,570,0,0,0,0,0,0,0,0,21,6,304,15,1,0,0,59,0,164,2,0,13,588,1444,60,325,0,0,0,0,1059,9,15,42,9,9,0,0,7,0,19,0,242,44,198,1787,2,0,0,0,2,222,21,0,0,4,17,195,6,224,0,1,46,0,1163,660,0,8,17,1,8,40,103,0,2047,42,8494
Maharashtra,Thane Commr,203,0,0,0,280,65,0,0,0,0,0,65,11,15,95,89,6,463,1,9,0,0,0,0,0,0,0,0,1237,85,85,0,0,9,271,0,231,0,0,0,40,40,168,8,0,0,0,1304,133,0,0,1060,87,1,0,23,0,28,1167,1165,1150,0,15,0,1,1,0,0,0,0,3080,0,0,0,0,7,288,1,0,0,0,3,0,0,0,0,0,3,1,0,0,0,4,0,276,18,0,10,323,2536,0,1351,0,0,0,16,1169,0,75,457,10,10,0,3,7,0,87,0,780,153,627,3955,6,0,0,0,6,958,175,1,0,0,174,748,35,964,0,0,49,0,769,18692,0,74,38,0,12,11,86,4,19735,2491,31785
Maharashtra,Thane Rural,52,0,1,0,64,24,0,0,0,0,0,24,3,0,12,9,2,47,0,0,0,0,1,0,0,0,0,0,215,30,30,0,0,9,182,73,105,0,0,2,2,10,45,1,0,0,0,394,8,0,0,353,26,0,0,7,0,5,181,173,122,30,21,0,0,1,0,0,0,7,857,0,0,0,0,3,85,2,0,0,0,0,0,0,0,0,0,0,0,0,0,0,0,0,83,3,0,2,93,364,28,166,0,0,0,0,170,0,4,49,10,10,0,2,3,0,20,0,130,15,115,582,0,0,0,0,0,91,34,0,4,2,28,51,6,91,0,0,18,0,198,644,0,0,3,0,28,9,37,0,937,45,2820
Maharashtra,Wardha,18,0,0,0,25,38,0,0,0,0,2,36,5,3,16,6,0,63,0,0,1,0,0,0,0,0,0,0,175,23,23,0,0,13,174,33,139,0,0,0,2,6,40,1,0,0,0,1077,42,0,0,960,20,0,0,3,52,11,150,150,63,0,87,0,0,0,0,0,0,0,1495,0,0,0,0,4,29,0,0,0,0,0,0,0,0,2,0,2,0,0,0,0,0,0,25,3,0,2,38,640,26,213,0,0,0,0,401,7,8,15,5,5,0,0,0,0,13,0,149,20,129,837,0,0,0,0,0,113,55,1,1,5,48,33,25,113,0,1,27,0,890,3051,0,350,5,0,9,29,50,0,4412,534,7604
Maharashtra,Washim,21,0,0,0,57,33,0,0,0,0,0,33,2,3,18,3,1,196,2,0,0,0,3,0,0,0,0,0,339,29,29,0,0,4,159,0,157,0,0,0,2,18,31,0,0,0,0,679,11,0,0,649,17,0,0,0,2,4,63,62,18,23,21,0,0,0,0,0,0,1,987,0,0,0,0,14,105,1,0,0,0,0,7,12,0,0,1,2,1,81,0,0,0,0,0,4,0,3,126,364,0,141,0,0,0,0,223,0,2,27,4,4,0,0,0,0,7,0,77,13,64,481,0,0,0,0,0,36,0,0,0,0,0,36,0,36,0,0,73,0,182,1662,0,132,2,0,4,20,11,0,2086,5,4060
Maharashtra,Yavatmal,62,0,4,0,83,137,0,12,0,0,0,125,16,2,54,7,10,306,6,3,0,0,1,0,0,0,0,0,691,59,59,0,0,28,397,0,348,0,0,0,49,30,81,0,0,0,0,1839,67,0,0,1469,263,0,0,20,20,29,265,263,60,87,116,0,1,1,0,0,0,0,2728,0,0,0,0,11,96,8,0,0,0,0,0,0,0,0,0,0,0,0,0,0,0,0,88,6,0,14,127,1046,0,356,0,0,0,0,690,0,10,75,14,14,0,0,3,0,15,0,166,36,130,1329,1,0,0,0,1,101,31,0,0,0,31,66,4,102,0,0,23,0,874,4423,0,299,27,0,35,48,52,0,5781,20,10778
Maharashtra,Pimpri Chinchwad Commr,108,0,9,0,102,57,0,0,0,0,2,55,11,3,87,26,3,204,0,12,5,0,0,0,0,0,0,0,627,85,85,0,0,11,388,124,245,0,0,0,19,48,170,20,0,0,0,1005,46,0,0,791,18,2,0,25,123,27,564,550,14,254,282,0,4,5,0,0,0,5,2318,1,0,1,1,3,109,1,0,0,0,1,0,0,1,1,2,7,2,1,0,0,0,0,93,2,0,10,124,1927,0,1272,8,0,0,0,647,7,38,229,18,18,0,2,6,0,50,0,320,65,255,2597,2,0,0,0,2,588,191,2,3,8,178,365,32,590,0,0,50,0,1095,220,0,5,14,0,5,21,72,3,1485,160,7902
Maharashtra,Chhatrapati Sambhajinagar Railway,2,0,0,0,12,10,0,0,10,0,0,0,0,0,0,3,0,0,0,0,0,0,2,0,0,0,0,0,29,4,4,0,0,0,0,0,0,0,0,0,0,0,0,0,0,0,0,19,7,0,0,9,3,0,0,0,0,0,9,9,0,6,3,0,0,0,0,0,0,0,32,0,0,0,0,0,5,0,0,0,0,0,0,0,0,0,0,0,0,0,0,0,0,0,5,0,0,0,5,3259,0,18,1034,0,0,0,2207,50,2,34,5,5,0,0,0,0,4,0,0,0,0,3354,0,0,0,0,0,4,0,0,0,0,0,4,0,4,0,0,0,0,0,0,0,0,0,0,0,0,0,0,0,12,3436
Maharashtra,Mira Bhayandar Vasai Virar Commr,202,0,6,0,223,61,1,0,0,0,0,60,5,9,79,78,1,323,1,4,0,0,6,0,4,0,1,0,1003,32,32,0,0,8,201,165,17,0,0,0,19,16,50,0,1,0,0,1142,80,0,0,983,36,0,0,27,16,4,672,662,473,0,189,0,0,6,0,0,0,4,2126,0,0,0,0,8,228,6,0,0,0,0,0,0,0,0,0,0,0,0,0,0,0,0,222,15,0,3,254,1043,32,454,1,0,0,4,552,6,22,114,9,9,0,1,1,0,49,0,331,43,288,1576,1,1,0,0,0,680,42,0,0,0,42,602,36,681,0,4,55,0,539,761,1,62,21,0,12,7,71,0,1533,285,7458
Manipur,Bishnupur,0,0,0,0,1,0,0,0,0,0,0,0,0,0,0,1,0,1,0,0,0,0,0,0,1,0,0,0,4,7,7,0,0,0,21,21,0,0,0,0,0,1,26,0,0,0,0,18,8,0,0,8,2,0,0,0,0,0,13,1,0,0,1,0,0,3,0,0,0,9,86,1,0,1,1,0,10,0,0,0,0,0,0,0,0,0,0,0,0,0,0,0,0,0,10,0,0,0,10,53,0,18,0,0,0,0,35,0,10,2,2,1,1,0,0,0,5,0,8,0,8,80,0,0,0,0,0,3,0,0,0,0,0,3,0,3,0,0,0,0,33,0,0,0,0,1,0,45,2,1,82,23,289
Manipur,Chandel,0,0,0,0,0,0,0,0,0,0,0,0,0,0,0,0,0,0,0,0,0,0,0,0,0,0,0,0,0,1,1,0,0,0,0,0,0,0,0,0,0,0,1,0,0,0,0,1,0,0,0,0,1,0,0,0,0,0,0,0,0,0,0,0,0,0,0,0,0,0,3,0,0,0,0,0,2,0,1,0,0,0,0,0,0,0,0,0,0,0,0,0,0,0,1,0,0,0,2,3,0,2,0,0,0,0,1,0,1,3,1,1,0,0,0,0,0,0,0,0,0,8,0,0,0,0,0,0,0,0,0,0,0,0,0,0,0,0,0,0,1,0,0,0,0,0,0,1,0,0,2,1,16
Manipur,Churachandpur,1,0,0,0,0,0,0,0,0,0,0,0,0,0,0,0,0,0,0,0,0,0,1,0,0,0,0,0,2,5,5,0,0,0,3,3,0,0,0,0,0,0,13,0,0,0,0,9,4,0,0,3,1,0,0,0,1,0,1,0,0,0,0,0,0,0,0,0,0,1,31,1,0,1,1,0,1,0,0,0,0,0,0,0,0,0,0,0,0,0,0,0,0,0,1,3,0,0,4,104,20,10,0,0,0,0,74,0,1,14,30,30,0,0,0,0,1,0,3,1,2,153,0,0,0,0,0,6,0,0,0,0,0,4,2,6,0,0,0,0,5,0,0,0,0,1,0,86,0,0,92,21,310
Manipur,Cid,0,0,0,0,0,0,0,0,0,0,0,0,0,0,1,0,0,0,0,0,0,0,0,0,0,0,0,0,1,0,0,0,0,0,0,0,0,0,0,0,0,0,0,0,0,0,0,0,0,0,0,0,0,0,0,0,0,0,0,0,0,0,0,0,0,0,0,0,0,0,0,1,0,1,1,0,0,0,0,0,0,0,0,0,0,0,0,0,0,0,0,0,0,0,0,3,0,0,3,0,0,0,0,0,0,0,0,0,0,0,0,0,0,0,0,0,2,0,0,0,0,2,0,0,0,0,0,34,1,0,0,0,1,30,3,34,0,0,0,0,0,0,0,1,0,0,0,0,0,2,3,0,44
Manipur,Imphal East,5,0,0,0,10,0,0,0,0,0,0,0,1,1,0,1,0,4,4,0,0,0,1,0,0,0,0,0,27,6,6,0,0,1,7,7,0,0,0,0,0,5,62,0,0,0,0,22,2,0,0,7,13,0,0,0,0,1,30,2,0,0,2,0,0,7,0,0,0,21,134,1,0,1,1,1,21,1,0,9,0,6,0,0,0,0,0,0,0,0,0,0,0,0,5,15,0,0,37,424,0,230,0,0,0,0,194,0,13,3,45,45,0,0,0,0,0,0,4,0,4,489,0,0,0,0,0,19,0,0,0,0,0,16,3,19,0,0,0,0,38,0,0,0,0,3,5,49,4,0,99,56,862
Manipur,Imphal West,8,0,1,0,32,0,0,0,0,0,0,0,1,4,0,2,0,2,2,0,0,0,0,0,9,0,0,0,61,28,28,0,0,2,9,9,0,0,0,0,0,2,83,0,0,0,4,29,16,0,0,10,2,1,0,0,0,0,39,7,2,0,5,0,4,6,1,1,0,21,196,11,0,11,11,0,131,0,25,0,0,0,0,0,0,0,0,0,0,0,0,0,0,0,106,87,0,0,218,863,0,745,0,0,0,0,118,0,35,12,4,4,0,0,0,2,12,0,12,0,12,940,0,0,0,0,0,73,16,0,0,0,16,52,5,73,0,1,8,0,59,0,1,0,0,2,17,48,37,6,179,116,1794
Manipur,Senapati,1,0,0,0,1,0,0,0,0,0,0,0,0,0,0,0,0,0,0,0,0,0,0,0,0,0,0,0,2,0,0,0,0,0,4,3,1,0,0,0,0,0,3,0,0,0,0,0,0,0,0,0,0,0,0,0,0,0,1,1,0,0,1,0,0,0,0,0,0,0,8,0,0,0,0,0,0,0,0,0,0,0,0,0,0,0,0,0,0,0,0,0,0,0,0,0,0,0,0,1,1,0,0,0,0,0,0,0,1,0,0,0,0,0,0,0,0,0,1,1,0,3,0,0,0,0,0,4,0,0,0,0,0,4,0,4,0,0,0,0,1,0,0,0,0,0,0,3,0,1,5,2,24
Manipur,Tamenglong,0,0,0,0,0,0,0,0,0,0,0,0,0,0,0,0,0,0,0,0,0,0,0,0,0,0,0,0,0,0,0,0,0,0,2,0,2,0,0,0,0,0,1,0,0,0,0,0,0,0,0,0,0,0,0,0,0,0,2,0,0,0,0,0,0,0,0,0,0,2,5,0,0,0,0,0,0,0,0,0,0,0,0,0,0,0,0,0,0,0,0,0,0,0,0,0,0,0,0,1,0,0,0,0,0,0,1,0,0,0,0,0,0,0,1,0,0,0,0,0,0,2,0,0,0,0,0,0,0,0,0,0,0,0,0,0,0,0,0,0,1,0,0,0,0,0,0,2,0,0,3,2,12
Manipur,Thoubal,2,0,0,0,4,0,0,0,0,0,0,0,0,0,0,0,0,4,1,0,0,0,0,0,1,0,0,0,12,9,9,0,0,0,7,0,7,0,0,0,0,0,20,0,0,0,0,21,6,0,0,15,0,0,0,0,0,1,19,1,0,0,1,0,0,1,0,0,0,17,77,14,0,14,14,0,10,0,0,0,0,0,0,0,0,0,0,0,0,0,0,0,0,1,9,0,0,0,10,88,1,79,0,0,0,0,8,0,15,0,2,2,0,0,0,0,6,0,10,2,8,121,0,0,0,0,0,7,0,0,0,0,0,4,3,7,0,0,0,0,66,0,0,0,0,0,1,2,2,0,71,22,334
Manipur,Ukhrul,0,0,0,0,0,0,0,0,0,0,0,0,0,0,0,0,0,0,0,0,0,0,0,0,0,0,0,0,0,1,1,0,0,0,0,0,0,0,0,0,0,0,9,0,0,0,0,0,0,0,0,0,0,0,0,0,0,0,0,0,0,0,0,0,0,0,0,0,0,0,10,0,0,0,0,0,0,0,0,0,0,0,0,0,0,0,0,0,0,0,0,0,0,0,0,0,0,0,0,6,2,1,0,0,0,0,3,0,0,0,1,1,0,0,0,0,0,0,0,0,0,7,0,0,0,0,0,2,0,0,0,0,0,2,0,2,0,0,0,0,0,0,0,0,0,0,0,0,0,0,0,8,27
Manipur,Kakching,0,0,0,0,1,0,0,0,0,0,0,0,0,0,0,0,0,0,0,0,0,0,0,0,0,0,0,0,1,7,7,0,0,0,11,0,11,0,0,0,0,0,85,0,0,0,0,5,5,0,0,0,0,0,0,0,0,0,4,2,2,0,0,0,0,1,0,0,0,1,112,0,0,0,0,0,57,0,0,0,0,0,0,0,0,0,0,0,0,0,0,0,0,5,52,4,0,0,61,49,0,42,0,0,0,0,7,0,4,2,0,0,0,0,0,0,0,0,5,1,4,60,0,0,0,0,0,0,0,0,0,0,0,0,0,0,0,3,0,0,20,0,0,0,0,0,0,106,4,0,133,9,376
Manipur,Kamjong,0,0,0,0,0,0,0,0,0,0,0,0,0,0,0,0,0,0,0,0,0,0,0,0,0,0,0,0,0,0,0,0,0,0,1,0,1,0,0,0,0,0,0,0,0,0,0,0,0,0,0,0,0,0,0,0,0,0,0,0,0,0,0,0,0,0,0,0,0,0,1,0,0,0,0,0,0,0,0,0,0,0,0,0,0,0,0,0,0,0,0,0,0,0,0,0,0,0,0,1,0,1,0,0,0,0,0,0,0,0,0,0,0,0,0,0,0,0,0,0,0,1,0,0,0,0,0,0,0,0,0,0,0,0,0,0,0,1,0,0,0,0,0,0,0,0,0,0,0,0,1,2,5
Manipur,Kangpokpi,0,0,0,0,0,0,0,0,0,0,0,0,0,0,0,0,0,0,0,0,2,0,0,0,0,0,0,0,2,5,5,0,0,0,1,0,0,0,0,0,1,0,8,0,0,0,0,0,0,0,0,0,0,0,0,0,0,0,3,0,0,0,0,0,0,0,0,0,0,3,17,0,0,0,0,0,0,0,0,0,0,0,0,0,0,0,0,0,0,0,0,0,0,0,0,1,0,0,1,48,5,4,0,0,0,0,39,0,6,28,2,2,0,0,0,0,0,0,0,0,0,84,0,0,0,0,0,0,0,0,0,0,0,0,0,0,0,0,0,0,4,0,0,0,0,0,5,29,0,0,38,2,144
Manipur,Jiribam,0,0,0,0,2,0,0,0,0,0,0,0,0,0,0,0,0,0,0,0,0,0,0,0,1,0,0,0,3,11,11,0,0,0,0,0,0,0,0,0,0,0,6,0,0,0,0,1,0,0,0,1,0,0,0,0,0,0,3,1,0,0,1,0,0,1,0,0,0,1,21,0,0,0,0,0,0,0,0,0,0,0,0,0,0,0,0,0,0,0,0,0,0,0,0,0,0,0,0,11,3,2,0,0,0,0,6,0,0,0,0,0,0,0,0,0,0,0,0,0,0,11,0,0,0,0,0,2,0,0,0,0,0,1,1,2,0,0,0,0,1,0,0,0,0,0,0,75,2,0,78,0,115
Manipur,Noney,0,0,0,0,0,0,0,0,0,0,0,0,0,0,0,0,0,0,0,0,0,0,0,0,0,0,0,0,0,0,0,0,0,0,0,0,0,0,0,0,0,0,1,0,0,0,0,1,1,0,0,0,0,0,0,0,0,0,0,0,0,0,0,0,0,0,0,0,0,0,2,0,0,0,0,0,0,0,0,0,0,0,0,0,0,0,0,0,0,0,0,0,0,0,0,0,0,0,0,2,0,1,0,0,0,0,1,0,1,0,0,0,0,0,0,0,0,0,0,0,0,3,0,0,0,0,0,0,0,0,0,0,0,0,0,0,0,0,0,0,1,0,0,0,0,0,0,0,0,0,1,3,9
Manipur,Pherzawl,0,0,0,0,0,0,0,0,0,0,0,0,0,0,0,0,0,0,0,0,0,0,0,0,0,0,0,0,0,0,0,0,0,0,0,0,0,0,0,0,0,0,0,0,0,0,0,0,0,0,0,0,0,0,0,0,0,0,0,0,0,0,0,0,0,0,0,0,0,0,0,0,0,0,0,0,0,0,0,0,0,0,0,0,0,0,0,0,0,0,0,0,0,0,0,0,0,0,0,19,0,12,0,0,0,0,7,0,0,0,1,1,0,0,0,0,0,0,0,0,0,20,0,0,0,0,0,0,0,0,0,0,0,0,0,0,0,0,0,0,1,0,0,0,0,0,0,0,0,0,1,0,21
Manipur,Tengnoupal,2,0,0,0,1,0,0,0,0,0,0,0,0,0,0,0,0,1,0,0,0,0,0,0,0,0,0,0,4,3,3,0,0,0,1,0,1,0,0,0,0,0,21,0,0,0,0,3,0,0,0,2,1,0,0,0,0,1,7,2,0,0,2,0,0,0,0,0,0,5,36,5,0,5,5,3,41,0,0,0,0,0,0,0,0,0,0,0,0,0,0,0,0,0,41,1,0,0,45,14,1,2,0,0,0,0,11,0,0,9,10,10,0,0,0,0,0,0,2,2,0,35,0,0,0,0,0,0,0,0,0,0,0,0,0,0,0,0,0,0,3,0,0,0,0,0,0,46,12,0,61,4,190
Manipur,Narcotic,0,0,0,0,0,0,0,0,0,0,0,0,0,0,0,0,0,0,0,0,0,0,0,0,0,0,0,0,0,0,0,0,0,0,0,0,0,0,0,0,0,0,0,0,0,0,0,0,0,0,0,0,0,0,0,0,0,0,0,0,0,0,0,0,0,0,0,0,0,0,0,0,0,0,0,0,0,0,0,0,0,0,0,0,0,0,0,0,0,0,0,0,0,0,0,0,0,0,0,0,0,0,0,0,0,0,0,0,0,0,0,0,0,0,0,0,0,0,0,0,0,0,0,0,0,0,0,0,0,0,0,0,0,0,0,0,0,0,0,0,0,0,0,0,0,0,0,0,0,0,0,0,0
Meghalaya,Garo Hills East,2,1,0,0,1,0,0,0,0,0,0,0,0,0,0,1,0,1,2,0,0,0,0,0,1,0,0,0,9,2,2,0,0,0,4,1,3,0,0,0,0,0,8,0,0,0,0,1,0,0,0,1,0,0,0,0,0,0,2,2,1,0,1,0,0,0,0,0,0,0,17,0,0,0,0,0,0,0,0,0,0,0,0,0,0,0,0,0,0,0,0,0,0,0,0,0,0,0,0,55,0,18,0,0,0,0,37,1,4,1,0,0,0,0,0,0,6,0,2,1,1,69,0,0,0,0,0,8,0,0,0,0,0,4,4,8,0,0,0,0,4,0,0,0,0,0,0,0,3,0,7,9,119
Meghalaya,Garo Hills North,1,0,0,0,4,0,0,0,0,0,0,0,0,0,0,0,0,1,0,0,0,0,0,0,1,0,0,0,7,2,2,0,0,0,7,0,0,0,0,0,7,0,2,0,0,0,0,1,1,0,0,0,0,0,0,0,0,0,6,5,0,4,1,0,0,0,0,0,0,1,18,0,0,0,0,0,0,0,0,0,0,0,0,0,0,0,0,0,0,0,0,0,0,0,0,0,0,0,0,66,0,51,0,0,0,0,15,0,1,1,1,1,0,0,0,0,2,0,0,0,0,71,0,0,0,0,0,6,0,0,0,0,0,5,1,6,0,1,0,0,7,0,0,0,0,0,0,0,2,0,10,8,120
Meghalaya,Garo Hills South,2,0,0,0,1,0,0,0,0,0,0,0,0,0,0,0,0,1,0,0,0,0,0,0,0,0,0,0,4,1,1,0,0,1,4,0,3,0,0,0,1,0,0,0,0,0,0,4,0,0,0,1,3,0,0,0,0,0,0,0,0,0,0,0,0,0,0,0,0,0,10,0,0,0,0,0,0,0,0,0,0,0,0,0,0,0,0,0,0,0,0,0,0,0,0,1,0,0,1,12,2,3,0,0,0,0,7,0,2,1,0,0,0,0,0,0,2,0,0,0,0,17,0,0,0,0,0,3,1,0,0,0,1,0,2,3,0,0,0,0,3,0,0,0,0,0,0,0,1,0,4,0,39
Meghalaya,Garo Hills South West,1,0,0,0,2,0,0,0,0,0,0,0,0,0,0,2,0,1,0,0,0,0,0,0,1,0,0,0,7,5,5,0,0,1,14,0,14,0,0,0,0,0,2,0,0,0,0,5,2,0,0,3,0,0,0,0,0,1,2,2,0,0,2,0,0,0,0,0,0,0,30,0,0,0,0,0,0,0,0,0,0,0,0,0,0,0,0,0,0,0,0,0,0,0,0,0,0,0,0,71,0,23,0,0,0,0,48,1,2,1,1,1,0,0,0,0,0,0,16,0,16,92,0,0,0,0,0,2,0,0,0,0,0,2,0,2,0,0,0,0,9,0,0,0,0,0,0,0,5,0,14,4,149
Meghalaya,Garo Hills West,8,1,3,0,6,0,0,0,0,0,0,0,0,0,0,7,0,1,0,0,0,0,0,0,0,0,0,0,26,14,14,0,0,2,28,4,24,0,0,0,0,1,14,0,0,0,0,24,4,0,0,16,2,0,0,2,0,5,31,29,29,0,0,0,0,1,0,0,0,1,119,0,0,0,0,0,0,0,0,0,0,0,0,0,0,0,0,0,0,0,0,0,0,0,0,0,0,0,0,165,6,89,0,0,2,0,68,4,5,1,4,4,0,1,0,0,4,0,25,0,25,209,0,0,0,0,0,54,0,0,0,0,0,49,5,54,0,0,2,0,22,0,0,0,0,0,0,3,6,1,34,19,461
Meghalaya,Jaintia Hills West,3,0,0,0,1,0,0,0,0,0,0,0,0,0,0,0,0,0,0,0,0,1,1,0,0,0,0,0,6,20,20,0,0,0,2,1,1,0,0,0,0,0,3,0,0,0,0,10,3,0,0,7,0,0,0,0,0,0,0,0,0,0,0,0,0,0,0,0,0,0,35,0,0,0,0,0,0,0,0,0,0,0,0,0,0,0,0,0,0,0,0,0,0,0,0,0,0,0,0,54,2,12,0,0,0,1,39,0,1,3,1,1,0,1,0,0,1,0,7,3,4,68,0,0,0,0,0,12,2,0,0,0,2,10,0,12,0,0,0,0,4,0,0,0,0,2,4,2,8,0,20,16,157
Meghalaya,Jaintia Hills East,8,0,0,0,0,0,0,0,0,0,0,0,0,0,0,0,0,0,2,0,0,0,0,0,0,0,0,0,10,10,6,4,0,0,10,0,10,0,0,0,0,0,7,0,0,0,0,5,2,0,0,3,0,0,0,0,0,2,2,2,0,0,2,0,0,0,0,0,0,0,36,0,0,0,0,0,0,0,0,0,0,0,0,0,0,0,0,0,0,0,0,0,0,0,0,0,0,0,0,50,4,11,0,0,0,0,35,0,1,0,0,0,0,0,0,0,7,0,3,3,0,61,1,0,0,0,1,5,0,0,0,0,0,5,0,6,0,0,0,0,10,0,0,0,0,0,0,0,1,0,11,6,130
Meghalaya,Khasi Hills East,14,1,3,0,15,16,1,4,0,0,0,11,2,0,2,10,0,3,0,0,0,1,4,0,0,1,0,0,72,14,14,0,0,1,28,1,27,0,0,0,0,2,16,0,3,0,1,43,16,0,0,18,8,0,0,0,1,6,34,28,16,0,12,0,0,4,0,0,0,2,148,0,0,0,0,3,0,0,0,0,0,0,0,0,0,0,0,0,0,0,0,0,0,0,0,5,0,0,8,568,36,251,4,0,11,7,259,8,13,16,2,2,0,2,0,3,32,3,193,85,108,840,6,0,0,1,5,245,7,0,0,0,7,207,31,251,0,2,1,0,40,0,0,1,0,28,11,22,10,9,124,85,1528
Meghalaya,Khasi Hills South West,0,0,0,0,0,0,0,0,0,0,0,0,0,0,0,1,0,0,0,0,0,0,0,0,0,0,0,0,1,1,1,0,0,0,5,0,4,0,0,0,1,0,1,0,0,0,0,4,1,0,0,3,0,0,0,0,0,0,0,0,0,0,0,0,0,0,0,0,0,0,11,0,0,0,0,0,0,0,0,0,0,0,0,0,0,0,0,0,0,0,0,0,0,0,0,0,0,0,0,11,4,4,0,0,0,0,3,0,1,0,0,0,0,0,0,0,0,0,2,0,2,14,1,0,0,0,1,1,0,0,0,0,0,0,1,2,0,0,0,0,0,0,0,0,0,0,2,1,1,0,4,6,38
Meghalaya,Khasi Hills West,1,0,0,0,0,0,0,0,0,0,0,0,0,0,0,0,0,1,0,0,0,0,0,0,0,0,0,0,2,8,8,0,0,0,3,0,3,0,0,0,0,0,2,0,0,0,0,4,1,0,0,3,0,0,0,0,0,2,2,0,0,0,0,0,0,1,0,0,0,1,21,0,0,0,0,0,0,0,0,0,0,0,0,0,0,0,0,0,0,0,0,0,0,0,0,0,0,0,0,23,6,1,0,0,0,0,16,0,0,3,0,0,0,0,0,0,1,0,2,2,0,29,0,0,0,0,0,2,0,0,0,0,0,0,2,2,0,0,1,0,0,0,0,0,0,0,2,5,3,0,11,7,72
Meghalaya,Ri-Bhoi,11,0,0,0,1,0,0,0,0,0,0,0,0,0,1,2,0,1,0,0,0,0,0,0,0,0,0,0,16,5,5,0,0,0,20,20,0,0,0,0,0,0,3,0,0,0,2,12,4,0,0,8,0,0,0,0,0,0,15,14,14,0,0,0,0,1,0,0,0,0,57,0,0,0,0,0,0,0,0,0,0,0,0,0,0,0,0,0,0,0,0,0,0,0,0,0,0,1,1,106,14,31,0,0,0,0,61,0,1,2,0,0,0,0,0,0,1,0,27,5,22,137,0,0,0,0,0,33,1,0,0,0,1,31,1,33,0,0,0,0,12,0,0,0,0,0,0,2,0,0,14,92,350
Meghalaya,Cyber Cell,0,0,0,0,0,0,0,0,0,0,0,0,0,0,0,0,0,0,0,0,0,0,0,0,0,0,0,0,0,0,0,0,0,0,0,0,0,0,0,0,0,0,0,0,0,0,0,0,0,0,0,0,0,0,0,0,0,0,0,0,0,0,0,0,0,0,0,0,0,0,0,0,0,0,0,0,0,0,0,0,0,0,0,0,0,0,0,0,0,0,0,0,0,0,0,0,0,0,0,0,0,0,0,0,0,0,0,0,0,0,0,0,0,0,0,0,0,0,0,0,0,0,0,0,0,0,0,3,0,0,0,0,0,3,0,3,0,0,0,0,0,0,0,0,0,0,0,0,0,1,1,2,6
Meghalaya,Khasi Hills Eastern West,6,0,0,0,0,0,0,0,0,0,0,0,0,0,0,0,0,0,0,0,0,0,0,0,0,0,0,0,6,2,2,0,0,0,1,0,1,0,0,0,0,0,1,0,0,0,0,2,0,0,0,2,0,0,0,0,0,0,0,0,0,0,0,0,0,0,0,0,0,0,6,0,0,0,0,0,0,0,0,0,0,0,0,0,0,0,0,0,0,0,0,0,0,0,0,0,0,0,0,27,1,7,0,0,0,0,19,0,3,1,0,0,0,0,0,0,1,0,3,0,3,35,0,0,0,0,0,1,0,0,0,0,0,1,0,1,0,0,0,0,2,0,0,0,0,4,0,4,0,0,10,6,64
Mizoram,Aizawl,12,1,1,0,9,9,1,2,0,3,0,3,0,4,0,1,0,0,0,0,1,0,0,0,0,0,0,0,38,4,4,0,0,1,51,1,43,0,0,0,7,0,15,0,0,0,0,38,10,0,0,14,0,0,0,0,14,0,1,0,0,0,0,0,0,0,0,0,0,1,110,0,0,0,0,0,0,0,0,0,0,0,0,0,0,0,0,0,0,0,0,0,0,0,0,0,0,1,1,469,62,158,27,0,6,2,214,4,1,7,1,1,0,0,0,0,12,0,465,176,289,959,0,0,0,0,0,42,0,0,0,0,0,14,28,42,0,0,14,0,10,0,0,0,0,12,9,8,9,0,62,62,1274
Mizoram,Champhai,2,0,0,0,14,14,0,0,0,0,0,14,0,0,0,0,0,4,0,0,0,0,0,0,0,0,0,0,34,6,6,0,0,0,16,16,0,0,0,0,0,0,0,0,0,0,0,18,18,0,0,0,0,0,0,0,0,0,0,0,0,0,0,0,0,0,0,0,0,0,40,0,0,0,0,0,0,0,0,0,0,0,0,0,0,0,0,0,0,0,0,0,0,0,0,0,0,0,0,66,24,2,0,0,0,0,40,0,0,0,0,0,0,0,0,0,2,0,144,68,76,212,2,0,0,0,2,4,0,0,0,0,0,4,0,6,0,0,18,0,8,0,0,0,0,0,6,0,0,0,32,16,340
Mizoram,Kolasib,0,0,0,0,1,1,0,0,0,1,0,0,0,0,0,0,0,0,0,0,0,0,0,0,0,0,0,0,2,10,5,0,5,2,16,2,14,0,0,0,0,0,2,0,0,0,0,16,0,0,0,8,0,0,0,0,8,0,0,0,0,0,0,0,0,0,0,0,0,0,46,0,0,0,0,0,0,0,0,0,0,0,0,0,0,0,0,0,0,0,0,0,0,0,0,0,0,0,0,112,0,24,1,0,4,0,83,0,0,2,0,0,0,0,0,0,0,0,78,34,44,192,2,0,0,0,2,4,0,0,0,0,0,2,2,6,0,0,0,0,8,0,0,0,0,0,10,0,2,0,20,10,276
Mizoram,Lawngtlai,1,0,0,0,2,0,0,0,0,0,0,0,0,0,0,0,0,0,0,0,0,0,0,0,0,0,0,0,3,2,2,0,0,0,9,0,9,0,0,0,0,0,0,0,0,0,0,7,0,0,0,7,0,0,0,0,0,1,0,0,0,0,0,0,0,0,0,0,0,0,19,0,0,0,0,0,0,0,0,0,0,0,0,0,0,0,0,0,0,0,0,0,0,0,0,0,0,0,0,16,0,4,0,0,0,0,12,0,0,0,0,0,0,0,0,0,1,0,8,3,5,25,1,0,0,0,1,2,0,0,0,0,0,1,1,3,0,0,1,0,0,0,0,0,0,0,2,0,0,0,3,10,63
Mizoram,Lunglei,0,0,0,0,1,0,0,0,0,0,0,0,0,0,1,0,0,0,0,0,0,0,0,0,0,0,0,0,2,1,1,0,0,0,12,0,6,0,6,0,0,0,1,0,0,0,0,10,2,0,0,8,0,0,0,0,0,1,0,0,0,0,0,0,0,0,0,0,0,0,25,0,0,0,0,0,0,0,0,0,0,0,0,0,0,0,0,0,0,0,0,0,0,0,0,0,0,0,0,44,4,3,0,0,1,0,36,0,0,0,1,1,0,0,0,0,0,0,61,31,30,106,0,0,0,0,0,8,0,0,0,0,0,6,2,8,0,0,0,0,1,0,0,0,0,0,0,1,1,0,3,5,149
Mizoram,Mamit,1,0,0,0,0,2,1,1,0,0,0,0,0,0,0,0,0,2,0,0,0,0,0,0,0,0,0,0,5,2,2,0,0,1,2,0,2,0,0,0,0,0,0,0,0,0,0,10,5,0,0,3,0,0,0,0,2,0,0,0,0,0,0,0,0,0,0,0,0,0,15,0,0,0,0,0,0,0,0,0,0,0,0,0,0,0,0,0,0,0,0,0,0,0,0,0,0,0,0,69,29,10,0,0,0,0,30,0,0,1,0,0,0,0,0,0,0,0,66,10,56,136,0,0,0,0,0,1,0,0,0,0,0,0,1,1,0,0,0,0,1,0,0,0,0,0,2,3,0,0,6,5,168
Mizoram,Saiha,2,0,0,0,3,0,0,0,0,0,0,0,0,0,0,0,0,0,0,0,0,0,0,0,0,0,0,0,5,8,8,0,0,0,12,0,12,0,0,0,0,0,0,0,0,0,0,14,14,0,0,0,0,0,0,0,0,0,0,0,0,0,0,0,0,0,0,0,0,0,34,0,0,0,0,0,0,0,0,0,0,0,0,0,0,0,0,0,0,0,0,0,0,0,0,0,0,0,0,70,35,0,0,0,0,0,35,0,0,0,0,0,0,0,0,2,0,0,40,10,30,112,0,0,0,0,0,0,0,0,0,0,0,0,0,0,0,0,1,0,0,0,0,0,0,0,2,0,2,0,5,1,157
Mizoram,Serchhip,1,0,0,0,0,0,0,0,0,0,0,0,0,0,0,0,0,1,0,0,0,0,0,0,0,0,0,0,2,2,2,0,0,1,8,0,8,0,0,0,0,0,0,0,0,0,0,2,0,0,0,2,0,0,0,0,0,0,0,0,0,0,0,0,0,0,0,0,0,0,13,0,0,0,0,0,0,0,0,0,0,0,0,0,0,0,0,0,0,0,0,0,0,0,0,0,0,0,0,75,31,0,0,0,1,0,43,0,1,0,0,0,0,0,0,1,0,0,48,28,20,125,0,0,0,0,0,2,0,0,0,0,0,1,1,2,0,0,2,0,0,0,0,0,0,0,1,1,0,0,4,7,153
Mizoram,Spl Narcotic,0,0,0,0,0,0,0,0,0,0,0,0,0,0,0,0,0,0,0,0,0,0,0,0,0,0,0,0,0,0,0,0,0,0,0,0,0,0,0,0,0,0,0,0,0,0,0,0,0,0,0,0,0,0,0,0,0,0,0,0,0,0,0,0,0,0,0,0,0,0,0,0,0,0,0,0,0,0,0,0,0,0,0,0,0,0,0,0,0,0,0,0,0,0,0,0,0,0,0,0,0,0,0,0,0,0,0,0,0,0,0,0,0,0,0,0,0,0,0,0,0,0,0,0,0,0,0,0,0,0,0,0,0,0,0,0,0,0,0,0,0,0,0,0,0,0,0,0,0,0,0,0,0
Mizoram,Hnahthial,0,0,0,0,0,0,0,0,0,0,0,0,0,0,0,0,0,0,0,0,0,0,0,0,0,0,0,0,0,0,0,0,0,0,0,0,0,0,0,0,0,0,0,0,0,0,0,1,0,0,0,1,0,0,0,0,0,0,0,0,0,0,0,0,0,0,0,0,0,0,1,0,0,0,0,0,0,0,0,0,0,0,0,0,0,0,0,0,0,0,0,0,0,0,0,0,0,0,0,16,0,5,4,0,0,0,7,0,0,0,0,0,0,0,0,0,0,0,17,7,10,33,0,0,0,0,0,0,0,0,0,0,0,0,0,0,0,0,2,0,0,0,0,0,0,0,1,0,0,0,3,2,39
Mizoram,Khawzawl,1,0,0,0,0,0,0,0,0,0,0,0,0,0,0,0,0,1,0,0,0,0,0,0,0,0,0,0,2,1,1,0,0,0,1,1,0,0,0,0,0,0,1,0,0,0,0,3,3,0,0,0,0,0,0,0,0,1,0,0,0,0,0,0,0,0,0,0,0,0,7,0,0,0,0,0,0,0,0,0,0,0,0,0,0,0,0,0,0,0,0,0,0,0,0,0,0,0,0,17,11,2,0,0,0,0,4,0,0,0,0,0,0,0,0,0,0,0,6,2,4,23,0,0,0,0,0,0,0,0,0,0,0,0,0,0,0,0,0,0,1,0,0,0,0,0,1,0,0,0,2,3,37
Mizoram,Saitual,0,0,0,0,0,0,0,0,0,0,0,0,1,0,0,0,0,0,0,0,0,0,0,0,0,0,0,0,1,1,1,0,0,0,5,0,5,0,0,0,0,0,0,0,0,0,0,4,0,0,0,4,0,0,0,0,0,0,0,0,0,0,0,0,0,0,0,0,0,0,10,0,0,0,0,0,0,0,0,0,0,0,0,0,0,0,0,0,0,0,0,0,0,0,0,0,0,0,0,5,0,2,0,0,0,0,3,0,0,0,0,0,0,0,0,0,1,0,18,12,6,24,0,0,0,0,0,1,0,0,0,0,0,1,0,1,0,0,0,0,0,0,0,0,0,0,2,0,0,0,2,0,38
Mizoram,Cyber,0,0,0,0,0,0,0,0,0,0,0,0,0,0,0,0,0,0,0,0,0,0,0,0,0,0,0,0,0,0,0,0,0,0,0,0,0,0,0,0,0,0,0,0,0,0,0,0,0,0,0,0,0,0,0,0,0,0,0,0,0,0,0,0,0,0,0,0,0,0,0,0,0,0,0,0,0,0,0,0,0,0,0,0,0,0,0,0,0,0,0,0,0,0,0,0,0,0,0,0,0,0,0,0,0,0,0,0,0,0,0,0,0,0,0,0,0,0,0,0,0,0,0,0,0,0,0,0,0,0,0,0,0,0,0,0,0,0,0,0,0,0,0,0,0,0,0,0,0,0,0,0,0
Mizoram,Crime And Eou,0,0,0,0,0,0,0,0,0,0,0,0,0,0,0,0,0,0,0,0,0,0,0,0,0,0,0,0,0,0,0,0,0,0,0,0,0,0,0,0,0,0,0,0,0,0,0,0,0,0,0,0,0,0,0,0,0,0,0,0,0,0,0,0,0,0,0,0,0,0,0,0,0,0,0,0,0,0,0,0,0,0,0,0,0,0,0,0,0,0,0,0,0,0,0,0,0,0,0,0,0,0,0,0,0,0,0,0,0,0,0,0,0,0,0,0,1,0,0,0,0,1,0,0,0,0,0,6,0,0,0,0,0,3,3,6,0,0,0,0,0,0,0,0,0,0,0,0,0,0,0,0,7
Nagaland,Dimapur,2,0,0,0,6,4,0,4,0,0,0,0,1,0,0,0,0,2,0,0,0,0,0,0,0,1,0,0,16,6,6,0,0,0,23,7,12,0,0,0,4,0,9,0,0,0,0,6,4,0,0,2,0,0,0,0,0,0,20,2,0,0,2,0,1,13,0,0,0,4,64,0,0,0,0,0,0,0,0,0,0,0,0,0,0,0,0,0,0,0,0,0,0,0,0,0,0,0,0,211,13,132,3,0,0,0,63,0,48,11,1,1,0,0,0,0,66,0,12,6,6,349,0,0,0,0,0,19,1,1,0,0,0,11,7,19,0,0,0,0,6,0,0,0,0,0,0,1,2,0,9,12,469
Nagaland,Kiphire,1,0,0,0,0,0,0,0,0,0,0,0,0,0,0,0,0,0,0,0,0,0,0,0,0,0,0,0,1,1,1,0,0,0,0,0,0,0,0,0,0,0,0,0,0,0,0,0,0,0,0,0,0,0,0,0,0,0,0,0,0,0,0,0,0,0,0,0,0,0,1,0,0,0,0,0,0,0,0,0,0,0,0,0,0,0,0,0,0,0,0,0,0,0,0,0,0,0,0,4,0,0,0,0,0,0,4,0,0,0,0,0,0,0,0,0,0,0,2,0,2,6,0,0,0,0,0,1,0,0,0,0,0,1,0,1,0,0,0,0,0,0,0,0,0,0,0,0,0,0,0,2,11
Nagaland,Kohima,7,0,0,0,2,0,0,0,0,0,0,0,0,0,0,0,0,1,0,0,0,0,0,0,0,0,0,0,10,1,1,0,0,2,0,0,0,0,0,0,0,0,2,0,0,0,0,5,2,0,0,1,0,0,0,2,0,0,4,3,0,0,3,0,0,1,0,0,0,0,14,0,0,0,0,0,0,0,0,0,0,0,0,0,0,0,0,0,0,0,0,0,0,0,0,0,0,0,0,31,0,15,0,0,0,0,16,0,10,1,1,1,0,0,0,0,0,0,11,0,11,54,0,0,0,0,0,17,2,0,0,0,2,15,0,17,0,0,0,0,2,0,0,0,0,0,2,0,0,0,4,1,100
Nagaland,Longleng,0,0,0,0,0,0,0,0,0,0,0,0,0,0,0,0,0,0,0,0,0,0,0,0,0,0,0,0,0,0,0,0,0,1,3,1,2,0,0,0,0,0,0,0,0,0,0,1,0,0,0,0,0,0,0,0,1,0,0,0,0,0,0,0,0,0,0,0,0,0,5,0,0,0,0,1,0,0,0,0,0,0,0,0,0,0,0,0,0,0,0,0,0,0,0,0,0,0,1,3,2,0,0,0,0,0,1,0,4,0,0,0,0,0,0,0,0,0,0,0,0,7,0,0,0,0,0,1,0,0,0,0,0,1,0,1,0,0,0,0,0,0,0,0,0,0,0,0,1,0,1,0,15
Nagaland,Mokokchung,1,0,0,0,0,0,0,0,0,0,0,0,0,0,0,0,0,0,0,0,0,0,0,0,0,0,0,0,1,0,0,0,0,0,6,3,3,0,0,0,0,0,1,0,0,0,0,4,1,0,0,3,0,0,0,0,0,0,0,0,0,0,0,0,0,0,0,0,0,0,11,0,0,0,0,0,0,0,0,0,0,0,0,0,0,0,0,0,0,0,0,0,0,0,0,0,0,0,0,17,3,1,0,0,1,0,12,0,1,0,0,0,0,0,0,0,0,0,0,0,0,18,0,0,0,0,0,0,0,0,0,0,0,0,0,0,0,0,0,0,0,0,0,0,0,0,0,0,1,0,1,2,33
Nagaland,Mon,0,0,0,0,0,0,0,0,0,0,0,0,0,0,0,0,0,1,0,0,0,0,0,0,0,0,0,0,1,5,5,0,0,1,4,0,4,0,0,0,0,0,2,0,0,0,0,1,1,0,0,0,0,0,0,0,0,0,1,1,0,0,1,0,0,0,0,0,0,0,14,0,0,0,0,0,0,0,0,0,0,0,0,0,0,0,0,0,0,0,0,0,0,0,0,0,0,0,0,6,3,3,0,0,0,0,0,0,4,1,0,0,0,0,0,0,1,0,8,8,0,20,0,0,0,0,0,3,0,0,0,0,0,3,0,3,0,0,0,0,1,0,0,0,0,0,0,0,0,0,1,3,42
Nagaland,Peren,2,0,0,0,0,0,0,0,0,0,0,0,0,0,0,0,0,0,0,0,0,0,0,0,0,0,0,0,2,0,0,0,0,0,1,0,1,0,0,0,0,0,0,0,0,0,0,0,0,0,0,0,0,0,0,0,0,0,2,0,0,0,0,0,0,2,0,0,0,0,3,0,0,0,0,0,0,0,0,0,0,0,0,0,0,0,0,0,0,0,0,0,0,0,0,0,0,0,0,11,0,0,0,0,0,0,11,0,1,0,0,0,0,0,0,0,0,0,0,0,0,12,0,0,0,0,0,1,0,0,0,0,0,1,0,1,0,0,0,0,0,0,0,0,0,0,0,0,0,0,0,1,19
Nagaland,Phek,0,0,0,0,0,0,0,0,0,0,0,0,0,0,0,0,0,0,0,0,0,0,0,0,0,0,0,0,0,1,1,0,0,0,0,0,0,0,0,0,0,0,0,0,0,0,0,2,2,0,0,0,0,0,0,0,0,0,0,0,0,0,0,0,0,0,0,0,0,0,3,0,0,0,0,0,1,0,0,0,0,0,0,0,0,0,1,0,0,0,0,0,0,0,0,0,0,0,1,7,0,0,0,0,0,0,7,0,1,0,0,0,0,0,0,0,1,0,0,0,0,9,0,0,0,0,0,2,0,0,0,0,0,2,0,2,0,0,0,0,0,0,0,0,0,0,0,0,0,0,0,0,15
Nagaland,Tuensang,0,0,0,0,0,0,0,0,0,0,0,0,2,0,0,0,0,0,0,0,0,0,0,0,0,0,0,0,2,1,1,0,0,0,0,0,0,0,0,0,0,0,1,0,0,0,0,0,0,0,0,0,0,0,0,0,0,0,2,0,0,0,0,0,1,0,0,0,0,1,4,0,0,0,0,0,0,0,0,0,0,0,0,0,0,0,0,0,0,0,0,0,0,0,0,0,0,0,0,8,5,1,1,0,0,0,1,0,2,0,0,0,0,0,0,0,0,0,8,2,6,18,0,0,0,0,0,3,0,0,0,0,0,3,0,3,0,0,0,0,0,0,0,0,0,0,0,0,0,0,0,0,27
Nagaland,Wokha,0,0,0,0,0,0,0,0,0,0,0,0,0,0,0,0,0,0,0,0,0,0,0,0,0,0,0,0,0,1,1,0,0,0,1,0,0,0,0,0,1,0,0,0,0,0,0,4,2,0,0,2,0,0,0,0,0,0,0,0,0,0,0,0,0,0,0,0,0,0,6,0,0,0,0,0,0,0,0,0,0,0,0,0,0,0,0,0,0,0,0,0,0,0,0,0,0,0,0,23,3,6,0,0,0,0,14,0,0,0,0,0,0,0,0,0,0,0,0,0,0,23,0,0,0,0,0,4,0,0,0,0,0,3,1,4,0,0,0,0,0,0,0,0,0,0,0,0,0,0,0,5,38
Nagaland,Zunheboto,0,1,0,0,1,0,0,0,0,0,0,0,0,0,0,0,0,0,0,0,0,0,0,0,0,0,0,0,2,0,0,0,0,0,1,0,0,0,0,0,1,0,0,0,0,0,0,0,0,0,0,0,0,0,0,0,0,0,2,0,0,0,0,0,0,0,0,0,0,2,3,0,0,0,0,0,0,0,0,0,0,0,0,0,0,0,0,0,0,0,0,0,0,0,0,0,0,0,0,5,2,0,0,0,0,0,3,0,0,1,0,0,0,0,0,0,1,0,1,0,1,8,0,0,0,0,0,0,0,0,0,0,0,0,0,0,0,0,0,0,0,0,0,0,0,0,0,0,0,0,0,0,13
Nagaland,Noklak,1,0,0,0,0,0,0,0,0,0,0,0,0,0,0,0,0,0,0,0,0,0,0,0,0,0,0,0,1,1,1,0,0,0,0,0,0,0,0,0,0,0,0,0,0,0,0,0,0,0,0,0,0,0,0,0,0,0,0,0,0,0,0,0,0,0,0,0,0,0,1,0,0,0,0,0,0,0,0,0,0,0,0,0,0,0,0,0,0,0,0,0,0,0,0,0,0,0,0,2,1,0,0,0,0,0,1,0,1,0,0,0,0,0,0,0,0,0,0,0,0,3,0,0,0,0,0,0,0,0,0,0,0,0,0,0,0,0,0,0,0,0,0,0,0,0,0,0,0,0,0,0,5
Nagaland,Shamator,0,0,0,0,0,0,0,0,0,0,0,0,0,0,0,0,0,0,0,0,0,0,0,0,0,0,0,0,0,0,0,0,0,0,0,0,0,0,0,0,0,0,1,0,0,0,0,0,0,0,0,0,0,0,0,0,0,0,0,0,0,0,0,0,0,0,0,0,0,0,1,0,0,0,0,0,0,0,0,0,0,0,0,0,0,0,0,0,0,0,0,0,0,0,0,0,0,0,0,1,1,0,0,0,0,0,0,0,0,0,0,0,0,0,0,0,0,0,0,0,0,1,0,0,0,0,0,0,0,0,0,0,0,0,0,0,0,0,0,0,1,0,0,0,0,0,0,0,0,0,1,0,3
Nagaland,Tseminyu,0,0,0,0,0,0,0,0,0,0,0,0,0,0,0,0,0,0,0,0,0,0,0,0,0,0,0,0,0,0,0,0,0,0,0,0,0,0,0,0,0,0,0,0,0,0,0,1,1,0,0,0,0,0,0,0,0,0,0,0,0,0,0,0,0,0,0,0,0,0,1,0,0,0,0,0,0,0,0,0,0,0,0,0,0,0,0,0,0,0,0,0,0,0,0,0,0,0,0,4,0,2,0,0,0,0,2,0,0,0,0,0,0,0,0,0,0,0,0,0,0,4,0,0,0,0,0,0,0,0,0,0,0,0,0,0,0,0,0,0,0,0,0,0,0,0,0,0,0,0,0,2,7
Nagaland,Crime,0,0,0,0,0,0,0,0,0,0,0,0,0,0,0,0,0,0,0,0,0,0,0,0,0,0,0,0,0,0,0,0,0,0,0,0,0,0,0,0,0,0,0,0,0,0,0,0,0,0,0,0,0,0,0,0,0,0,0,0,0,0,0,0,0,0,0,0,0,0,0,0,0,0,0,0,0,0,0,0,0,0,0,0,0,0,0,0,0,0,0,0,0,0,0,0,0,0,0,0,0,0,0,0,0,0,0,0,0,0,0,0,0,0,0,0,0,0,0,0,0,0,0,0,0,0,0,3,0,0,0,0,0,2,1,3,0,0,0,0,0,0,0,0,0,0,0,0,0,0,0,0,3
Nagaland,Cyber Security,0,0,0,0,0,0,0,0,0,0,0,0,0,0,0,0,0,0,0,0,0,0,0,0,0,0,0,0,0,0,0,0,0,0,0,0,0,0,0,0,0,0,0,0,0,0,0,0,0,0,0,0,0,0,0,0,0,0,0,0,0,0,0,0,0,0,0,0,0,0,0,0,0,0,0,0,0,0,0,0,0,0,0,0,0,0,0,0,0,0,0,0,0,0,0,0,0,0,0,0,0,0,0,0,0,0,0,0,0,0,0,0,0,0,0,0,0,0,0,0,0,0,0,0,0,0,0,0,0,0,0,0,0,0,0,0,0,0,0,0,0,0,0,0,0,0,0,0,0,0,0,2,2
Nagaland,Narcotics,0,0,0,0,0,0,0,0,0,0,0,0,0,0,0,0,0,0,0,0,0,0,0,0,0,0,0,0,0,0,0,0,0,0,0,0,0,0,0,0,0,0,0,0,0,0,0,0,0,0,0,0,0,0,0,0,0,0,0,0,0,0,0,0,0,0,0,0,0,0,0,0,0,0,0,0,0,0,0,0,0,0,0,0,0,0,0,0,0,0,0,0,0,0,0,0,0,0,0,0,0,0,0,0,0,0,0,0,0,0,0,0,0,0,0,0,0,0,0,0,0,0,0,0,0,0,0,0,0,0,0,0,0,0,0,0,0,0,0,0,0,0,0,0,0,0,0,0,0,0,0,0,0
Odisha,Angul,37,6,0,0,176,49,0,0,0,25,0,24,81,6,12,13,4,256,0,7,0,0,0,0,0,0,0,0,647,34,34,0,0,0,206,60,146,0,0,0,0,0,137,0,0,0,0,4461,2940,0,0,1330,20,1,0,169,1,364,145,145,145,0,0,0,0,0,0,0,0,0,5347,0,0,0,0,1,54,0,0,0,26,1,0,0,0,0,0,6,0,14,0,0,0,0,7,1,0,1,57,493,14,157,0,7,2,0,313,17,26,109,23,23,0,0,6,2,8,0,165,0,165,849,0,0,0,0,0,120,44,42,0,0,2,72,4,120,0,0,0,0,222,0,0,0,0,0,0,4,0,0,226,1946,9192
Odisha,Balasore,56,4,0,0,8,34,0,0,0,17,0,17,84,0,9,5,13,158,0,0,0,0,0,0,0,0,0,0,371,55,55,0,0,0,257,131,126,0,0,0,0,13,306,0,0,0,0,2280,1429,0,0,850,0,1,0,0,0,0,582,582,582,0,0,0,0,0,0,0,0,0,3493,0,0,0,0,0,41,16,0,0,0,0,0,0,0,0,0,0,0,25,0,0,0,0,0,0,0,0,41,1278,3,574,0,29,0,0,672,25,41,168,19,19,0,0,7,0,12,0,342,13,329,1892,0,0,0,0,0,184,33,33,0,0,0,151,0,184,0,0,0,0,175,0,0,0,0,0,0,17,0,0,192,852,7025
Odisha,Baragarh,38,6,0,0,73,22,0,0,0,11,0,11,46,2,11,16,3,82,0,0,0,0,0,0,0,0,0,0,299,38,37,1,0,1,234,46,103,0,0,0,85,6,105,0,0,0,0,527,206,0,0,321,0,0,0,0,0,539,163,163,163,0,0,0,0,0,0,0,0,0,1613,0,0,0,0,21,132,0,0,0,2,5,0,42,0,0,0,15,0,33,0,0,0,0,35,0,0,0,153,343,2,123,0,0,0,0,218,0,3,109,15,15,0,3,7,0,21,0,178,0,178,679,0,0,0,0,0,201,58,58,0,0,0,142,1,201,0,0,0,0,178,0,0,0,0,2,10,12,15,0,217,552,3714
Odisha,Berhampur,43,2,0,0,241,27,0,0,0,14,0,13,78,5,15,18,4,196,0,0,0,0,0,0,0,0,0,0,629,30,30,0,0,0,155,39,116,0,0,0,0,3,236,0,0,0,0,1913,1061,0,0,852,0,0,0,0,0,299,160,160,160,0,0,0,0,0,0,0,0,0,2796,0,0,0,0,0,50,0,0,0,0,17,0,0,0,0,0,11,10,0,0,0,0,0,12,0,0,3,53,570,5,393,0,0,0,0,172,13,47,54,5,5,0,0,6,0,112,0,211,18,193,1018,0,0,0,0,0,220,17,17,0,0,0,203,0,220,0,0,0,0,133,0,0,0,0,0,0,17,0,0,150,418,5284
Odisha,Bhadrak,44,2,0,0,169,54,0,0,0,27,0,27,127,2,8,17,26,183,0,0,0,0,0,0,0,0,0,0,632,58,58,0,0,0,146,39,107,0,0,0,0,3,292,0,0,0,0,2950,1929,0,0,1021,0,0,0,0,0,0,475,475,475,0,0,0,0,0,0,0,0,0,3924,0,0,0,0,0,31,4,0,0,0,7,0,0,0,0,0,12,0,8,0,0,0,0,0,0,0,0,31,640,11,238,0,15,0,0,376,24,8,65,20,20,0,0,0,0,2,0,329,0,329,1088,0,0,0,0,0,240,47,47,0,0,0,193,0,240,0,0,0,0,167,0,0,0,0,0,0,15,0,0,182,1071,7168
Odisha,Bolangir,13,8,1,0,57,15,0,0,0,8,0,7,33,3,17,21,2,144,0,0,0,0,0,0,0,0,0,0,314,40,40,0,0,2,201,69,132,0,0,0,0,18,266,0,0,0,0,3061,689,0,0,1250,0,1,0,0,1121,80,253,253,253,0,0,0,0,0,0,0,0,0,3921,0,0,0,0,0,118,0,0,0,0,0,0,0,0,0,0,12,0,53,0,0,0,0,53,0,0,0,118,521,42,255,0,8,0,0,216,11,25,90,18,17,1,0,14,0,64,0,205,5,200,948,1,0,0,0,1,255,97,97,0,0,0,158,0,256,0,0,0,0,162,0,0,0,0,0,0,37,0,0,199,446,6202
Odisha,Boudh,4,0,0,0,10,7,0,0,0,4,0,3,44,0,5,7,4,44,0,0,0,0,0,0,0,0,0,0,125,18,18,0,0,1,66,14,52,0,0,0,0,0,92,0,0,0,0,300,130,0,0,170,0,0,0,0,0,0,65,65,65,0,0,0,0,0,0,0,0,0,542,0,0,0,0,0,39,2,0,0,0,0,0,0,0,0,0,0,0,37,0,0,0,0,0,0,0,0,39,150,0,92,0,0,0,0,58,2,2,32,17,17,0,0,1,0,4,0,64,0,64,272,0,0,0,0,0,22,4,4,0,0,0,18,0,22,0,0,0,0,75,0,0,0,0,0,0,9,0,0,84,144,1228
Odisha,Cuttack,30,3,0,0,376,42,0,0,0,21,0,21,98,10,11,24,24,118,0,0,0,0,0,0,0,0,0,0,736,56,56,0,0,1,211,80,131,0,0,0,0,2,95,0,0,0,0,1115,1115,0,0,0,0,0,0,0,0,19,259,259,259,0,0,0,0,0,0,0,0,0,1758,0,0,0,0,0,41,0,0,0,0,16,0,0,0,0,0,18,0,7,0,0,0,0,0,0,0,1,42,265,3,60,0,3,0,0,199,7,32,64,2,2,0,0,3,0,4,0,210,1,209,587,0,0,0,0,0,128,22,22,0,0,0,106,0,128,0,0,0,0,191,0,0,0,0,0,0,45,0,0,236,1281,4768
Odisha,Dcp Bbsr,72,2,0,0,5,10,0,0,5,5,0,0,6,3,12,0,0,28,0,0,0,0,0,0,0,0,0,0,138,43,43,0,0,0,223,61,162,0,0,0,0,7,237,0,0,0,0,3521,3439,80,0,0,0,2,0,0,0,0,236,236,236,0,0,0,0,0,0,0,0,0,4267,0,0,0,0,0,41,2,0,0,1,2,0,0,0,0,0,6,0,30,0,0,0,0,0,0,0,0,41,1733,165,679,0,2,0,0,887,86,88,398,4,4,0,0,15,0,109,0,375,44,331,2808,0,0,0,0,0,1299,132,132,0,0,0,1167,0,1299,0,0,0,0,616,0,0,0,0,0,0,23,0,0,639,3573,12765
Odisha,Dcp Ctc,27,1,0,0,385,72,0,0,0,36,0,36,57,9,27,21,4,189,0,0,0,0,0,0,0,0,0,0,792,21,21,0,0,0,127,27,100,0,0,0,0,4,44,0,0,0,0,1254,1254,0,0,0,0,0,0,0,0,0,162,162,162,0,0,0,0,0,0,0,0,0,1612,0,0,0,0,0,10,0,0,0,0,0,0,0,0,0,0,3,0,7,0,0,0,0,0,0,0,0,10,763,36,314,0,1,0,0,412,21,48,79,6,6,0,0,0,0,13,0,168,0,168,1098,0,0,0,0,0,410,18,18,0,0,0,392,0,410,0,0,0,0,325,0,0,0,0,0,0,1,0,0,326,1728,5976
Odisha,Deogarh,24,0,0,0,80,4,0,0,0,2,0,2,19,0,8,2,0,109,0,0,0,0,0,0,0,0,0,0,246,12,12,0,0,0,63,0,63,0,0,0,0,0,21,0,0,0,0,584,384,0,0,200,0,0,0,0,0,0,47,47,47,0,0,0,0,0,0,0,0,0,727,0,0,0,0,0,5,0,0,0,0,0,0,0,0,0,0,5,0,0,0,0,0,0,0,0,0,0,5,78,4,12,0,0,0,0,62,0,2,8,4,4,0,0,0,0,4,0,24,1,23,120,0,0,0,0,0,24,11,11,0,0,0,13,0,24,0,0,0,0,68,0,0,0,0,0,0,5,0,0,73,265,1460
Odisha,Dhenkanal,39,5,0,0,484,50,0,0,0,25,0,25,97,5,27,64,6,247,0,0,0,0,0,0,0,0,0,0,1024,37,37,0,0,0,199,50,149,0,0,0,0,7,387,0,0,0,0,551,182,0,0,219,0,0,0,0,150,2190,197,197,197,0,0,0,0,0,0,0,0,0,3568,0,0,0,0,0,60,0,0,0,1,1,3,0,0,0,0,40,0,4,0,0,0,0,11,0,0,1,61,356,11,74,0,0,0,0,271,10,54,70,17,17,0,0,16,0,96,0,217,2,215,836,0,0,0,0,0,123,26,26,0,0,0,97,0,123,0,0,0,0,226,0,0,0,0,0,0,39,0,0,265,156,6033
Odisha,Gajapati,23,0,0,0,77,6,0,0,3,3,0,0,32,0,5,8,1,38,0,0,0,0,0,0,0,0,0,0,190,13,13,0,0,1,62,3,59,0,0,0,0,1,47,0,0,0,0,109,0,0,0,107,0,2,0,0,0,396,46,46,46,0,0,0,0,0,0,0,0,0,675,0,0,0,0,0,25,0,0,0,0,0,0,0,0,0,0,25,0,0,0,0,0,0,0,0,0,0,25,100,1,42,0,0,0,0,57,0,8,14,0,0,0,0,0,0,17,0,34,0,34,173,0,0,0,0,0,52,27,27,0,0,0,25,0,52,0,0,0,0,43,0,0,0,0,0,0,4,0,0,47,1,1163
Odisha,Ganjam,96,2,0,0,683,64,0,0,0,32,0,32,137,5,20,50,10,698,0,0,0,0,0,0,0,0,0,0,1765,61,61,0,0,1,237,28,209,0,0,0,0,7,779,0,0,0,0,7154,5929,0,0,1225,0,0,0,0,0,406,285,285,285,0,0,0,0,0,0,0,0,0,8930,0,0,0,0,0,78,0,0,0,0,7,0,0,0,0,0,47,0,24,0,0,0,0,0,0,0,2,80,621,15,195,0,6,0,0,405,14,56,56,15,15,0,0,12,0,18,0,256,3,253,1048,0,0,0,0,0,316,71,71,0,0,0,245,0,316,0,0,0,0,295,0,0,0,0,0,0,26,0,0,321,3487,15947
Odisha,Jagatsinghpur,52,12,0,0,499,67,0,0,0,34,0,33,91,6,20,33,16,137,0,0,0,0,0,0,0,0,0,0,933,31,31,0,0,7,112,3,109,0,0,0,0,2,132,0,0,0,0,1506,1506,0,0,0,0,0,0,0,0,309,210,210,210,0,0,0,0,0,0,0,0,0,2309,0,0,0,0,0,13,0,0,0,0,0,0,0,0,0,0,6,0,0,0,0,0,0,7,0,0,4,17,376,5,70,0,3,0,0,298,4,92,62,5,5,0,0,5,0,23,0,206,5,201,773,0,0,0,0,0,191,42,42,0,0,0,149,0,191,0,0,0,0,178,0,0,0,0,0,0,45,0,0,223,913,5359
Odisha,Jajpur,73,5,0,0,857,110,0,0,0,55,0,55,80,5,13,43,8,259,0,0,0,0,0,0,0,0,0,0,1453,53,53,0,0,8,297,128,169,0,0,0,0,14,108,0,0,0,0,2371,2370,0,0,0,0,0,1,0,0,0,431,431,431,0,0,0,0,0,0,0,0,0,3282,0,0,0,0,0,33,1,0,0,2,9,2,0,0,0,0,18,0,1,0,0,0,0,0,0,0,0,33,647,3,215,0,1,0,0,428,4,40,153,15,15,0,0,3,0,1,0,319,6,313,1182,0,0,0,0,0,220,76,76,0,0,0,144,0,220,0,0,0,0,264,0,0,0,0,0,0,23,0,0,287,1308,7765
Odisha,Jharsuguda,13,0,1,0,13,17,0,0,8,9,0,0,9,3,10,3,4,48,0,0,0,0,0,0,0,0,0,0,121,27,27,0,0,3,142,53,89,0,0,0,0,2,132,0,0,0,0,1499,887,0,0,612,0,0,0,0,0,8,97,97,97,0,0,0,0,0,0,0,0,0,1910,0,0,0,0,0,29,1,0,0,0,3,0,0,0,0,0,24,0,1,0,0,0,0,0,0,0,0,29,358,6,133,0,1,0,0,218,1,10,36,5,5,0,0,11,0,10,0,185,16,169,616,0,0,0,0,0,90,40,40,0,0,0,50,0,90,0,0,0,0,124,0,0,0,0,0,0,8,0,0,132,652,3550
Odisha,Kalahandi,58,3,0,0,94,39,0,0,0,20,0,19,35,7,10,28,0,179,0,0,0,0,0,0,0,0,0,0,453,27,27,0,0,24,220,88,132,0,0,0,0,3,117,0,0,0,0,1512,770,0,0,742,0,0,0,0,0,0,168,168,168,0,0,0,0,0,0,0,0,0,2071,0,0,0,0,0,72,0,0,0,2,0,0,2,0,0,0,33,0,35,0,0,0,0,0,0,0,0,72,300,4,161,0,1,0,0,134,11,15,38,18,18,0,0,2,0,22,0,112,0,112,518,0,0,0,0,0,118,55,55,0,0,0,63,0,118,0,0,0,0,129,0,0,0,0,0,0,15,0,0,144,347,3723
Odisha,Kandhamal,43,0,0,0,208,22,0,0,0,11,0,11,89,0,8,16,4,142,0,0,0,0,0,0,0,0,0,0,532,29,29,0,0,0,132,2,130,0,0,0,0,3,104,0,0,0,0,722,89,0,0,301,0,1,1,0,330,0,104,104,104,0,0,0,0,0,0,0,0,0,1094,0,0,0,0,0,42,0,0,0,0,1,0,0,0,0,0,34,0,7,0,0,0,0,0,0,0,0,42,265,2,132,0,5,0,0,126,1,7,32,10,10,0,0,0,0,0,0,63,1,62,378,0,0,0,0,0,60,5,5,0,0,0,55,0,60,0,0,0,0,96,0,0,0,0,0,0,7,0,0,103,133,2342
Odisha,Kendrapara,40,19,0,0,144,63,0,0,0,32,0,31,157,7,12,25,17,174,0,0,0,0,0,0,0,0,0,0,658,46,46,0,0,0,121,0,121,0,0,0,0,8,222,0,0,0,0,1020,15,0,0,1005,0,0,0,0,0,0,314,314,314,0,0,0,0,0,0,0,0,0,1731,0,0,0,0,0,17,0,0,0,0,0,1,0,0,0,0,0,0,8,0,0,0,0,8,0,0,0,17,257,16,55,0,3,0,0,183,7,33,47,10,9,1,0,5,0,14,0,247,6,241,620,1,0,0,0,1,153,27,27,0,0,0,126,0,154,0,0,0,0,159,0,0,0,0,0,0,49,0,0,208,1950,5338
Odisha,Keonjhar,53,7,0,0,396,22,0,0,11,11,0,0,35,1,12,27,3,217,0,0,0,0,0,0,0,0,0,0,773,65,65,0,0,0,383,72,311,0,0,0,0,0,132,0,0,0,0,1715,305,0,0,670,0,0,0,0,740,0,317,317,317,0,0,0,0,0,0,0,0,0,2612,0,0,0,0,0,40,0,0,0,4,5,0,0,0,0,0,31,0,0,0,0,0,0,0,0,0,0,40,535,16,192,0,21,0,0,306,4,12,79,12,12,0,0,12,0,33,0,260,40,220,947,0,0,0,0,0,169,55,55,0,0,0,114,0,169,0,0,0,0,315,0,0,0,0,0,0,20,0,0,335,292,5168
Odisha,Khurda,25,1,0,0,581,21,0,0,0,11,0,10,88,4,3,18,4,137,0,0,0,0,0,0,0,0,0,0,882,28,28,0,0,0,151,26,125,0,0,0,0,7,79,0,0,0,0,200,0,0,0,200,0,0,0,0,0,1359,216,216,216,0,0,0,0,0,0,0,0,0,2040,0,0,0,0,0,69,10,0,0,0,0,0,4,0,0,0,27,0,28,0,0,0,0,0,0,0,0,69,479,0,115,0,1,0,0,363,8,25,47,5,5,0,0,3,0,9,0,165,2,163,741,0,0,0,0,0,118,9,9,0,0,0,109,0,118,0,0,0,0,199,0,0,0,0,0,0,21,0,0,220,329,4399
Odisha,Koraput,83,1,0,0,217,26,0,0,0,13,0,13,37,3,12,5,2,155,0,0,0,0,0,0,0,0,0,0,541,30,30,0,0,1,245,5,240,0,0,0,0,4,83,0,0,0,0,987,348,0,0,639,0,0,0,0,0,85,131,131,131,0,0,0,0,0,0,0,0,0,1566,0,0,0,0,0,123,0,0,0,0,3,1,0,0,0,0,6,0,56,0,0,0,0,57,0,0,1,124,197,5,84,0,1,1,0,106,16,14,67,8,8,0,0,2,0,2,0,143,1,142,449,0,0,0,0,0,76,21,21,0,0,0,55,0,76,0,0,0,0,165,0,0,0,0,0,0,3,0,0,168,149,3073
Odisha,Malkangiri,18,3,0,0,73,23,0,0,0,12,0,11,5,5,17,4,1,53,0,0,0,0,0,0,0,0,0,0,202,30,30,0,0,0,101,3,98,0,0,0,0,5,28,0,0,0,0,597,312,0,0,285,0,0,0,0,0,76,152,152,152,0,0,0,0,0,0,0,0,0,989,0,0,0,0,0,25,1,0,0,0,0,0,0,1,0,0,1,0,22,0,0,0,0,0,0,0,0,25,121,0,56,0,0,0,0,65,0,22,14,3,3,0,0,0,0,13,0,63,2,61,236,0,0,0,0,0,151,49,49,0,0,0,102,0,151,0,0,0,0,76,0,0,0,0,0,0,5,0,0,81,23,1707
Odisha,Mayurbhanj,61,8,0,0,484,56,0,0,0,28,0,28,65,4,5,12,8,276,0,0,0,0,0,0,0,0,0,0,979,67,67,0,0,2,400,22,378,0,0,0,0,8,84,0,0,0,0,2121,712,0,0,550,0,0,0,0,859,0,386,386,386,0,0,0,0,0,0,0,0,0,3068,0,0,0,0,0,24,0,0,0,0,0,0,0,0,0,0,4,0,20,0,0,0,0,0,0,0,0,24,1147,2,276,0,27,0,0,842,18,22,77,13,13,0,0,5,0,18,0,408,21,387,1708,0,0,0,0,0,212,71,71,0,0,0,141,0,212,0,0,0,0,198,0,0,0,0,0,0,17,0,0,215,385,6591
Odisha,Nayagarh,33,4,0,0,2,0,0,0,0,0,0,0,1,0,2,0,7,72,0,0,0,0,0,0,0,0,0,0,121,25,25,0,0,0,119,41,78,0,0,0,0,4,11,0,0,0,0,1381,920,0,0,460,0,0,1,0,0,0,161,161,161,0,0,0,0,0,0,0,0,0,1701,0,0,0,0,0,15,0,0,0,0,0,0,0,0,0,0,5,0,10,0,0,0,0,0,0,0,0,15,187,2,60,0,0,0,0,125,1,6,34,2,2,0,0,2,0,5,0,106,5,101,343,0,0,0,0,0,58,12,12,0,0,0,46,0,58,0,0,0,0,181,0,0,0,0,0,0,9,0,0,190,595,3023
Odisha,Nabarangpur,20,3,0,0,198,22,0,0,0,11,0,11,33,1,5,19,1,100,0,0,0,0,0,0,0,0,0,0,402,31,31,0,0,0,179,0,179,0,0,0,0,3,48,0,0,0,0,887,440,0,0,447,0,0,0,0,0,0,108,108,108,0,0,0,0,0,0,0,0,0,1256,0,0,0,0,0,51,0,0,0,0,0,2,0,0,0,0,0,0,49,0,0,0,0,0,0,0,0,51,186,0,118,0,1,0,0,67,2,4,34,20,20,0,0,2,0,2,0,105,1,104,355,0,0,0,0,0,56,27,27,0,0,0,29,0,56,0,0,0,0,75,0,0,0,0,0,0,2,0,0,77,216,2413
Odisha,Nuapada,8,0,0,0,44,7,0,0,0,4,0,3,8,0,4,9,0,42,0,0,0,0,0,0,0,0,0,0,122,13,13,0,0,5,107,4,103,0,0,0,0,2,82,0,0,0,0,773,630,0,0,141,0,2,0,0,0,0,88,88,88,0,0,0,0,0,0,0,0,0,1070,0,0,0,0,0,18,0,0,0,0,0,0,0,0,0,0,0,0,18,0,0,0,0,0,0,0,0,18,45,0,23,0,0,0,0,22,2,2,8,0,0,0,0,1,0,1,0,32,0,32,91,0,0,0,0,0,37,4,4,0,0,0,33,0,37,0,0,0,0,21,0,0,0,0,0,0,10,0,0,31,347,1716
Odisha,Puri,46,0,0,0,45,40,0,0,0,20,0,20,70,4,2,9,14,117,0,0,0,0,0,0,0,0,0,0,347,43,43,0,0,0,171,68,103,0,0,0,0,0,222,0,0,0,0,2000,923,0,0,1075,0,2,0,0,0,0,311,311,311,0,0,0,0,0,0,0,0,0,2747,0,0,0,0,0,32,0,0,0,0,1,0,1,0,0,0,7,0,23,0,0,0,0,0,0,0,1,33,483,5,188,0,0,0,0,290,25,86,128,9,9,0,0,19,0,9,0,206,0,206,965,0,0,0,0,0,149,25,25,0,0,0,124,0,149,0,0,0,0,387,0,0,0,0,0,0,16,0,0,403,2478,7122
Odisha,Rayagada,13,2,0,0,26,10,0,0,5,5,0,0,13,1,8,1,2,99,0,0,0,0,0,0,0,0,0,0,175,21,21,0,0,1,123,15,108,0,0,0,0,0,10,0,0,0,0,1061,1001,0,0,60,0,0,0,0,0,0,67,67,67,0,0,0,0,0,0,0,0,0,1283,0,0,0,0,0,50,0,0,0,5,0,0,0,1,0,0,2,0,42,0,0,0,0,0,0,0,2,52,239,0,108,0,5,0,0,126,7,9,28,7,7,0,0,0,0,12,0,94,3,91,396,0,0,0,0,0,37,22,22,0,0,0,15,0,37,0,0,0,0,94,0,0,0,0,0,0,7,0,0,101,335,2379
Odisha,Rourkela,33,1,0,0,211,21,0,0,0,11,0,10,10,3,15,18,1,148,0,0,0,0,0,0,0,0,0,0,461,59,59,0,0,0,244,51,193,0,0,0,0,0,155,0,0,0,0,1683,861,0,0,822,0,0,0,0,0,9,155,155,155,0,0,0,0,0,0,0,0,0,2305,0,0,0,0,0,21,0,0,0,5,0,0,0,0,0,0,0,0,16,0,0,0,0,0,0,0,0,21,600,23,265,0,2,0,0,310,22,14,92,12,12,0,0,9,0,10,0,244,27,217,1003,0,0,0,0,0,387,200,200,0,0,0,187,0,387,0,0,0,0,249,0,0,0,0,0,0,0,0,0,249,321,4747
Odisha,Sambalpur,19,0,0,0,161,39,0,0,0,20,0,19,26,3,10,21,3,144,0,0,0,0,0,0,0,0,0,0,426,52,52,0,0,1,249,20,229,0,0,0,0,5,119,0,0,0,0,1755,975,0,0,780,0,0,0,0,0,417,146,146,146,0,0,0,0,0,0,0,0,0,2744,0,0,0,0,0,13,0,0,0,0,0,0,0,0,0,0,2,0,11,0,0,0,0,0,0,0,0,13,719,20,321,0,2,0,0,376,11,37,163,16,16,0,0,4,0,13,0,336,0,336,1299,0,0,0,0,0,226,106,106,0,0,0,120,0,226,0,0,0,0,279,0,0,0,0,0,0,15,0,0,294,641,5643
Odisha,Sonepur,8,4,0,0,107,3,0,0,0,2,0,1,30,1,6,17,2,32,0,0,0,0,0,0,0,0,0,0,210,17,17,0,0,0,66,2,64,0,0,0,0,2,68,0,0,0,0,670,269,0,0,221,0,0,0,0,180,48,66,66,66,0,0,0,0,0,0,0,0,0,937,0,0,0,0,0,42,0,0,0,0,0,3,2,0,0,0,3,0,34,0,0,0,0,0,0,0,1,43,226,1,142,0,1,0,0,82,0,10,33,8,8,0,0,0,0,8,0,81,0,81,366,0,0,0,0,0,43,14,14,0,0,0,29,0,43,0,0,0,0,36,0,0,0,0,0,0,9,0,0,45,152,1796
Odisha,Srp(Cuttack),1,0,0,0,0,1,0,0,0,1,0,0,1,0,0,1,0,0,0,0,0,0,0,0,0,0,0,0,4,4,4,0,0,0,1,0,1,0,0,0,0,0,2,0,0,0,0,0,0,0,0,0,0,0,0,0,0,0,3,3,3,0,0,0,0,0,0,0,0,0,10,0,0,0,0,0,1,0,0,0,0,0,0,0,0,0,0,0,0,0,0,0,0,0,1,0,0,0,1,1139,0,72,0,0,431,0,636,48,4,9,0,0,0,5,0,0,0,0,5,0,5,1210,0,0,0,0,0,4,0,0,0,0,0,4,0,4,0,0,0,0,0,0,0,0,0,0,0,0,0,0,0,65,1294
Odisha,Srp(Rourkela),0,1,0,0,3,0,0,0,0,0,0,0,0,0,0,0,0,0,0,0,0,0,0,0,0,0,0,0,4,2,2,0,0,0,0,0,0,0,0,0,0,0,1,0,0,0,0,0,0,0,0,0,0,0,0,0,0,0,3,3,3,0,0,0,0,0,0,0,0,0,6,0,0,0,0,0,0,0,0,0,0,0,0,0,0,0,0,0,0,0,0,0,0,0,0,0,0,0,0,607,1,32,0,0,227,0,347,0,0,30,0,0,0,0,0,0,0,0,4,4,0,641,0,0,0,0,0,0,0,0,0,0,0,0,0,0,0,0,0,0,0,0,0,0,0,0,0,0,0,0,0,39,690
Odisha,Sundargarh,21,3,0,0,112,17,0,0,8,9,0,0,17,3,4,7,2,88,0,0,0,0,0,0,0,0,0,0,274,42,42,0,0,2,277,55,222,0,0,0,0,2,96,0,0,0,0,1400,360,0,0,520,0,0,0,0,520,79,105,105,105,0,0,0,0,0,0,0,0,0,2003,0,0,0,0,0,16,0,0,0,0,0,0,0,0,0,0,0,0,0,0,0,0,0,16,0,0,0,16,353,3,97,0,5,0,0,248,2,12,55,15,15,0,0,0,0,13,0,246,26,220,696,0,0,0,0,0,84,30,30,0,0,0,54,0,84,0,0,0,0,132,0,0,0,0,0,0,19,0,0,151,116,3340
Odisha,Cid Cb,1,0,0,0,0,0,0,0,0,0,0,0,0,0,0,0,0,0,0,0,0,0,0,0,0,0,0,0,1,0,0,0,0,0,0,0,0,0,0,0,0,0,0,0,0,0,0,0,0,0,0,0,0,0,0,0,0,0,0,0,0,0,0,0,0,0,0,0,0,0,0,0,0,0,0,0,0,0,0,0,0,0,0,0,0,0,0,0,0,0,0,0,0,0,0,0,0,0,0,4,4,0,0,0,0,0,0,0,0,0,0,0,0,0,0,0,0,0,0,0,0,4,0,0,0,0,0,74,59,57,0,0,2,15,0,74,0,0,0,0,0,0,0,0,0,0,0,0,0,0,0,11,90
Punjab,Amritsar Rural,19,1,0,0,46,1,0,0,0,0,0,1,0,0,0,0,3,27,97,0,1,0,0,0,0,0,0,0,195,53,53,0,0,19,116,116,0,0,0,0,0,21,94,0,0,0,0,256,22,0,0,233,0,1,0,0,0,35,19,10,0,0,10,0,2,0,0,0,0,7,613,0,0,0,0,0,0,0,0,0,0,0,0,0,0,0,0,0,0,0,0,0,0,0,0,1,0,0,1,189,60,29,0,0,0,0,100,54,23,13,4,4,0,0,1,0,6,54,138,18,120,482,1,0,0,0,1,126,0,0,0,0,0,124,2,127,0,0,412,4,43,4,0,0,18,0,0,8,36,0,525,123,2066
Punjab,Barnala,8,0,0,0,0,6,0,0,0,4,2,0,5,6,0,0,4,12,0,0,0,0,0,0,24,0,0,0,65,15,15,0,0,3,70,21,47,0,0,0,2,10,23,1,1,0,0,81,26,0,0,47,8,0,0,0,0,72,15,10,0,9,1,0,0,0,0,0,0,5,291,0,0,0,0,0,0,0,0,0,0,0,0,0,0,0,0,0,0,0,0,0,0,0,0,0,0,0,0,117,0,23,26,0,0,0,68,18,8,1,0,0,0,0,5,0,5,22,70,13,57,246,0,0,0,0,0,58,3,0,0,0,3,55,0,58,0,0,171,0,51,6,0,0,1,0,0,6,20,0,255,62,977
Punjab,Batala,9,1,0,0,6,5,0,3,0,0,0,2,2,0,5,0,2,33,52,0,1,0,0,0,0,0,0,0,116,29,29,0,0,9,81,40,40,0,0,0,1,21,49,1,0,0,0,246,62,0,0,160,11,0,0,13,0,0,8,0,0,0,0,0,0,1,0,0,0,7,444,0,0,0,0,0,0,0,0,0,0,0,0,0,0,0,0,0,0,0,0,0,0,0,0,0,0,0,0,132,3,67,0,0,0,1,61,32,17,3,2,2,0,0,0,0,8,44,124,18,106,362,2,0,0,0,2,101,8,8,0,0,0,92,1,103,0,3,110,0,22,0,0,0,10,0,7,4,20,0,176,65,1266
Punjab,Bathinda,14,0,0,0,7,5,2,0,0,1,0,2,3,2,2,2,2,25,66,0,0,0,0,0,0,0,0,0,128,42,42,0,0,14,132,23,106,0,0,0,3,31,67,11,6,0,0,235,107,0,0,103,25,0,0,0,0,7,10,0,0,0,0,0,0,1,0,0,0,9,555,0,0,0,0,0,0,0,0,0,0,0,0,0,0,0,0,0,0,0,0,0,0,0,0,0,1,1,2,165,0,75,0,0,0,0,90,39,32,20,3,3,0,0,4,0,10,97,129,33,96,499,0,0,0,0,0,66,2,0,0,2,0,64,0,66,0,0,435,0,59,0,0,0,6,0,0,2,21,0,523,131,1904
Punjab,Cp Amritsar,37,0,0,0,23,0,0,0,0,0,0,0,0,0,0,1,1,73,81,0,0,0,0,0,0,0,0,0,216,29,29,0,0,13,65,17,46,0,1,1,0,28,63,3,7,2,0,177,66,0,0,88,22,0,1,0,0,59,4,0,0,0,0,0,0,1,0,0,0,3,450,0,0,0,0,0,0,0,0,0,0,0,0,0,0,0,0,0,0,0,0,0,0,0,0,1,0,5,6,504,63,304,0,0,0,0,137,147,17,23,2,2,0,0,2,0,18,259,144,30,114,1116,1,0,0,0,1,140,0,0,0,0,0,139,1,141,0,0,44,0,36,0,0,2,9,0,0,5,61,0,157,159,2245
Punjab,Cp Jalandhar,11,2,0,0,21,4,0,0,0,0,0,4,2,2,4,0,4,147,78,0,0,0,1,0,0,0,0,0,276,25,25,0,0,8,72,39,33,0,0,0,0,21,54,2,0,0,0,139,25,0,0,96,12,1,0,5,0,47,18,9,0,7,2,0,0,0,0,0,0,9,386,0,0,0,0,0,0,0,0,0,0,0,0,0,0,0,0,0,0,0,0,0,0,0,0,0,1,3,4,386,7,229,0,0,0,6,144,56,24,13,2,2,0,0,0,0,8,78,174,66,108,741,0,0,0,0,0,447,68,0,0,0,68,377,2,447,0,1,39,4,43,1,0,2,16,1,0,1,40,0,148,155,2157
Punjab,Cp Ludhiana,32,0,0,0,28,16,0,0,0,4,0,12,1,1,7,4,6,101,220,0,0,0,5,0,0,0,0,0,421,56,56,0,0,28,225,96,122,0,0,0,7,30,63,1,1,0,1,271,44,0,0,199,28,0,0,0,0,120,30,0,0,0,0,0,0,0,0,0,0,30,826,0,0,0,0,0,0,0,0,0,0,0,0,0,0,0,0,0,0,0,0,0,0,0,0,20,0,6,26,820,19,437,0,0,0,15,349,237,22,10,8,8,0,0,11,0,29,202,153,35,118,1492,1,0,0,0,1,396,95,0,0,0,95,299,2,397,0,0,73,0,124,7,0,2,29,0,0,4,104,1,344,320,3826
Punjab,Faridkot,10,1,0,0,8,7,0,0,0,2,0,5,5,0,4,1,0,14,24,0,0,0,1,0,0,0,0,0,75,16,16,0,0,8,48,15,33,0,0,0,0,17,29,1,1,1,1,98,28,0,0,59,7,1,0,3,0,7,5,0,0,0,0,0,0,0,0,0,0,5,232,0,0,0,0,0,0,0,0,0,0,0,0,0,0,0,0,0,0,0,0,0,0,0,0,1,0,0,1,76,0,26,0,0,0,0,50,24,18,2,2,2,0,0,5,0,9,56,93,21,72,285,0,0,0,0,0,79,0,0,0,0,0,78,1,79,0,0,373,1,26,0,0,0,4,0,0,4,11,0,419,118,1209
Punjab,Fatehgarh Sahib,4,0,0,0,13,0,0,0,0,0,0,0,0,0,0,1,1,54,30,0,0,0,0,0,0,0,0,0,103,13,13,0,0,2,157,12,142,0,0,0,3,12,21,1,0,0,0,93,21,0,0,70,2,0,0,0,0,6,7,4,0,0,4,0,0,0,0,0,0,3,312,0,0,0,0,0,0,0,0,0,0,0,0,0,0,0,0,0,0,0,0,0,0,0,0,0,0,1,1,58,17,23,0,0,0,0,18,31,10,4,0,0,0,0,6,0,8,22,62,7,55,201,0,0,0,0,0,90,1,0,0,0,1,89,0,90,0,0,181,0,63,10,0,0,2,0,0,1,2,0,259,122,1088
Punjab,Fazilka,41,0,0,0,3,15,0,0,0,10,0,5,2,1,1,1,0,39,65,0,0,0,0,0,0,0,0,0,168,26,26,0,0,4,100,0,96,0,0,0,4,30,35,1,3,1,0,176,90,0,0,72,13,1,0,0,0,54,6,0,0,0,0,0,0,1,0,0,0,5,436,0,0,0,0,0,0,0,0,0,0,0,0,0,0,0,0,0,0,0,0,0,0,0,0,3,0,0,3,91,0,25,0,0,0,0,66,13,14,21,1,1,0,0,1,0,7,67,90,0,90,305,1,0,0,0,1,98,0,0,0,0,0,97,1,99,0,0,133,0,36,0,0,0,8,0,0,1,91,0,269,154,1434
Punjab,Ferozepur,22,0,0,0,14,0,0,0,0,0,0,0,0,0,0,5,0,44,52,0,0,0,0,0,0,0,0,0,137,31,31,0,0,11,99,0,98,0,0,0,1,15,63,0,0,0,0,374,104,0,68,146,24,0,0,32,0,4,9,9,0,0,9,0,0,0,0,0,0,0,606,0,0,0,0,0,0,0,0,0,0,0,0,0,0,0,0,0,0,0,0,0,0,0,0,0,0,0,0,121,0,17,22,0,0,0,82,41,21,4,0,0,0,0,3,0,10,72,74,5,69,346,2,1,0,0,1,138,0,0,0,0,0,137,1,140,0,0,1095,0,29,1,0,0,4,0,0,5,16,0,1150,100,2479
Punjab,Grp,1,0,0,0,3,1,0,0,1,0,0,0,0,0,0,0,0,0,0,0,0,0,3,0,0,0,0,0,8,7,7,0,0,3,4,0,2,0,2,0,0,20,4,1,0,0,0,10,1,0,0,3,3,0,0,2,1,2,2,1,1,0,0,0,0,0,0,0,0,1,53,0,0,0,0,0,0,0,0,0,0,0,0,0,0,0,0,0,0,0,0,0,0,0,0,0,0,0,0,203,0,38,0,0,0,0,165,21,1,2,0,0,0,0,1,0,0,22,1,0,1,251,0,0,0,0,0,3,3,0,0,0,3,0,0,3,0,0,2,0,0,0,0,1,3,0,0,1,0,0,7,8,330
Punjab,Gurdaspur,13,1,0,0,5,1,0,0,0,1,0,0,0,0,1,1,0,38,22,0,2,0,0,0,0,0,0,0,84,15,15,0,0,10,63,0,61,0,0,0,2,5,30,0,0,0,0,131,42,0,0,79,9,0,0,0,1,15,7,2,2,0,0,0,0,0,0,0,0,5,276,0,0,0,0,0,0,0,0,0,0,0,0,0,0,0,0,0,0,0,0,0,0,0,0,0,0,2,2,56,8,29,0,0,0,0,19,20,6,0,1,1,0,0,0,0,3,32,91,16,75,209,0,0,0,0,0,68,0,0,0,0,0,66,2,68,0,0,29,0,19,0,0,2,6,0,3,3,37,0,99,24,762
Punjab,Hoshiarpur,14,0,0,0,24,6,0,0,0,0,0,6,3,2,3,3,0,109,50,0,0,0,2,0,0,0,0,0,216,36,36,0,0,13,202,67,135,0,0,0,0,28,49,5,0,0,0,121,48,0,0,58,14,0,0,0,1,80,3,0,0,0,0,0,0,0,0,0,0,3,537,0,0,0,0,0,0,0,0,0,0,0,0,0,0,0,0,0,0,0,0,0,0,0,0,0,0,2,2,221,1,72,0,0,0,1,147,58,13,2,0,0,0,1,0,0,25,41,189,44,145,550,0,0,0,0,0,303,26,1,1,0,24,271,6,303,0,1,23,0,68,0,0,0,5,0,0,3,73,0,173,134,1915
Punjab,Jalandhar Rural,10,3,0,0,16,7,0,0,0,0,0,7,4,2,0,1,1,49,37,0,0,0,1,0,5,0,0,0,136,31,31,0,0,14,137,0,135,0,0,0,2,14,38,2,0,0,0,199,59,0,0,125,6,0,0,9,0,19,7,1,0,0,1,0,1,0,0,0,0,5,461,0,0,0,0,0,0,0,0,0,0,0,0,0,0,0,0,0,0,0,0,0,0,0,0,0,0,3,3,204,0,59,0,0,0,0,145,49,23,19,3,3,0,0,5,0,3,72,143,28,115,521,0,0,0,0,0,135,4,1,1,0,2,129,2,135,0,1,111,0,52,4,0,0,12,0,2,5,48,0,235,94,1585
Punjab,Kapurthala,14,2,0,0,23,3,0,0,0,0,0,3,5,1,1,1,0,39,35,0,0,0,0,0,0,0,0,0,124,30,30,0,0,8,89,32,57,0,0,0,0,16,25,2,1,0,0,113,20,0,0,92,0,0,1,0,0,50,4,0,0,0,0,0,0,0,0,0,0,4,338,0,0,0,0,0,0,0,0,0,0,0,0,0,0,0,0,0,0,0,0,0,0,0,0,0,0,5,5,206,0,61,0,0,0,0,145,38,23,7,0,0,0,0,0,0,3,63,177,30,147,517,0,0,0,0,0,108,43,0,0,0,43,58,7,108,0,0,179,2,36,0,0,1,6,0,0,0,39,0,263,155,1510
Punjab,Khanna,8,0,0,0,10,5,0,0,0,0,0,5,0,0,2,0,0,21,49,0,0,0,0,0,0,0,0,0,95,15,15,0,0,6,116,44,72,0,0,0,0,16,19,3,0,0,0,87,39,0,0,46,2,0,0,0,0,0,9,0,0,0,0,0,0,0,0,0,0,9,271,0,0,0,0,0,0,0,0,0,0,0,0,0,0,0,0,0,0,0,0,0,0,0,0,0,0,0,0,159,0,71,0,0,0,0,88,30,4,4,1,1,0,1,0,0,7,17,98,21,77,321,1,0,0,0,1,116,0,0,0,0,0,116,0,117,0,1,43,0,48,1,0,4,8,0,0,1,46,0,152,117,1073
Punjab,Ludhiana Rural,14,0,0,0,19,0,0,0,0,0,0,0,0,0,2,1,2,28,27,0,0,0,0,0,0,0,0,0,93,11,11,0,0,7,62,26,36,0,0,0,0,12,16,3,0,0,0,118,61,0,0,46,8,0,0,3,0,65,8,8,0,8,0,0,0,0,0,0,0,0,302,0,0,0,0,0,0,0,0,0,0,0,0,0,0,0,0,0,0,0,0,0,0,0,0,0,0,0,0,56,0,22,0,0,0,0,34,22,7,1,0,0,0,0,1,0,11,33,70,13,57,201,0,0,0,0,0,80,20,0,0,0,20,57,3,80,0,1,141,0,36,2,0,5,4,1,0,7,26,0,223,66,965
Punjab,Mansa,9,0,0,0,5,2,0,0,0,0,0,2,1,0,3,0,1,36,27,1,0,0,0,0,0,0,0,0,85,29,29,0,0,11,86,39,47,0,0,0,0,21,21,5,2,0,0,126,51,0,19,41,11,0,0,4,0,1,1,0,0,0,0,0,0,0,0,0,0,1,303,0,0,0,0,0,0,0,0,0,0,0,0,0,0,0,0,0,0,0,0,0,0,0,0,0,0,0,0,80,0,32,0,0,0,0,48,12,14,3,1,1,0,0,3,1,10,12,100,8,92,236,0,0,0,0,0,101,3,3,0,0,0,98,0,101,0,1,849,0,55,1,0,0,9,0,1,2,56,0,974,101,1800
Punjab,Moga,18,0,0,0,13,6,0,1,0,1,0,4,4,0,3,1,2,33,35,0,0,0,0,0,0,0,0,0,115,26,26,0,0,14,76,30,46,0,0,0,0,17,32,2,0,0,0,163,48,0,0,104,5,0,0,5,1,43,10,5,2,0,3,0,1,0,0,0,0,4,383,0,0,0,0,0,0,0,0,0,0,0,0,0,0,0,0,0,0,0,0,0,0,0,0,0,0,0,0,110,0,17,0,0,1,0,92,42,26,2,1,1,0,1,4,0,23,125,95,18,77,429,0,0,0,0,0,96,16,3,0,0,13,79,1,96,0,0,535,1,32,0,0,0,4,1,1,1,50,0,625,43,1691
Punjab,Muktsar,7,0,0,0,9,2,0,1,0,0,0,1,0,0,3,3,1,13,39,0,0,0,0,0,0,0,0,0,77,22,22,0,0,7,77,37,36,0,0,0,4,11,21,2,0,0,0,130,35,0,0,85,7,0,0,3,0,4,2,0,0,0,0,0,0,0,0,0,0,2,276,0,0,0,0,0,0,0,0,0,0,0,0,0,0,0,0,0,0,0,0,0,0,0,0,0,0,0,0,97,0,29,0,0,0,0,68,17,11,5,2,2,0,0,0,0,8,47,49,5,44,236,0,0,0,0,0,50,36,0,0,0,36,12,2,50,0,0,249,0,27,2,0,0,3,0,4,0,19,0,304,75,1018
Punjab,Pathankot,5,0,0,0,6,1,0,0,0,0,0,1,2,0,0,0,1,31,28,0,0,0,0,0,0,0,0,0,74,8,8,0,0,4,61,16,44,0,1,0,0,8,11,0,2,0,0,61,18,0,0,34,5,1,1,2,0,31,3,0,0,0,0,0,0,3,0,0,0,0,189,1,1,0,1,0,0,0,0,0,0,0,0,0,0,0,0,0,0,0,0,0,0,0,0,0,0,0,0,53,7,18,0,0,0,0,28,14,3,3,0,0,0,0,0,0,2,12,53,10,43,140,0,0,0,0,0,76,72,7,2,0,63,4,0,76,0,0,9,0,27,0,0,0,7,0,0,3,19,0,65,28,573
Punjab,Patiala,33,3,0,0,14,7,0,0,0,0,0,7,3,0,5,0,1,147,71,0,0,0,1,0,0,0,0,0,285,44,44,0,0,20,383,0,380,0,0,0,3,40,60,3,9,5,0,223,12,0,0,161,36,1,0,13,0,89,13,5,0,0,5,0,0,0,0,0,0,8,889,0,0,0,0,0,0,0,0,0,0,0,0,0,0,0,0,0,0,0,0,0,0,0,0,0,0,4,4,294,37,182,0,0,2,4,69,44,23,10,2,2,0,0,6,0,38,71,221,26,195,709,0,0,0,0,0,468,0,0,0,0,0,467,1,468,0,8,475,0,193,6,0,0,10,0,6,2,12,0,712,430,3497
Punjab,Ropar,8,3,0,0,4,13,0,13,0,0,0,0,0,0,1,0,1,28,31,0,0,0,0,0,0,0,0,0,89,13,13,0,0,6,145,0,144,0,1,0,0,14,18,0,0,0,0,101,13,45,0,41,2,0,0,0,0,36,1,1,1,0,0,0,0,0,0,0,0,0,334,0,0,0,0,0,0,0,0,0,0,0,0,0,0,0,0,0,0,0,0,0,0,0,0,0,0,0,0,88,20,50,0,0,0,0,18,14,10,16,0,0,0,0,0,0,12,20,59,5,54,219,0,0,0,0,0,107,10,0,2,0,8,97,0,107,0,0,12,1,74,0,0,1,3,0,0,0,14,0,105,78,932
Punjab,Sangrur,19,1,0,0,16,2,0,0,0,0,0,2,5,0,1,1,0,45,61,1,0,0,0,0,0,0,0,0,152,34,34,0,0,13,166,151,14,0,0,0,1,23,55,22,6,5,0,73,53,0,0,18,2,0,0,0,0,175,7,7,0,0,7,0,0,0,0,0,0,0,579,0,0,0,0,0,0,0,0,0,0,0,0,0,0,0,0,0,0,0,0,0,0,0,0,0,0,1,1,183,0,111,0,0,0,0,72,60,10,0,0,0,0,0,3,0,20,31,169,23,146,476,0,0,0,0,0,120,1,0,0,0,1,106,13,120,0,0,452,0,100,2,0,0,4,0,9,1,50,0,618,139,2085
Punjab,Sas Nagar,68,1,0,0,25,0,0,0,0,0,0,0,0,0,0,0,1,174,164,0,0,0,0,0,0,0,0,0,433,37,37,0,0,9,306,285,11,0,0,0,10,38,69,3,0,0,0,138,71,19,0,47,0,1,0,0,0,158,9,0,0,0,0,0,0,0,0,0,0,9,767,0,0,0,0,0,0,0,0,0,0,0,0,0,0,0,0,0,0,0,0,0,0,0,0,0,0,0,0,634,133,446,0,0,0,0,55,128,40,14,1,1,0,1,0,0,18,52,177,0,177,1065,0,0,0,0,0,495,99,0,0,0,99,393,3,495,0,0,57,0,226,3,0,0,2,0,0,0,0,0,288,383,3431
Punjab,Sbs Nagar,8,0,0,0,3,8,0,5,0,0,0,3,0,0,4,0,1,50,39,0,0,0,0,0,0,0,0,0,113,12,12,0,0,3,78,19,59,0,0,0,0,11,11,0,0,0,0,136,65,0,0,69,2,0,0,0,0,8,1,0,0,0,0,0,0,0,0,0,0,1,260,0,0,0,0,0,0,0,0,0,0,0,0,0,0,0,0,0,0,0,0,0,0,0,0,0,0,0,0,82,18,29,0,0,0,0,35,13,7,6,0,0,0,2,0,0,6,9,57,9,48,182,0,0,0,0,0,111,111,0,0,0,111,0,0,111,0,0,18,0,19,0,0,0,0,0,0,1,11,0,49,7,722
Punjab,Tarn Taran,10,1,0,0,23,0,0,0,0,0,0,0,0,0,2,0,3,36,62,0,1,1,0,0,0,0,0,0,139,50,50,0,0,15,60,12,48,0,0,0,0,13,104,3,1,0,0,237,26,0,0,136,16,0,1,58,0,14,5,0,0,0,0,0,0,0,0,0,0,5,502,0,0,0,0,0,0,0,0,0,0,0,0,0,0,0,0,0,0,0,0,0,0,0,0,1,0,5,6,124,21,31,0,0,0,0,72,61,58,16,3,3,0,0,2,0,6,74,123,10,113,467,0,0,0,0,0,142,28,25,0,3,0,113,1,142,0,2,592,0,15,2,0,0,5,0,1,1,59,0,677,40,1973
Punjab,Bureau Of Investigation,1,0,0,0,0,0,0,0,0,0,0,0,0,0,1,0,0,0,0,0,0,0,0,0,0,0,0,0,2,0,0,0,0,0,0,0,0,0,0,0,0,0,0,0,0,0,0,0,0,0,0,0,0,0,0,0,0,0,0,0,0,0,0,0,0,0,0,0,0,0,0,0,0,0,0,0,0,0,0,0,0,0,0,0,0,0,0,0,0,0,0,0,0,0,0,0,0,0,0,0,0,0,0,0,0,0,0,0,3,0,0,0,0,0,0,0,3,0,0,0,0,6,0,0,0,0,0,20,0,0,0,0,0,20,0,20,0,0,0,0,0,0,0,0,0,0,0,0,0,0,0,0,28
Punjab,Intelligence Wing,0,0,0,0,0,0,0,0,0,0,0,0,0,0,0,0,0,0,0,0,0,0,0,0,0,0,0,0,0,0,0,0,0,0,0,0,0,0,0,0,0,0,1,0,0,0,0,0,0,0,0,0,0,0,0,0,0,0,0,0,0,0,0,0,0,0,0,0,0,0,1,0,0,0,0,0,0,0,0,0,0,0,0,0,0,0,0,0,0,0,0,0,0,0,0,0,0,0,0,0,0,0,0,0,0,0,0,0,5,0,0,0,0,0,0,0,0,0,0,0,0,5,0,0,0,0,0,1,0,0,0,0,0,0,1,1,0,0,0,0,0,0,0,0,0,0,0,0,0,0,0,1,8
Punjab,Nri Wing,4,0,0,0,0,0,0,0,0,0,0,0,0,0,0,1,0,174,0,0,0,0,0,0,0,0,0,0,179,0,0,0,0,0,0,0,0,0,0,0,0,0,0,0,0,0,0,0,0,0,0,0,0,0,0,0,0,0,0,0,0,0,0,0,0,0,0,0,0,0,0,0,0,0,0,0,0,0,0,0,0,0,0,0,0,0,0,0,0,0,0,0,0,0,0,0,0,0,0,27,0,0,0,0,0,0,27,0,0,0,0,0,0,0,0,0,15,0,0,0,0,42,0,0,0,0,0,277,13,0,0,0,13,71,193,277,0,0,0,0,0,0,0,0,0,0,0,0,30,0,30,19,547
Punjab,Special Task Force,0,0,0,0,0,0,0,0,0,0,0,0,0,0,0,0,0,0,0,0,0,0,0,0,0,0,0,0,0,0,0,0,0,0,0,0,0,0,0,0,0,0,0,0,0,0,0,0,0,0,0,0,0,0,0,0,0,0,0,0,0,0,0,0,0,0,0,0,0,0,0,0,0,0,0,0,0,0,0,0,0,0,0,0,0,0,0,0,0,0,0,0,0,0,0,0,0,0,0,0,0,0,0,0,0,0,0,0,0,0,0,0,0,0,0,0,0,0,0,0,0,0,0,0,0,0,0,0,0,0,0,0,0,0,0,0,0,0,0,0,0,0,0,0,0,0,0,0,0,0,0,7,7
Punjab,Malerkotla,4,0,0,0,3,3,0,0,0,0,0,3,0,0,0,0,1,22,14,1,0,0,0,0,3,0,0,0,51,7,7,0,0,2,48,35,3,0,10,0,0,2,13,2,0,1,0,55,15,0,0,0,0,0,0,0,40,31,7,6,0,6,0,0,0,0,0,0,0,1,168,0,0,0,0,0,0,0,0,0,0,0,0,0,0,0,0,0,0,0,0,0,0,0,0,1,0,0,1,87,0,41,0,0,0,0,46,20,1,0,1,0,1,0,1,0,1,4,37,3,34,152,0,0,0,0,0,42,9,4,2,3,0,33,0,42,0,0,84,0,18,0,0,0,2,0,0,0,12,0,116,19,549
Punjab,Cyber Crime Wing,0,0,0,0,0,0,0,0,0,0,0,0,0,0,0,1,0,0,0,0,0,0,0,0,0,0,0,0,1,0,0,0,0,0,0,0,0,0,0,0,0,0,0,0,0,0,0,0,0,0,0,0,0,0,0,0,0,0,0,0,0,0,0,0,0,0,0,0,0,0,0,0,0,0,0,0,0,0,0,0,0,0,0,0,0,0,0,0,0,0,0,0,0,0,0,2,0,0,2,0,0,0,0,0,0,0,0,0,6,0,0,0,0,0,0,0,0,0,0,0,0,6,0,0,0,0,0,13,9,0,0,0,9,4,0,13,0,0,0,0,0,0,0,0,1,0,0,0,0,0,1,2,25
Rajasthan,Ajmer,105,10,0,0,211,13,0,0,0,0,0,13,36,3,9,8,4,273,14,8,1,1,1,0,16,0,0,0,713,24,24,0,0,0,305,70,188,0,0,0,47,10,47,69,6,2,0,264,2,0,0,227,18,1,0,9,7,1,236,210,127,27,56,0,0,3,0,0,0,23,964,0,0,0,0,5,8,0,0,0,0,1,0,0,0,0,0,0,0,0,1,0,0,2,4,2,0,0,15,971,60,299,0,0,1,0,611,43,61,40,2,2,0,0,0,0,68,0,206,31,175,1391,3,0,0,0,3,824,31,0,0,1,30,582,211,827,0,0,0,0,434,1,0,0,0,0,32,21,137,2,627,768,5305
Rajasthan,Alwar,242,47,3,0,745,7,0,0,0,0,0,7,27,3,6,11,16,295,97,10,0,0,0,0,0,0,0,0,1509,64,64,0,0,1,346,0,346,0,0,0,0,13,48,9,1,0,0,400,5,0,0,5,14,2,0,10,364,3,265,179,0,0,179,0,3,9,0,0,0,74,1150,0,0,0,0,3,6,0,0,0,0,0,0,0,0,0,0,0,0,0,0,0,0,0,6,0,0,0,9,2189,0,541,0,0,0,0,1648,39,51,17,5,5,0,1,0,0,141,0,197,0,197,2640,2,0,0,1,1,854,0,0,0,0,0,586,268,856,0,0,0,0,450,0,0,0,1,5,12,26,232,0,726,1537,8427
Rajasthan,Banswara,90,8,0,0,59,3,0,0,0,0,0,3,31,1,2,2,3,135,92,0,0,1,3,0,1,0,0,0,431,33,33,0,0,1,238,234,4,0,0,0,0,9,27,0,0,0,0,19,6,0,0,4,3,0,0,0,6,1,216,197,126,25,46,0,3,0,0,0,0,16,544,0,0,0,0,2,17,0,0,0,0,0,0,0,0,0,0,0,0,0,0,0,0,17,0,0,0,0,19,242,3,47,0,0,0,0,192,11,22,76,2,2,0,1,0,0,31,0,123,0,123,508,5,0,0,0,5,154,0,0,0,0,0,92,62,159,0,0,2,0,283,0,0,0,1,2,24,17,0,1,330,861,2852
Rajasthan,Baran,93,5,0,0,62,16,0,0,0,0,0,16,9,0,17,0,4,284,21,0,0,0,0,0,0,0,0,0,511,27,27,0,0,0,162,0,158,0,0,0,4,14,77,92,1,0,0,1111,52,0,0,575,31,0,0,2,451,0,199,165,160,5,0,0,1,0,0,0,0,33,1683,0,0,0,0,0,8,0,0,0,0,0,0,0,0,0,0,0,0,0,0,8,0,0,0,6,0,0,14,485,86,295,0,0,0,0,104,0,24,23,0,0,0,0,2,0,5,0,105,4,101,644,1,0,0,0,1,404,11,0,0,0,11,265,128,405,0,0,0,0,269,0,0,0,2,0,0,7,108,0,386,189,3832
Rajasthan,Barmer,91,24,0,0,126,1,0,0,0,0,0,1,44,0,11,5,6,122,15,0,0,0,3,0,0,0,0,0,448,26,26,0,0,5,209,0,206,0,0,0,3,17,51,21,0,0,0,177,165,0,0,1,11,0,0,0,0,0,91,48,44,0,4,0,0,0,0,0,0,43,597,0,0,0,0,0,7,0,0,0,0,0,0,0,0,0,0,0,0,0,0,0,0,0,7,0,0,0,7,467,0,142,0,0,0,0,325,2,49,28,0,0,0,0,0,0,15,0,90,3,87,651,0,0,0,0,0,266,15,0,0,0,15,191,60,266,0,0,1,0,171,0,0,0,1,0,39,5,81,2,300,432,2701
Rajasthan,Bharatpur,122,54,0,0,459,301,0,0,0,0,0,301,6,2,19,0,25,361,7,0,0,0,0,0,0,0,0,0,1356,63,63,0,0,3,319,0,313,0,0,0,6,1,61,0,4,11,0,243,86,0,0,1,27,0,0,0,129,0,264,88,0,17,71,0,2,0,0,0,0,174,969,0,0,0,0,0,13,0,0,0,0,0,0,0,0,0,0,0,0,0,0,0,0,0,13,0,0,0,13,1388,0,589,0,0,0,0,799,0,12,36,3,3,0,0,0,0,6,0,110,0,110,1555,1,0,0,0,1,655,138,0,0,0,138,517,0,656,0,0,0,0,240,0,0,0,0,0,0,6,0,0,246,2118,6913
Rajasthan,Bhilwara,132,13,0,0,165,1,0,0,0,0,0,1,0,1,15,3,6,310,48,2,4,0,0,0,0,0,0,0,700,37,37,0,0,3,319,0,319,0,0,0,0,28,77,50,4,1,0,509,15,0,0,4,25,1,0,6,458,0,394,350,0,82,268,0,1,2,0,0,0,41,1422,0,0,0,0,4,9,0,0,0,0,0,0,0,0,0,0,0,0,0,0,0,0,0,9,3,0,0,16,930,0,178,0,0,0,0,752,25,167,74,4,4,0,2,0,0,106,0,204,4,200,1512,3,0,0,0,3,726,100,0,0,0,100,579,47,729,0,0,0,0,429,1,0,0,10,0,34,20,188,2,684,478,5541
Rajasthan,Bikaner,144,13,0,0,129,90,0,0,0,0,0,90,0,0,0,4,13,390,75,0,0,0,0,0,0,0,0,0,858,80,80,0,0,0,176,0,176,0,0,0,0,13,116,1,5,1,0,207,0,0,0,0,7,0,0,0,200,180,147,49,0,0,49,0,0,0,0,0,0,98,926,0,0,0,0,0,8,0,0,0,0,0,0,0,0,0,0,0,0,0,0,0,0,0,8,0,0,0,8,1291,109,190,0,0,0,0,992,4,11,24,6,6,0,0,0,0,17,0,302,105,197,1655,2,0,0,0,2,578,4,0,0,0,4,344,230,580,0,0,0,0,484,0,0,0,0,0,0,9,129,0,622,950,5599
Rajasthan,Bundi,69,0,0,0,81,19,0,0,0,0,0,19,0,2,8,30,1,272,6,0,0,0,0,0,0,0,0,0,488,17,17,0,0,1,166,0,90,72,0,0,4,1,38,53,0,0,0,618,50,0,0,311,17,0,0,0,240,0,190,125,0,6,119,0,0,0,0,0,0,65,1084,0,0,0,0,85,14,0,0,0,0,0,0,0,0,0,0,0,0,0,0,0,0,0,14,0,0,0,99,421,118,199,0,0,0,0,104,0,9,18,0,0,0,0,0,0,0,0,57,0,57,505,0,0,0,0,0,352,265,0,0,0,265,47,40,352,0,0,0,0,300,0,0,0,0,0,0,1,0,0,301,534,3363
Rajasthan,Chittorgarh,84,8,0,0,136,6,0,0,0,0,0,6,45,0,1,3,4,248,21,1,0,0,3,0,0,0,0,0,560,18,17,1,0,3,245,111,132,0,0,0,2,11,69,24,0,0,0,152,4,0,0,4,19,0,0,113,12,583,287,243,0,87,156,0,3,1,0,0,0,40,1392,0,0,0,0,4,24,0,0,0,0,0,0,0,0,0,0,0,0,0,0,12,0,0,12,5,0,0,33,763,0,267,0,0,0,0,496,18,55,37,2,2,0,0,0,0,99,1,161,21,140,1136,5,0,0,0,5,454,0,0,0,0,0,330,124,459,0,0,0,0,177,2,0,0,3,0,39,19,101,0,341,366,4287
Rajasthan,Churu,80,12,0,0,56,105,0,0,0,0,0,105,14,1,7,4,12,317,8,6,0,0,0,0,1,0,0,0,623,43,42,1,0,0,256,0,256,0,0,0,0,13,40,5,0,0,0,119,2,0,0,3,6,0,0,2,106,0,139,101,100,0,1,0,4,4,0,0,0,30,615,0,0,0,0,2,10,0,0,0,0,0,0,0,0,0,0,0,0,0,0,0,0,0,10,3,0,0,15,590,1,65,0,0,0,0,524,35,19,10,1,1,0,1,1,0,66,0,144,11,133,867,3,0,0,0,3,421,11,0,0,0,11,308,102,424,0,0,0,0,203,0,0,0,0,0,1,16,83,1,304,560,3408
Rajasthan,Dausa,128,0,0,0,517,0,0,0,0,0,0,0,0,0,0,0,11,203,46,0,0,0,0,0,0,0,0,0,905,34,34,0,0,0,315,315,0,0,0,0,0,0,55,0,3,2,0,49,0,0,0,0,49,0,0,0,0,0,199,15,0,0,15,0,0,2,0,0,0,182,657,0,0,0,0,787,7,0,0,0,0,0,0,0,0,0,0,0,0,0,0,0,0,0,7,0,0,0,794,1215,0,386,0,0,0,0,829,0,0,17,3,3,0,0,0,0,0,0,102,0,102,1337,0,0,0,0,0,419,0,0,0,0,0,419,0,419,0,0,0,0,398,0,0,0,0,0,0,1,0,0,399,1104,5615
Rajasthan,Dholpur,121,45,0,0,235,6,0,0,0,0,0,6,8,2,6,0,26,169,64,0,0,0,1,0,0,0,0,0,683,41,41,0,0,2,204,19,183,0,0,0,2,3,116,3,3,1,0,28,0,0,0,0,28,0,0,0,0,0,103,76,24,0,52,0,0,1,0,0,0,26,504,0,0,0,0,0,16,0,0,0,0,0,0,0,0,0,0,0,0,0,0,0,0,0,16,1,0,0,17,888,2,292,0,0,0,0,594,4,23,37,5,5,0,0,6,0,0,0,54,0,54,1017,0,0,0,0,0,340,31,0,0,0,31,309,0,340,0,0,0,0,198,0,0,0,0,0,0,1,0,0,199,2345,5105
Rajasthan,Dungarpur,58,0,0,0,89,0,0,0,0,0,0,0,0,0,0,0,5,116,183,0,0,0,2,0,0,0,0,0,453,28,28,0,0,2,244,0,244,0,0,0,0,7,34,3,3,0,0,6,1,0,0,3,2,0,0,0,0,0,143,104,0,97,7,0,0,0,0,0,0,39,470,0,0,0,0,0,12,0,0,0,0,0,0,0,0,0,0,0,0,0,0,0,0,0,12,0,0,0,12,178,0,69,0,0,0,0,109,0,20,41,0,0,0,0,0,0,22,0,89,1,88,350,0,0,0,0,0,137,0,0,0,0,0,137,0,137,0,0,0,0,290,0,0,0,0,0,0,12,99,0,401,665,2488
Rajasthan,Grp Ajmer,2,0,0,0,3,1,0,0,1,0,0,0,0,0,1,1,0,0,0,0,2,0,0,0,0,0,0,0,10,3,3,0,0,0,0,0,0,0,0,0,0,2,2,0,0,0,0,27,0,0,0,1,14,0,0,1,11,0,7,7,6,1,0,0,0,0,0,0,0,0,41,0,0,0,0,0,0,0,0,0,0,0,0,0,0,0,0,0,0,0,0,0,0,0,0,0,1,0,1,1162,0,41,0,0,0,0,1121,17,1,1,0,0,0,0,0,0,0,0,0,0,0,1181,1,0,0,0,1,5,1,0,1,0,0,3,1,6,0,0,0,0,1,0,0,0,0,0,0,0,0,0,1,33,1273
Rajasthan,Grp Jodhpur,0,0,0,0,4,1,0,0,1,0,0,0,0,0,0,0,0,0,0,0,0,0,1,0,0,0,0,0,6,0,0,0,0,0,0,0,0,0,0,0,0,1,3,0,0,0,0,12,1,0,0,1,7,0,0,2,1,1,9,8,2,3,3,1,0,0,0,0,0,0,26,0,0,0,0,0,0,0,0,0,0,0,0,0,0,0,0,0,0,0,0,0,0,0,0,0,0,0,0,339,0,34,13,0,0,0,292,2,0,0,0,0,0,0,0,0,0,0,0,0,0,341,0,0,0,0,0,3,1,0,0,0,1,1,1,3,0,0,0,0,1,0,0,0,0,0,0,0,0,0,1,15,392
Rajasthan,Ganganagar,147,11,1,0,133,6,0,0,0,1,0,5,25,1,9,1,6,293,5,0,0,0,2,0,0,0,0,0,640,38,38,0,0,0,112,34,73,0,0,0,5,10,63,3,3,2,0,550,16,1,0,504,21,0,0,4,4,2,222,182,108,25,49,0,0,0,0,0,0,40,1005,2,1,1,2,0,12,0,0,0,0,0,0,0,0,0,0,0,0,0,0,0,0,0,12,0,0,0,12,849,7,306,0,0,0,0,536,12,19,28,5,5,0,0,2,0,14,0,216,9,207,1145,3,0,0,0,3,583,53,0,0,0,53,402,128,586,0,0,45,0,135,0,0,0,2,0,2,4,26,0,214,720,4324
Rajasthan,Hanumangarh,150,19,0,0,161,2,0,0,0,0,0,2,12,0,5,1,7,363,17,5,1,0,2,0,0,0,0,0,745,51,51,0,0,0,187,0,179,0,0,0,8,17,70,6,0,1,0,36,11,0,0,4,21,0,0,0,0,0,221,199,0,25,174,0,3,1,0,0,0,18,589,0,0,0,0,3,11,0,0,0,0,0,0,0,0,0,0,0,0,0,0,0,0,0,11,0,0,0,14,809,0,236,0,0,0,0,573,19,42,26,2,2,0,0,0,0,10,0,203,33,170,1111,0,0,0,0,0,823,36,0,36,0,0,530,257,823,0,0,0,0,172,0,0,0,0,0,0,5,0,0,177,1548,5007
Rajasthan,Jaipur East,163,11,0,0,146,50,0,0,0,0,0,50,5,3,15,8,7,189,7,0,2,0,3,0,0,0,0,0,609,22,22,0,0,1,244,0,234,0,1,0,9,11,53,13,0,0,0,454,298,0,0,114,26,0,0,15,1,0,308,266,151,28,87,0,0,13,0,0,0,29,1106,0,0,0,0,213,19,0,0,0,0,0,0,0,0,0,0,0,1,0,0,0,0,0,18,1,0,0,233,3205,99,2256,0,4,0,0,846,29,77,75,7,7,0,0,0,1,9,0,358,103,255,3761,3,1,0,0,2,1421,510,1,0,0,509,840,71,1424,0,0,0,0,860,0,0,0,1,0,0,5,42,1,909,633,8675
Rajasthan,Jaipur North,73,2,0,0,110,5,0,0,0,0,0,5,18,0,1,0,3,205,12,0,0,0,0,0,0,0,0,0,429,23,22,1,0,1,103,2,101,0,0,0,0,3,33,17,1,0,0,363,156,4,0,7,12,0,0,3,181,0,141,123,123,0,0,0,0,0,0,0,0,18,685,1,1,0,1,0,9,0,0,0,0,0,0,0,0,0,0,0,0,0,0,0,0,0,9,2,0,0,11,983,0,636,0,0,0,0,347,14,55,30,4,4,0,0,1,0,27,0,135,67,68,1249,0,0,0,0,0,429,429,0,0,0,429,0,0,429,0,0,0,0,84,0,0,0,5,0,0,3,71,2,165,629,3598
Rajasthan,Jaipur Rural,90,12,0,0,212,11,0,0,0,1,0,10,7,1,3,43,8,139,9,1,0,0,1,0,0,0,0,0,537,26,26,0,0,0,251,113,135,0,0,0,3,9,30,3,0,1,0,29,0,0,0,16,12,1,0,0,0,0,151,136,72,15,49,0,0,0,0,0,0,15,500,0,0,0,0,62,8,0,0,0,0,0,0,0,0,0,0,0,0,0,0,0,0,3,5,0,0,0,70,981,51,290,0,2,0,2,636,5,9,32,2,2,0,0,0,0,3,0,120,5,115,1152,1,1,0,0,0,591,152,0,1,0,151,258,181,592,0,0,0,0,318,24,0,0,2,0,0,6,0,0,350,1155,4356
Rajasthan,Jaipur South,132,9,3,0,203,10,0,0,0,0,10,0,27,2,3,6,5,190,7,11,0,0,0,0,0,0,0,0,608,21,21,0,0,0,215,10,189,0,0,0,16,20,59,0,3,0,0,449,207,8,0,204,19,0,0,0,11,0,259,185,135,0,50,0,0,0,0,0,0,74,1026,0,0,0,0,0,3,0,0,0,0,0,0,0,0,0,0,0,0,0,0,0,0,0,3,0,0,0,3,2748,0,1598,0,0,0,2,1148,80,39,79,10,10,0,0,0,0,66,0,337,112,225,3359,0,0,0,0,0,1353,0,0,0,0,0,1342,11,1353,0,0,0,0,471,2,0,0,2,0,0,6,0,0,481,600,7430
Rajasthan,Jaipur West,129,9,0,0,170,8,0,0,0,0,0,8,42,1,6,7,10,301,17,0,0,0,0,0,0,0,0,0,700,33,33,0,0,2,283,68,195,0,0,0,20,20,53,20,1,1,0,56,30,6,0,2,7,0,0,0,11,10,261,168,147,16,5,0,1,10,0,0,0,82,740,0,0,0,0,37,6,0,0,0,0,0,0,0,0,0,0,0,0,0,0,0,0,0,6,0,0,0,43,2115,0,1393,0,1,2,3,716,29,84,55,0,0,0,0,0,0,97,0,338,93,245,2718,1,0,0,0,1,1656,151,0,0,0,151,887,618,1657,0,0,0,0,653,1,0,0,0,0,14,5,19,0,692,1080,7630
Rajasthan,Jaisalmer,18,4,0,0,71,4,0,1,0,0,0,3,2,0,4,3,10,38,18,0,0,0,0,0,0,0,0,0,172,14,14,0,0,0,112,0,106,0,0,0,6,4,36,3,0,0,0,120,110,0,0,0,10,0,0,0,0,0,26,20,5,10,5,0,0,0,0,0,0,6,315,0,0,0,0,0,13,0,0,0,0,0,0,0,0,0,0,0,0,0,0,0,0,0,13,0,0,0,13,268,0,64,0,0,0,0,204,0,18,12,0,0,0,0,0,0,18,0,93,0,93,409,0,0,0,0,0,144,18,0,0,0,18,46,80,144,0,0,0,0,46,0,0,0,0,0,0,14,0,0,60,302,1415
Rajasthan,Jalore,39,3,0,0,72,0,0,0,0,0,0,0,27,0,0,0,4,76,47,0,0,0,0,0,0,0,0,0,268,17,17,0,0,0,101,0,101,0,0,0,0,0,19,0,2,0,0,5,0,0,0,0,5,0,0,0,0,475,53,53,0,0,53,0,0,0,0,0,0,0,672,0,0,0,0,0,0,0,0,0,0,0,0,0,0,0,0,0,0,0,0,0,0,0,0,0,0,0,0,247,100,91,0,0,0,0,56,0,0,15,0,0,0,0,0,0,0,0,143,22,121,405,0,0,0,0,0,193,0,0,0,0,0,0,193,193,0,0,0,0,53,0,0,0,0,0,0,1,0,0,54,105,1697
Rajasthan,Jhalawar,118,18,0,0,149,5,0,0,0,0,0,5,18,5,12,2,6,375,19,3,0,0,2,0,0,0,0,0,732,29,29,0,0,1,191,29,160,0,0,0,2,8,81,72,0,1,0,71,20,0,0,6,19,0,0,7,19,0,222,190,86,40,64,0,0,2,0,0,0,30,676,0,0,0,0,4,3,0,0,0,0,0,0,0,0,0,0,0,0,0,0,0,0,0,3,2,0,0,9,599,34,168,0,2,3,0,392,11,73,32,1,1,0,3,0,0,123,0,92,20,72,934,4,0,0,0,4,233,10,0,0,0,10,183,40,237,0,0,5,0,275,0,0,0,8,0,40,67,132,0,527,1596,4711
Rajasthan,Jhunjhunu,84,8,0,0,139,0,0,0,0,0,0,0,9,1,18,0,8,275,75,0,0,0,0,0,0,0,0,0,617,39,39,0,0,0,196,119,68,0,0,0,9,0,34,11,0,0,0,188,19,0,0,0,21,1,0,147,0,0,97,76,56,0,20,0,0,0,0,0,0,21,565,0,0,0,0,0,5,0,0,0,0,0,0,0,0,0,0,0,0,0,0,0,0,0,5,1,0,0,6,729,65,147,0,0,0,0,517,4,6,7,3,3,0,0,0,0,0,0,168,82,86,917,1,0,0,0,1,448,13,0,8,5,0,343,92,449,0,0,0,0,255,0,0,0,0,0,0,17,0,0,272,1397,4223
Rajasthan,Jodhpur East,62,2,0,0,175,2,0,0,0,0,0,2,0,1,3,0,3,126,4,0,0,0,0,0,0,0,0,0,378,16,16,0,0,3,95,49,46,0,0,0,0,2,64,15,0,0,0,215,200,1,0,0,14,0,0,0,0,0,96,95,47,28,20,0,0,1,0,0,0,0,506,0,0,0,0,0,5,0,0,0,0,0,0,0,0,0,0,0,0,0,0,0,0,0,5,2,0,0,7,651,0,210,0,0,0,0,441,0,10,27,1,1,0,0,0,0,5,0,91,23,68,785,0,0,0,0,0,616,379,0,0,0,379,8,229,616,0,0,0,0,224,0,0,0,1,0,0,7,2,0,234,532,3058
Rajasthan,Jodhpur West,84,4,0,0,128,1,0,0,0,0,0,1,3,1,12,7,3,103,1,0,0,0,3,0,0,0,0,0,350,17,17,0,0,4,123,21,91,0,0,0,11,5,62,9,4,0,0,9,1,0,0,0,8,0,0,0,0,0,140,130,104,0,26,0,0,0,0,0,0,10,373,0,0,0,0,0,2,0,0,0,0,0,0,0,0,0,0,0,0,0,0,0,0,0,2,1,0,0,3,1060,0,689,0,0,0,0,371,0,31,29,1,1,0,0,0,0,10,0,188,27,161,1319,2,0,0,0,2,496,0,0,0,0,0,384,112,498,0,0,0,0,311,0,0,0,0,0,0,18,6,0,335,685,3563
Rajasthan,Jodhpur Rural,58,19,0,0,171,2,0,0,0,0,0,2,17,1,2,4,6,77,32,0,0,0,1,0,13,0,0,0,403,15,15,0,0,0,180,0,178,0,1,0,1,11,49,9,2,0,0,44,1,0,0,3,12,1,0,2,25,204,83,59,56,0,3,0,0,2,0,0,0,22,597,0,0,0,0,4,4,0,0,0,0,0,0,0,0,0,0,0,0,0,0,0,0,0,4,3,0,0,11,393,137,92,0,0,0,0,164,9,53,25,1,1,0,0,0,0,24,0,102,14,88,607,1,0,0,0,1,223,0,0,0,0,0,123,100,224,0,0,1,0,137,0,0,0,3,0,32,18,82,0,273,195,2310
Rajasthan,Karauli,81,32,0,0,136,0,0,0,0,0,0,0,282,0,2,1,9,132,65,1,0,0,3,1,1,0,0,0,746,31,28,3,0,1,120,114,0,0,6,0,0,8,41,4,3,0,0,54,9,0,0,6,20,0,0,5,14,361,80,54,0,31,23,0,0,2,0,0,0,24,703,1,0,1,1,4,7,0,0,0,0,0,0,0,0,0,0,0,0,0,0,0,0,0,7,0,0,0,11,680,42,189,1,0,0,0,448,14,52,42,4,4,0,1,0,0,93,1,78,0,78,965,4,0,0,0,4,349,0,0,0,0,0,220,129,353,0,0,0,0,160,0,0,0,0,1,35,18,164,1,379,588,3746
Rajasthan,Kota City,109,5,1,0,82,1,0,0,0,1,0,0,6,3,6,6,6,214,7,1,2,1,3,0,0,0,0,0,453,34,34,0,0,2,118,0,111,0,0,0,7,6,146,67,0,1,0,65,6,0,0,8,12,1,1,3,34,2,232,210,151,13,46,0,2,2,0,0,0,18,673,0,0,0,0,4,2,0,0,0,0,0,0,0,0,0,0,0,0,0,0,0,0,0,2,4,0,0,10,1326,49,1007,0,0,4,3,263,30,77,39,0,0,0,4,0,0,124,0,56,7,49,1656,0,0,0,0,0,723,49,0,0,0,49,462,212,723,0,0,11,0,383,1,0,1,2,0,20,8,102,2,530,628,4673
Rajasthan,Kota Rural,48,0,0,0,39,2,0,0,0,0,0,2,9,0,4,3,4,152,5,0,0,0,0,0,0,0,0,0,266,17,16,1,0,2,135,0,135,0,0,0,0,3,35,56,0,1,0,23,18,0,0,2,2,0,0,1,0,0,134,126,0,26,100,0,0,1,0,0,0,7,406,0,0,0,0,1,4,0,0,0,0,0,0,0,0,0,0,0,0,0,0,0,0,0,4,2,0,0,7,310,0,137,0,0,0,0,173,2,12,11,0,0,0,1,0,0,24,0,66,0,66,426,1,0,0,0,1,160,0,0,0,0,0,149,11,161,0,0,0,0,178,0,0,0,0,0,25,8,2,0,213,855,2334
Rajasthan,Nagaur,106,22,0,0,217,1,0,0,0,0,0,1,9,3,11,0,9,183,38,0,0,0,0,0,0,0,0,0,599,31,31,0,0,1,241,39,194,0,0,0,8,8,50,17,1,1,0,27,3,0,0,0,17,1,0,0,6,0,126,95,0,34,61,0,0,2,0,0,0,29,503,0,0,0,0,0,11,0,0,0,0,0,0,0,0,0,0,0,0,0,0,0,0,0,11,1,0,0,12,659,23,320,0,1,6,0,309,0,50,21,3,3,0,0,0,0,77,0,189,36,153,999,1,0,0,0,1,368,0,0,0,0,0,246,122,369,0,0,0,0,145,1,0,0,0,0,0,10,118,0,274,682,3438
Rajasthan,Pali,78,19,0,0,242,2,0,0,0,0,0,2,36,2,8,9,5,361,32,6,0,1,0,0,0,0,0,0,801,37,37,0,0,0,304,58,246,0,0,0,0,11,61,11,1,0,0,560,6,0,0,6,10,1,2,9,526,0,212,169,100,57,12,0,3,4,0,0,0,36,1197,0,0,0,0,0,6,0,0,0,3,0,0,0,0,0,0,1,0,0,0,2,0,0,0,5,0,0,11,778,32,317,0,2,5,3,419,16,22,66,1,1,0,3,0,0,122,0,253,56,197,1261,1,0,0,1,0,500,16,2,0,0,14,316,168,501,0,0,0,0,240,0,0,0,0,0,66,25,146,0,477,443,4691
Rajasthan,Pratapgarh,102,38,0,0,46,32,0,0,0,0,0,32,48,2,7,0,4,132,14,0,0,0,0,0,0,0,0,0,425,29,29,0,0,1,121,89,21,0,0,0,11,7,39,0,0,0,0,494,170,0,0,145,18,0,0,27,134,16,239,225,45,49,131,0,0,0,0,0,0,14,946,0,0,0,0,4,34,0,0,0,0,0,0,0,0,0,0,0,0,0,0,0,0,0,34,1,0,0,39,149,9,89,0,0,1,0,50,1,17,44,3,3,0,1,0,0,1,0,82,1,81,298,0,0,0,0,0,215,17,0,0,0,17,173,25,215,0,0,0,0,116,0,0,0,0,0,1,5,20,0,142,348,2413
Rajasthan,Rajsamand,71,6,0,0,109,2,0,0,0,0,0,2,31,1,5,3,10,180,3,0,0,0,2,0,0,0,0,0,423,15,15,0,0,1,222,0,216,0,0,0,6,8,60,21,1,0,0,15,14,0,0,0,0,1,0,0,0,0,226,210,206,4,0,0,0,0,0,0,0,16,569,0,0,0,0,3,15,0,0,0,0,0,0,0,0,0,0,3,0,0,0,0,0,0,12,1,0,0,19,417,16,163,0,0,0,0,238,5,58,33,0,0,0,1,0,0,20,0,130,0,130,664,0,0,0,0,0,293,0,0,0,0,0,189,104,293,0,0,0,0,233,0,0,0,8,1,40,19,234,0,535,622,3125
Rajasthan,Sawai Madhopur,46,19,0,0,65,31,0,0,0,0,0,31,40,25,39,41,3,116,69,0,0,0,6,0,6,0,0,0,506,19,18,1,0,2,117,0,113,0,0,0,4,3,27,9,0,0,0,243,58,0,0,146,18,0,0,21,0,0,54,44,17,13,14,0,0,0,0,0,0,10,474,0,0,0,0,0,16,0,0,0,0,0,0,0,0,0,0,0,0,0,0,0,0,0,16,0,0,0,16,444,0,139,0,0,0,0,305,0,7,23,2,2,0,0,0,0,3,0,65,0,65,544,0,0,0,0,0,472,0,0,0,0,0,330,142,472,0,0,0,0,156,0,0,0,0,0,0,11,2,0,169,377,2558
Rajasthan,Sikar,119,29,0,0,132,3,0,0,0,0,0,3,47,2,7,9,14,302,24,11,0,0,3,0,0,0,0,0,702,44,44,0,0,1,348,0,338,0,0,0,10,18,74,6,0,0,0,33,5,0,0,3,9,0,0,0,16,125,229,147,89,26,32,0,0,3,0,0,0,79,878,0,0,0,0,0,6,0,0,0,0,0,0,0,0,0,0,0,0,0,0,0,0,0,6,1,0,0,7,1213,0,127,1,3,2,0,1080,15,52,19,3,3,0,0,0,0,80,0,177,63,114,1559,6,0,0,0,6,704,53,0,0,0,53,626,25,710,0,0,0,0,412,0,0,0,0,0,3,16,140,0,571,1106,5533
Rajasthan,Sirohi,74,15,0,0,86,7,0,0,0,0,0,7,3,2,10,0,3,157,0,0,0,0,1,0,0,0,0,0,358,40,40,0,0,0,252,0,252,0,0,0,0,2,38,0,0,0,0,11,2,0,0,0,9,0,0,0,0,85,145,120,0,44,76,0,0,0,0,0,0,25,573,0,0,0,0,0,4,0,0,0,0,0,0,0,0,0,0,0,0,0,0,0,0,0,4,1,0,0,5,446,0,293,0,0,0,0,153,0,32,40,5,5,0,0,0,0,8,0,115,30,85,646,0,0,0,0,0,248,2,0,0,0,2,246,0,248,0,0,0,0,261,0,0,0,0,0,0,5,0,0,266,516,2612
Rajasthan,Tonk,64,6,0,0,286,0,0,0,0,0,0,0,0,0,0,1,8,217,51,0,0,0,0,0,0,0,0,0,633,23,23,0,0,0,246,0,246,0,0,0,0,0,63,24,2,0,0,22,0,0,0,0,22,0,0,0,0,0,152,103,0,0,103,0,0,0,0,0,0,49,532,0,0,0,0,18,7,0,0,0,0,0,0,0,0,0,0,0,0,0,0,0,0,0,7,1,0,0,26,637,0,289,0,0,0,0,348,0,2,32,1,1,0,0,0,0,2,0,183,0,183,857,0,0,0,0,0,327,0,0,0,0,0,302,25,327,0,0,0,0,276,0,0,0,0,0,0,1,0,0,277,1284,3936
Rajasthan,Udaipur,162,14,0,0,140,10,0,0,0,0,0,10,49,3,13,9,7,352,29,0,0,0,2,0,0,0,0,0,790,96,96,0,0,2,473,117,353,0,0,0,3,26,175,53,5,4,0,39,9,0,0,4,20,0,0,0,6,0,506,445,417,0,28,0,0,0,0,0,0,61,1379,0,0,0,0,4,45,0,0,0,0,0,0,0,0,0,0,9,1,0,0,0,0,0,35,5,0,1,55,1091,37,655,0,0,1,0,398,12,82,158,5,5,0,0,1,0,67,0,307,43,264,1723,2,0,0,0,2,700,8,0,0,0,8,588,104,702,0,0,0,0,711,0,0,0,2,0,11,48,274,0,1046,1995,7690
Rajasthan,Jaipur Metro,0,0,0,0,0,0,0,0,0,0,0,0,0,0,0,0,0,0,0,0,0,0,0,0,0,0,0,0,0,0,0,0,0,0,0,0,0,0,0,0,0,0,0,0,0,0,0,0,0,0,0,0,0,0,0,0,0,0,0,0,0,0,0,0,0,0,0,0,0,0,0,0,0,0,0,0,0,0,0,0,0,0,0,0,0,0,0,0,0,0,0,0,0,0,0,0,0,0,0,0,0,0,0,0,0,0,0,0,0,0,0,0,0,0,0,0,0,0,0,0,0,0,0,0,0,0,0,0,0,0,0,0,0,0,0,0,0,0,0,0,0,0,0,0,0,0,0,0,0,0,0,1,1
Rajasthan,Scrb,0,0,0,0,0,0,0,0,0,0,0,0,0,0,0,0,0,0,0,0,0,0,0,0,0,0,0,0,0,0,0,0,0,0,0,0,0,0,0,0,0,0,0,0,3,0,0,0,0,0,0,0,0,0,0,0,0,0,0,0,0,0,0,0,0,0,0,0,0,0,3,0,0,0,0,0,0,0,0,0,0,0,0,0,0,0,0,0,0,0,0,0,0,0,0,0,0,0,0,0,0,0,0,0,0,0,0,0,0,0,0,0,0,0,0,0,0,0,0,0,0,0,0,0,0,0,0,10,0,0,0,0,0,10,0,10,0,0,0,0,0,0,0,0,0,0,0,0,0,0,0,0,13
Rajasthan,Ats & Sog,0,0,0,0,0,0,0,0,0,0,0,0,0,0,0,0,0,0,0,0,0,0,0,0,0,0,0,0,0,0,0,0,0,0,0,0,0,0,0,0,0,0,0,0,0,0,0,0,0,0,0,0,0,0,0,0,0,0,0,0,0,0,0,0,0,0,0,0,0,0,0,0,0,0,0,0,0,0,0,0,0,0,0,0,0,0,0,0,0,0,0,0,0,0,0,0,0,0,0,0,0,0,0,0,0,0,0,0,0,0,0,0,0,0,0,0,0,0,0,0,0,0,0,0,0,0,0,93,0,0,0,0,0,1,92,93,0,0,0,0,0,0,0,0,0,0,0,0,0,0,0,0,93
Rajasthan,Ssb,0,0,0,0,0,0,0,0,0,0,0,0,0,0,0,0,0,0,0,0,0,0,0,0,0,0,0,0,0,0,0,0,0,0,0,0,0,0,0,0,0,0,0,0,0,0,0,0,0,0,0,0,0,0,0,0,0,0,0,0,0,0,0,0,0,0,0,0,0,0,0,0,0,0,0,0,0,0,0,0,0,0,0,0,0,0,0,0,0,0,0,0,0,0,0,0,0,0,0,0,0,0,0,0,0,0,0,0,0,0,0,0,0,0,0,0,0,0,0,0,0,0,0,0,0,0,0,0,0,0,0,0,0,0,0,0,0,0,0,0,0,0,0,0,0,0,0,0,0,0,0,0,0
Rajasthan,Jaipur Crime,0,0,0,0,0,0,0,0,0,0,0,0,0,0,0,0,0,0,0,0,0,0,0,0,0,0,0,0,0,0,0,0,0,0,0,0,0,0,0,0,0,0,0,0,0,0,0,0,0,0,0,0,0,0,0,0,0,0,0,0,0,0,0,0,0,0,0,0,0,0,0,0,0,0,0,0,0,0,0,0,0,0,0,0,0,0,0,0,0,0,0,0,0,0,0,0,0,0,0,0,0,0,0,0,0,0,0,0,0,0,0,0,0,0,0,0,0,0,0,0,0,0,0,0,0,0,0,409,409,0,0,0,409,0,0,409,0,0,0,0,0,0,0,0,0,0,0,0,0,0,0,0,409
Rajasthan,Bhiwadi,79,0,0,0,63,52,0,0,0,0,0,52,0,0,0,0,4,48,11,0,0,0,0,0,26,0,0,0,283,20,20,0,0,0,84,0,84,0,0,0,0,0,18,3,1,1,0,19,1,0,0,0,10,0,0,0,8,0,101,92,33,40,19,0,0,1,0,0,0,8,247,0,0,0,0,0,1,0,0,0,0,0,0,0,0,0,0,1,0,0,0,0,0,0,0,0,0,0,1,681,0,286,0,0,0,0,395,0,0,26,1,1,0,0,0,0,0,0,42,0,42,750,0,0,0,0,0,268,16,0,0,0,16,200,52,268,0,0,0,0,115,0,0,0,0,0,0,4,0,0,119,661,2329
Rajasthan,Beawar,100,3,0,0,70,124,0,0,0,0,0,124,0,0,2,0,6,261,0,0,1,0,1,0,0,0,0,0,568,25,25,0,0,0,444,309,135,0,0,0,0,5,53,0,0,5,0,46,14,0,0,4,10,1,0,0,17,277,237,208,42,71,95,0,0,0,0,0,0,29,1092,0,0,0,0,0,13,0,0,0,0,0,0,0,0,0,0,0,0,0,0,0,0,0,13,0,0,0,13,482,18,226,0,1,4,0,233,5,0,50,3,3,0,0,0,1,0,0,140,18,122,681,2,2,0,0,0,382,12,0,0,0,12,276,94,384,0,0,0,0,531,1,0,0,0,0,0,1,0,0,533,646,3917
Rajasthan,Didwana-Kuchaman,73,31,1,0,123,2,0,0,0,0,0,2,11,0,4,2,3,233,16,1,0,0,0,0,0,0,0,0,500,20,19,1,0,2,201,0,198,0,0,0,3,10,45,22,1,0,0,35,5,0,0,3,13,0,1,0,13,136,95,78,78,0,0,0,0,1,0,0,0,16,567,0,0,0,0,0,4,0,0,0,0,0,0,0,0,0,0,0,0,0,0,0,0,0,4,2,0,0,6,433,0,118,0,0,0,0,315,8,28,15,5,5,0,1,1,0,55,0,102,0,102,648,4,0,0,0,4,372,7,0,0,0,7,259,106,376,0,0,10,0,141,0,0,0,0,0,19,18,98,0,286,231,2614
Rajasthan,Kekri,34,10,0,0,101,5,0,0,0,0,0,5,8,0,0,1,1,117,8,4,0,0,0,0,0,0,0,0,289,3,3,0,0,0,91,0,90,0,0,0,1,4,24,17,0,0,0,103,4,0,0,78,1,0,0,4,16,0,88,84,20,23,41,0,0,0,0,0,0,4,330,0,0,0,0,1,6,0,0,0,0,0,0,0,0,0,0,0,0,0,0,0,0,0,6,0,0,0,7,230,8,95,0,0,0,0,127,4,24,15,1,1,0,0,0,0,68,0,69,7,62,411,0,0,0,0,0,290,0,0,0,0,0,173,117,290,0,0,0,0,77,0,0,0,0,0,46,8,84,1,216,377,1920
Rajasthan,Shahpura,34,6,0,0,97,2,0,0,0,0,0,2,28,0,3,3,2,101,22,0,1,0,0,0,7,0,0,0,306,12,12,0,0,0,111,0,111,0,0,0,0,5,27,5,0,0,0,109,3,0,0,0,3,0,1,0,102,0,126,78,30,0,48,0,1,0,0,0,0,47,395,0,0,0,0,3,3,0,0,0,0,0,0,0,0,0,0,0,0,0,0,0,0,0,3,3,0,0,9,233,0,62,0,0,0,0,171,1,47,12,1,1,0,1,0,0,45,1,113,0,113,454,4,0,0,1,3,150,0,0,0,0,0,124,26,154,0,0,0,0,142,0,0,0,6,0,20,12,71,0,251,280,1849
Rajasthan,Deeg,124,34,0,0,296,243,0,0,0,0,0,243,8,0,4,0,13,165,2,0,0,0,0,0,0,0,0,0,889,34,34,0,0,0,121,70,49,0,0,0,2,3,81,0,27,0,0,103,75,0,0,0,28,0,0,0,0,0,168,95,0,11,84,0,0,2,0,0,0,71,537,0,0,0,0,0,0,0,0,0,0,0,0,0,0,0,0,0,0,0,0,0,0,0,0,0,0,0,0,727,0,241,0,0,0,0,486,0,5,33,5,5,0,0,0,0,1,0,40,0,40,811,0,0,0,0,0,497,190,0,0,0,190,307,0,497,0,0,0,0,129,0,0,0,0,0,0,4,0,0,133,1326,4193
Rajasthan,Gangapur City,49,45,0,0,196,18,0,0,0,0,0,18,10,8,14,4,12,97,33,0,0,0,0,0,0,0,0,0,486,14,14,0,0,0,65,0,63,0,0,0,2,2,21,4,1,0,0,65,39,0,0,0,26,0,0,0,0,0,78,18,6,4,8,0,0,0,0,0,0,60,250,0,0,0,0,0,3,0,0,0,0,0,0,0,0,0,0,0,0,0,0,0,0,0,3,1,0,0,4,439,0,88,0,0,0,0,351,0,5,19,0,0,0,0,0,0,0,0,34,0,34,497,0,0,0,0,0,347,0,0,0,0,0,207,140,347,0,0,0,0,75,0,0,0,1,0,0,6,0,0,82,693,2359
Rajasthan,Anupgarh,75,8,0,0,41,38,0,0,0,0,0,38,0,0,0,0,6,157,1,0,0,0,0,0,0,0,0,0,326,20,20,0,0,0,87,11,75,0,0,0,1,6,45,0,1,1,0,212,2,0,0,202,8,0,0,0,0,0,122,112,51,21,40,0,0,1,0,0,0,9,494,0,0,0,0,0,8,0,0,0,0,0,0,0,0,0,0,0,0,0,0,0,0,0,8,0,0,0,8,292,2,77,0,0,0,0,213,0,0,15,1,1,0,0,2,0,1,0,113,3,110,424,0,0,0,0,0,447,20,0,0,0,20,273,154,447,0,0,2,0,67,0,0,0,0,0,0,0,0,0,69,434,2202
Rajasthan,Dudu,18,6,0,0,20,0,0,0,0,0,0,0,0,0,2,5,1,32,3,0,0,0,0,0,0,0,0,0,87,5,5,0,0,0,106,53,52,0,0,0,1,0,20,1,0,0,0,55,16,0,0,0,3,0,0,12,24,9,24,19,19,0,0,0,0,0,0,0,0,5,220,0,0,0,0,4,2,0,0,0,0,0,0,0,0,0,0,0,0,0,0,0,0,0,2,0,0,0,6,165,0,51,0,0,0,0,114,0,1,11,1,1,0,0,0,0,9,0,21,3,18,208,0,0,0,0,0,83,0,0,0,0,0,15,68,83,0,0,0,0,69,0,0,0,1,0,0,2,0,0,72,179,855
Rajasthan,Khairtal-Tijara,36,8,0,0,74,45,0,0,0,0,0,45,4,0,3,0,4,62,21,0,0,0,0,0,0,0,0,0,257,16,16,0,0,0,83,0,63,9,0,0,11,2,12,5,0,0,0,111,22,0,0,0,11,0,0,0,78,0,58,51,27,9,15,0,0,0,0,0,0,7,287,0,0,0,0,0,0,0,0,0,0,0,0,0,0,0,0,0,0,0,0,0,0,0,0,0,0,0,0,363,10,93,0,0,0,0,260,1,0,7,0,0,0,1,0,0,2,0,37,3,34,411,0,0,0,0,0,108,15,0,0,0,15,67,26,108,0,0,0,0,73,0,0,0,0,0,0,1,12,0,86,534,1683
Rajasthan,Kotputli-Behror,78,13,0,0,167,59,0,1,0,0,0,58,25,2,5,11,10,192,18,3,0,1,1,0,0,0,0,0,585,34,33,1,0,3,275,118,150,0,0,1,6,12,46,12,0,0,0,80,0,0,0,1,18,0,0,48,13,20,140,116,29,12,75,0,1,1,0,0,0,22,622,0,0,0,0,333,3,0,0,0,0,0,0,0,0,0,0,1,2,0,0,0,0,0,0,3,0,0,339,1071,57,185,3,0,0,1,825,4,28,19,0,0,0,1,0,2,40,1,98,4,94,1264,3,0,0,0,3,546,22,0,3,0,19,436,88,549,0,0,0,0,392,0,0,0,2,1,22,14,20,2,453,726,4538
Rajasthan,Balotra,51,7,0,0,83,0,0,0,0,0,0,0,8,0,2,2,6,84,12,0,0,0,1,0,0,0,0,0,256,25,25,0,0,5,147,0,145,0,0,0,2,13,45,6,0,2,0,61,49,0,0,0,12,0,0,0,0,0,59,43,21,0,22,0,0,0,0,0,0,16,363,0,0,0,0,0,7,0,0,0,0,0,0,0,0,0,0,0,0,0,0,0,0,0,7,2,0,0,9,310,0,69,0,0,0,0,241,4,25,29,1,1,0,0,1,2,8,3,103,0,103,486,2,2,0,0,0,160,0,0,0,0,0,111,49,162,0,0,0,0,129,0,0,0,1,0,15,9,43,0,197,280,1753
Rajasthan,Phalodi,25,9,0,0,78,1,0,0,0,0,0,1,6,0,1,1,5,26,7,0,0,0,0,0,2,0,0,0,161,16,16,0,0,0,103,0,100,0,0,0,3,9,38,5,0,0,0,40,2,0,0,0,11,0,0,0,27,117,46,26,26,0,0,0,2,4,0,0,0,14,374,0,0,0,0,2,2,0,0,0,0,0,0,0,0,0,0,0,0,0,0,0,0,0,2,2,0,0,6,271,0,57,0,0,0,0,214,2,15,15,4,4,0,0,0,0,10,0,73,8,65,390,0,0,0,0,0,87,0,0,0,0,0,55,32,87,0,0,0,0,68,0,0,0,0,0,32,7,44,2,153,119,1290
Rajasthan,Jodhpur Crime,0,0,0,0,0,0,0,0,0,0,0,0,0,0,0,0,0,0,0,0,0,0,0,0,0,0,0,0,0,0,0,0,0,0,0,0,0,0,0,0,0,0,0,0,0,0,0,0,0,0,0,0,0,0,0,0,0,0,0,0,0,0,0,0,0,0,0,0,0,0,0,0,0,0,0,0,0,0,0,0,0,0,0,0,0,0,0,0,0,0,0,0,0,0,0,0,0,0,0,0,0,0,0,0,0,0,0,0,0,0,0,0,0,0,0,0,0,0,0,0,0,0,0,0,0,0,0,11,0,0,0,0,0,11,0,11,0,0,0,0,0,0,0,0,0,0,0,0,0,0,0,0,11
Rajasthan,Sanchore,42,8,0,0,36,0,0,0,0,0,0,0,52,0,0,0,5,62,30,0,0,0,0,0,0,0,0,0,235,15,15,0,0,0,68,0,68,0,0,0,0,2,21,0,1,0,0,0,0,0,0,0,0,0,0,0,0,94,29,21,0,0,21,0,8,0,0,0,0,0,230,0,0,0,0,0,4,0,0,0,0,0,0,0,0,0,0,0,0,0,0,0,0,0,4,0,0,0,4,205,82,74,0,0,0,0,49,0,0,8,0,0,0,0,0,0,0,0,70,4,66,283,0,0,0,0,0,71,0,0,0,0,0,0,71,71,0,0,0,0,25,0,0,0,0,0,0,1,0,0,26,315,1164
Rajasthan,Neem Ka Thana,57,15,0,0,114,2,0,0,0,0,0,2,18,1,4,13,3,149,40,0,0,0,0,0,0,0,0,0,416,17,17,0,0,2,168,21,145,0,0,0,2,4,33,1,0,0,0,91,10,0,0,67,14,0,0,0,0,56,124,77,17,24,36,0,0,0,0,0,0,47,496,0,0,0,0,4,6,0,0,0,0,0,0,0,0,0,0,0,0,0,0,0,0,0,6,0,0,0,10,572,55,53,0,0,0,0,464,1,19,13,4,4,0,0,0,0,47,0,49,5,44,705,2,0,0,0,2,416,51,0,0,0,51,235,130,418,0,0,0,0,220,9,0,0,0,0,0,15,83,0,327,790,3162
Rajasthan,Salumbar,28,0,0,0,20,23,0,0,0,0,0,23,15,0,1,10,1,49,11,0,0,1,3,0,0,0,0,0,162,16,16,0,0,0,115,65,50,0,0,0,0,4,10,5,0,0,0,22,4,0,0,2,7,0,0,2,7,0,84,82,37,5,40,0,0,0,0,0,0,2,256,0,0,0,0,51,8,0,0,0,0,0,0,0,0,0,0,0,0,0,0,0,0,0,8,0,0,0,59,89,11,36,0,0,0,0,42,3,17,34,0,0,0,0,0,0,0,1,42,0,42,186,0,0,0,0,0,67,13,0,0,0,13,47,7,67,0,0,0,0,93,2,0,0,0,0,8,1,30,0,134,286,1150
Sikkim,Gangtok (East),3,0,0,0,1,2,0,0,0,1,0,1,0,0,0,3,0,1,0,0,0,0,0,0,0,0,0,0,10,5,5,0,0,1,24,0,24,0,0,0,0,0,1,0,0,0,0,29,8,0,0,17,1,0,0,3,0,3,13,13,13,0,0,0,0,0,0,0,0,0,76,4,0,4,4,0,4,0,0,0,0,4,0,0,0,0,0,0,0,0,0,0,0,0,0,2,0,0,6,17,6,2,0,0,0,2,7,1,1,0,0,0,0,0,0,0,13,0,34,22,12,66,0,0,0,0,0,14,3,2,0,0,1,8,3,14,0,0,0,0,30,0,0,0,1,1,2,3,3,0,40,9,225
Sikkim,Mangan (North),0,0,0,0,0,0,0,0,0,0,0,0,0,0,0,0,0,0,0,0,0,0,0,0,0,0,0,0,0,2,2,0,0,0,6,0,5,0,0,0,1,0,0,0,0,0,0,5,2,0,0,2,0,0,0,1,0,0,0,0,0,0,0,0,0,0,0,0,0,0,13,0,0,0,0,0,0,0,0,0,0,0,0,0,0,0,0,0,0,0,0,0,0,0,0,0,0,0,0,2,0,0,0,0,0,0,2,0,0,0,0,0,0,0,0,0,0,0,1,0,1,3,0,0,0,0,0,0,0,0,0,0,0,0,0,0,0,0,0,0,6,0,0,0,0,1,0,0,1,0,8,1,25
Sikkim,Namchi (South),2,0,0,0,4,2,0,1,0,1,0,0,0,0,0,3,0,0,0,0,0,0,0,0,0,0,0,0,11,2,2,0,0,1,5,0,5,0,0,0,0,0,3,0,0,0,0,14,5,0,0,8,1,0,0,0,0,7,8,8,8,0,0,0,0,0,0,0,0,0,40,0,0,0,0,0,3,0,0,0,0,3,0,0,0,0,0,0,0,0,0,0,0,0,0,0,0,0,3,3,0,1,0,0,0,0,2,0,0,0,0,0,0,0,0,0,1,0,2,1,1,6,0,0,0,0,0,2,0,0,0,0,0,1,1,2,0,0,0,0,24,0,0,0,0,0,2,1,6,0,33,3,98
Sikkim,Soreng (West),0,0,0,0,1,0,0,0,0,0,0,0,0,0,0,0,0,0,0,1,0,0,0,0,0,0,0,0,2,1,1,0,0,0,3,0,1,0,0,0,2,1,1,0,0,0,0,9,5,0,0,4,0,0,0,0,0,2,4,4,4,0,0,0,0,0,0,0,0,0,21,0,0,0,0,0,3,0,0,0,0,3,0,0,0,0,0,0,0,0,0,0,0,0,0,0,0,0,3,1,0,0,0,0,0,0,1,0,0,0,0,0,0,0,0,0,1,0,1,1,0,3,0,0,0,0,0,2,0,0,0,0,0,0,2,2,0,0,0,0,7,0,0,0,0,0,0,3,0,0,10,3,44
Sikkim,Cid,0,0,0,0,0,0,0,0,0,0,0,0,0,0,0,0,0,0,0,0,0,0,0,0,0,0,0,0,0,0,0,0,0,0,0,0,0,0,0,0,0,0,0,0,0,0,0,0,0,0,0,0,0,0,0,0,0,0,0,0,0,0,0,0,0,0,0,0,0,0,0,0,0,0,0,0,0,0,0,0,0,0,0,0,0,0,0,0,0,0,0,0,0,0,0,0,0,0,0,0,0,0,0,0,0,0,0,0,0,0,0,0,0,0,0,0,0,0,0,0,0,0,0,0,0,0,0,3,0,0,0,0,0,3,0,3,0,0,0,0,0,0,0,0,0,0,0,0,0,0,0,0,3
Sikkim,Pakyong (East),0,0,0,0,1,0,0,0,0,0,0,0,0,0,0,0,0,0,0,0,0,0,1,0,0,0,0,0,2,2,2,0,0,0,16,0,11,0,0,0,5,0,0,0,0,0,0,10,4,0,0,4,0,0,0,2,0,0,5,5,4,0,1,0,0,0,0,0,0,0,33,0,0,0,0,0,1,0,0,0,0,1,0,0,0,0,0,0,0,0,0,0,0,0,0,0,0,0,1,5,0,1,1,0,1,0,2,0,0,0,0,0,0,0,0,0,1,0,11,6,5,17,0,0,0,0,0,4,0,0,0,0,0,4,0,4,0,0,0,0,19,0,0,0,0,0,1,1,3,0,24,2,83
Sikkim,Gyalshing (West),2,0,0,0,1,0,0,0,0,0,0,0,0,0,1,0,0,1,0,0,0,0,0,0,0,0,0,0,5,2,2,0,0,0,2,0,2,0,0,0,0,0,0,0,0,0,0,1,1,0,0,0,0,0,0,0,0,1,3,3,3,0,0,0,0,0,0,0,0,0,9,0,0,0,0,0,2,0,0,0,0,2,0,0,0,0,0,0,0,0,0,0,0,0,0,0,0,0,2,2,1,1,0,0,0,0,0,0,0,0,0,0,0,0,0,0,0,0,0,0,0,2,0,0,0,0,0,2,0,0,0,0,0,2,0,2,0,0,0,0,6,0,0,0,0,0,1,0,0,0,7,2,29
Tamil Nadu,Ariyalur,7,3,0,0,17,4,0,0,0,1,0,3,0,0,2,1,0,0,1,0,0,0,0,0,0,0,0,0,35,11,11,0,0,0,168,7,159,0,0,0,2,1,19,0,0,0,0,383,9,0,0,353,12,0,0,9,0,10,3,2,2,0,0,0,0,0,0,0,0,1,595,0,0,0,0,36,32,0,0,0,0,0,0,0,0,0,0,10,0,17,0,5,0,0,0,4,0,4,76,63,1,26,0,0,0,0,36,6,5,8,0,0,0,0,0,1,0,0,39,12,27,122,0,0,0,0,0,40,0,0,0,0,0,40,0,40,0,2,5,0,434,0,0,185,1,1,4,6,8,2,648,275,1791
Tamil Nadu,Chennai,44,1,12,0,121,99,4,5,9,15,0,66,10,25,37,42,0,104,1,0,1,0,2,0,0,0,0,0,499,105,105,0,0,8,593,20,513,0,0,0,60,19,251,0,0,0,0,2285,60,0,0,2067,6,0,1,123,28,230,26,16,1,0,15,0,1,3,0,0,0,6,3517,0,0,0,0,299,55,6,0,0,0,0,0,0,7,4,0,0,0,8,0,6,0,2,22,16,0,8,378,2876,139,1487,12,12,1,38,1187,124,131,259,13,13,0,12,24,0,11,0,353,81,272,3803,2,0,0,0,2,2423,1755,688,16,149,902,548,120,2425,0,8,46,0,3236,12,7,577,1,5,105,24,35,51,4107,1036,15765
Tamil Nadu,Coimbatore,8,0,0,0,11,0,0,0,0,0,0,0,0,0,0,0,0,13,1,0,0,0,0,0,0,0,0,0,33,39,39,0,0,12,725,63,616,0,0,0,46,6,21,0,0,0,0,379,5,0,0,353,21,0,0,0,0,0,6,6,0,0,6,0,0,0,0,0,0,0,1188,0,0,0,0,51,19,0,0,0,0,1,0,0,0,0,0,7,4,0,0,0,0,0,7,0,0,3,73,277,6,144,0,0,0,2,125,19,15,49,8,8,0,0,2,0,5,0,181,56,125,556,0,0,0,0,0,75,2,0,0,0,2,69,4,75,0,0,0,0,1951,0,0,5,0,0,0,8,0,0,1964,674,4563
Tamil Nadu,Coimbatore City,19,2,1,0,27,9,0,0,0,9,0,0,0,2,7,4,0,38,0,0,0,0,0,0,0,0,0,0,109,25,25,0,0,2,315,36,253,0,0,0,26,5,28,0,0,0,0,330,18,0,0,264,48,0,0,0,0,0,10,3,0,2,1,0,0,2,0,0,0,5,715,0,0,0,0,48,6,0,0,0,0,0,0,0,0,0,0,0,1,2,0,3,0,0,0,35,0,29,118,1042,43,591,0,0,0,31,377,21,196,44,6,6,0,0,0,0,2,0,191,52,139,1502,2,0,0,0,2,656,0,0,0,0,0,653,3,658,0,4,1,0,889,0,0,57,6,0,1,9,20,2,989,753,4844
Tamil Nadu,Cuddalore,17,0,0,0,95,0,0,0,0,0,0,0,0,0,0,0,3,46,3,0,0,0,0,0,0,0,0,0,164,27,27,0,0,7,542,50,492,0,0,0,0,0,67,0,0,0,0,1019,72,1,0,895,51,0,0,0,0,0,5,5,0,2,3,0,0,0,0,0,0,0,1667,0,0,0,0,0,53,0,0,0,0,0,12,0,0,13,0,17,11,0,0,0,0,0,0,0,0,21,74,373,28,234,0,1,2,0,108,14,0,7,0,0,0,0,1,0,0,0,98,19,79,493,1,0,0,0,1,53,0,0,0,0,0,53,0,54,0,0,44,0,2635,0,0,220,0,0,0,8,0,0,2907,2917,8276
Tamil Nadu,Dharmapuri,3,1,0,0,19,4,0,0,0,0,0,4,0,0,2,1,0,8,3,0,0,0,1,0,0,0,0,0,42,31,31,0,0,5,376,25,343,0,0,0,8,6,19,0,0,0,0,577,9,0,0,519,36,0,0,13,0,0,3,1,0,0,1,0,0,0,0,0,0,2,1017,0,0,0,0,0,32,0,0,0,0,0,2,0,0,1,2,17,8,2,0,0,0,0,0,1,0,0,33,157,45,67,0,0,0,0,45,4,8,18,0,0,0,0,0,0,4,0,87,24,63,278,0,0,0,0,0,40,0,0,0,0,0,40,0,40,0,8,15,0,1068,2,2,0,0,0,22,7,0,0,1124,395,2929
Tamil Nadu,Dindigul,15,0,0,0,20,19,0,0,0,7,0,12,0,0,0,0,0,32,0,0,0,0,0,0,1,0,0,0,87,47,47,0,0,12,599,39,560,0,0,0,0,3,46,0,0,0,0,813,15,0,0,712,39,0,0,47,0,13,2,2,0,0,2,0,0,0,0,0,0,0,1535,0,0,0,0,32,76,1,0,0,0,0,0,0,0,10,3,25,17,18,0,2,0,0,0,1,2,3,114,271,84,107,0,0,0,3,77,25,78,50,1,1,0,0,5,0,4,0,150,45,105,584,1,0,0,0,1,52,0,0,0,0,0,52,0,53,0,0,0,0,1667,0,0,255,0,0,5,14,15,43,1999,1097,5469
Tamil Nadu,Erode,5,0,0,0,17,10,0,0,1,3,0,6,0,1,0,0,0,10,1,0,0,0,1,0,0,0,0,0,45,33,33,0,0,2,674,30,644,0,0,0,0,0,30,0,0,0,0,397,5,0,0,392,0,0,0,0,0,0,8,0,0,0,0,0,0,2,0,0,0,6,1144,0,0,0,0,0,7,0,0,0,0,0,2,0,0,0,0,0,0,0,0,0,0,0,5,0,0,0,7,259,17,126,0,0,0,4,112,28,0,26,6,6,0,0,0,0,0,0,142,35,107,461,1,0,0,0,1,36,0,0,0,0,0,36,0,37,0,0,0,0,1736,0,0,0,0,0,0,5,0,0,1741,914,4349
Tamil Nadu,Kanchipuram,9,0,0,0,5,9,0,3,0,2,0,4,1,2,0,0,0,5,0,0,0,0,0,0,0,0,0,0,31,23,23,0,0,1,342,55,281,0,0,0,6,0,35,0,0,0,0,217,5,0,0,211,1,0,0,0,0,0,1,1,0,0,1,0,0,0,0,0,0,0,619,0,0,0,0,71,25,0,0,0,0,0,0,0,0,0,0,6,3,4,0,9,0,0,3,0,0,7,103,251,18,45,0,0,0,7,181,15,58,67,2,2,0,0,0,0,0,0,93,23,70,486,0,0,0,0,0,35,0,0,0,0,0,27,8,35,0,3,0,0,772,0,0,637,0,0,0,2,0,1,1415,664,3353
Tamil Nadu,Kanyakumari,6,0,0,0,10,0,0,0,0,0,0,0,0,0,0,0,0,1,0,0,0,0,0,0,1,0,0,0,18,39,38,1,0,11,327,48,279,0,0,0,0,2,86,0,0,0,0,508,32,0,0,429,45,2,0,0,0,0,6,4,0,1,3,0,0,1,0,0,0,1,979,0,0,0,0,76,1,0,0,0,0,0,0,0,0,0,0,0,0,1,0,0,0,0,0,13,0,0,90,182,4,77,0,0,0,0,101,5,21,46,2,2,0,0,0,0,2,0,121,18,103,379,0,0,0,0,0,83,0,0,0,0,0,73,10,83,0,0,16,0,1087,0,0,803,2,0,0,11,23,2,1944,587,4080
Tamil Nadu,Karur,9,0,0,0,3,0,0,0,0,0,0,0,1,0,1,0,0,9,1,0,0,0,0,0,0,0,0,0,24,27,27,0,0,3,360,52,307,0,0,1,0,5,13,0,0,0,0,187,90,0,0,93,4,0,0,0,0,0,5,2,0,2,0,0,0,2,0,0,0,1,600,0,0,0,0,64,7,0,0,0,0,0,3,0,0,0,0,0,0,1,0,0,0,0,3,0,0,6,77,134,3,58,0,0,0,0,73,4,25,22,3,3,0,0,0,0,0,0,53,26,27,241,0,0,0,0,0,44,0,0,0,0,0,43,1,44,0,6,0,0,870,0,0,58,0,0,0,5,0,0,939,325,2250
Tamil Nadu,Krishnagiri,6,0,0,0,24,4,0,0,0,0,0,4,0,0,2,0,0,38,22,0,0,0,0,0,0,0,0,0,96,58,58,0,0,4,703,97,595,0,0,0,11,21,42,0,0,0,0,680,7,0,0,635,31,0,0,7,0,22,14,14,0,1,13,0,0,0,0,0,0,0,1544,0,0,0,0,0,65,0,0,0,0,0,4,0,0,3,0,26,18,7,0,3,0,0,4,1,0,16,82,222,0,73,0,0,0,3,146,7,32,28,1,1,0,0,3,0,0,0,151,29,122,444,0,0,0,0,0,68,0,0,0,0,0,68,0,68,0,11,21,0,1438,13,0,125,0,0,0,10,13,1,1632,872,4738
Tamil Nadu,Madurai,15,6,0,0,19,19,0,0,0,11,0,8,0,3,2,0,0,27,2,0,0,0,0,0,0,0,0,0,93,72,72,0,0,7,551,69,482,0,0,0,0,5,76,0,0,0,0,1064,20,0,0,1024,20,0,0,0,0,41,5,0,0,0,0,0,0,0,0,0,0,5,1821,0,0,0,0,0,7,0,0,7,0,0,0,0,0,0,0,0,0,0,0,0,0,0,0,5,0,1,13,390,93,201,1,0,0,0,95,12,48,84,2,2,0,0,4,0,0,0,174,49,125,714,0,0,0,0,0,118,0,0,0,0,0,118,0,118,0,12,20,0,1314,0,0,396,0,0,2,3,17,1,1765,739,5263
Tamil Nadu,Madurai City,2,0,0,0,2,39,0,0,0,19,0,20,0,0,0,2,1,37,0,0,0,0,2,0,0,0,0,0,85,38,38,0,0,1,233,9,218,0,0,0,6,1,67,0,0,0,0,456,23,0,0,428,5,0,0,0,0,90,12,10,0,4,6,0,0,1,0,0,0,1,898,0,0,0,0,0,44,0,0,0,0,0,0,0,0,0,0,1,6,37,0,0,0,0,0,0,0,2,46,388,18,199,0,0,0,7,164,31,43,93,3,3,0,0,2,0,6,0,93,12,81,659,2,0,0,0,2,222,0,0,0,0,0,222,0,224,0,1,0,0,424,0,0,655,0,0,0,18,47,6,1151,291,3354
Tamil Nadu,Nagapattinam,6,0,0,0,18,5,0,0,0,0,0,5,2,0,1,0,0,2,1,0,0,0,0,0,0,0,0,0,35,12,12,0,0,5,124,10,114,0,0,0,0,2,5,0,0,0,0,248,1,0,0,247,0,0,0,0,0,0,0,0,0,0,0,0,0,0,0,0,0,0,396,0,0,0,0,83,3,0,0,0,0,0,1,0,0,0,0,0,0,2,0,0,0,0,0,0,0,0,86,74,1,22,0,0,0,1,50,1,0,0,0,0,0,0,0,0,0,0,24,3,21,99,0,0,0,0,0,10,0,0,0,0,0,9,1,10,0,0,0,0,399,0,0,96,0,0,4,8,3,2,512,152,1290
Tamil Nadu,Namakkal,6,0,0,0,28,0,0,0,0,0,0,0,0,0,0,2,0,2,2,0,0,0,0,0,0,0,0,0,40,33,33,0,0,3,516,56,456,0,0,0,4,4,14,0,0,0,0,423,6,0,0,399,18,0,0,0,0,0,1,0,0,0,0,0,0,1,0,0,0,0,994,0,0,0,0,0,19,0,0,0,0,0,1,0,0,0,0,3,4,7,0,4,0,0,0,0,0,0,19,114,1,62,0,0,0,3,48,9,4,9,6,6,0,0,0,0,15,0,95,31,64,252,0,0,0,0,0,24,0,0,0,0,0,24,0,24,0,3,0,0,1513,0,0,0,0,0,0,6,0,0,1522,536,3387
Tamil Nadu,Nilgiris,2,0,0,0,6,0,0,0,0,0,0,0,0,0,0,0,0,4,0,0,0,0,0,0,0,0,0,0,12,10,10,0,0,2,39,0,39,0,0,0,0,1,5,0,0,0,0,134,25,0,0,94,15,0,0,0,0,0,1,0,0,0,0,0,0,0,0,0,0,1,192,0,0,0,0,1,2,0,0,0,0,0,0,0,0,0,0,0,0,0,0,0,0,0,2,0,0,0,3,29,12,6,0,0,0,0,11,1,0,3,0,0,0,0,0,0,1,0,38,13,25,72,0,0,0,0,0,7,0,0,0,0,0,7,0,7,0,0,0,0,186,0,0,0,0,0,0,0,0,0,186,250,722
Tamil Nadu,Perambalur,3,2,0,0,68,3,0,1,0,0,0,2,0,0,1,0,0,13,0,0,0,0,0,0,0,0,0,0,90,6,6,0,0,0,166,21,145,0,0,0,0,3,32,0,0,0,0,185,0,0,0,166,14,0,0,5,0,0,1,1,0,0,1,0,0,0,0,0,0,0,393,0,0,0,0,49,5,0,0,0,0,0,0,0,0,0,0,0,1,0,0,0,0,0,4,2,0,1,57,132,0,96,0,0,0,0,36,2,15,11,1,1,0,0,0,0,0,0,57,9,48,218,0,0,0,0,0,31,0,0,0,0,0,31,0,31,0,5,19,0,404,0,0,4,0,0,1,1,1,0,435,355,1579
Tamil Nadu,Pudukottai,1,1,0,0,18,0,0,0,0,0,0,0,0,0,0,0,0,12,0,0,0,0,0,0,0,0,0,0,32,36,36,0,0,5,437,42,395,0,0,0,0,3,26,0,0,0,0,684,5,0,0,655,24,0,0,0,0,0,2,0,0,0,0,0,0,2,0,0,0,0,1193,0,0,0,0,120,3,0,0,0,0,0,0,0,0,0,0,3,0,0,0,0,0,0,0,0,0,19,142,217,5,47,0,0,0,2,163,6,10,15,2,2,0,0,0,0,3,0,81,22,59,334,0,0,0,0,0,45,8,1,0,0,7,36,1,45,0,4,1,0,1135,34,0,132,2,0,9,13,16,3,1349,831,3926
Tamil Nadu,Ramnathapuram,3,0,0,0,31,0,0,0,0,0,0,0,2,3,3,0,0,10,1,0,0,0,0,0,0,0,0,0,53,32,32,0,0,5,399,30,369,0,0,0,0,6,44,0,0,0,0,714,9,0,0,649,48,0,0,7,1,6,17,14,0,2,12,0,0,0,0,0,0,3,1223,0,0,0,0,54,10,0,0,0,0,0,0,0,0,2,0,2,3,3,0,0,0,0,0,8,0,8,80,189,0,75,0,0,0,0,114,5,9,20,0,0,0,0,0,1,3,0,93,24,69,320,1,0,0,0,1,75,1,1,0,0,0,58,16,76,0,7,7,0,904,8,0,64,0,0,12,24,6,0,1032,1130,3914
Tamil Nadu,Railway Chennai,0,0,0,0,1,0,0,0,0,0,0,0,0,0,0,0,0,0,0,0,0,0,0,0,0,0,0,0,1,5,5,0,0,0,1,0,1,0,0,0,0,0,3,0,0,0,0,29,0,0,0,16,8,0,0,1,4,0,4,4,0,1,3,0,0,0,0,0,0,0,42,0,0,0,0,4,6,0,0,0,0,0,0,0,5,0,0,0,0,0,0,0,0,0,1,0,0,0,10,520,0,0,9,0,0,0,511,46,3,77,1,1,0,0,0,0,0,0,0,0,0,647,0,0,0,0,0,4,0,0,0,0,0,4,0,4,0,0,0,0,0,0,0,13,0,0,0,0,0,0,13,18,735
Tamil Nadu,Railway Trichy,0,0,0,0,1,0,0,0,0,0,0,0,0,0,0,0,0,0,0,0,0,0,0,0,0,0,0,0,1,1,1,0,0,0,1,0,1,0,0,0,0,0,2,0,0,0,0,24,0,0,0,4,14,0,0,0,6,0,0,0,0,0,0,0,0,0,0,0,0,0,28,0,0,0,0,0,0,0,0,0,0,0,0,0,0,0,0,0,0,0,0,0,0,0,0,0,0,0,0,303,0,1,33,0,0,0,269,3,0,23,0,0,0,0,0,0,0,0,0,0,0,329,0,0,0,0,0,2,0,0,0,0,0,2,0,2,0,0,0,0,0,0,0,7,0,0,0,0,0,0,7,8,375
Tamil Nadu,Salem,6,0,0,0,46,0,0,0,0,0,0,0,0,0,0,0,0,2,8,0,0,0,0,0,0,0,0,0,62,42,42,0,0,1,520,17,503,0,0,0,0,4,45,0,0,0,0,1191,36,0,0,1111,35,0,0,9,0,3,6,6,0,0,6,0,0,0,0,0,0,0,1812,0,0,0,0,0,45,0,0,0,0,0,0,0,0,15,0,17,9,4,0,0,0,0,0,0,0,2,47,116,0,50,0,0,0,0,66,6,0,23,0,0,0,0,0,0,6,0,75,22,53,226,0,0,0,0,0,27,0,0,0,0,0,27,0,27,0,0,6,0,1646,0,0,0,0,0,0,5,0,0,1657,425,4256
Tamil Nadu,Salem City,4,0,0,0,25,0,0,0,0,0,0,0,0,0,0,0,1,5,7,0,0,0,0,0,0,0,0,0,42,29,29,0,0,3,238,45,193,0,0,0,0,2,20,0,0,0,0,529,270,0,0,259,0,0,0,0,0,12,4,4,0,0,4,0,0,0,0,0,0,0,837,0,0,0,0,59,15,0,0,0,0,1,0,0,0,2,0,4,2,6,0,0,0,0,0,0,0,10,84,227,5,60,0,0,0,4,158,9,12,34,2,2,0,0,0,0,3,0,95,19,76,382,0,0,0,0,0,134,11,0,0,0,11,95,28,134,0,0,0,0,880,5,0,9,0,0,0,5,8,5,912,230,2621
Tamil Nadu,Sivagangai,5,1,1,0,18,4,0,0,0,0,0,4,1,1,3,0,0,9,0,0,0,0,0,0,0,0,0,0,43,42,42,0,0,5,405,30,375,0,0,0,0,3,72,0,0,0,0,680,4,0,0,622,45,1,0,7,1,0,8,0,0,0,0,0,1,1,0,0,0,6,1215,0,0,0,0,39,46,0,0,0,0,0,3,0,0,2,0,11,4,2,0,7,0,0,17,2,0,3,90,220,4,47,0,2,0,3,164,9,28,40,1,1,0,0,7,0,2,0,138,23,115,445,0,0,0,0,0,90,1,1,0,0,0,69,20,90,0,2,7,0,753,0,0,1,0,0,1,17,1,1,783,997,3663
Tamil Nadu,Thanjavur,10,0,0,0,121,9,0,0,0,3,6,0,2,1,3,5,0,45,3,0,0,0,2,0,0,0,0,0,201,53,53,0,0,8,548,64,484,0,0,0,0,15,64,0,0,0,0,1808,30,1,0,1683,94,0,0,0,0,85,9,1,0,1,0,0,0,0,0,0,0,8,2590,0,0,0,0,173,80,0,0,0,0,0,6,0,0,10,0,11,33,4,0,0,0,0,16,2,0,20,275,428,32,216,0,0,0,0,180,19,179,56,3,3,0,0,5,0,4,0,188,41,147,882,1,0,0,0,1,109,0,0,0,0,0,109,0,110,0,47,4,0,1734,37,0,1565,0,0,15,41,40,4,3487,755,8300
Tamil Nadu,Theni,7,1,1,0,10,9,1,0,0,4,0,4,4,3,10,0,0,37,1,0,1,0,0,0,0,0,0,0,84,36,36,0,0,3,394,30,364,0,0,0,0,11,44,0,0,0,0,777,10,0,0,744,22,1,0,0,0,30,4,2,0,2,0,0,0,1,0,0,0,1,1299,0,0,0,0,80,76,0,0,0,0,2,4,0,0,4,1,14,23,7,0,14,0,0,7,8,0,1,165,292,26,143,5,0,3,1,114,14,29,38,2,2,0,0,0,0,3,0,175,30,145,553,1,0,0,0,1,184,60,3,0,0,57,124,0,185,0,13,0,0,836,0,0,438,0,0,21,23,26,4,1361,1031,4678
Tamil Nadu,Thirunelveli,15,1,0,0,20,51,0,0,0,16,0,35,1,3,2,0,0,13,4,0,0,0,0,0,0,0,0,0,110,36,36,0,0,7,247,10,237,0,0,0,0,0,526,0,0,0,0,702,19,0,0,419,20,0,0,244,0,0,3,3,0,0,3,0,0,0,0,0,0,0,1521,0,0,0,0,52,0,0,0,0,0,0,0,0,0,0,0,0,0,0,0,0,0,0,0,13,0,43,108,466,82,147,0,0,0,0,237,15,153,32,2,2,0,6,4,0,2,0,233,48,185,913,3,0,0,0,3,89,10,0,0,0,10,75,4,92,0,8,12,0,752,36,2,59,4,9,17,31,20,15,965,5368,9077
Tamil Nadu,Thirunelveli City,2,0,4,0,5,6,3,0,0,0,0,3,1,1,6,0,0,19,1,0,0,0,0,0,0,0,0,0,45,17,17,0,0,0,93,2,90,0,0,0,1,0,39,0,0,0,0,216,7,0,0,199,10,0,0,0,0,35,5,0,0,0,0,0,0,5,0,0,0,0,405,0,0,0,0,36,0,0,0,0,0,0,0,0,0,0,0,0,0,0,0,0,0,0,0,9,0,9,54,198,3,124,0,0,0,0,71,8,85,19,1,1,0,0,0,0,1,0,64,10,54,376,0,0,0,0,0,86,0,0,0,0,0,78,8,86,0,9,2,0,323,0,0,0,0,0,1,9,14,0,358,285,1609
Tamil Nadu,Thiruvallur,9,0,0,0,4,7,0,0,0,3,0,4,5,1,1,0,0,12,1,0,0,0,0,0,0,0,0,0,40,21,21,0,0,7,229,20,208,0,0,0,1,4,74,1,0,0,0,576,8,0,0,370,94,0,0,98,6,0,1,1,0,0,1,0,0,0,0,0,0,0,913,0,0,0,0,0,61,0,0,0,0,0,1,0,1,5,0,19,6,4,0,9,0,0,16,0,0,23,84,197,0,104,0,1,0,3,89,4,13,28,0,0,0,26,0,0,1,0,110,32,78,379,0,0,0,0,0,41,2,0,0,0,2,36,3,41,0,4,75,0,742,74,0,745,0,0,0,7,15,1,1663,122,3242
Tamil Nadu,Thiruvannamalai,13,1,0,0,10,8,0,0,0,5,0,3,6,2,4,0,0,13,0,0,0,0,0,0,0,0,0,0,57,38,38,0,0,6,665,51,614,0,0,0,0,12,49,0,0,0,0,875,17,0,0,839,14,0,0,5,0,0,6,3,0,1,2,0,0,2,0,0,0,1,1651,0,0,0,0,83,61,0,0,0,0,0,0,0,0,5,0,50,4,2,0,0,0,0,0,0,0,3,147,314,0,221,0,0,0,0,93,7,10,18,1,1,0,0,9,0,4,0,77,25,52,440,0,0,0,0,0,45,0,0,0,0,0,42,3,45,0,0,0,0,1369,9,0,134,0,0,0,7,2,0,1521,1315,5176
Tamil Nadu,Thiruvarur,3,0,0,0,48,6,0,0,0,1,0,5,2,0,1,1,0,23,3,0,0,0,0,0,0,0,0,0,87,24,24,0,0,2,216,1,209,0,0,0,6,4,19,0,0,0,0,601,18,0,0,583,0,0,0,0,0,1,0,0,0,0,0,0,0,0,0,0,0,0,867,0,0,0,0,0,3,0,0,0,0,0,3,0,0,0,0,0,0,0,0,0,0,0,0,0,0,0,3,152,5,50,0,0,0,3,94,2,0,10,0,0,0,0,2,0,1,0,49,13,36,216,0,0,0,0,0,103,0,0,0,0,0,102,1,103,0,0,4,0,667,0,0,0,0,0,0,10,0,0,681,1159,3116
Tamil Nadu,Thoothukudi,15,4,1,0,63,23,0,0,0,8,0,15,8,2,2,4,0,10,2,0,1,0,0,0,0,0,0,0,135,70,70,0,0,5,471,44,416,0,0,0,11,8,185,2,0,0,0,733,41,1,1,618,57,0,0,15,0,2,16,11,0,2,9,0,0,1,0,0,0,4,1492,0,0,0,0,82,1,0,0,0,0,0,0,0,0,0,0,0,0,0,0,0,0,0,1,4,0,4,91,240,9,102,0,0,0,3,126,25,169,78,6,6,0,1,0,0,31,0,197,37,160,747,0,0,0,0,0,53,14,0,0,0,14,34,5,53,0,24,0,0,920,0,0,253,4,0,109,23,6,13,1352,2474,6344
Tamil Nadu,Tiruppur,11,0,0,0,12,2,0,0,0,2,0,0,0,0,1,0,0,7,5,0,0,0,0,0,0,0,0,0,38,35,35,0,0,0,672,39,612,0,0,0,21,8,43,0,0,0,0,507,37,0,0,407,42,0,0,21,0,26,9,5,0,1,4,0,0,0,0,0,0,4,1300,0,0,0,0,19,11,0,0,0,0,0,0,0,0,2,0,3,2,4,0,0,0,0,0,1,0,1,32,212,7,85,0,0,0,1,119,28,3,37,3,3,0,1,0,0,8,0,169,52,117,461,0,0,0,0,0,124,0,0,0,0,0,117,7,124,0,9,0,0,1817,0,0,0,0,0,2,9,24,2,1863,517,4335
Tamil Nadu,Tiruppur City,4,0,0,0,4,1,0,0,0,0,0,1,0,0,2,1,0,4,0,0,0,0,1,0,0,0,0,0,17,21,20,1,0,1,167,14,153,0,0,0,0,2,16,0,0,0,0,209,8,0,0,198,3,0,0,0,0,0,5,0,0,0,0,0,0,2,0,0,0,3,421,0,0,0,0,95,5,0,0,0,0,0,0,0,0,0,0,0,2,1,0,2,0,0,0,0,0,1,101,135,7,76,0,0,0,1,51,18,31,49,3,3,0,0,1,0,3,0,77,20,57,317,0,0,0,0,0,54,28,0,0,0,28,26,0,54,0,0,0,0,606,43,0,0,0,0,2,4,7,4,666,376,1952
Tamil Nadu,Trichy,19,1,0,0,50,3,1,0,0,0,0,2,0,2,0,8,0,41,2,0,0,0,0,0,0,0,0,0,126,42,42,0,0,3,605,43,562,0,0,0,0,5,31,0,0,0,0,695,12,0,0,680,3,0,0,0,0,55,6,2,0,1,1,0,1,2,0,0,0,1,1442,0,0,0,0,55,77,0,0,0,0,0,6,0,0,2,0,14,5,38,0,11,0,1,0,11,1,2,146,338,4,169,4,0,3,3,155,5,1,37,3,3,0,0,2,1,0,0,156,36,120,543,0,0,0,0,0,237,19,5,0,10,4,193,25,237,0,5,11,0,1318,0,0,858,0,0,0,6,48,19,2265,182,4941
Tamil Nadu,Trichy City,5,2,0,0,6,6,1,0,0,0,5,0,0,0,0,4,0,20,1,0,0,0,0,0,0,0,0,0,44,19,19,0,0,2,161,42,117,0,0,0,2,2,31,0,0,0,0,283,4,0,0,241,24,0,0,13,1,17,3,0,0,0,0,0,0,0,0,0,0,3,518,0,0,0,0,122,5,0,0,0,0,0,0,0,1,0,0,0,1,3,0,0,0,0,0,1,0,0,128,224,2,129,0,0,0,3,90,23,64,48,1,1,0,0,0,0,1,0,69,20,49,430,0,0,0,0,0,83,0,0,0,0,0,70,13,83,0,2,0,0,403,0,0,303,0,1,1,0,16,3,729,81,2013
Tamil Nadu,Vellore,2,0,0,0,17,3,0,0,0,3,0,0,0,0,0,3,1,32,0,0,0,0,0,0,0,0,0,0,58,19,19,0,0,2,302,21,281,0,0,0,0,11,33,0,0,0,0,338,13,0,0,285,26,0,0,14,0,30,7,7,0,2,5,0,0,0,0,0,0,0,742,0,0,0,0,28,1,0,0,0,0,0,0,0,0,0,0,0,0,1,0,0,0,0,0,2,0,0,31,560,65,473,0,0,1,0,21,9,1,11,1,1,0,0,0,0,2,0,76,23,53,660,0,0,0,0,0,118,0,0,0,0,0,118,0,118,0,8,0,0,677,1573,0,0,0,0,0,2,0,0,2260,876,4745
Tamil Nadu,Villupuram,16,0,0,0,6,0,0,0,0,0,0,0,0,0,0,0,1,21,6,0,0,0,0,0,0,0,0,0,50,36,36,0,0,4,554,66,488,0,0,0,0,11,55,0,0,0,0,1129,0,0,0,1097,30,0,0,2,0,0,0,0,0,0,0,0,0,0,0,0,0,0,1789,0,0,0,0,0,99,0,0,0,0,0,0,0,0,23,14,24,28,0,0,10,0,0,0,0,0,129,228,260,50,185,0,0,0,0,25,18,7,28,4,4,0,0,2,2,2,0,123,35,88,446,0,0,0,0,0,59,0,0,0,0,0,46,13,59,0,7,232,0,2189,326,0,12,0,12,117,10,651,1,3557,161,6290
Tamil Nadu,Virudhunagar,26,0,0,0,34,7,0,0,0,3,0,4,1,2,1,0,0,18,0,0,0,0,0,0,0,0,0,0,89,60,60,0,0,3,482,47,435,0,0,0,0,0,74,1,0,0,0,530,7,0,0,507,5,0,0,7,4,0,3,1,0,0,1,0,0,1,0,0,0,1,1153,0,0,0,0,52,5,0,0,0,0,0,0,0,0,0,0,0,0,0,0,3,0,0,2,1,0,0,58,227,8,116,0,1,0,2,100,20,65,38,1,1,0,0,0,0,11,0,129,46,83,491,0,0,0,0,0,66,10,7,1,0,2,52,4,66,0,6,38,0,1043,2,0,445,0,0,7,16,38,14,1609,790,4256
Tamil Nadu,Cyber Cell,0,0,0,0,0,0,0,0,0,0,0,0,0,0,0,0,0,0,0,0,0,0,0,0,0,0,0,0,0,0,0,0,0,0,0,0,0,0,0,0,0,0,0,0,0,0,0,0,0,0,0,0,0,0,0,0,0,0,0,0,0,0,0,0,0,0,0,0,0,0,0,0,0,0,0,0,0,0,0,0,0,0,0,0,0,0,0,0,0,0,0,0,0,0,0,0,0,0,0,0,0,0,0,0,0,0,0,0,0,0,0,0,0,0,0,0,0,0,0,0,0,0,0,0,0,0,0,1,0,0,0,0,0,0,1,1,0,0,0,0,0,0,0,0,0,0,0,0,0,0,0,0,1
Tamil Nadu,Other Units,0,0,0,0,0,0,0,0,0,0,0,0,0,0,0,1,0,0,0,0,0,0,0,0,0,0,0,0,1,0,0,0,0,0,0,0,0,0,0,0,0,0,0,0,0,0,0,0,0,0,0,0,0,0,0,0,0,0,0,0,0,0,0,0,0,0,0,0,0,0,0,0,0,0,0,0,0,0,0,0,0,0,0,0,0,0,0,0,0,0,0,0,0,0,0,0,0,0,0,1,0,0,0,0,0,0,1,0,0,0,0,0,0,0,0,0,0,0,0,0,0,1,0,0,0,0,0,88,7,0,0,0,7,80,1,88,0,0,0,0,0,0,0,0,0,2,0,0,0,2,4,0,94
Tamil Nadu,Chengalpattu,11,0,0,0,4,7,0,0,1,4,0,2,2,2,1,2,0,9,0,0,0,0,0,0,0,0,0,0,38,20,20,0,0,1,367,58,309,0,0,0,0,9,33,0,0,0,0,360,1,0,0,345,14,0,0,0,0,0,2,2,0,2,0,0,0,0,0,0,0,0,792,0,0,0,0,22,41,0,0,0,0,0,0,0,0,0,0,5,0,6,0,18,0,0,12,0,0,0,63,143,0,74,0,0,0,0,69,25,15,38,2,2,0,0,0,0,0,0,113,33,80,336,0,0,0,0,0,54,0,0,0,0,0,54,0,54,0,0,7,0,1122,0,0,0,0,0,0,2,0,0,1131,1455,3869
Tamil Nadu,Kallakurichi,10,0,0,0,47,0,0,0,0,0,0,0,0,0,0,2,0,20,12,0,0,0,0,0,0,0,0,0,91,19,19,0,0,7,293,30,263,0,0,0,0,4,47,0,0,0,0,868,21,0,0,835,12,0,0,0,0,13,1,1,0,0,1,0,0,0,0,0,0,0,1252,0,0,0,0,53,99,0,0,0,0,0,8,0,0,2,0,20,38,31,0,0,0,0,0,0,0,6,158,427,97,292,0,0,0,0,38,8,0,22,2,2,0,0,1,0,2,0,105,19,86,567,0,0,0,0,0,55,0,0,0,0,0,51,4,55,0,8,30,0,978,516,0,0,0,0,3,6,5,2,1548,207,3878
Tamil Nadu,Ranipet,3,1,0,0,3,1,0,0,0,1,0,0,0,1,2,0,0,6,0,0,0,0,0,0,0,0,0,0,17,22,22,0,0,3,261,33,228,0,0,0,0,2,25,0,0,0,0,337,9,0,0,313,15,0,0,0,0,8,3,1,0,0,1,0,0,1,0,0,0,1,661,0,0,0,0,0,0,0,0,0,0,0,0,0,0,0,0,0,0,0,0,0,0,0,0,0,0,0,0,212,6,147,0,0,0,0,59,0,3,9,2,2,0,0,4,0,0,0,50,15,35,280,0,0,0,0,0,62,4,1,0,1,2,39,19,62,0,8,20,0,654,10,0,119,1,0,10,0,6,2,830,1334,3184
Tamil Nadu,Tiruppattur,12,3,0,0,17,3,0,2,0,0,0,1,0,1,5,4,0,7,3,0,0,0,0,0,1,0,0,0,56,18,18,0,0,1,212,20,190,0,0,0,2,5,17,0,0,0,0,295,28,1,0,221,32,0,0,13,0,0,4,1,0,0,1,0,0,1,0,0,0,2,552,0,0,0,0,62,0,0,0,0,0,0,0,0,0,0,0,0,0,0,0,0,0,0,0,4,0,0,66,198,8,113,0,0,0,1,76,7,16,9,2,2,0,0,0,0,10,0,76,20,56,318,0,0,0,0,0,86,15,0,0,0,15,65,6,86,0,8,4,0,525,8,0,21,0,0,5,0,18,2,591,1629,3298
Tamil Nadu,Tenkasi,4,1,1,0,21,35,0,2,0,16,0,17,1,3,9,4,0,7,1,0,0,1,1,0,0,0,0,0,89,30,30,0,0,7,269,12,255,0,0,0,2,4,63,1,1,5,0,575,28,0,0,490,44,0,0,13,0,21,5,3,0,0,3,0,0,1,0,0,0,1,981,0,0,0,0,68,0,0,0,0,0,0,0,0,0,0,0,0,0,0,0,0,0,0,0,3,0,1,72,224,6,68,0,1,0,3,146,6,36,20,3,3,0,0,0,0,3,0,118,46,72,410,0,0,0,0,0,133,18,0,0,0,18,112,3,133,0,15,1,0,743,5,0,261,3,0,2,24,46,8,1108,554,3347
Tamil Nadu,Mayiladuthurai,1,1,0,0,69,1,0,0,0,0,0,1,1,0,0,1,0,10,0,0,0,0,0,0,0,0,0,0,84,13,13,0,0,6,154,8,146,0,0,0,0,9,29,0,0,0,0,598,3,0,0,566,27,0,0,2,0,0,3,1,0,0,1,0,0,1,0,0,0,1,812,0,0,0,0,53,0,0,0,0,0,0,0,0,0,0,0,0,0,0,0,0,0,0,0,0,0,0,53,124,1,38,0,0,0,0,85,5,2,8,0,0,0,1,0,0,4,0,42,13,29,186,0,0,0,0,0,36,1,0,0,0,1,32,3,36,0,3,4,0,559,0,0,44,0,0,0,8,0,1,619,390,2180
Tamil Nadu,Avadi,7,0,3,0,8,1,0,0,0,0,0,1,1,3,2,2,0,56,1,0,0,0,0,0,0,0,0,0,84,49,49,0,0,9,473,18,403,0,0,0,52,3,40,0,0,0,0,327,11,0,0,244,41,0,0,31,0,4,3,0,0,0,0,0,1,0,0,0,0,2,908,0,0,0,0,31,5,0,0,0,0,0,0,0,0,0,0,0,0,0,0,0,0,0,5,0,0,0,36,562,5,274,0,0,0,8,275,40,52,35,4,4,0,0,0,0,0,0,165,30,135,858,0,0,0,0,0,696,11,6,2,3,0,674,11,696,0,1,46,0,1189,20,0,5,0,2,3,6,30,2,1304,779,4665
Tamil Nadu,Tambaram,13,0,0,0,8,4,0,0,0,0,0,4,0,1,0,0,0,13,0,0,0,0,0,0,0,0,0,0,39,44,44,0,0,2,521,59,427,0,0,0,35,7,52,0,0,0,0,414,3,0,0,378,26,0,0,7,0,1,7,1,0,0,1,0,2,2,0,0,0,2,1048,0,0,0,0,24,12,0,0,0,0,0,0,0,0,0,0,0,0,0,0,0,0,0,12,0,0,0,36,872,11,380,0,0,0,11,470,43,72,113,5,5,0,0,0,0,2,0,202,53,149,1309,0,0,0,0,0,418,1,0,0,0,1,403,14,418,0,1,0,0,1598,5,0,0,0,0,11,4,37,2,1658,559,5067
Telangana,Cyberabad Commissionerate,153,0,54,0,219,73,6,5,3,2,0,57,20,49,357,230,24,1435,2,0,0,4,2,0,2,0,0,0,2624,146,146,0,0,60,1104,180,756,0,2,0,166,92,128,0,0,0,0,3084,31,0,0,1194,217,0,0,1640,2,614,753,726,236,233,257,0,0,11,0,0,0,16,5981,0,0,0,0,0,18,2,0,0,0,4,0,0,0,0,0,3,2,1,0,3,0,1,2,9,0,20,47,4142,312,2120,49,6,3,106,1546,27,66,148,13,13,0,10,0,9,22,0,731,150,581,5168,3,0,0,0,3,15519,13194,13,152,1643,11386,1975,350,15522,0,28,446,0,2092,0,0,29,4,0,78,48,1543,10,4278,3882,37502
Telangana,Hyderabad Commissionerate,358,13,40,0,298,149,4,0,24,49,0,72,16,50,316,42,14,1085,2,0,0,1,11,0,5,0,0,0,2400,89,89,0,0,36,319,227,37,0,9,0,46,24,228,28,0,2,0,1433,44,0,0,518,233,0,1,636,1,51,638,636,223,0,413,0,0,0,0,0,0,2,2848,0,0,0,0,16,26,4,0,0,0,14,0,0,0,0,0,2,2,0,0,0,0,0,4,28,2,22,94,4875,220,1680,4,3,1,88,2879,205,39,221,30,30,0,7,0,7,155,0,447,112,335,5986,5,0,0,0,5,5679,1859,547,235,366,711,3793,27,5684,0,47,1230,0,4566,66,3,5,8,6,35,44,193,66,6269,3750,27031
Telangana,Karimnagar Commissionerate,30,4,4,0,39,39,0,0,0,10,0,29,4,8,105,10,5,237,3,0,2,0,1,0,0,0,0,0,491,14,14,0,0,3,194,18,166,0,5,0,5,23,55,0,1,0,0,788,20,0,0,423,0,0,0,345,0,48,80,71,17,0,54,0,2,2,0,0,0,5,1206,0,0,0,0,0,16,0,0,0,0,0,0,0,0,0,0,0,0,1,0,0,0,0,15,0,0,2,18,334,2,133,0,0,0,0,199,9,14,5,0,0,0,0,0,0,88,0,144,24,120,594,0,0,0,0,0,772,66,0,0,2,64,697,9,772,0,16,12,0,415,2,0,0,0,5,9,16,507,23,1005,1496,5582
Telangana,Khammam Commissionerate,20,0,13,0,99,47,0,0,0,13,0,34,1,12,125,11,5,362,8,0,0,0,2,0,6,0,0,0,711,26,26,0,0,11,303,20,278,0,0,2,3,34,42,1,0,31,0,594,10,0,0,537,43,0,0,4,0,43,115,109,57,29,23,0,0,0,0,0,0,6,1200,0,0,0,0,11,26,0,0,0,0,2,0,0,0,0,0,13,1,2,0,0,0,0,8,0,0,5,42,517,10,165,1,0,0,0,341,8,22,7,2,2,0,0,0,1,41,0,260,65,195,858,1,0,0,0,1,812,343,8,7,42,286,460,9,813,0,11,43,0,581,2,0,4,1,2,8,33,337,6,1028,2105,6757
Telangana,Nizamabad Commissionerate,22,2,3,0,76,29,0,0,0,0,0,29,3,6,74,29,3,328,3,0,0,0,4,0,3,0,0,0,585,49,49,0,0,14,345,54,281,0,0,0,10,26,64,3,6,0,0,637,6,0,0,544,62,0,0,20,5,180,120,117,0,52,65,0,0,0,0,0,0,3,1444,0,0,0,0,0,6,0,0,0,0,0,0,0,0,0,0,0,0,0,0,0,0,0,6,10,0,16,32,898,8,432,1,0,0,0,457,20,87,32,2,2,0,3,0,0,28,0,399,40,359,1469,1,0,0,0,1,758,403,0,0,2,401,354,1,759,0,19,31,0,519,8,0,46,10,0,22,46,312,6,1019,827,6135
Telangana,Rachakonda Commissionerate,161,0,18,0,324,61,4,12,7,15,1,22,12,24,355,251,20,1302,32,0,0,0,0,0,0,0,0,0,2560,88,88,0,0,8,735,284,451,0,0,0,0,88,114,0,0,0,0,1481,25,0,0,1433,22,0,1,0,0,392,468,454,0,9,445,0,0,0,0,0,0,14,3374,2,1,1,2,1,16,0,0,0,3,0,0,0,1,3,0,7,0,0,0,0,0,0,2,0,0,0,17,2487,62,897,0,0,0,10,1518,14,51,122,4,4,0,0,0,1,115,3,658,85,573,3455,1,0,0,0,1,6193,3301,1126,479,601,1095,2851,41,6194,0,10,58,0,2869,1,0,6,6,43,18,67,769,36,3883,5399,24884
Telangana,Ramagundam Commissionerate,32,2,0,0,73,38,0,0,0,0,0,38,4,9,99,39,11,547,2,0,0,0,0,0,2,0,0,0,858,47,47,0,0,14,294,14,258,0,18,4,0,40,100,0,0,0,0,870,19,0,0,567,31,0,0,252,1,117,76,74,0,28,46,0,1,1,0,0,0,0,1558,0,0,0,0,0,8,0,0,0,0,0,0,0,0,0,0,0,0,0,0,0,0,0,8,8,0,7,23,502,3,72,0,0,0,0,427,5,25,12,0,0,0,0,0,0,22,0,214,37,177,780,0,0,0,0,0,759,253,0,0,0,253,504,2,759,0,3,9,0,355,0,0,0,0,0,0,6,429,41,843,1468,6289
Telangana,Siddipet Commissionerate,19,2,3,0,59,20,0,0,0,8,0,12,5,6,49,9,6,256,0,0,0,0,0,0,0,0,0,0,434,28,28,0,0,8,308,0,297,0,1,0,10,27,44,0,0,0,0,523,19,0,0,475,29,0,0,0,0,83,70,69,58,1,10,0,0,0,0,0,0,1,1091,0,0,0,0,6,3,0,0,0,0,0,0,0,0,0,0,3,0,0,0,0,0,0,0,4,0,8,21,477,1,107,0,0,0,0,369,11,9,7,1,1,0,0,0,0,8,18,260,41,219,791,0,0,0,0,0,521,215,0,0,20,195,297,9,521,0,10,12,0,398,0,0,0,3,0,8,16,446,5,898,799,4555
Telangana,Warangal Commissionerate,59,4,9,0,102,56,0,0,0,0,0,56,10,6,143,59,10,626,2,0,0,0,0,0,1,0,0,0,1087,41,41,0,0,7,442,42,395,0,2,0,3,68,106,0,0,0,0,1030,41,0,0,904,85,0,0,0,0,0,180,174,174,0,0,0,0,0,0,0,0,6,1874,0,0,0,0,0,58,0,0,0,0,0,0,0,0,0,0,12,2,0,0,0,0,0,44,2,0,0,60,596,28,203,0,0,0,1,364,20,14,23,2,2,0,0,0,0,8,0,306,68,238,969,0,0,0,0,0,1708,794,0,0,0,794,914,0,1708,0,11,44,0,1031,0,0,0,0,0,0,48,0,30,1164,3268,10130
Telangana,Adilabad,8,4,7,0,13,24,0,0,0,0,0,24,5,1,32,14,4,185,2,0,0,0,0,0,0,0,0,0,299,14,14,0,0,5,131,0,127,0,0,0,4,16,48,0,0,0,0,417,4,0,0,246,46,0,0,121,0,22,41,41,0,18,23,0,0,0,0,0,0,0,694,0,0,0,0,4,8,0,0,0,0,2,0,0,0,2,0,0,0,0,0,2,0,0,2,6,0,2,20,194,10,69,0,0,0,0,115,0,8,7,0,0,0,0,0,0,15,0,156,24,132,380,0,0,0,0,0,192,111,0,1,0,110,71,10,192,0,0,1,0,195,2,2,2,2,0,1,14,104,24,347,602,2534
Telangana,Bhadradri Kothagudem,22,0,8,0,53,70,0,2,0,0,0,68,2,7,40,0,3,435,3,0,0,0,0,0,3,0,0,0,646,26,26,0,0,3,236,7,224,0,1,0,4,32,38,0,0,21,0,446,14,0,0,293,25,0,0,114,0,47,80,77,72,0,5,0,0,0,0,0,0,3,929,0,0,0,0,13,26,0,0,0,0,0,0,0,0,0,0,8,0,18,0,0,0,0,0,0,0,0,39,271,9,101,0,0,1,0,160,4,18,5,2,2,0,0,0,1,29,0,152,16,136,482,0,0,0,0,0,395,235,0,35,30,170,160,0,395,0,8,6,0,166,3,0,0,0,0,9,15,334,7,548,1256,4295
Telangana,Jagityal,21,1,0,0,63,29,2,1,2,3,1,20,7,9,83,0,1,377,0,0,0,0,0,0,0,0,0,0,591,30,30,0,0,5,176,3,172,0,1,0,0,10,50,0,0,0,0,517,3,0,0,479,35,0,0,0,0,2,58,58,0,0,58,0,0,0,0,0,0,0,848,0,0,0,0,0,2,0,0,0,0,0,0,0,0,0,0,0,0,0,0,0,0,0,2,0,0,0,2,224,19,154,0,0,0,0,51,1,10,13,1,1,0,1,0,0,31,0,159,24,135,440,1,0,0,0,1,444,1,0,0,0,1,435,8,445,0,7,116,0,208,0,0,0,0,0,0,15,291,29,666,1590,4582
Telangana,Jayashankar Bhupalpalli,9,0,0,0,7,47,0,0,0,0,0,47,0,6,10,0,0,155,14,0,0,0,0,0,0,0,0,0,248,12,12,0,0,4,74,1,73,0,0,0,0,9,41,0,0,0,0,377,0,0,0,349,28,0,0,0,0,9,30,30,8,11,11,0,0,0,0,0,0,0,556,0,0,0,0,0,8,0,0,0,0,0,0,0,0,0,0,4,0,0,0,0,0,0,4,0,0,0,8,77,12,13,0,0,0,0,52,0,7,1,0,0,0,0,0,0,1,0,38,11,27,124,0,0,0,0,0,232,93,0,0,0,93,131,8,232,0,6,0,0,71,0,0,0,0,0,0,2,198,0,277,665,2110
Telangana,Jogulamba Gadwal,5,0,0,0,23,22,0,0,0,0,0,22,1,2,25,16,2,54,3,1,0,0,0,0,0,0,0,0,154,12,12,0,0,1,125,20,105,0,0,0,0,9,7,0,0,1,0,252,5,0,0,194,15,0,0,38,0,63,25,23,0,19,4,0,0,0,0,0,0,2,495,0,0,0,0,11,1,0,0,0,0,0,0,0,0,0,0,1,0,0,0,0,0,0,0,3,0,1,16,281,2,20,0,0,0,1,258,1,4,2,1,1,0,0,0,0,1,0,94,31,63,384,0,0,0,0,0,186,67,0,0,0,67,118,1,186,0,2,0,0,51,0,0,0,3,0,3,7,108,4,178,237,1650
Telangana,Kamareddy,12,0,2,0,32,32,0,0,0,0,0,32,2,1,45,25,2,312,8,0,0,0,1,0,6,0,0,0,480,45,45,0,0,4,263,34,227,0,0,0,2,9,20,0,0,0,0,438,9,0,0,420,8,0,0,1,0,137,25,21,0,13,8,1,1,0,0,0,0,2,941,0,0,0,0,0,11,0,0,0,0,0,0,0,0,0,0,1,3,0,0,2,0,0,5,0,0,10,21,494,17,215,0,0,1,1,260,12,12,15,0,0,0,0,0,0,14,0,214,18,196,761,1,0,0,0,1,369,182,0,0,0,182,181,6,370,0,3,20,0,308,0,0,10,4,0,3,15,375,1,739,613,3925
Telangana,Kumaram Bheem Asifabad,7,0,2,0,10,6,0,1,0,0,0,5,0,0,11,9,1,108,0,0,0,0,0,0,1,0,0,0,155,12,12,0,0,3,64,1,63,0,0,0,0,15,34,1,0,0,0,134,6,0,0,116,12,0,0,0,0,2,20,20,0,11,9,0,0,0,0,0,0,0,285,0,0,0,0,0,4,0,0,0,0,0,0,0,0,0,0,3,0,0,0,0,0,0,1,2,0,3,9,53,0,1,0,0,0,0,52,0,6,1,1,1,0,0,0,0,2,0,35,2,33,98,0,0,0,0,0,182,33,0,0,0,33,141,8,182,0,0,0,0,85,0,0,6,3,0,23,11,6,1,135,423,1287
Telangana,Mahabubabad,14,2,1,0,47,20,0,0,0,0,0,20,9,2,71,19,2,162,0,0,0,0,0,0,0,0,0,0,349,16,16,0,0,7,118,0,118,0,0,0,0,13,28,0,0,0,0,423,2,0,0,335,13,0,0,73,0,0,44,44,44,0,0,0,0,0,0,0,0,0,649,0,0,0,0,0,50,0,0,0,0,0,0,0,0,0,0,19,9,16,0,0,0,0,6,0,0,0,50,159,4,62,0,0,0,0,93,2,3,1,0,0,0,0,0,0,18,0,111,30,81,294,0,0,0,0,0,255,105,44,10,12,39,150,0,255,0,7,4,0,85,0,0,0,0,0,0,8,167,0,271,609,2477
Telangana,Mahabubnagar,34,1,2,0,40,28,0,0,0,0,0,28,6,2,32,0,3,167,44,0,0,0,0,0,0,0,0,0,359,32,32,0,0,5,250,63,187,0,0,0,0,23,24,0,0,0,0,384,0,0,0,232,17,0,0,135,0,121,27,27,27,0,0,0,0,0,0,0,0,0,866,0,0,0,0,0,6,0,0,0,0,0,0,0,0,0,0,0,0,0,0,0,0,0,6,1,0,1,8,311,116,152,0,0,0,0,43,0,4,9,0,0,0,0,0,0,6,0,193,30,163,523,0,0,0,0,0,149,11,8,3,0,0,138,0,149,0,5,15,0,81,0,0,0,1,0,30,10,205,6,353,888,3146
Telangana,Medak,8,0,0,0,29,19,0,0,0,0,0,19,3,2,31,3,4,191,0,0,0,0,2,0,0,0,0,0,292,46,46,0,0,12,322,20,302,0,0,0,0,10,29,0,0,0,0,443,3,0,0,383,55,0,0,2,0,32,44,44,0,19,25,0,0,0,0,0,0,0,938,0,0,0,0,0,1,0,0,0,0,0,0,0,0,0,0,0,1,0,0,0,0,0,0,0,0,10,11,503,12,116,0,0,0,0,375,3,14,15,0,0,0,0,0,0,60,0,229,30,199,824,0,0,0,0,0,205,105,51,30,0,24,100,0,205,0,0,0,0,314,0,0,0,0,0,0,39,114,0,467,858,3595
Telangana,Nagarkurnool,23,5,4,0,45,19,0,0,0,0,0,19,1,0,30,10,3,131,0,0,1,0,0,0,2,0,0,0,274,39,39,0,0,4,190,6,184,0,0,0,0,19,24,0,0,0,0,359,4,0,0,329,26,0,0,0,0,43,39,38,0,19,19,0,0,0,0,0,0,1,717,0,0,0,0,0,0,0,0,0,0,0,0,0,0,0,0,0,0,0,0,0,0,0,0,7,0,6,13,143,19,13,0,0,0,3,108,2,3,2,0,0,0,0,0,0,6,0,129,29,100,285,0,0,0,0,0,253,98,0,3,3,92,155,0,253,0,2,12,0,205,0,0,0,4,0,1,13,202,17,456,529,2527
Telangana,Nalgonda,29,6,3,0,99,53,0,0,8,0,0,45,5,5,59,66,1,315,26,0,0,0,1,0,0,0,0,0,668,39,39,0,0,5,399,39,356,0,1,0,3,24,60,0,0,2,0,601,19,1,0,543,24,0,0,12,2,286,35,31,0,3,28,0,2,0,0,0,0,2,1451,0,0,0,0,1,4,0,0,0,0,0,0,0,1,0,0,0,0,0,0,2,0,0,1,1,0,18,24,449,15,237,4,6,6,2,179,8,20,10,2,2,0,2,0,4,36,4,208,76,132,743,0,0,0,0,0,667,27,0,3,0,24,633,7,667,0,1,90,0,637,0,0,4,2,1,17,27,518,4,1301,1117,5971
Telangana,Nirmal,19,6,4,0,24,7,0,0,0,0,0,7,3,3,66,13,2,177,0,0,0,0,0,0,0,0,0,0,324,17,17,0,0,3,328,5,315,0,0,0,8,11,41,0,0,0,0,201,1,0,0,196,4,0,0,0,0,58,44,44,0,1,43,0,0,0,0,0,0,0,703,0,0,0,0,0,5,0,0,0,2,0,0,0,0,0,0,0,0,0,0,0,0,0,3,34,0,14,53,322,0,137,1,0,0,0,184,9,11,10,1,1,0,0,0,0,5,0,184,28,156,542,0,0,0,0,0,131,0,0,0,0,0,131,0,131,0,0,13,0,58,1,0,0,6,0,0,17,116,18,229,620,2602
Telangana,Rajanna Siricilla,8,0,0,0,79,16,0,5,0,0,0,11,0,5,20,1,4,216,1,0,0,0,0,0,0,0,0,0,350,14,14,0,0,3,100,100,0,0,0,0,0,20,18,0,0,0,0,282,6,0,0,236,40,0,0,0,0,137,23,23,0,8,15,0,0,0,0,0,0,0,597,0,0,0,0,0,0,0,0,0,0,0,0,0,0,0,0,0,0,0,0,0,0,0,0,0,0,0,0,275,24,101,0,0,1,0,149,0,28,13,0,0,0,0,0,0,19,0,185,13,172,520,0,0,0,0,0,507,75,0,0,0,75,432,0,507,0,0,0,0,244,0,0,0,0,0,0,19,317,0,580,866,3420
Telangana,Sangareddy,24,4,4,0,45,13,0,4,0,0,0,9,1,5,28,4,6,140,5,0,0,0,9,0,1,0,0,0,289,70,70,0,0,8,473,78,334,0,3,0,58,8,51,0,0,0,0,411,0,0,0,395,16,0,0,0,0,28,94,91,4,4,83,0,0,0,0,0,0,3,1143,0,0,0,0,1,10,0,0,0,0,1,0,0,1,0,0,0,0,2,0,0,0,0,6,1,0,0,12,713,46,378,0,10,2,0,277,8,13,39,1,1,0,0,0,1,22,3,286,52,234,1086,0,0,0,0,0,198,67,0,6,0,61,107,24,198,0,8,3,0,546,0,0,1,6,0,3,23,68,2,660,886,4274
Telangana,Suryapet,26,2,1,0,119,40,0,0,0,0,0,40,5,2,89,57,1,385,3,0,0,0,0,0,0,0,0,0,730,21,19,2,0,6,250,15,229,0,1,0,5,12,56,0,0,0,0,887,8,1,0,869,9,0,0,0,0,170,64,64,0,29,35,0,0,0,0,0,0,0,1466,0,0,0,0,0,19,0,0,0,0,3,0,0,0,0,0,8,0,1,0,5,0,0,2,0,0,25,44,381,1,70,1,0,1,0,308,2,6,9,3,3,0,0,0,0,23,0,180,53,127,604,0,0,0,0,0,538,400,0,0,0,400,119,19,538,0,2,1,0,378,0,0,0,0,5,7,33,456,4,886,1036,5304
Telangana,Vikarabad,11,0,0,0,50,23,0,0,0,0,0,23,0,5,27,10,1,95,0,0,0,0,1,0,0,0,0,0,223,25,25,0,0,6,157,11,146,0,0,0,0,23,39,0,0,0,0,405,4,0,0,316,7,0,0,77,1,59,68,68,0,29,39,0,0,0,0,0,0,0,782,0,0,0,0,0,1,0,0,0,0,0,0,0,0,0,0,0,1,0,0,0,0,0,0,5,0,4,10,172,26,85,2,0,4,0,55,4,9,5,0,0,0,0,0,0,2,0,106,15,91,298,1,0,0,0,1,307,191,0,4,18,169,106,10,308,0,0,59,0,122,1,0,3,1,1,7,16,198,0,408,480,2509
Telangana,Wanaparthy,0,0,0,0,50,4,0,4,0,0,0,0,0,0,0,7,1,126,0,0,0,0,0,0,0,0,0,0,188,15,15,0,0,5,134,21,113,0,0,0,0,3,15,0,0,0,0,233,19,0,0,214,0,0,0,0,0,0,41,41,0,16,25,0,0,0,0,0,0,0,446,0,0,0,0,0,1,0,0,0,0,0,0,0,0,0,0,0,0,0,0,0,0,0,1,0,0,0,1,292,0,0,0,0,0,0,292,5,0,5,1,1,0,0,0,0,21,0,119,42,77,443,0,0,0,0,0,138,67,0,0,0,67,71,0,138,0,0,0,0,143,0,0,0,0,0,0,0,94,0,237,292,1745
Telangana,Railway Police Secunderabad,0,0,0,0,1,1,0,0,1,0,0,0,0,0,0,1,0,0,0,0,0,0,1,0,0,0,0,0,4,5,5,0,0,1,5,0,0,0,0,0,5,4,2,0,0,0,0,23,0,0,0,11,8,0,0,3,1,0,8,8,1,3,4,0,0,0,0,0,0,0,48,0,0,0,0,0,0,0,0,0,0,0,0,0,0,0,0,0,0,0,0,0,0,0,0,0,0,0,0,944,0,0,63,0,0,0,881,39,2,16,0,0,0,1,0,1,0,0,0,0,0,1003,0,0,0,0,0,12,0,0,0,0,0,12,0,12,0,0,0,0,0,0,0,0,0,1,1,0,2,0,4,40,1111
Telangana,Mulug,2,1,0,0,12,4,0,0,0,0,0,4,1,2,16,1,2,80,0,0,0,0,0,0,0,0,0,0,121,13,13,0,0,6,86,13,70,0,0,0,3,9,11,0,0,0,0,102,2,0,0,91,2,0,0,0,7,15,33,33,33,0,0,0,0,0,0,0,0,0,275,0,0,0,0,0,16,0,0,0,0,0,0,0,0,0,0,0,0,0,0,0,0,12,4,0,0,0,16,103,1,17,0,0,0,0,85,0,7,2,1,1,0,0,0,0,2,0,46,11,35,161,0,0,0,0,0,80,15,0,0,0,15,60,5,80,0,0,0,0,114,0,0,0,0,0,0,1,86,3,204,539,1396
Telangana,Narayanpet,12,0,1,0,26,9,0,3,0,0,0,6,1,0,17,0,3,72,0,0,0,0,0,0,0,0,0,0,141,9,9,0,0,3,102,6,96,0,0,0,0,11,14,0,0,0,0,289,0,0,0,192,0,1,0,96,0,0,29,29,0,17,12,0,0,0,0,0,0,0,457,0,0,0,0,0,3,0,0,0,0,0,0,0,0,0,0,1,0,0,0,0,0,0,2,0,0,0,3,80,0,11,0,0,0,0,69,8,0,1,0,0,0,0,0,0,1,0,60,27,33,150,0,0,0,0,0,151,2,0,0,0,2,149,0,151,0,0,0,0,13,0,0,0,0,0,0,0,152,0,165,312,1379
Tripura,Dhalai,7,0,0,0,3,0,0,0,0,0,0,0,5,0,0,0,1,9,4,0,0,0,0,0,0,0,0,0,29,14,14,0,0,0,18,0,17,0,0,0,1,2,7,0,0,0,0,56,0,0,0,56,0,0,0,0,0,0,3,3,3,0,0,0,0,0,0,0,0,0,100,0,0,0,0,0,3,0,0,0,0,0,0,0,0,0,0,1,0,2,0,0,0,0,0,0,0,0,3,13,0,2,0,0,0,0,11,0,0,0,1,1,0,0,0,0,1,0,6,0,6,21,0,0,0,0,0,2,0,0,0,0,0,1,1,2,0,0,0,0,27,0,0,0,0,0,0,2,6,0,35,7,197
Tripura,Gomati,6,1,1,0,3,0,0,0,0,0,0,0,3,0,0,0,1,43,1,0,0,0,0,0,5,0,0,0,64,13,13,0,0,0,18,0,18,0,0,0,0,1,3,0,0,0,0,68,55,0,0,10,3,0,0,0,0,0,7,7,0,0,7,0,0,0,0,0,0,0,110,0,0,0,0,0,2,0,0,0,0,1,0,0,0,0,0,0,0,0,0,0,0,1,0,0,0,0,2,16,0,4,0,0,3,0,9,0,0,1,0,0,0,0,0,0,2,0,12,2,10,31,0,0,0,0,0,15,3,0,0,0,3,12,0,15,0,0,0,0,36,0,0,0,0,0,4,3,9,0,52,12,286
Tripura,Grp,0,0,0,0,0,0,0,0,0,0,0,0,0,0,0,0,0,0,0,0,0,0,0,0,0,0,0,0,0,0,0,0,0,1,0,0,0,0,0,0,0,0,0,0,0,0,0,2,0,0,0,0,2,0,0,0,0,0,0,0,0,0,0,0,0,0,0,0,0,0,3,0,0,0,0,0,0,0,0,0,0,0,0,0,0,0,0,0,0,0,0,0,0,0,0,0,0,0,0,3,0,0,1,0,0,0,2,0,0,0,0,0,0,0,0,0,0,0,0,0,0,3,0,0,0,0,0,0,0,0,0,0,0,0,0,0,0,0,0,0,0,0,0,0,0,1,0,0,0,0,1,1,8
Tripura,Kowai,3,3,0,0,3,0,0,0,0,0,0,0,0,0,0,0,0,12,3,0,0,0,0,0,0,0,0,0,24,12,12,0,0,0,22,1,19,0,0,0,2,2,0,0,0,0,0,58,58,0,0,0,0,0,0,0,0,0,2,2,0,2,0,0,0,0,0,0,0,0,96,0,0,0,0,0,1,0,0,0,0,1,0,0,0,0,0,0,0,0,0,0,0,0,0,0,0,0,1,12,5,3,0,0,0,0,4,0,1,0,0,0,0,0,0,0,5,0,6,0,6,24,0,0,0,0,0,9,1,0,0,0,1,3,5,9,0,0,0,0,16,0,0,0,0,0,0,2,0,0,18,8,180
Tripura,North,11,0,0,0,5,0,0,0,0,0,0,0,0,0,0,0,2,34,4,0,0,0,0,0,2,0,0,0,58,13,13,0,0,1,19,0,18,0,0,0,1,1,13,0,0,0,0,109,60,0,1,45,1,0,0,0,2,0,8,6,0,3,3,0,0,2,0,0,0,0,164,0,0,0,0,0,2,2,0,0,0,0,0,0,0,0,0,0,0,0,0,0,0,0,0,0,0,0,2,49,0,14,0,0,0,0,35,2,7,6,0,0,0,0,0,0,1,0,13,0,13,78,0,0,0,0,0,24,0,0,0,0,0,21,3,24,0,0,0,0,33,0,0,0,0,0,0,4,0,0,37,22,385
Tripura,Sipahijala,8,3,0,0,1,0,0,0,0,0,0,0,0,0,0,0,5,25,3,0,0,0,0,0,4,0,0,0,49,15,15,0,0,0,34,1,32,0,0,0,1,6,5,0,0,0,0,99,57,0,0,31,10,1,0,0,0,0,12,10,8,0,2,0,2,0,0,0,0,0,171,0,0,0,0,0,3,0,0,0,0,0,0,0,0,0,0,0,0,0,0,0,0,0,3,0,0,0,3,15,4,4,0,0,0,0,7,0,1,0,0,0,0,0,0,0,0,0,10,0,10,26,0,0,0,0,0,8,0,0,0,0,0,8,0,8,0,0,0,0,42,0,0,0,0,0,0,0,0,0,42,64,363
Tripura,South,6,1,0,0,5,2,0,1,0,0,0,1,2,0,0,1,3,17,4,0,0,0,0,0,16,0,0,0,57,13,13,0,0,0,38,35,0,0,0,0,3,4,6,0,0,0,0,66,42,0,0,19,5,0,0,0,0,0,3,2,0,0,2,0,0,0,0,0,0,1,130,0,0,0,0,0,3,0,0,0,0,1,0,0,0,0,0,0,0,1,0,0,0,1,0,0,0,0,3,9,4,3,0,0,0,0,2,0,1,0,0,0,0,0,0,0,1,0,10,0,10,21,0,0,0,0,0,6,0,0,0,0,0,1,5,6,0,0,0,0,29,0,0,0,0,0,0,3,0,0,32,34,283
Tripura,Unakoti,11,0,0,0,12,1,0,0,0,0,0,1,4,0,0,0,3,52,2,0,0,0,0,0,6,0,0,0,91,6,6,0,0,0,15,1,13,0,0,0,1,1,13,0,0,0,0,94,44,0,0,12,0,0,1,0,37,0,2,2,0,0,2,0,0,0,0,0,0,0,131,0,0,0,0,0,0,0,0,0,0,0,0,0,0,0,0,0,0,0,0,0,0,0,0,0,0,0,0,18,0,6,0,0,0,0,12,0,0,0,0,0,0,0,0,0,3,0,6,0,6,27,1,0,0,0,1,31,0,0,0,0,0,31,0,32,0,0,0,0,18,0,0,0,0,0,0,2,0,0,20,27,328
Tripura,West,12,1,0,0,11,8,0,0,0,1,0,7,4,0,0,1,5,65,5,0,0,0,0,0,8,0,0,0,120,30,28,2,0,0,62,24,34,0,2,0,2,4,33,0,0,0,0,232,145,0,0,48,23,2,0,2,12,0,13,10,0,4,6,0,1,1,0,0,0,1,374,3,0,3,3,0,9,0,0,0,0,1,0,0,0,1,0,0,3,4,0,0,0,0,0,0,0,0,9,91,14,38,0,0,0,0,39,0,5,4,3,3,0,0,0,0,10,0,43,2,41,156,1,0,0,0,1,80,20,0,0,0,20,48,12,81,0,1,0,0,164,0,0,0,0,0,20,2,12,1,200,20,963
Tripura,Crime Branch,0,0,0,0,0,0,0,0,0,0,0,0,0,0,0,0,0,0,0,0,0,0,0,0,0,0,0,0,0,0,0,0,0,0,0,0,0,0,0,0,0,0,0,0,0,0,0,0,0,0,0,0,0,0,0,0,0,0,0,0,0,0,0,0,0,0,0,0,0,0,0,0,0,0,0,0,0,0,0,0,0,0,0,0,0,0,0,0,0,0,0,0,0,0,0,0,0,0,0,0,0,0,0,0,0,0,0,0,0,0,0,0,0,0,0,0,1,0,0,0,0,1,0,0,0,0,0,0,0,0,0,0,0,0,0,0,0,0,0,0,0,0,0,0,0,0,0,0,0,0,0,0,1
Uttar Pradesh,Agra,81,27,24,0,76,221,0,71,0,23,0,127,41,8,23,20,56,797,175,6,0,0,0,0,0,0,0,0,1555,89,89,0,0,20,441,441,0,0,0,0,0,29,129,11,0,0,0,701,441,24,30,99,68,1,0,21,17,0,142,139,0,0,139,0,0,0,0,0,0,3,1562,0,0,0,0,0,145,0,0,0,0,0,0,0,0,0,0,1,0,0,0,0,0,0,144,0,0,0,145,1549,108,867,19,5,4,11,535,27,21,41,0,0,0,0,0,0,36,42,268,7,261,1984,5,0,0,0,5,381,0,0,0,0,0,338,43,386,0,0,17,0,1266,0,0,74,3,0,0,0,34,3,1397,6397,13426
Uttar Pradesh,Aligarh,25,0,0,0,0,188,0,0,0,0,0,188,76,4,5,0,48,556,168,0,0,0,0,0,0,0,0,0,1070,60,60,0,0,13,650,118,532,0,0,0,0,20,192,32,0,0,0,1334,290,0,0,275,14,0,0,755,0,0,144,141,0,0,141,0,3,0,0,0,0,0,2445,0,0,0,0,0,224,0,0,0,0,0,0,0,0,0,0,0,0,0,0,0,0,0,224,0,0,0,224,1332,0,476,0,0,0,0,856,22,122,37,0,0,0,0,2,0,155,245,149,0,149,2064,2,0,0,0,2,466,466,0,0,0,466,0,0,468,0,0,0,0,893,0,0,0,0,0,0,4,585,3,1485,3767,11523
Uttar Pradesh,Prayagraj,94,0,0,0,58,125,0,0,0,0,0,125,69,4,14,0,54,612,330,0,0,0,0,0,0,0,0,0,1360,105,105,0,0,37,906,276,286,0,0,0,344,43,107,34,0,0,0,457,73,0,0,46,24,0,0,226,88,0,33,0,0,0,0,0,33,0,0,0,0,0,1722,0,0,0,0,0,76,0,0,0,0,0,0,0,1,0,0,4,0,0,0,0,0,3,68,21,0,0,97,1291,174,812,0,0,0,0,305,19,37,21,4,4,0,0,0,0,197,84,388,23,365,2041,6,0,0,0,6,367,0,0,0,0,0,367,0,373,0,3,0,0,423,0,0,3,8,0,0,25,0,0,462,5263,11318
Uttar Pradesh,Ambedkar Nagar,55,0,24,0,117,0,0,0,0,0,0,0,0,0,0,0,15,258,58,0,0,0,0,0,0,0,0,0,527,18,18,0,0,14,207,207,0,0,0,0,0,0,2,25,0,0,0,155,53,0,0,28,0,0,0,74,0,0,81,81,0,21,60,0,0,0,0,0,0,0,502,0,0,0,0,0,6,0,0,0,0,0,0,0,0,0,0,0,0,0,0,0,0,0,6,0,0,0,6,184,0,78,0,0,0,0,106,0,0,2,0,0,0,0,0,0,60,7,52,0,52,305,0,0,0,0,0,198,67,12,0,40,15,121,10,198,0,0,0,0,131,0,0,22,0,0,0,0,148,0,301,2712,4551
Uttar Pradesh,Amethi,31,0,0,0,39,8,0,0,0,0,0,8,0,0,0,0,11,153,20,0,0,0,0,0,0,0,0,0,262,45,45,0,0,7,216,0,216,0,0,0,0,6,37,12,0,0,0,1529,576,0,0,919,33,1,0,0,0,0,74,72,0,0,72,0,0,2,0,0,0,0,1926,0,0,0,0,0,16,0,0,0,0,0,0,0,0,0,0,8,0,8,0,0,0,0,0,0,0,0,16,222,51,95,0,4,0,0,72,0,0,12,0,0,0,0,0,0,55,0,42,0,42,331,0,0,0,0,0,68,4,0,0,0,4,64,0,68,0,3,4,0,144,0,0,33,0,0,0,11,0,0,195,0,2798
Uttar Pradesh,Amroha,39,3,0,0,28,25,0,0,0,0,0,25,4,0,0,0,11,292,17,0,0,0,0,0,0,0,0,0,419,24,24,0,0,8,232,232,0,0,0,0,0,11,31,13,0,0,0,1216,565,0,0,0,11,0,0,25,615,0,11,11,0,0,11,0,0,0,0,0,0,0,1546,0,0,0,0,0,9,0,0,0,0,0,0,0,0,0,0,0,0,9,0,0,0,0,0,0,0,0,9,280,80,114,0,0,1,0,85,0,16,2,0,0,0,0,0,0,41,0,19,0,19,358,0,0,0,0,0,30,0,0,0,0,0,30,0,30,0,0,0,0,202,0,0,23,4,0,0,0,0,0,229,1490,4081
Uttar Pradesh,Auraiya,3,0,0,0,0,19,0,0,0,0,0,19,1,0,2,0,20,158,40,0,0,0,0,0,0,0,0,0,243,22,22,0,0,5,182,0,182,0,0,0,0,8,19,5,0,0,0,57,33,0,0,21,3,0,0,0,0,0,119,119,0,58,61,0,0,0,0,0,0,0,417,0,0,0,0,0,1,0,0,0,0,0,0,0,0,0,0,0,0,0,0,0,0,0,1,1,0,0,2,134,30,76,0,0,0,0,28,7,1,2,0,0,0,0,3,0,18,0,24,0,24,189,0,0,0,0,0,37,5,0,5,0,0,30,2,37,0,0,0,0,139,0,0,20,0,0,0,0,100,0,259,2088,3235
Uttar Pradesh,Azamgarh,128,0,17,0,164,39,0,0,0,0,0,39,63,3,12,0,26,501,285,0,0,0,0,0,0,0,0,0,1238,35,35,0,0,18,397,397,0,0,0,0,0,3,84,359,0,0,0,240,126,0,0,73,41,0,0,0,0,0,306,306,57,0,249,0,0,0,0,0,0,0,1442,0,0,0,0,0,4,0,0,0,0,0,0,0,0,0,0,0,0,0,0,0,0,0,4,0,0,0,4,708,0,268,0,0,0,0,440,14,0,14,0,0,0,0,0,0,149,0,291,0,291,1176,3,0,0,0,3,138,2,0,0,2,0,0,136,141,0,0,0,0,438,0,0,41,0,0,0,0,0,0,479,4540,9020
Uttar Pradesh,Badaun,34,0,3,0,0,198,0,0,0,0,0,198,0,0,0,1,42,436,78,0,0,0,0,0,0,0,0,0,792,58,58,0,0,25,387,386,0,0,0,0,1,16,88,61,0,0,0,488,163,0,0,214,18,0,0,19,74,29,52,50,0,38,12,0,1,1,0,0,0,0,1204,0,0,0,0,0,38,0,0,0,0,0,0,0,0,0,0,0,0,0,0,0,0,0,38,0,1,0,39,363,0,165,0,0,0,0,198,4,8,9,0,0,0,2,2,0,73,9,50,0,50,520,2,0,0,0,2,40,0,0,0,0,0,40,0,42,0,0,1,0,262,0,0,16,3,0,0,3,189,6,480,2021,5098
Uttar Pradesh,Baghpat,28,0,0,0,39,9,0,0,0,0,0,9,9,0,8,0,4,108,141,2,0,0,0,0,0,0,0,0,348,50,50,0,0,11,146,0,0,0,0,0,146,0,57,0,0,0,0,235,137,0,0,94,4,0,0,0,0,0,101,36,0,36,0,0,0,0,0,0,0,65,600,0,0,0,0,0,79,0,0,0,0,0,0,0,0,0,0,0,0,0,0,0,0,0,79,0,0,0,79,531,227,158,0,0,0,0,146,9,0,11,0,0,0,0,0,0,13,0,60,0,60,624,1,0,0,0,1,64,64,0,2,4,58,0,0,65,0,0,0,0,189,0,0,0,0,0,0,0,0,0,189,1590,3495
Uttar Pradesh,Bahraich,67,13,7,0,140,14,0,0,0,0,0,14,19,1,1,6,58,22,233,0,0,0,0,0,0,0,0,0,581,47,47,0,0,27,337,157,0,0,0,0,180,11,21,45,0,0,0,1095,592,0,0,134,34,0,0,325,10,0,327,325,84,170,71,0,0,2,0,0,0,0,1910,0,0,0,0,2,24,0,0,0,0,0,0,0,0,0,0,2,0,0,0,0,0,0,22,0,0,0,26,395,52,206,0,0,1,0,136,12,4,13,0,0,0,0,0,0,101,35,152,0,152,712,2,0,0,0,2,143,0,0,0,0,0,143,0,145,0,0,8,0,308,3,0,12,2,0,0,11,15,0,359,3978,7711
Uttar Pradesh,Ballia,41,4,0,0,82,9,0,0,0,0,0,9,22,0,2,3,18,177,218,0,0,0,0,0,0,0,0,0,576,28,28,0,0,12,257,254,0,0,2,0,1,11,68,98,0,0,0,116,38,0,0,46,20,0,0,5,7,0,188,187,58,0,129,0,0,1,0,0,0,0,778,0,0,0,0,3,60,0,0,0,0,0,0,7,0,0,0,0,0,2,0,0,0,0,51,0,0,0,63,325,0,155,0,0,0,0,170,17,5,19,0,0,0,0,2,0,132,33,100,0,100,633,0,0,0,0,0,101,12,0,12,0,0,55,34,101,0,1,6,0,151,0,0,30,10,0,0,6,149,0,353,3052,5556
Uttar Pradesh,Balrampur,19,0,5,0,44,6,0,0,0,0,0,6,6,1,5,1,18,4,107,0,1,0,0,0,0,0,0,0,217,16,16,0,0,4,119,119,0,0,0,0,0,6,6,3,0,0,0,37,5,0,0,28,3,0,0,0,1,9,4,4,1,1,2,0,0,0,0,0,0,0,204,0,0,0,0,0,10,0,0,0,0,0,0,0,0,0,0,0,0,0,0,0,0,0,10,4,0,1,15,177,25,54,0,0,2,0,96,1,7,10,0,0,0,1,0,0,50,0,34,0,34,280,0,0,0,0,0,48,0,0,0,0,0,23,25,48,0,0,0,0,85,0,0,2,4,1,13,12,16,7,140,1758,2662
Uttar Pradesh,Banda,35,2,0,0,109,11,8,0,0,0,0,3,22,0,6,3,28,319,54,0,2,0,0,0,0,0,0,0,591,41,41,0,0,21,249,118,0,0,0,0,131,25,34,70,0,0,0,180,92,0,0,56,16,0,0,13,3,23,189,185,160,0,25,0,0,0,0,0,0,4,832,0,0,0,0,2,25,0,0,0,0,0,0,0,0,0,0,0,0,0,0,0,0,0,25,4,0,0,31,208,59,117,0,0,0,0,32,3,45,15,0,0,0,0,0,0,99,0,70,0,70,440,0,0,0,0,0,65,0,0,0,0,0,64,1,65,0,0,0,0,255,0,0,11,5,0,6,10,42,0,329,1857,4145
Uttar Pradesh,Barabanki,11,0,0,0,70,5,0,0,0,0,0,5,0,0,0,0,23,73,0,0,0,0,0,0,0,0,0,0,182,25,25,0,0,14,503,503,0,0,0,0,0,26,0,0,0,0,0,39,11,0,0,26,2,0,0,0,0,0,166,166,0,0,166,0,0,0,0,0,0,0,773,0,0,0,0,0,0,0,0,0,0,0,0,0,0,0,0,0,0,0,0,0,0,0,0,0,0,0,0,143,0,125,0,0,0,0,18,0,0,2,0,0,0,0,1,0,53,18,28,0,28,245,0,0,0,0,0,138,0,0,0,0,0,110,28,138,0,0,0,0,443,0,0,31,0,0,0,0,2076,0,2550,4445,8333
Uttar Pradesh,Bareilly,19,0,0,0,65,20,0,0,0,0,0,20,5,1,8,0,54,1454,0,0,0,0,0,0,0,0,0,0,1626,73,73,0,0,12,1875,1391,484,0,0,0,0,49,139,67,0,0,0,2301,486,0,0,285,13,0,0,1002,515,0,270,270,0,0,270,0,0,0,0,0,0,0,4786,0,0,0,0,0,107,0,0,0,0,0,0,0,0,0,0,0,0,0,0,0,0,0,107,21,0,0,128,1171,8,785,0,0,0,0,378,0,0,10,0,0,0,0,0,0,223,0,221,0,221,1625,2,0,0,0,2,451,0,0,0,0,0,451,0,453,0,0,0,0,254,0,0,19,10,0,0,0,0,0,283,4018,12919
Uttar Pradesh,Basti,55,0,0,0,41,13,0,0,0,0,0,13,7,0,2,0,18,136,154,0,0,0,0,0,0,0,0,0,426,28,28,0,0,11,220,220,0,0,0,0,0,7,5,11,0,0,0,31,25,0,0,6,0,0,0,0,0,0,0,0,0,0,0,0,0,0,0,0,0,0,313,0,0,0,0,0,0,0,0,0,0,0,0,0,0,0,0,0,0,0,0,0,0,0,0,0,0,0,0,227,0,132,0,0,0,0,95,4,0,3,0,0,0,0,0,0,63,5,104,0,104,406,0,0,0,0,0,59,0,0,0,0,0,59,0,59,0,0,0,0,171,0,0,3,0,0,0,0,0,0,174,2097,3475
Uttar Pradesh,Bijnor,28,0,0,0,27,5,0,0,0,0,0,5,14,0,4,1,28,353,0,0,0,0,0,0,0,0,0,0,460,55,55,0,0,15,339,339,0,0,0,0,0,22,68,35,0,0,0,3507,1489,0,0,1997,21,0,0,0,0,0,31,22,0,0,22,0,0,2,0,0,0,7,4072,0,0,0,0,0,14,0,0,1,0,0,0,0,0,0,0,1,0,0,0,0,0,0,12,0,0,0,14,604,190,268,0,0,0,0,146,22,13,17,0,0,0,0,0,0,83,39,81,0,81,859,0,0,0,0,0,182,0,0,0,0,0,0,182,182,0,0,0,0,391,0,0,26,16,0,0,0,0,0,433,6,6026
Uttar Pradesh,Bulandshahar,24,2,11,0,12,11,0,0,0,0,0,11,18,4,6,1,43,704,34,0,0,0,0,0,0,0,0,0,870,48,48,0,0,25,569,359,199,0,3,0,8,45,30,207,7,28,0,3673,355,0,0,2098,35,0,0,79,1106,81,5,5,0,0,5,0,0,0,0,0,0,0,4718,0,0,0,0,0,59,0,0,0,0,0,0,0,0,0,0,0,0,0,0,0,0,0,59,6,0,0,65,825,21,323,0,0,1,4,476,14,8,22,1,1,0,0,0,0,96,66,76,0,76,1108,0,0,0,0,0,152,0,0,0,0,0,152,0,152,0,2,13,0,534,1,0,1,7,6,0,0,0,6,570,298,7781
Uttar Pradesh,Chandoli,23,0,8,0,26,6,0,0,0,2,0,4,6,3,4,0,13,92,24,0,0,0,0,0,0,0,0,0,205,29,29,0,0,7,151,149,0,0,2,0,0,3,27,21,0,0,0,251,214,0,0,31,6,0,0,0,0,0,45,45,0,0,45,0,0,0,0,0,0,0,534,0,0,0,0,0,4,0,0,0,0,0,0,0,0,0,0,0,3,0,0,0,0,1,0,0,0,0,4,213,32,108,0,0,0,0,73,7,0,10,5,5,0,0,0,0,19,5,71,0,71,330,1,0,0,0,1,28,0,0,0,0,0,20,8,29,0,0,0,0,101,2,0,16,0,0,0,0,0,2,121,1026,2249
Uttar Pradesh,Chitrakoot,13,0,0,0,0,70,0,0,0,0,0,70,4,0,2,0,10,48,16,0,0,0,0,0,0,0,0,0,163,20,20,0,0,10,133,133,0,0,0,0,0,7,20,137,0,0,0,106,53,0,0,43,10,0,0,0,0,0,75,73,0,32,41,0,1,1,0,0,0,0,508,0,0,0,0,0,10,0,0,0,0,0,0,0,0,0,0,0,0,0,0,0,0,0,10,0,0,0,10,120,0,69,0,0,0,0,51,0,0,9,2,2,0,0,0,0,14,12,80,0,80,237,0,0,0,0,0,24,0,0,0,0,0,24,0,24,0,0,0,0,127,0,0,0,0,0,0,0,11,0,138,857,1937
Uttar Pradesh,Deoria,9,0,0,0,8,0,0,0,0,0,0,0,0,0,0,0,21,3,0,0,0,0,0,0,0,0,0,0,41,27,27,0,0,15,1181,1181,0,0,0,0,0,0,194,0,0,0,0,3041,1544,0,0,1396,101,0,0,0,0,0,12,12,0,0,12,0,0,0,0,0,0,0,4470,0,0,0,0,0,87,0,0,0,0,0,0,0,0,0,0,0,87,0,0,0,0,0,0,0,0,0,87,265,58,142,0,0,0,0,65,0,0,1,0,0,0,0,0,0,37,0,81,0,81,384,0,0,0,0,0,195,82,0,82,0,0,0,113,195,0,0,0,0,1422,0,0,0,0,0,0,0,0,0,1422,0,6599
Uttar Pradesh,Etah,13,0,0,0,46,34,0,0,0,0,0,34,14,0,0,0,30,81,32,3,0,0,0,0,0,0,0,0,253,37,37,0,0,10,447,0,278,0,169,0,0,7,90,21,0,0,0,2237,941,0,0,1179,0,0,0,117,0,0,30,29,7,0,22,0,0,1,0,0,0,0,2879,0,0,0,0,0,24,0,0,0,0,0,0,0,0,0,0,0,0,0,0,0,0,0,24,0,0,0,24,284,0,152,0,0,0,0,132,0,7,14,0,0,0,0,0,0,29,74,31,0,31,439,0,0,0,0,0,92,0,0,0,0,0,92,0,92,0,0,0,0,289,0,0,0,0,0,5,0,22,0,316,47,4050
Uttar Pradesh,Etawah,11,0,0,0,0,14,0,0,0,0,0,14,8,0,2,0,31,102,76,0,0,0,0,0,0,0,0,0,244,18,18,0,0,15,230,230,0,0,0,0,0,18,20,0,0,0,0,490,125,0,0,365,0,0,0,0,0,0,57,52,27,25,0,0,5,0,0,0,0,0,848,0,0,0,0,0,1,0,0,0,0,0,0,0,0,0,0,0,0,0,0,0,0,0,1,0,0,0,1,178,0,105,0,0,0,0,73,0,1,3,2,2,0,0,1,0,32,0,16,0,16,233,0,0,0,0,0,50,0,0,0,0,0,50,0,50,0,0,0,0,294,0,0,0,0,0,0,0,204,0,498,883,2757
Uttar Pradesh,Ayodhya,24,0,0,0,55,19,0,0,0,0,0,19,15,1,1,0,13,0,0,0,0,0,0,0,0,0,0,0,128,33,33,0,0,12,258,249,0,0,0,0,9,4,62,0,0,0,0,59,10,0,0,25,24,0,0,0,0,0,352,352,0,101,251,0,0,0,0,0,0,0,780,0,0,0,0,0,9,0,0,0,0,0,0,0,0,0,0,0,0,0,0,5,0,0,4,0,0,0,9,408,89,191,0,0,0,0,128,0,0,7,0,0,0,0,17,0,76,15,58,0,58,581,0,0,0,0,0,197,64,5,4,8,47,60,73,197,0,0,0,0,272,0,0,20,0,0,11,5,312,7,627,3153,5475
Uttar Pradesh,Fatehgarh,10,5,0,0,17,12,0,0,0,0,0,12,2,0,3,0,14,66,116,0,0,0,0,0,0,0,0,0,245,32,32,0,0,8,199,199,0,0,0,0,0,6,9,0,0,0,0,243,15,0,0,0,25,0,0,195,8,0,198,198,77,31,90,0,0,0,0,0,0,0,695,0,0,0,0,0,6,0,0,0,0,0,0,0,0,0,0,0,0,0,0,0,0,0,6,0,0,0,6,180,0,70,0,0,0,0,110,0,0,5,0,0,0,0,0,0,7,0,41,0,41,233,1,0,0,0,1,107,0,0,0,0,0,107,0,108,0,0,0,0,210,0,0,0,0,0,0,0,0,0,210,1071,2568
Uttar Pradesh,Fatehpur,54,0,0,0,0,154,0,0,0,0,0,154,20,1,7,1,44,107,25,0,0,0,0,0,0,0,0,0,413,46,46,0,0,23,369,225,142,0,0,0,2,0,31,48,0,0,0,380,142,0,18,67,5,0,0,0,148,0,219,218,0,65,153,0,0,0,0,0,0,1,1116,0,0,0,0,0,61,0,0,0,0,0,0,0,0,0,0,0,0,0,0,0,0,0,61,5,0,0,66,262,103,57,5,2,3,0,92,3,0,24,2,2,0,0,0,0,99,51,107,0,107,548,0,0,0,0,0,32,20,0,0,0,20,4,8,32,0,15,21,0,125,0,0,1,0,0,0,0,67,239,468,1907,4550
Uttar Pradesh,Firozabad,41,0,0,0,154,5,0,0,0,0,0,5,35,4,7,0,57,412,87,0,0,0,0,0,0,0,0,0,802,42,42,0,0,25,557,363,194,0,0,0,0,0,76,0,2,0,0,66,66,0,0,0,0,0,0,0,0,0,310,310,42,0,268,0,0,0,0,0,0,0,1078,0,0,0,0,0,25,0,0,0,0,0,0,0,0,0,0,0,0,0,0,0,0,0,25,0,0,0,25,617,0,310,0,0,0,0,307,0,0,12,0,0,0,0,0,19,48,0,83,0,83,779,0,0,0,0,0,206,134,0,0,0,134,72,0,206,0,0,0,0,196,0,0,0,0,0,0,0,0,0,196,3893,6979
Uttar Pradesh,Grp,2,0,0,0,5,22,1,0,19,2,0,0,0,0,0,1,1,0,1,0,0,0,0,0,0,0,0,0,32,7,7,0,0,2,1,0,1,0,0,0,0,0,11,1,0,0,0,3,0,0,0,0,2,0,0,0,1,0,30,23,0,4,19,0,0,0,0,0,0,7,55,0,0,0,0,0,0,0,0,0,0,0,0,0,0,0,0,0,0,0,0,0,0,0,0,0,0,0,0,5118,0,75,333,0,0,0,4710,48,0,9,1,1,0,0,0,0,4,149,0,0,0,5329,2,0,0,0,2,11,0,0,0,0,0,9,2,13,0,0,0,0,0,0,0,1,0,0,0,0,0,0,1,219,5649
Uttar Pradesh,Gautambudh Nagar,16,0,0,0,0,29,1,0,0,0,0,28,7,4,16,0,33,128,49,0,0,0,0,0,0,0,0,0,282,59,59,0,0,23,491,256,233,0,0,0,2,5,70,0,0,0,0,174,53,21,5,31,3,0,0,12,49,0,226,149,0,0,149,0,0,0,0,0,0,77,1048,0,0,0,0,0,66,0,0,0,0,0,0,0,0,0,0,0,0,0,0,0,0,0,66,0,0,0,66,2372,33,1175,0,0,0,4,1160,5,11,11,1,1,0,0,0,0,173,145,54,16,38,2772,4,0,0,0,4,271,212,0,48,49,115,20,39,275,0,6,34,10,699,0,0,3,0,0,0,0,8,5,765,3177,8385
Uttar Pradesh,Ghaziabad,176,1,20,0,87,49,0,0,0,0,0,49,26,9,34,2,31,650,255,1,0,0,0,0,0,0,0,0,1341,110,110,0,0,26,388,365,0,0,3,0,20,58,114,81,0,0,0,833,230,0,1,227,49,2,1,315,8,146,789,760,482,154,124,0,9,3,0,0,0,17,2545,0,0,0,0,0,34,0,0,0,0,0,0,0,0,0,0,0,0,1,0,0,0,0,33,5,0,0,39,4386,113,2626,0,0,0,19,1628,256,70,85,0,0,0,10,0,2,335,511,269,78,191,5924,7,0,0,0,7,798,0,0,0,0,0,500,298,805,0,4,21,1,759,2,0,6,27,38,19,8,361,4,1250,2243,14147
Uttar Pradesh,Ghazipur,24,0,14,0,135,51,0,0,0,0,0,51,47,2,5,0,27,241,0,0,0,0,0,0,0,0,0,0,546,38,36,2,0,34,244,237,0,0,4,0,3,13,47,76,0,0,0,344,155,0,0,104,8,0,0,77,0,0,271,269,220,0,49,0,0,2,0,0,0,0,1067,0,0,0,0,0,51,0,0,0,0,0,0,0,0,0,0,5,0,0,0,0,0,0,46,0,0,0,51,479,0,275,0,0,0,0,204,13,10,13,0,0,0,0,1,0,61,0,104,0,104,681,1,0,0,0,1,151,0,0,0,0,0,151,0,152,0,0,0,1,76,0,0,20,10,0,0,5,12,0,124,2576,5197
Uttar Pradesh,Gonda,109,0,7,0,139,18,0,0,0,11,0,7,8,0,3,0,36,19,497,0,0,0,0,0,0,0,0,0,836,62,62,0,0,22,331,331,0,0,0,0,0,31,19,51,0,0,0,676,434,0,0,108,15,0,0,118,1,29,382,376,39,208,129,0,3,2,0,0,0,1,1603,0,0,0,0,0,25,0,0,0,0,0,0,0,0,0,0,4,0,0,0,0,0,0,21,0,0,0,25,397,98,220,0,0,0,0,79,7,11,27,0,0,0,0,0,0,197,6,115,0,115,760,0,0,0,0,0,179,0,0,0,0,0,54,125,179,0,0,0,0,257,0,0,13,3,0,0,0,145,0,418,1938,5759
Uttar Pradesh,Gorakhpur,10,0,0,0,0,78,0,0,0,30,0,48,7,2,1,0,30,967,68,0,0,0,0,0,0,0,0,0,1163,56,56,0,0,11,432,236,196,0,0,0,0,0,28,44,0,0,0,0,0,0,0,0,0,0,0,0,0,0,57,57,0,0,57,0,0,0,0,0,0,0,628,0,0,0,0,0,87,0,0,0,0,0,0,0,0,0,0,0,0,0,0,0,0,0,87,0,0,0,87,966,0,502,0,0,0,0,464,14,0,13,0,0,0,0,0,0,183,0,285,1,284,1461,0,0,0,0,0,474,0,0,0,0,0,9,465,474,0,0,0,0,0,0,0,0,0,0,0,0,0,0,0,12400,16213
Uttar Pradesh,Hamirpur,28,0,0,0,66,1,0,0,0,0,0,1,5,2,3,0,25,134,24,0,0,0,0,0,0,0,0,0,288,40,40,0,0,8,181,0,0,0,0,0,181,12,14,45,0,0,0,28,11,0,0,7,0,0,0,0,10,0,48,48,0,0,48,0,0,0,0,0,0,0,376,0,0,0,0,0,28,0,0,0,0,0,0,0,0,0,0,0,0,0,0,0,0,0,28,0,0,0,28,153,52,57,0,0,0,0,44,0,0,8,0,0,0,0,0,0,8,0,70,0,70,239,0,0,0,0,0,14,7,0,0,0,7,7,0,14,0,0,0,0,160,0,0,8,0,0,0,0,0,0,168,1879,2992
Uttar Pradesh,Hapur,25,0,9,0,36,53,0,0,0,8,0,45,8,2,31,0,14,114,108,0,0,0,0,0,0,0,0,0,400,47,47,0,0,16,249,0,249,0,0,0,0,10,85,0,0,0,0,102,58,0,0,6,8,0,0,30,0,16,91,81,10,0,71,0,2,0,0,0,0,8,616,0,0,0,0,0,66,0,0,0,0,0,0,0,0,0,0,0,0,0,0,0,0,0,66,1,0,0,67,288,8,201,0,0,0,0,79,12,11,11,3,3,0,4,0,0,56,14,30,0,30,429,1,0,0,0,1,78,2,0,0,0,2,76,0,79,0,0,0,0,330,0,0,21,0,0,0,0,0,5,356,1029,2976
Uttar Pradesh,Hardoi,49,0,0,0,222,0,0,0,0,0,0,0,0,0,0,0,44,356,72,0,0,0,0,0,0,0,0,0,743,48,48,0,0,23,483,483,0,0,0,0,0,0,80,0,0,0,0,33,33,0,0,0,0,0,0,0,0,0,798,798,0,779,19,0,0,0,0,0,0,0,1465,0,0,0,0,0,37,0,0,0,0,0,0,0,0,0,0,0,0,0,0,0,0,0,37,0,0,0,37,361,187,135,0,0,0,0,39,0,0,12,0,0,0,0,0,0,45,0,123,0,123,541,0,0,0,0,0,130,45,0,0,0,45,85,0,130,0,0,0,0,340,0,0,170,0,0,0,0,0,0,510,4261,7687
Uttar Pradesh,Hathras,37,0,1,0,116,4,0,0,0,0,0,4,25,2,6,0,24,173,214,0,0,0,0,0,0,0,0,0,602,25,25,0,0,8,270,270,0,0,0,0,0,13,38,4,0,0,0,57,23,0,0,22,10,0,0,2,0,0,101,101,0,53,48,0,0,0,0,0,0,0,516,0,0,0,0,0,54,0,0,0,0,0,0,0,0,0,0,0,0,0,0,0,0,2,52,0,0,0,54,335,38,163,0,4,0,0,130,1,3,9,0,0,0,0,0,18,19,7,38,0,38,430,0,0,0,0,0,41,0,0,0,0,0,21,20,41,0,0,0,0,106,0,0,13,4,0,1,0,4,0,128,1806,3577
Uttar Pradesh,Jalaun,21,0,0,0,16,0,0,0,0,0,0,0,14,3,1,0,24,136,0,0,0,0,0,0,0,0,0,0,215,30,30,0,0,14,185,185,0,0,0,0,0,10,17,9,0,0,0,854,157,0,0,189,19,0,0,489,0,0,63,62,0,19,43,0,1,0,0,0,0,0,1182,0,0,0,0,0,14,0,0,0,0,0,0,0,0,0,0,0,0,0,0,0,0,0,14,0,0,0,14,197,46,130,0,0,0,0,21,0,29,4,0,0,0,0,0,0,8,89,38,0,38,365,0,0,0,0,0,51,0,0,0,0,0,38,13,51,0,0,78,0,218,0,0,2,0,0,0,0,172,0,470,467,2764
Uttar Pradesh,Jaunpur,51,0,0,0,49,70,0,0,0,70,0,0,16,5,8,0,21,320,96,0,0,0,0,0,0,0,0,0,636,55,54,1,0,25,367,358,0,0,1,0,8,21,100,127,0,0,0,272,113,0,0,0,19,0,0,140,0,0,88,86,0,80,6,0,0,0,0,0,0,2,1055,0,0,0,0,0,40,0,0,0,0,0,0,0,0,0,0,0,0,0,0,0,0,0,40,3,3,0,46,488,0,227,0,0,0,0,261,14,20,15,0,0,0,0,2,0,71,55,104,0,104,769,0,0,0,0,0,259,0,0,0,0,0,259,0,259,0,3,8,1,259,0,0,52,5,0,0,4,0,0,332,5084,8181
Uttar Pradesh,Jhansi,41,0,0,0,68,0,0,0,0,0,0,0,17,1,2,0,25,322,41,0,0,0,0,0,0,0,0,0,517,26,26,0,0,17,269,269,0,0,0,0,0,37,46,23,0,0,0,786,213,0,0,245,115,0,0,213,0,0,39,39,0,39,0,0,0,0,0,0,0,0,1243,0,0,0,0,0,13,0,0,0,0,0,0,0,0,0,0,0,0,0,0,0,0,0,13,0,0,0,13,371,98,196,0,0,0,0,77,0,64,12,0,0,0,0,0,0,15,178,39,0,39,679,1,0,0,0,1,35,3,0,0,0,3,27,5,36,0,0,128,0,457,97,0,17,0,0,0,0,247,630,1576,650,4714
Uttar Pradesh,Kannauj,31,0,0,0,72,0,0,0,0,0,0,0,9,0,5,0,17,395,104,0,0,0,0,0,0,0,0,0,633,31,31,0,0,9,113,113,0,0,0,0,0,0,37,12,0,0,0,206,25,0,0,15,19,0,0,147,0,0,298,297,161,33,103,0,1,0,0,0,0,0,706,0,0,0,0,0,6,0,0,0,0,0,0,0,0,0,0,1,0,0,0,0,0,0,5,0,0,0,6,102,39,13,0,0,0,0,50,0,0,6,1,1,0,0,4,0,8,0,42,0,42,163,0,0,0,0,0,23,16,0,0,0,16,0,7,23,0,0,0,0,120,0,0,0,0,0,0,0,0,0,120,1271,2922
Uttar Pradesh,Kanpur Dehat,11,0,1,0,91,0,0,0,0,0,0,0,0,0,0,0,23,171,44,0,0,0,0,0,0,0,0,0,341,31,31,0,0,8,321,321,0,0,0,0,0,6,19,12,0,0,0,168,73,0,0,76,12,0,0,7,0,0,157,79,0,0,79,0,0,0,0,0,0,78,722,0,0,0,0,0,0,0,0,0,0,0,0,0,0,0,0,0,0,0,0,0,0,0,0,0,0,0,0,200,51,104,0,0,0,0,45,0,3,6,1,1,0,0,0,7,34,5,24,0,24,280,0,0,0,0,0,36,0,0,0,0,0,36,0,36,0,5,6,0,356,0,0,0,0,0,0,0,131,0,498,1667,3544
Uttar Pradesh,Kanpur Commissionarate,111,0,0,0,120,113,0,0,0,0,0,113,11,0,0,0,54,986,0,0,0,0,0,0,0,0,0,0,1395,93,93,0,0,11,0,0,0,0,0,0,0,0,88,0,0,0,0,12,12,0,0,0,0,0,0,0,0,0,358,357,0,131,226,0,0,1,0,0,0,0,562,0,0,0,0,0,4,0,0,0,0,0,0,0,0,0,0,0,0,0,0,0,0,0,4,0,0,0,4,1298,300,738,0,0,0,0,260,39,0,31,2,2,0,0,1,0,114,0,271,61,210,1756,4,0,0,0,4,345,0,0,0,0,0,345,0,349,0,0,0,0,312,0,0,0,0,0,0,0,4,0,316,7968,12350
Uttar Pradesh,Kasganj,28,0,3,0,38,33,0,0,0,0,0,33,25,1,5,1,25,129,172,0,0,0,0,0,0,0,0,0,460,26,26,0,0,12,194,87,104,0,0,0,3,12,30,8,0,0,0,238,183,0,0,46,9,0,0,0,0,34,188,186,97,54,35,0,2,0,0,0,0,0,742,0,0,0,0,0,24,0,0,0,0,0,0,0,0,0,0,0,0,0,0,0,0,0,24,3,0,0,27,228,0,106,0,0,0,0,122,0,7,3,0,0,0,0,0,0,33,24,41,0,41,336,0,0,0,0,0,83,0,0,0,0,0,83,0,83,0,0,0,0,212,0,0,6,5,0,35,14,31,0,303,1161,3112
Uttar Pradesh,Kaushambi,40,0,0,0,0,51,0,0,0,0,0,51,11,0,5,0,20,95,85,0,0,0,0,0,0,0,0,0,307,25,25,0,0,12,200,101,0,0,99,0,0,0,21,0,0,0,0,38,35,0,0,3,0,0,0,0,0,0,70,70,0,70,0,0,0,0,0,0,0,0,366,0,0,0,0,0,8,0,0,0,0,0,0,0,0,0,0,0,0,0,0,0,0,0,8,0,0,0,8,189,0,67,0,0,0,0,122,0,0,8,1,1,0,0,0,0,20,0,67,0,67,285,0,0,0,0,0,32,0,0,0,0,0,32,0,32,0,2,0,0,234,0,0,0,0,0,0,0,0,0,236,1752,2986
Uttar Pradesh,Khiri,44,0,0,0,49,0,0,0,0,0,0,0,0,0,0,0,32,368,145,0,0,0,0,0,0,0,0,0,638,66,66,0,0,5,390,390,0,0,0,0,0,0,10,0,0,0,0,4843,2602,0,0,2241,0,0,0,0,0,0,244,244,0,148,96,0,0,0,0,0,0,0,5558,0,0,0,0,0,27,0,0,0,0,0,0,0,0,0,0,0,0,0,0,0,0,0,27,0,0,0,27,242,49,147,0,0,0,0,46,4,0,20,0,0,0,0,0,0,33,0,50,0,50,349,0,0,0,0,0,173,24,0,0,0,24,149,0,173,0,0,0,0,632,0,0,14,0,0,0,0,0,0,646,0,7391
Uttar Pradesh,Kushi Nagar,9,0,0,0,0,101,0,0,0,0,0,101,10,0,4,0,29,68,39,0,0,0,0,0,0,0,0,0,260,31,31,0,0,17,251,247,0,0,1,0,3,3,23,225,0,0,0,787,275,0,0,316,22,0,0,174,0,0,740,740,683,0,57,0,0,0,0,0,0,0,2077,0,0,0,0,0,31,0,0,0,0,0,0,0,0,0,0,17,14,0,0,0,0,0,0,0,0,0,31,268,42,169,0,0,0,0,57,0,0,3,0,0,0,0,0,37,71,28,112,0,112,519,1,0,0,0,1,213,68,2,5,6,55,44,101,214,0,1,0,0,473,0,0,0,0,0,0,0,272,0,746,3287,7134
Uttar Pradesh,Lalitpur,11,0,0,0,22,17,0,0,0,0,0,17,0,0,0,0,15,49,12,0,0,0,0,0,0,0,0,0,126,9,9,0,0,9,152,0,0,0,0,0,152,23,13,5,0,0,0,472,210,0,0,121,19,0,0,121,1,0,10,10,0,0,10,0,0,0,0,0,0,0,693,0,0,0,0,0,8,0,0,0,0,0,0,0,0,0,0,0,0,0,0,0,0,0,8,0,0,0,8,68,0,34,0,0,0,0,34,0,19,1,0,0,0,0,0,0,10,6,11,0,11,115,0,0,0,0,0,57,0,0,0,0,0,45,12,57,0,1,0,0,90,0,0,0,0,0,0,19,68,0,178,2193,3370
Uttar Pradesh,Lucknow Commissionarate,162,0,37,0,176,30,0,0,0,0,0,30,40,4,31,0,22,1446,63,0,0,0,0,0,0,0,0,0,2011,97,97,0,0,22,592,311,281,0,0,0,0,48,84,101,9,7,0,688,357,0,0,59,169,2,0,101,0,62,580,576,311,141,124,0,2,0,0,0,0,2,2290,0,0,0,0,9,10,0,0,0,0,0,0,0,0,0,0,0,0,0,0,0,0,0,10,3,0,0,22,2652,163,1467,0,0,0,31,991,94,39,126,1,1,0,0,0,0,482,57,536,53,483,3987,0,0,0,0,0,1250,440,0,0,174,266,433,377,1250,0,0,44,0,1017,0,0,11,2,2,8,1,245,3,1333,3578,14471
Uttar Pradesh,Maharajganj,30,0,0,0,22,1,0,0,0,0,0,1,0,0,1,0,32,270,5,0,0,0,0,0,0,0,0,0,361,28,28,0,0,15,341,176,0,0,165,0,0,1,7,51,0,0,0,109,67,0,0,27,15,0,0,0,0,27,8,8,0,5,3,0,0,0,0,0,0,0,587,0,0,0,0,0,14,0,0,0,0,0,0,0,0,0,0,1,0,0,0,0,0,0,13,0,0,0,14,139,0,82,0,0,0,0,57,0,0,2,0,0,0,0,0,0,111,12,30,0,30,294,1,1,0,0,0,148,9,0,0,0,9,87,52,149,0,0,0,0,231,0,0,2,9,0,0,0,0,0,242,3132,4779
Uttar Pradesh,Mahoba,9,0,3,0,44,4,0,1,0,0,0,3,5,0,2,0,11,34,14,0,0,0,0,0,0,0,0,0,126,18,18,0,0,11,126,124,0,0,1,0,1,17,19,13,0,0,0,103,43,0,0,53,4,0,0,0,3,0,132,132,123,0,9,0,0,0,0,0,0,0,439,0,0,0,0,0,9,0,0,0,0,0,0,0,0,0,0,0,0,0,0,0,0,0,9,0,0,0,9,107,39,40,0,0,0,0,28,1,3,3,1,0,1,0,1,0,25,7,25,0,25,173,1,0,0,0,1,25,0,0,0,0,0,25,0,26,0,0,0,0,120,0,0,9,2,0,0,1,0,1,133,538,1444
Uttar Pradesh,Mainpuri,19,0,1,0,49,2,0,0,0,0,0,2,7,2,1,0,31,160,73,3,0,0,0,0,0,0,0,0,348,39,39,0,0,20,278,277,0,0,1,0,0,7,35,22,0,0,0,1814,1345,0,70,399,0,0,0,0,0,0,165,165,30,56,79,0,0,0,0,0,0,0,2380,0,0,0,0,0,38,0,0,0,0,0,0,0,0,0,0,5,7,6,0,0,0,0,20,0,0,0,38,259,14,116,0,1,0,0,128,1,3,6,0,0,0,0,0,0,63,0,28,10,18,360,1,0,0,0,1,41,9,0,0,0,9,32,0,42,0,4,0,0,274,0,0,16,2,0,0,0,0,0,296,10,3474
Uttar Pradesh,Mathura,52,0,4,0,105,17,0,0,0,0,0,17,27,2,4,0,22,341,375,0,0,1,0,0,0,0,0,0,950,57,57,0,0,16,588,588,0,0,0,0,0,21,155,0,0,0,0,203,59,0,0,94,50,0,0,0,0,0,41,39,21,0,18,0,0,2,0,0,0,0,1081,0,0,0,0,0,211,0,0,0,0,0,0,0,0,0,0,0,0,0,0,0,0,0,211,4,0,0,215,1172,0,803,0,0,0,0,369,13,68,23,2,2,0,0,3,0,109,106,87,0,87,1583,2,0,0,0,2,276,276,0,0,0,276,0,0,278,0,0,0,0,492,0,0,0,0,0,0,7,0,1,500,3018,7625
Uttar Pradesh,Mau,42,0,0,0,52,11,0,0,0,5,0,6,10,0,1,0,9,6,148,0,0,0,0,0,0,0,0,0,279,28,28,0,0,9,171,171,0,0,0,0,0,0,37,0,0,0,0,21,1,0,0,20,0,0,0,0,0,0,1,0,0,0,0,0,0,1,0,0,0,0,267,0,0,0,0,0,1,0,0,0,0,0,0,0,0,0,0,0,0,0,0,0,0,0,1,0,0,0,1,231,0,84,0,0,0,0,147,9,0,10,0,0,0,0,0,0,108,0,63,0,63,421,0,0,0,0,0,96,1,0,0,0,1,72,23,96,0,0,0,0,171,0,0,25,0,0,0,0,0,0,196,2063,3323
Uttar Pradesh,Meerut,60,8,4,0,61,50,0,0,0,0,0,50,34,4,13,1,34,724,188,0,0,0,0,0,0,0,0,0,1181,97,97,0,0,10,375,375,0,0,0,0,0,20,124,109,0,0,0,318,55,0,0,144,62,1,1,55,0,123,296,294,156,0,138,0,0,2,0,0,0,0,1472,0,0,0,0,0,44,0,0,0,0,0,0,0,2,0,0,0,0,0,0,0,0,0,42,7,2,0,53,1317,125,640,3,8,0,0,541,32,8,52,3,3,0,0,0,0,126,80,123,4,119,1741,16,0,0,0,16,325,0,0,0,0,0,17,308,341,0,8,27,3,593,0,0,18,12,0,22,8,155,5,851,3632,9271
Uttar Pradesh,Mirzapur,15,15,1,0,21,13,0,0,0,0,0,13,0,0,0,0,22,115,29,0,0,0,0,0,0,0,0,0,231,20,20,0,0,23,280,280,0,0,0,0,0,15,19,24,0,1,0,158,133,0,0,25,0,0,0,0,0,0,28,28,0,28,0,0,0,0,0,0,0,0,568,0,0,0,0,0,11,0,0,0,0,0,0,0,0,0,0,0,0,0,0,0,0,0,11,0,0,0,11,176,0,58,0,0,0,0,118,1,13,3,0,0,0,0,0,0,111,4,37,0,37,345,0,0,0,0,0,44,0,0,0,0,0,44,0,44,0,0,0,0,154,0,0,13,1,0,0,0,0,0,168,965,2332
Uttar Pradesh,Moradabad,26,0,40,0,80,20,0,0,0,0,0,20,24,0,0,0,42,666,20,0,0,0,0,0,0,0,0,0,918,43,43,0,0,2,506,254,252,0,0,0,0,0,12,1,0,0,0,400,23,0,0,113,22,1,0,241,0,0,58,58,0,18,40,0,0,0,0,0,0,0,1022,0,0,0,0,0,8,0,0,0,0,0,0,0,0,0,0,0,4,4,0,0,0,0,0,0,0,0,8,386,70,238,0,0,0,0,78,0,0,5,1,1,0,0,0,0,0,43,73,0,73,508,1,0,0,0,1,192,6,0,0,0,6,186,0,193,0,0,0,0,531,3,0,20,0,0,0,0,0,0,554,1296,4499
Uttar Pradesh,Muzaffarnagar,70,0,0,0,19,20,0,0,0,0,0,20,11,1,7,0,25,330,191,0,0,0,0,0,0,0,0,0,674,62,62,0,0,10,343,0,342,0,1,0,0,0,97,0,0,0,0,254,128,0,0,115,9,2,0,0,0,0,6,6,0,0,6,0,0,0,0,0,0,0,772,0,0,0,0,0,65,0,0,0,0,0,0,0,0,0,0,14,14,14,0,16,7,0,0,0,0,0,65,474,18,199,0,0,0,0,257,0,0,36,1,1,0,0,0,0,62,0,62,3,59,635,4,0,0,0,4,120,0,0,0,0,0,111,9,124,0,14,0,0,867,0,0,0,2,0,0,0,0,0,883,1831,4984
Uttar Pradesh,Pilibhit,102,0,14,0,0,182,0,0,0,0,0,182,21,4,3,0,31,417,419,0,1,0,0,0,0,0,0,0,1194,38,38,0,0,11,205,205,0,0,0,0,0,17,22,37,0,0,0,201,36,0,0,9,17,1,0,138,0,2,165,154,1,95,58,0,5,0,0,0,0,6,698,0,0,0,0,0,21,0,0,0,0,0,0,0,0,0,0,0,0,0,0,0,0,0,21,0,0,0,21,265,57,126,0,0,0,0,82,10,10,35,4,4,0,1,0,0,39,8,40,0,40,412,0,0,0,0,0,205,0,0,0,0,0,205,0,205,0,0,0,0,123,0,0,10,3,0,2,0,6,3,147,2049,4726
Uttar Pradesh,Pratapgarh,30,6,0,0,35,44,0,0,0,0,0,44,11,0,0,0,23,296,117,0,0,0,0,0,0,0,0,0,562,52,52,0,0,18,307,307,0,0,0,0,0,23,107,13,0,0,0,263,126,0,0,0,17,0,0,42,78,0,207,207,0,0,207,0,0,0,0,0,0,0,990,0,0,0,0,0,62,0,0,0,0,0,0,0,0,0,0,0,0,0,0,0,0,0,62,0,0,0,62,366,70,208,0,0,0,0,88,0,0,34,2,2,0,0,2,0,67,0,181,0,181,652,0,0,0,0,0,113,0,0,0,0,0,113,0,113,0,0,0,0,237,0,0,19,5,0,0,0,0,0,261,5015,7655
Uttar Pradesh,Raibareilly,37,0,0,0,78,0,0,0,0,0,0,0,0,0,0,0,24,149,119,0,0,0,0,0,0,0,0,0,407,35,35,0,0,17,340,340,0,0,0,0,0,0,35,0,0,0,0,66,39,0,0,27,0,0,0,0,0,0,107,107,0,88,19,0,0,0,0,0,0,0,600,0,0,0,0,0,27,0,0,0,0,0,0,0,0,0,0,0,0,0,0,0,0,0,27,0,0,0,27,253,72,114,0,0,0,0,67,7,0,7,0,0,0,0,0,0,41,0,90,0,90,398,0,0,0,0,0,104,0,0,0,0,0,104,0,104,0,0,0,0,239,0,0,9,0,0,0,0,0,0,248,3923,5707
Uttar Pradesh,Rampur,72,5,7,0,0,53,0,0,0,0,0,53,21,0,2,0,14,28,170,1,0,0,0,0,0,0,0,0,373,37,37,0,0,14,249,224,25,0,0,0,0,10,34,14,0,0,0,204,74,0,0,113,10,0,0,6,1,1,65,62,0,57,5,0,3,0,0,0,0,0,628,0,0,0,0,0,24,0,0,0,0,0,0,0,0,3,4,3,12,2,0,0,0,0,0,2,1,0,27,292,34,155,0,0,0,0,103,2,18,18,6,6,0,0,0,0,82,19,66,1,65,503,0,0,0,0,0,126,21,0,0,2,19,56,49,126,0,0,1,0,183,0,0,9,4,1,5,2,1,1,207,1324,3188
Uttar Pradesh,Saharanpur,34,0,0,0,58,19,0,0,0,10,0,9,4,1,7,2,25,160,104,0,0,0,0,0,0,0,0,0,414,45,45,0,0,9,255,0,255,0,0,0,0,0,75,77,0,0,0,1081,351,0,0,531,0,0,0,199,0,0,17,17,0,0,17,0,0,0,0,0,0,0,1559,0,0,0,0,4,88,0,0,0,0,0,0,0,0,0,0,13,41,9,0,25,0,0,0,12,2,0,106,786,293,387,0,3,6,5,92,35,45,19,0,0,0,0,0,0,88,238,63,0,63,1274,1,0,0,0,1,659,0,0,0,0,0,381,278,660,0,1,0,0,409,0,0,81,0,0,0,0,165,0,656,925,5594
Uttar Pradesh,Sambhal,55,10,7,0,32,30,0,0,0,0,0,30,19,1,4,0,19,232,105,0,0,0,0,0,0,0,0,0,514,44,44,0,0,13,266,235,0,0,1,0,30,17,65,59,0,0,0,1749,304,0,0,370,55,2,0,230,788,61,150,146,0,59,87,0,2,2,0,0,0,0,2424,1,0,1,1,0,23,0,0,0,0,0,0,0,0,2,4,7,8,2,0,0,0,0,0,1,0,0,24,292,40,112,4,1,7,0,128,3,23,13,4,4,0,1,1,0,58,13,37,0,37,445,1,0,0,0,1,164,56,30,1,2,23,63,45,165,0,6,6,3,163,0,0,33,4,1,4,10,125,10,365,28,3966
Uttar Pradesh,Sant Kabirnagar,55,0,0,0,0,67,0,0,0,0,0,67,8,2,2,0,7,54,60,0,0,0,0,0,0,0,0,0,255,11,11,0,0,12,152,152,0,0,0,0,0,4,8,0,0,0,0,109,50,0,0,0,0,0,0,59,0,0,70,68,0,0,68,0,0,0,0,0,0,2,366,0,0,0,0,0,9,0,0,0,0,0,0,0,0,0,0,0,0,0,0,0,0,0,9,0,0,0,9,119,0,76,0,0,0,0,43,8,0,7,0,0,0,0,0,0,13,5,44,0,44,196,0,0,0,0,0,19,0,0,0,0,0,19,0,19,0,0,0,0,62,0,0,3,0,0,0,0,0,0,65,2035,2945
Uttar Pradesh,Shahjahanpur,19,0,0,0,103,0,0,0,0,0,0,0,0,0,0,21,54,356,33,0,0,0,0,0,0,0,0,0,586,55,55,0,0,12,487,0,487,0,0,0,0,39,42,70,0,0,0,1132,512,0,0,346,66,3,0,197,8,105,23,23,0,10,13,0,0,0,0,0,0,0,1965,0,0,0,0,0,45,0,0,0,0,0,0,0,0,0,0,0,0,0,0,0,0,0,45,7,0,0,52,114,0,49,0,0,0,0,65,2,54,5,0,0,0,8,5,0,60,234,28,0,28,510,1,0,0,0,1,139,0,0,0,0,0,66,73,140,0,0,12,0,500,0,0,27,14,18,22,9,61,11,674,1878,5805
Uttar Pradesh,Shamli,29,0,0,0,37,10,0,0,0,0,0,10,37,2,6,0,11,181,17,0,0,0,0,0,0,0,0,0,330,29,29,0,0,6,145,0,143,0,2,0,0,5,35,0,0,0,0,140,26,0,0,104,10,0,0,0,0,0,3,3,0,0,3,0,0,0,0,0,0,0,363,0,0,0,0,0,72,0,0,0,0,0,0,2,0,0,0,3,6,0,0,3,0,0,58,6,0,0,78,267,21,124,1,1,0,0,120,2,11,24,1,1,0,0,0,0,38,49,56,4,52,448,1,0,0,0,1,53,0,0,0,0,0,46,7,54,0,5,0,0,135,0,0,6,5,0,0,0,0,6,157,1022,2452
Uttar Pradesh,Shrawasti,20,0,1,0,38,12,0,0,0,0,0,12,8,2,0,0,18,2,7,0,0,0,0,0,0,0,0,0,108,16,16,0,0,5,87,44,43,0,0,0,0,7,7,3,0,0,0,92,46,0,0,5,3,0,0,38,0,0,114,114,3,55,56,0,0,0,0,0,0,0,331,0,0,0,0,0,3,0,0,0,0,0,0,0,0,0,0,0,0,0,0,0,0,0,3,0,0,0,3,48,0,17,0,0,0,0,31,1,0,4,2,2,0,0,0,0,31,0,14,0,14,100,0,0,0,0,0,77,0,0,0,0,0,45,32,77,0,0,0,0,16,0,0,16,1,0,0,6,5,0,44,1171,1834
Uttar Pradesh,Sidharthnagar,26,0,0,0,25,17,0,0,0,16,0,1,5,2,0,0,24,43,150,0,0,0,0,0,0,0,0,0,292,18,18,0,0,5,160,160,0,0,0,0,0,4,12,2,0,0,0,92,3,0,0,55,4,0,0,30,0,0,130,130,47,0,83,0,0,0,0,0,0,0,423,0,0,0,0,0,11,0,0,0,0,0,0,0,0,0,0,0,7,0,0,4,0,0,0,0,0,0,11,71,22,34,0,0,0,0,15,1,0,4,0,0,0,0,0,0,30,0,49,0,49,155,0,0,0,0,0,65,0,0,0,0,0,65,0,65,0,4,0,0,86,0,0,2,0,0,0,0,0,13,105,738,1789
Uttar Pradesh,Sitapur,61,0,0,0,226,0,0,0,0,0,0,0,0,0,0,0,63,430,0,0,0,0,0,0,0,0,0,0,780,84,84,0,0,27,408,408,0,0,0,0,0,0,23,0,0,0,0,5931,2973,62,0,2896,0,0,0,0,0,0,464,464,91,166,207,0,0,0,0,0,0,0,6937,0,0,0,0,0,21,0,0,0,0,0,0,0,0,0,0,0,0,2,0,0,0,0,19,0,0,0,21,233,0,135,0,0,0,0,98,0,0,8,0,0,0,0,0,0,93,0,93,0,93,427,0,0,0,0,0,96,0,0,0,0,0,96,0,96,0,0,0,0,349,0,0,21,0,0,0,0,0,0,370,0,8631
Uttar Pradesh,Sonbhadra,116,0,0,0,78,0,0,0,0,0,0,0,0,0,0,0,21,56,0,0,0,0,0,0,0,0,0,0,271,35,35,0,0,27,390,384,0,0,0,0,6,11,9,18,0,0,0,135,118,4,0,13,0,0,0,0,0,0,59,59,31,6,22,0,0,0,0,0,0,0,684,0,0,0,0,0,0,0,0,0,0,0,0,0,0,0,0,0,0,0,0,0,0,0,0,0,0,0,0,144,11,75,0,0,0,0,58,2,0,2,0,0,0,0,0,0,103,6,31,0,31,288,2,0,0,0,2,72,0,0,0,0,0,55,17,74,0,0,0,0,0,0,0,17,0,0,0,0,0,0,17,920,2254
Uttar Pradesh,Bhadohi,10,1,0,0,23,7,0,0,0,7,0,0,2,0,2,2,15,10,47,0,0,0,0,0,0,0,0,0,119,28,28,0,0,9,129,64,48,0,0,0,17,9,6,12,0,0,0,191,161,3,0,18,5,1,0,3,0,1,97,97,87,10,0,0,0,0,0,0,0,0,482,0,0,0,0,0,1,0,0,0,0,0,0,0,0,0,0,0,0,0,0,0,0,0,1,0,1,0,2,86,11,37,0,0,0,0,38,6,1,7,1,1,0,0,0,0,26,2,17,0,17,146,0,0,0,0,0,104,1,0,1,0,0,57,46,104,0,0,2,0,33,0,0,3,1,0,49,0,17,1,106,282,1241
Uttar Pradesh,Sultanpur,66,6,7,0,66,10,0,0,0,0,10,0,13,0,1,0,26,28,330,0,0,0,0,0,0,0,0,0,553,51,51,0,0,7,334,194,133,0,1,0,6,11,44,296,0,0,0,325,156,0,0,116,16,0,0,32,5,49,233,232,94,59,79,0,0,1,0,0,0,0,1350,0,0,0,0,0,13,0,0,0,0,0,0,0,0,0,0,9,4,0,0,0,0,0,0,0,0,0,13,485,70,291,0,0,0,0,124,0,10,7,1,1,0,1,0,0,86,4,99,0,99,693,0,0,0,0,0,198,21,8,2,3,8,46,131,198,0,3,14,0,285,1,0,59,2,0,26,32,265,8,695,2585,6087
Uttar Pradesh,Unnao,28,0,0,0,207,9,0,0,0,0,0,9,19,1,3,0,32,241,380,0,0,0,0,0,0,0,0,0,920,49,49,0,0,13,472,470,0,0,2,0,0,5,36,70,0,0,0,1767,605,0,0,1111,9,0,0,0,42,0,64,54,0,32,22,0,10,0,0,0,0,0,2476,0,0,0,0,0,10,0,0,0,0,0,0,0,0,0,0,4,3,3,0,0,0,0,0,0,0,0,10,336,120,133,0,1,0,0,82,0,8,31,1,1,0,0,0,0,55,21,88,0,88,540,2,0,0,0,2,85,15,0,0,3,12,31,39,87,0,0,0,0,426,0,0,4,0,0,0,4,0,0,434,2085,6552
Uttar Pradesh,Varanasi Commissionarate,75,0,5,0,35,83,0,0,35,0,0,48,12,1,5,2,23,646,181,3,0,0,0,0,0,0,0,0,1071,36,36,0,0,21,298,298,0,0,0,0,0,18,23,5,0,0,0,251,48,0,0,89,26,0,0,76,12,89,291,290,290,0,0,0,0,0,0,0,0,1,1032,1,1,0,1,4,22,0,0,0,0,0,0,0,2,0,0,6,0,2,0,0,0,0,12,11,2,0,39,826,42,613,3,5,0,15,148,64,32,18,0,0,0,11,0,1,178,80,185,7,178,1395,5,0,0,0,5,435,255,16,38,56,145,150,30,440,0,4,16,0,299,0,0,16,5,6,18,9,292,4,669,3910,8557
Uttarakhand,Almora,8,0,0,0,7,1,0,0,0,1,0,0,1,1,4,0,0,14,0,0,0,0,0,0,0,0,0,0,36,4,4,0,0,0,9,0,9,0,0,0,0,2,3,0,0,0,0,15,6,0,0,6,2,1,0,0,0,5,40,5,5,0,0,0,0,0,0,0,0,35,78,0,0,0,0,0,19,0,0,0,0,2,0,0,0,0,0,0,0,10,0,6,0,1,0,0,0,0,19,8,0,3,0,0,0,0,5,0,1,4,0,0,0,0,0,0,2,0,9,1,8,24,0,0,0,0,0,44,40,0,0,0,40,0,4,44,0,0,0,0,11,0,0,0,0,0,1,0,6,0,18,89,308
Uttarakhand,Bageshwar,1,0,0,0,5,1,1,0,0,0,0,0,0,0,0,0,0,0,0,0,0,0,0,0,0,0,0,0,7,3,3,0,0,2,2,0,2,0,0,0,0,0,4,0,0,0,0,4,1,0,0,3,0,0,0,0,0,0,20,11,8,0,3,0,0,0,0,0,0,9,35,0,0,0,0,0,1,0,0,0,0,0,0,0,0,0,0,0,0,0,0,0,0,0,1,0,0,0,1,5,3,1,0,0,0,0,1,0,0,0,0,0,0,0,0,0,2,0,4,0,4,11,1,0,0,0,1,18,4,0,0,0,4,14,0,19,0,0,0,0,3,0,0,0,0,0,0,0,0,0,3,25,101
Uttarakhand,Chamoli,3,0,2,0,3,3,2,0,0,1,0,0,0,0,5,1,1,1,1,0,0,0,0,0,0,0,0,0,20,6,6,0,0,0,12,5,6,0,0,0,1,0,3,0,0,0,0,48,18,0,0,1,8,1,0,11,9,0,38,8,3,0,5,0,0,0,0,0,0,30,107,0,0,0,0,0,6,2,0,2,0,0,0,0,0,0,0,0,0,1,0,1,0,0,0,0,0,0,6,14,0,4,0,0,0,0,10,0,0,1,0,0,0,0,0,0,5,0,5,1,4,25,0,0,0,0,0,10,0,0,0,0,0,9,1,10,0,0,1,0,0,0,0,0,0,0,0,0,0,0,1,3,172
Uttarakhand,Champawat,6,0,0,0,6,1,0,0,0,0,0,1,0,0,1,0,1,1,0,0,0,0,0,0,0,0,0,0,16,8,8,0,0,0,21,10,11,0,0,0,0,2,5,0,0,0,0,5,3,0,0,2,0,0,0,0,0,0,49,2,0,0,2,0,0,0,0,0,0,47,90,0,0,0,0,0,9,0,0,0,0,0,0,0,0,0,0,0,0,0,0,9,0,0,0,0,0,0,9,24,8,8,0,0,1,0,7,0,0,5,0,0,0,0,0,0,2,0,3,1,2,34,0,0,0,0,0,58,0,0,0,0,0,58,0,58,0,0,0,0,0,0,0,0,0,0,0,0,0,0,0,70,277
Uttarakhand,Dehradun,75,0,0,0,83,18,0,0,0,16,0,2,2,4,11,0,10,61,91,0,2,0,0,0,0,0,1,1,359,31,31,0,0,10,216,0,213,0,0,0,3,16,30,7,0,0,0,674,258,0,0,45,22,0,0,6,343,10,262,148,0,110,38,0,0,0,0,0,0,114,1256,0,0,0,0,0,260,0,0,5,0,0,0,0,6,0,0,4,0,134,1,0,0,0,110,23,0,0,283,682,148,375,0,0,0,0,159,14,18,40,3,3,0,2,0,0,72,0,143,26,117,974,11,0,0,0,11,638,91,30,22,39,0,68,479,649,0,0,4,0,314,64,0,3,11,0,0,11,18,10,435,3,3959
Uttarakhand,Haridwar,104,1,6,0,113,29,0,0,0,0,0,29,25,5,5,3,14,18,35,1,0,0,0,0,0,0,0,0,359,77,77,0,0,12,267,96,171,0,0,0,0,5,104,0,0,0,0,78,52,0,0,9,16,1,0,0,0,0,262,225,131,22,72,0,3,1,0,0,0,33,805,0,0,0,0,0,392,0,0,0,0,0,0,0,0,0,0,0,0,0,0,0,0,0,392,6,0,0,398,1193,124,820,0,0,0,0,249,19,22,69,7,7,0,0,0,0,87,0,105,16,89,1502,5,0,0,0,5,523,365,18,3,7,337,77,81,528,0,0,3,0,169,0,0,1,6,0,0,0,1,2,182,1622,5396
Uttarakhand,Nainital,33,0,1,0,18,14,0,0,0,0,0,14,4,1,14,1,2,8,6,0,0,0,0,0,0,0,0,0,102,11,11,0,0,5,108,7,101,0,0,0,0,6,19,0,0,2,0,21,2,0,0,10,9,0,0,0,0,0,153,17,0,12,5,0,0,0,0,0,0,136,325,0,0,0,0,0,34,0,0,0,0,0,0,0,0,0,0,0,0,0,0,0,0,0,34,1,0,0,35,172,0,80,0,2,0,0,90,4,0,7,2,2,0,0,0,0,6,0,46,3,43,237,3,0,0,0,3,123,0,0,0,0,0,118,5,126,0,0,6,0,59,0,0,0,0,0,0,2,6,0,73,269,1167
Uttarakhand,Pauri Garhwal,8,0,0,0,14,5,0,2,0,1,0,2,1,0,3,2,0,2,0,0,0,0,0,0,0,0,0,0,35,6,6,0,0,1,18,1,16,0,0,0,1,2,4,0,0,0,0,9,5,0,0,4,0,0,0,0,0,0,38,18,0,9,9,0,0,0,0,0,0,20,78,0,0,0,0,0,14,0,0,0,0,0,0,0,1,0,0,3,0,5,0,3,0,2,0,1,0,0,15,49,4,21,0,2,0,0,22,0,4,0,0,0,0,0,0,0,9,0,10,0,10,72,0,0,0,0,0,88,46,0,0,0,46,39,3,88,0,0,0,0,13,0,0,1,0,0,0,0,0,0,14,85,387
Uttarakhand,Pithoragarh,6,1,1,0,6,1,0,0,0,0,0,1,0,0,1,2,0,4,0,0,0,0,0,0,0,0,0,0,22,4,4,0,0,1,7,0,7,0,0,0,0,4,3,0,0,0,0,16,2,0,0,7,6,0,0,1,0,2,32,4,0,2,2,0,0,0,0,0,0,28,69,0,0,0,0,0,7,1,0,0,0,0,0,0,0,0,0,0,0,3,0,2,1,0,0,3,1,0,11,14,0,3,0,0,0,0,11,1,1,0,0,0,0,0,0,0,2,1,12,0,12,31,0,0,0,0,0,42,19,0,0,0,19,21,2,42,0,0,0,0,17,0,0,0,0,0,0,1,0,0,18,60,253
Uttarakhand,Rudra Prayag,0,0,0,0,5,0,0,0,0,0,0,0,0,0,0,0,0,0,0,0,0,0,0,0,0,0,0,0,5,6,6,0,0,0,10,0,9,0,0,0,1,0,1,0,0,0,0,1,1,0,0,0,0,0,0,0,0,0,47,9,0,8,1,0,0,0,0,0,0,38,65,0,0,0,0,0,3,0,0,0,0,0,0,0,0,0,0,0,1,0,0,0,0,0,2,0,0,0,3,5,0,1,0,0,0,0,4,0,0,1,0,0,0,0,0,0,1,0,4,1,3,11,1,0,0,0,1,24,0,0,0,0,0,24,0,25,0,0,0,0,3,0,0,0,0,1,1,0,0,0,5,23,137
Uttarakhand,Tehri Garhwal,0,1,0,0,1,2,0,0,0,0,0,2,2,0,1,1,1,8,0,0,0,0,0,0,0,0,0,0,17,5,5,0,0,3,32,29,3,0,0,0,0,3,1,1,0,0,0,10,9,0,0,1,0,0,0,0,0,0,13,0,0,0,0,0,0,0,0,0,0,13,68,0,0,0,0,0,8,1,0,0,0,0,0,0,0,0,0,0,0,1,0,0,0,0,6,0,0,0,8,21,6,9,0,0,0,0,6,0,0,0,0,0,0,0,0,0,6,0,11,5,6,38,0,0,0,0,0,25,0,0,0,0,0,24,1,25,0,0,0,0,23,0,0,0,1,0,0,1,0,0,25,49,230
Uttarakhand,Udhamsingh Nagar,58,0,0,0,52,0,0,0,0,0,0,0,43,0,0,0,11,44,0,0,0,0,0,0,0,0,0,0,208,44,44,0,0,7,304,94,210,0,0,0,0,8,36,6,0,0,0,15,8,0,0,6,0,0,0,0,1,0,133,93,60,0,33,0,0,0,0,0,0,40,553,0,0,0,0,0,164,0,0,0,0,0,0,0,0,0,0,0,0,0,0,0,0,0,164,1,0,0,165,537,130,356,0,0,0,0,51,18,0,10,1,1,0,0,0,0,12,0,76,21,55,654,3,0,0,0,3,290,143,6,11,17,109,103,44,293,0,0,0,0,100,0,0,0,0,0,0,0,0,0,100,1124,3097
Uttarakhand,Uttarkashi,3,0,0,0,3,0,0,0,0,0,0,0,0,0,0,0,1,0,0,0,0,0,0,0,0,0,0,0,7,2,2,0,0,1,9,1,8,0,0,0,0,2,0,0,0,0,0,6,3,0,0,0,2,0,0,1,0,0,27,8,8,0,0,0,1,0,0,0,0,18,47,0,0,0,0,0,5,1,0,0,0,0,0,0,0,0,0,2,1,0,0,0,0,1,0,3,0,0,8,12,0,1,0,0,0,0,11,0,0,1,0,0,0,0,0,0,2,0,4,0,4,19,1,0,0,0,1,21,6,1,0,0,5,10,5,22,0,0,1,0,4,0,0,0,0,0,5,0,1,1,12,18,133
Uttarakhand,Grp,0,0,0,0,0,0,0,0,0,0,0,0,0,0,0,0,0,0,0,0,0,0,0,0,0,0,0,0,0,6,6,0,0,1,0,0,0,0,0,0,0,0,0,0,0,0,0,0,0,0,0,0,0,0,0,0,0,0,9,3,2,0,1,0,0,1,0,0,0,5,16,0,0,0,0,0,0,0,0,0,0,0,0,0,0,0,0,0,0,0,0,0,0,0,0,0,0,0,0,177,0,10,0,0,0,0,167,3,0,3,1,1,0,0,0,0,0,0,1,0,1,185,0,0,0,0,0,0,0,0,0,0,0,0,0,0,0,0,0,0,0,0,0,0,0,0,0,0,0,0,0,19,220
Uttarakhand,Cyber Cell,0,0,0,0,0,0,0,0,0,0,0,0,0,0,0,0,0,0,0,0,0,0,0,0,0,0,0,0,0,0,0,0,0,0,0,0,0,0,0,0,0,0,0,0,0,0,0,0,0,0,0,0,0,0,0,0,0,0,0,0,0,0,0,0,0,0,0,0,0,0,0,0,0,0,0,0,0,0,0,0,0,0,0,0,0,0,0,0,0,0,0,0,0,0,0,0,0,0,0,0,0,0,0,0,0,0,0,0,0,0,0,0,0,0,0,0,0,0,0,0,0,0,0,0,0,0,0,16,0,0,0,0,0,16,0,16,0,0,0,0,0,0,0,0,0,0,0,0,0,0,0,0,16
West Bengal,Alipurduar,27,13,10,0,22,13,0,0,0,0,0,13,8,6,3,0,10,316,0,0,0,0,0,0,0,0,0,0,428,33,31,2,0,8,135,10,124,0,0,0,1,20,83,9,0,0,0,364,305,0,0,49,9,0,0,1,0,6,166,157,0,74,83,0,1,1,0,0,0,7,824,1,1,0,1,1,1,0,0,0,0,0,0,0,0,0,0,0,0,0,0,0,0,0,1,0,0,0,2,195,22,34,2,3,3,2,129,6,15,5,1,1,0,0,5,0,41,0,1,0,1,269,0,0,0,0,0,85,0,0,0,0,0,71,14,85,0,0,11,0,72,0,0,0,0,0,5,8,18,4,118,375,2102
West Bengal,Asansol-Durgapur Pc,14,13,9,0,12,6,0,0,0,0,0,6,1,1,3,1,14,479,2,0,0,0,0,0,0,0,0,0,555,56,55,1,0,11,207,0,202,0,0,0,5,6,149,1,0,0,0,3,0,0,0,3,0,0,0,0,0,167,126,111,0,42,69,0,1,7,0,0,0,7,726,0,0,0,0,0,17,0,0,0,0,0,0,0,0,0,0,0,0,0,0,0,0,0,17,0,0,0,17,358,0,57,0,0,0,0,301,12,8,12,4,4,0,0,117,0,106,213,1,0,1,831,1,0,0,0,1,385,0,0,0,0,0,255,130,386,0,0,9,0,218,0,0,0,0,0,0,10,1,0,238,1949,4702
West Bengal,Bankura,17,11,0,0,27,10,0,0,0,0,0,10,25,2,3,29,15,355,6,3,0,0,0,0,0,0,0,0,503,43,43,0,0,7,186,0,180,0,0,0,6,12,300,11,0,0,0,808,701,0,0,100,6,1,0,0,0,349,192,37,0,20,17,0,0,0,0,0,0,155,1908,0,0,0,0,6,21,0,0,0,0,0,0,0,0,0,0,0,0,0,0,0,0,0,21,0,0,0,27,161,18,26,0,0,0,2,115,1,11,7,3,3,0,0,10,0,86,105,3,0,3,387,0,0,0,0,0,135,0,0,0,0,0,89,46,135,0,0,9,0,84,0,0,0,0,0,0,11,35,1,140,200,3300
West Bengal,Barrackpur Pc,17,1,0,0,243,50,0,0,0,0,0,50,60,15,24,20,5,1204,8,0,0,0,0,0,0,0,0,0,1647,49,48,1,0,6,96,0,96,0,0,0,0,23,259,41,0,0,0,895,632,0,0,259,0,4,0,0,0,0,157,140,70,70,0,0,1,9,0,0,0,7,1526,0,0,0,0,3,5,0,0,0,0,0,0,0,0,0,0,0,0,0,0,0,0,0,5,2,0,0,10,499,41,66,0,0,0,0,392,0,22,14,3,3,0,8,144,0,141,0,2,0,2,833,0,0,0,0,0,718,0,0,0,0,0,684,34,718,0,0,0,0,41,0,0,1,0,0,0,11,0,5,58,3342,8134
West Bengal,Bidhannagar Pc,7,1,19,0,48,25,0,0,0,0,0,25,6,4,18,8,5,384,3,0,0,0,0,0,0,0,0,0,528,17,17,0,0,3,67,0,67,0,0,0,0,5,141,9,0,0,0,76,27,0,0,48,0,1,0,0,0,0,56,51,0,32,19,0,0,2,1,1,0,2,374,0,0,0,0,0,1,0,0,0,0,0,0,0,0,0,0,0,0,0,0,0,0,0,1,0,0,0,1,262,40,47,0,0,0,31,144,11,31,4,0,0,0,0,60,0,31,0,0,0,0,399,0,0,0,0,0,930,0,0,0,0,0,895,35,930,0,0,0,0,190,0,0,0,0,0,0,1,0,0,191,1188,3611
West Bengal,Birbhum,33,9,2,0,13,5,0,0,0,0,0,5,1,1,1,2,7,389,0,0,0,0,0,0,0,0,0,0,463,83,81,2,0,8,158,0,155,0,0,0,3,26,674,13,0,0,0,984,811,0,0,158,12,2,0,1,0,33,106,104,0,82,22,0,0,2,0,0,0,0,2085,0,0,0,0,25,10,0,0,0,0,0,0,0,0,0,0,0,0,0,0,0,0,0,10,0,0,0,35,225,13,10,0,0,0,0,202,2,5,16,1,1,0,0,139,0,13,559,6,0,6,966,2,0,0,0,2,175,0,0,0,0,0,162,13,177,0,1,12,0,169,2,0,0,3,0,1,6,67,0,261,217,4204
West Bengal,Coochbehar,71,46,12,0,29,14,0,0,0,0,0,14,4,2,6,13,22,442,0,2,0,0,0,0,1,0,0,0,664,55,55,0,0,2,116,0,111,0,0,0,5,42,472,0,0,0,0,327,0,0,0,326,0,0,1,0,0,0,529,1,0,0,1,0,0,5,0,0,0,523,1543,0,0,0,0,19,1,0,0,0,0,0,0,0,0,0,0,0,0,0,0,0,0,0,1,0,0,0,20,248,0,52,0,0,0,0,196,1,27,6,1,1,0,0,17,0,41,0,1,0,1,342,3,0,0,0,3,122,0,0,0,0,0,90,32,125,0,0,0,0,187,0,0,0,0,0,0,31,0,0,218,1546,4458
West Bengal,Dakshin Dinajpur,22,32,1,0,10,10,0,0,0,0,0,10,4,2,3,15,10,222,1,3,0,0,0,0,0,0,0,0,335,48,47,1,0,6,145,11,131,0,1,0,2,22,421,182,0,0,0,743,640,0,0,99,4,0,0,0,0,2,235,88,0,45,43,0,0,7,0,0,0,140,1804,0,0,0,0,3,0,0,0,0,0,0,0,0,0,0,0,0,0,0,0,0,0,0,0,0,0,0,3,125,8,23,0,0,1,0,93,0,2,1,0,0,0,0,4,0,16,5,3,3,0,156,0,0,0,0,0,81,0,0,0,0,0,72,9,81,0,0,10,0,131,0,0,0,6,3,9,9,170,0,338,100,2817
West Bengal,Darjeeling,9,7,0,0,80,0,0,0,0,0,0,0,0,0,0,5,2,97,0,0,0,0,0,0,0,0,0,0,200,17,17,0,0,2,64,0,64,0,0,0,0,4,68,2,0,0,0,115,22,34,0,35,0,0,0,24,0,0,70,70,0,30,40,0,0,0,0,0,0,0,342,0,0,0,0,12,4,0,0,0,0,0,0,0,0,0,0,0,0,0,0,0,0,0,4,0,0,0,16,143,35,6,0,0,0,0,102,0,1,1,1,1,0,3,3,0,42,0,0,0,0,194,0,0,0,0,0,59,17,2,15,0,0,34,8,59,0,0,0,0,56,0,0,0,0,0,0,3,0,0,59,505,1375
West Bengal,Hooghly Rural Police,30,20,0,0,6,5,0,0,0,0,0,5,7,3,8,0,17,571,0,0,0,0,0,0,0,0,0,0,667,70,70,0,0,4,98,0,98,0,0,0,0,15,258,11,0,0,0,166,155,0,0,8,0,3,0,0,0,0,213,122,0,0,122,0,0,0,0,0,0,91,835,0,0,0,0,0,14,0,0,0,0,1,0,0,0,0,0,0,0,0,0,0,0,0,13,0,0,0,14,330,5,13,0,0,0,0,312,0,2,11,1,1,0,0,75,0,5,0,4,0,4,428,1,1,0,0,0,261,0,0,0,0,0,255,6,262,0,0,0,0,89,0,0,0,0,0,0,26,0,0,115,2395,4716
West Bengal,Howrah Grp,0,0,0,0,4,0,0,0,0,0,0,0,0,0,0,1,1,0,0,0,0,0,0,0,0,0,0,0,6,4,4,0,0,0,0,0,0,0,0,0,0,2,0,0,0,0,0,9,3,0,0,5,0,0,0,0,1,5,4,4,0,1,3,0,0,0,0,0,0,0,24,0,0,0,0,4,0,0,0,0,0,0,0,0,0,0,0,0,0,0,0,0,0,0,0,0,0,0,4,276,0,0,0,0,0,0,276,12,0,1,0,0,0,0,4,0,0,0,0,0,0,293,0,0,0,0,0,4,0,0,0,0,0,3,1,4,0,0,0,0,0,0,0,0,0,0,0,0,0,0,0,31,362
West Bengal,Howrah Pc,11,4,0,0,39,0,0,0,0,0,0,0,0,0,0,0,0,590,0,0,0,0,0,0,0,0,0,0,644,27,27,0,0,5,179,0,179,0,0,0,0,18,278,33,0,0,0,254,250,0,0,0,0,3,1,0,0,0,238,233,86,0,147,0,0,5,0,0,0,0,1032,0,0,0,0,3,18,0,0,0,0,0,0,0,0,0,0,0,0,0,0,0,0,0,18,0,0,0,21,246,20,48,0,0,0,0,178,7,38,4,2,2,0,0,152,0,114,0,4,0,4,567,2,1,0,0,1,418,0,0,0,0,0,335,83,420,0,0,0,0,224,0,0,0,0,0,0,8,0,0,232,2290,5206
West Bengal,Howrah Rural,14,4,0,0,0,3,0,0,0,0,0,3,2,3,1,1,10,487,0,0,0,0,0,0,0,0,0,0,525,47,47,0,0,4,134,0,134,0,0,0,0,12,270,15,0,0,0,974,922,0,0,47,0,2,3,0,0,0,139,134,70,0,64,0,0,0,0,0,0,5,1595,0,0,0,0,3,15,0,0,0,0,0,0,0,0,0,0,0,0,0,0,0,0,0,15,7,0,0,25,87,19,19,0,1,0,0,48,1,4,0,0,0,0,0,47,0,41,0,0,0,0,180,0,0,0,0,0,136,0,0,0,0,0,107,29,136,0,0,0,0,20,0,0,0,0,0,0,8,0,1,29,438,2928
West Bengal,Jalpaiguri,33,16,8,0,16,12,0,0,0,0,0,12,0,0,4,0,5,219,0,0,0,0,0,0,0,0,0,0,313,34,34,0,0,11,137,0,137,0,0,0,0,24,233,12,0,0,0,0,0,0,0,0,0,0,0,0,0,0,152,46,0,15,31,0,0,0,0,0,0,106,603,0,0,0,0,0,4,0,0,0,0,4,0,0,0,0,0,0,0,0,0,0,0,0,0,0,0,0,4,206,35,29,0,0,0,0,142,5,3,3,0,0,0,1,15,0,0,0,0,0,0,233,0,0,0,0,0,104,0,0,0,0,0,83,21,104,0,0,0,0,238,0,0,0,0,0,0,2,0,0,240,1574,3071
West Bengal,Jhargram,7,2,3,0,5,5,0,0,0,0,0,5,7,0,1,0,2,119,12,0,0,0,0,0,0,0,0,0,163,22,22,0,0,5,84,0,84,0,0,0,0,1,63,0,0,0,0,155,130,0,0,25,0,0,0,0,0,0,115,115,98,2,15,0,0,0,0,0,0,0,445,0,0,0,0,0,3,0,0,0,0,0,0,0,0,0,0,0,0,0,0,0,0,0,3,0,0,0,3,64,2,7,0,1,1,0,53,0,4,2,0,0,0,0,6,0,3,21,0,0,0,100,3,0,0,0,3,59,0,0,0,0,0,57,2,62,0,0,0,0,33,0,0,0,0,0,0,2,0,0,35,278,1086
West Bengal,Kharagpur Grp,1,0,0,0,1,3,0,0,0,0,0,3,1,0,1,0,0,0,0,0,0,0,0,0,0,0,0,0,7,9,9,0,0,0,0,0,0,0,0,0,0,4,1,0,0,0,0,4,2,0,0,1,0,0,0,0,1,3,7,6,0,3,3,0,0,0,0,0,0,1,28,0,0,0,0,0,0,0,0,0,0,0,0,0,0,0,0,0,0,0,0,0,0,0,0,0,0,0,0,275,0,0,0,0,0,0,275,4,0,3,0,0,0,0,0,0,0,0,0,0,0,282,0,0,0,0,0,2,1,0,0,0,1,1,0,2,0,0,0,0,0,0,0,0,0,0,0,0,0,0,0,26,345
West Bengal,Kolkata,12,1,0,0,79,33,0,0,0,0,0,33,22,39,74,235,11,869,6,0,0,0,0,0,13,0,0,0,1394,57,57,0,0,22,106,0,92,0,0,0,14,32,135,11,0,0,0,817,156,0,0,660,0,0,1,0,0,0,484,435,243,0,192,0,1,14,0,0,0,34,1664,0,0,0,0,0,69,0,0,0,0,0,0,0,0,0,0,0,0,0,0,0,0,0,69,0,0,0,69,975,110,171,0,0,0,70,624,36,185,10,3,3,0,0,3,0,227,0,12,5,7,1451,12,0,0,0,12,1586,0,0,0,0,0,1123,463,1598,0,0,135,0,1150,248,0,0,0,152,0,10,0,0,1695,3993,11864
West Bengal,Malda,125,85,30,0,47,14,0,0,0,0,0,14,19,15,27,12,16,722,2,5,2,0,0,0,0,0,0,0,1121,80,80,0,0,3,228,0,226,0,0,0,2,48,1576,2122,3,1,0,1557,1313,0,0,243,0,1,0,0,0,0,517,488,344,0,144,0,1,17,0,0,0,11,6135,0,0,0,0,38,14,0,0,0,0,0,0,0,0,0,0,0,0,0,0,0,0,0,14,0,0,0,52,442,13,78,1,1,0,2,347,3,31,12,4,4,0,0,48,0,96,170,5,0,5,811,26,0,0,0,26,316,0,0,0,0,0,227,89,342,0,0,93,0,414,0,0,0,16,0,0,35,0,0,558,823,9842
West Bengal,Murshidabad Police District,128,115,19,0,29,12,0,0,0,0,0,12,16,6,12,2,18,1502,9,0,0,0,0,0,0,0,0,0,1868,132,132,0,0,6,262,0,262,0,0,0,0,46,1746,0,2,0,1,3526,2924,0,0,580,19,3,0,0,0,0,503,477,392,0,85,0,0,5,0,0,0,21,6224,0,0,0,0,0,8,0,0,0,0,0,0,0,0,0,0,0,0,0,0,0,0,0,8,17,0,0,25,239,19,50,1,0,1,4,164,12,7,0,3,3,0,0,116,0,85,14,0,0,0,476,11,0,0,0,11,313,0,0,0,0,0,165,148,324,0,0,86,0,180,0,0,0,10,0,0,17,0,4,297,316,9530
West Bengal,Paschim Medinipur,34,39,0,0,35,119,0,0,0,0,0,119,31,39,22,4,9,433,25,3,0,0,0,0,0,0,0,0,793,86,86,0,0,13,236,0,231,0,0,0,5,33,1,0,0,0,0,1035,904,0,0,78,48,4,1,0,0,0,194,25,0,0,25,0,1,4,0,0,0,164,1598,0,0,0,0,15,9,0,0,0,0,0,0,0,0,0,0,0,0,0,0,0,0,0,9,0,0,0,24,337,0,53,40,0,0,0,244,0,19,3,3,3,0,0,48,0,252,0,3,0,3,665,0,0,0,0,0,94,0,0,0,0,0,33,61,94,0,0,0,0,204,0,0,0,0,0,0,17,0,0,221,678,4073
West Bengal,Purab Medinipur,46,37,0,0,23,12,0,0,0,0,0,12,5,19,16,1,19,818,99,0,0,0,0,0,0,0,0,0,1095,88,87,1,0,4,325,0,324,0,0,0,1,9,496,3,0,0,0,59,0,0,0,54,0,3,2,0,0,0,548,504,0,310,194,0,4,1,0,0,0,39,1532,0,0,0,0,2,17,0,0,0,0,0,0,0,0,0,0,0,0,0,0,0,0,0,17,0,0,0,19,357,44,101,0,0,0,1,211,13,13,10,4,4,0,0,16,0,506,0,6,0,6,925,0,0,0,0,0,187,0,0,0,0,0,122,65,187,0,0,0,0,388,0,0,0,0,0,0,15,0,0,403,3543,7704
West Bengal,Purulia,18,14,0,0,15,9,0,0,0,0,0,9,14,0,7,0,6,245,1,0,0,0,0,0,0,0,0,0,329,47,47,0,0,9,122,0,122,0,0,0,0,16,198,16,0,0,0,695,613,0,0,72,9,1,0,0,0,0,101,99,84,0,15,0,0,0,0,0,0,2,1204,1,0,1,1,0,3,0,0,0,0,0,0,0,0,0,0,0,0,0,0,0,0,0,3,0,0,0,3,105,0,11,0,0,0,0,94,3,3,9,2,2,0,0,6,0,31,94,2,0,2,255,0,0,0,0,0,58,15,0,0,0,15,35,8,58,0,0,0,0,80,0,0,0,0,0,0,8,0,0,88,263,2201
West Bengal,Sealdah Grp,1,0,0,0,7,2,0,0,1,0,0,1,0,0,0,0,1,0,1,0,0,0,1,0,0,0,0,0,13,11,11,0,0,2,0,0,0,0,0,0,0,3,6,0,0,2,0,15,13,0,0,2,0,0,0,0,0,0,6,5,0,2,3,0,0,0,0,0,0,1,45,0,0,0,0,11,0,0,0,0,0,0,0,0,0,0,0,0,0,0,0,0,0,0,0,0,0,0,11,274,0,0,88,0,0,0,186,10,0,2,0,0,0,0,7,0,0,0,0,0,0,293,0,0,0,0,0,6,3,0,0,0,3,2,1,6,0,0,0,0,0,0,0,0,0,0,0,0,0,0,0,23,391
West Bengal,Siliguri Grp,1,0,0,0,9,0,0,0,0,0,0,0,0,0,1,0,0,0,0,0,0,0,0,0,0,0,0,0,11,5,5,0,0,0,0,0,0,0,0,0,0,0,0,0,0,0,0,0,0,0,0,0,0,0,0,0,0,0,5,5,0,3,2,0,0,0,0,0,0,0,10,0,0,0,0,0,0,0,0,0,0,0,0,0,0,0,0,0,0,0,0,0,0,0,0,0,0,0,0,186,0,0,84,0,0,0,102,5,1,2,0,0,0,1,0,0,0,0,0,0,0,195,0,0,0,0,0,0,0,0,0,0,0,0,0,0,0,0,0,0,0,0,0,0,0,0,0,0,0,0,0,9,225
West Bengal,Siliguri Pc,7,2,0,0,0,8,0,5,0,0,0,3,29,6,17,12,1,525,0,0,0,0,0,0,0,0,0,0,607,23,23,0,0,1,124,7,117,0,0,0,0,22,189,0,0,0,0,152,74,0,0,78,0,0,0,0,0,0,261,181,146,0,35,0,0,0,0,0,0,80,772,0,0,0,0,0,0,0,0,0,0,0,0,0,0,0,0,0,0,0,0,0,0,0,0,0,0,0,0,365,74,61,0,0,0,0,230,0,31,11,0,0,0,0,125,0,89,0,0,0,0,621,0,0,0,0,0,672,135,0,0,0,135,436,101,672,0,0,0,0,118,0,0,0,0,0,0,2,0,0,120,1692,4484
West Bengal,Baruipur Police,72,48,0,0,14,20,0,0,0,0,0,20,5,16,6,8,15,1101,0,0,0,0,0,0,0,0,0,0,1305,63,63,0,0,5,129,0,129,0,0,0,0,0,223,21,0,0,0,148,79,0,0,67,0,2,0,0,0,0,332,310,0,152,158,0,1,3,0,0,0,18,921,0,0,0,0,0,9,0,0,0,0,0,0,0,0,0,0,0,0,0,0,0,0,0,9,0,0,0,9,318,25,45,0,0,0,0,248,0,1,7,0,0,0,0,85,0,44,0,5,4,1,460,2,0,0,0,2,415,0,0,0,0,0,398,17,417,0,0,0,0,185,0,0,0,0,0,0,0,0,0,185,4474,7771
West Bengal,Chandannagar Pc,10,0,6,0,10,4,0,0,0,0,0,4,0,0,0,0,2,511,0,0,0,0,0,0,0,0,0,0,543,20,20,0,0,1,51,0,51,0,0,0,0,0,110,31,0,0,0,96,21,0,0,37,0,0,0,0,38,0,19,19,11,0,8,0,0,0,0,0,0,0,328,0,0,0,0,0,0,0,0,0,0,0,0,0,0,0,0,0,0,0,0,0,0,0,0,0,0,0,0,85,6,24,0,0,0,0,55,6,0,6,0,0,0,0,75,0,21,0,0,0,0,193,0,0,0,0,0,276,0,0,0,0,0,276,0,276,0,0,0,0,65,0,0,0,0,0,0,0,0,0,65,662,2067
West Bengal,Diamond Harbour Police,29,10,0,0,0,10,0,0,0,0,0,10,8,2,6,0,9,930,0,0,0,0,0,0,0,0,0,0,1004,38,37,1,0,3,149,0,145,0,0,0,4,24,306,132,0,0,0,750,629,1,0,117,0,3,0,0,0,0,158,142,0,62,80,0,1,5,0,0,0,10,1560,0,0,0,0,0,11,2,0,0,0,0,0,0,0,0,0,1,0,0,0,0,0,0,8,11,0,0,22,195,40,22,0,0,0,7,126,1,0,1,0,0,0,0,81,0,8,0,0,0,0,286,2,0,0,0,2,228,63,0,0,0,63,160,5,230,0,0,0,0,100,0,0,0,0,0,0,6,0,3,109,620,3831
West Bengal,Kalimpong,3,3,0,0,3,2,0,0,0,0,0,2,1,0,0,0,0,18,0,0,0,0,0,0,0,0,0,0,30,4,4,0,0,0,13,0,13,0,0,0,0,0,11,0,0,0,0,29,19,0,0,9,1,0,0,0,0,0,27,27,0,12,15,0,0,0,0,0,0,0,84,0,0,0,0,4,0,0,0,0,0,0,0,0,0,0,0,0,0,0,0,0,0,0,0,0,0,0,4,24,3,2,0,2,0,0,17,0,1,0,0,0,0,0,0,0,2,0,2,0,2,29,0,0,0,0,0,44,0,0,0,0,0,42,2,44,0,0,0,0,30,0,0,0,0,0,0,1,0,0,31,40,262
West Bengal,Purba Bardhaman,35,22,0,0,39,21,0,0,0,0,0,21,101,11,16,7,21,1115,39,0,0,0,0,0,0,0,0,0,1427,61,61,0,0,19,345,0,345,0,0,0,0,29,451,46,0,0,0,534,370,0,0,160,0,3,1,0,0,0,378,370,0,135,235,0,0,1,0,0,0,7,1863,0,0,0,0,0,5,0,0,0,0,0,0,0,0,0,0,0,0,0,0,0,0,0,5,0,0,0,5,218,35,61,4,8,15,9,86,34,35,15,2,2,0,0,129,0,65,0,0,0,0,498,1,0,0,0,1,410,0,0,0,0,0,410,0,411,0,0,0,0,303,0,0,0,0,0,0,15,0,0,318,2578,7100
West Bengal,Sundarban Police,29,22,0,0,16,7,0,0,0,0,0,7,9,5,4,1,1,820,0,1,0,0,0,0,0,0,0,0,915,31,31,0,0,4,64,0,64,0,0,0,0,12,44,0,0,0,0,1010,567,0,0,43,5,0,0,0,395,0,272,16,0,7,9,0,0,0,0,0,0,256,1437,0,0,0,0,16,6,0,0,0,0,0,0,0,0,0,0,0,0,0,0,0,0,0,6,4,0,0,26,121,1,11,0,0,0,0,109,0,8,1,1,1,0,0,13,0,13,0,4,0,4,161,0,0,0,0,0,151,0,0,0,0,0,140,11,151,0,0,93,0,100,0,0,0,0,0,102,15,99,0,409,559,3658
West Bengal,Barasat,20,9,3,0,15,8,0,0,0,0,0,8,14,9,8,3,14,778,10,0,0,0,0,0,0,0,0,0,891,29,23,6,0,2,127,0,124,0,0,0,3,26,251,321,0,0,0,1280,1183,0,0,93,2,2,0,0,0,0,240,227,100,110,17,0,0,2,0,0,0,11,2276,0,0,0,0,0,1,0,0,0,0,0,0,0,0,0,0,0,0,0,0,0,0,0,1,2,0,0,3,295,57,51,0,0,0,0,187,9,6,7,1,1,0,0,90,0,58,4,0,0,0,470,2,0,0,0,2,289,0,0,0,0,0,218,71,291,0,0,0,0,252,0,0,0,0,35,0,6,0,0,293,1155,5379
West Bengal,Basirhat,35,23,3,0,4,5,0,0,0,0,0,5,5,1,2,2,10,456,1,0,1,0,0,0,0,0,0,0,548,26,26,0,0,1,110,110,0,0,0,0,0,23,344,373,0,0,0,1009,991,0,0,14,0,2,2,0,0,0,193,176,3,93,80,0,0,2,0,0,0,15,2079,1,0,1,1,11,25,0,0,0,0,5,0,0,0,0,0,0,0,0,0,0,0,0,20,8,1,0,45,97,30,16,0,0,0,0,51,2,10,16,0,0,0,0,37,0,23,0,1,0,1,186,3,0,0,0,3,192,0,0,0,0,0,138,54,195,0,0,0,0,57,0,0,0,0,0,0,6,0,0,63,528,3645
West Bengal,Bangaon,38,10,0,0,23,34,0,0,0,0,0,34,46,5,12,12,5,485,0,4,0,0,0,0,2,0,0,0,676,21,21,0,0,6,61,0,61,0,0,0,0,21,101,389,0,0,0,925,925,0,0,0,0,0,0,0,0,0,72,64,0,0,64,0,3,2,0,0,0,3,1596,0,0,0,0,2,0,0,0,0,0,0,0,0,0,0,0,0,0,0,0,0,0,0,0,1,0,0,3,136,0,9,0,0,0,0,127,0,9,0,0,0,0,0,23,0,81,0,0,0,0,249,0,0,0,0,0,168,0,0,0,0,0,115,53,168,0,0,0,0,11,0,0,0,0,0,0,9,0,0,20,272,2984
West Bengal,Islampur,19,9,4,0,1,1,0,0,0,1,0,0,0,4,4,0,7,170,0,0,1,0,0,0,0,0,0,0,220,28,28,0,0,2,109,0,109,0,0,0,0,13,369,87,0,0,0,797,654,0,0,142,0,0,0,0,1,183,275,59,0,31,28,0,0,2,0,0,0,214,1863,0,0,0,0,13,8,0,0,0,0,0,0,0,0,0,0,0,0,0,0,0,0,0,8,1,0,0,22,123,24,50,0,0,6,2,41,9,8,6,6,6,0,0,12,2,8,46,0,0,0,220,1,0,0,0,1,60,0,0,0,0,0,38,22,61,0,2,19,0,111,0,0,0,3,0,10,6,82,4,237,5,2628
West Bengal,Jangipur Police District,14,16,4,0,2,0,0,0,0,0,0,0,0,2,0,0,8,451,0,0,0,0,0,0,0,0,0,0,497,42,42,0,0,2,83,0,83,0,0,0,0,4,460,0,0,0,0,624,285,0,0,337,0,2,0,0,0,0,113,12,3,0,9,0,0,0,0,0,0,101,1328,0,0,0,0,0,6,0,0,0,0,0,0,0,0,0,0,0,0,0,0,0,0,0,6,4,0,0,10,84,14,10,0,0,0,0,60,0,3,2,2,2,0,0,76,0,0,0,0,0,0,167,5,0,0,0,5,83,0,0,0,0,0,82,1,88,0,2,4,0,52,0,0,0,0,0,0,0,0,0,58,367,2515
West Bengal,Krishnagar,70,101,16,0,16,10,0,0,0,0,0,10,9,7,5,0,15,630,48,0,0,0,0,0,0,0,0,0,927,51,51,0,0,1,157,13,139,0,1,0,4,35,615,135,0,0,0,959,530,0,0,426,0,2,1,0,0,0,141,25,0,8,17,0,1,4,0,0,0,111,2094,0,0,0,0,0,8,0,0,0,0,0,0,0,0,0,0,0,0,0,0,0,0,0,8,0,0,0,8,228,0,58,0,0,0,0,170,2,9,0,1,1,0,0,98,0,30,0,0,0,0,368,0,0,0,0,0,285,0,0,0,0,0,275,10,285,0,0,0,0,162,0,0,0,0,0,0,15,0,0,177,1927,5786
West Bengal,Raiganj,18,23,13,0,5,2,0,1,0,0,0,1,0,0,2,7,4,162,0,0,0,0,0,0,0,0,0,0,236,24,24,0,0,3,109,1,107,0,0,0,1,18,448,1,0,0,0,526,308,0,0,218,0,0,0,0,0,376,125,90,0,23,67,0,0,0,0,0,0,35,1630,0,0,0,0,20,2,0,0,0,0,0,0,0,0,0,0,0,0,0,0,0,0,0,2,0,0,0,22,158,0,37,0,0,0,0,121,0,4,0,0,0,0,0,14,0,5,0,0,0,0,181,1,0,0,0,1,109,0,0,0,0,0,99,10,110,0,0,11,0,117,0,0,0,0,0,0,9,299,0,436,407,3022
West Bengal,Ranaghat,41,41,3,0,10,15,0,0,0,0,0,15,15,3,3,12,20,715,0,0,0,0,0,0,0,0,0,0,878,43,42,1,0,2,99,0,99,0,0,0,0,4,225,2,0,0,0,110,33,0,0,73,0,2,2,0,0,0,248,213,0,132,81,0,0,2,0,0,0,33,733,0,0,0,0,0,0,0,0,0,0,0,0,0,0,0,0,0,0,0,0,0,0,0,0,0,0,0,0,228,0,25,0,0,0,0,203,7,0,3,1,1,0,0,29,0,81,0,0,0,0,349,1,0,0,0,1,207,0,0,0,0,0,135,72,208,0,0,0,0,55,0,0,0,0,0,0,2,0,0,57,2305,4530
A&N Islands,South Andaman,7,0,0,0,10,6,1,0,0,0,0,5,0,2,1,5,0,2,0,0,0,0,1,0,0,0,0,0,34,7,7,0,0,0,21,3,16,0,0,0,2,1,8,2,0,0,0,34,13,0,0,11,3,0,0,7,0,5,15,15,10,2,3,0,0,0,0,0,0,0,93,0,0,0,0,0,3,0,0,0,0,0,0,0,0,0,0,0,0,1,0,0,0,0,2,0,0,0,3,34,7,3,2,0,0,0,22,0,1,1,0,0,0,0,0,0,2,0,28,8,20,66,0,0,0,0,0,102,6,0,0,0,6,95,1,102,0,0,2,0,82,0,0,0,0,0,1,2,3,0,90,7,395
A&N Islands,North & Middle Andaman,0,0,0,0,4,4,1,0,0,0,0,3,0,2,2,1,0,0,0,0,0,0,0,0,0,0,0,0,13,4,4,0,0,1,6,1,4,0,0,0,1,0,6,0,0,0,0,20,11,0,0,6,1,0,0,2,0,4,2,2,1,1,0,0,0,0,0,0,0,0,43,0,0,0,0,0,0,0,0,0,0,0,0,0,0,0,0,0,0,0,0,0,0,0,0,2,0,0,2,7,1,0,0,0,0,0,6,1,0,0,0,0,0,0,0,0,1,0,11,3,8,20,0,0,0,0,0,3,0,0,0,0,0,3,0,3,0,0,0,0,25,0,0,0,0,0,0,3,0,0,28,1,110
A&N Islands,Nicobar,0,0,0,0,1,1,1,0,0,0,0,0,0,0,0,0,0,0,0,0,0,0,0,0,0,0,0,0,2,0,0,0,0,2,2,0,2,0,0,0,0,0,0,0,0,0,0,2,0,0,0,1,0,0,0,1,0,1,0,0,0,0,0,0,0,0,0,0,0,0,7,0,0,0,0,0,0,0,0,0,0,0,0,0,0,0,0,0,0,0,0,0,0,0,0,0,0,0,0,2,0,0,0,0,0,0,2,0,0,0,0,0,0,0,0,0,0,0,2,0,2,4,0,0,0,0,0,1,0,0,0,0,0,1,0,1,0,0,0,0,2,0,0,0,0,0,0,0,0,0,2,1,17
Chandigarh,Chandigarh,96,2,0,0,7,12,8,4,0,0,0,0,1,6,5,7,3,162,3,0,1,0,4,0,1,0,0,0,310,22,21,1,0,5,62,12,46,0,0,0,4,5,59,3,3,0,1,73,11,0,0,45,12,0,0,5,0,44,181,176,176,0,0,0,1,1,0,0,0,3,458,0,0,0,0,0,37,0,0,0,0,1,0,0,0,5,0,8,6,2,0,0,0,2,13,1,0,1,39,1600,16,1387,0,1,2,5,189,58,4,45,3,2,1,0,3,0,14,19,90,32,58,1836,7,0,0,7,0,522,259,11,10,5,233,255,8,529,0,0,40,0,112,11,0,2,3,3,2,4,16,0,193,256,3621
D&N Haveli And Daman & Diu,D&N Haveli,4,0,0,0,2,3,2,0,0,0,0,1,0,0,0,2,0,1,0,0,0,0,0,0,0,0,0,0,12,4,4,0,0,0,63,19,35,0,0,0,9,1,5,0,0,0,0,15,6,0,0,5,2,0,0,1,1,2,29,28,20,5,3,0,0,0,0,0,0,1,119,0,0,0,0,0,3,0,0,0,0,0,0,0,0,0,0,0,0,2,0,0,0,1,0,0,0,0,3,20,2,8,1,0,0,0,9,0,1,5,0,0,0,0,0,0,7,0,35,3,32,68,0,0,0,0,0,46,11,0,6,0,5,32,3,46,0,0,2,0,45,0,0,0,0,0,0,0,1,1,49,19,316
D&N Haveli And Daman & Diu,Daman,6,0,1,0,1,0,0,0,0,0,0,0,0,0,0,0,0,2,0,0,0,0,0,0,0,0,0,0,10,7,7,0,0,0,32,3,24,0,0,0,5,0,4,0,0,0,0,5,1,0,0,2,1,0,0,1,0,1,17,17,16,0,1,0,0,0,0,0,0,0,66,0,0,0,0,0,3,0,0,0,0,0,0,0,0,0,0,0,0,0,0,0,0,0,3,1,0,0,4,23,0,11,0,0,0,1,11,1,1,0,0,0,0,0,0,0,5,0,12,4,8,42,0,0,0,0,0,21,1,0,0,0,1,17,3,21,0,0,0,0,19,0,0,0,0,2,0,3,2,0,26,11,180
D&N Haveli And Daman & Diu,Diu,1,0,0,0,0,0,0,0,0,0,0,0,0,0,0,1,0,0,0,0,0,0,0,0,0,0,0,0,2,0,0,0,0,0,5,0,5,0,0,0,0,0,2,0,0,0,0,3,0,0,0,3,0,0,0,0,0,0,0,0,0,0,0,0,0,0,0,0,0,0,10,0,0,0,0,0,0,0,0,0,0,0,0,0,0,0,0,0,0,0,0,0,0,0,0,0,0,0,0,10,0,5,0,0,1,0,4,0,1,0,0,0,0,0,0,0,0,0,1,0,1,12,0,0,0,0,0,11,1,0,0,0,1,10,0,11,0,0,0,0,8,0,0,1,0,0,0,0,0,0,9,0,44
Delhi,Central,78,0,3,0,22,14,0,0,1,6,0,7,13,4,7,19,0,174,0,0,0,0,0,0,0,0,0,0,334,21,21,0,0,0,70,57,13,0,0,0,0,1,53,41,0,0,0,95,8,2,0,68,6,0,1,9,1,1,187,182,95,31,56,0,0,1,0,0,0,4,469,0,0,0,0,0,0,0,0,0,0,0,0,0,0,0,0,0,0,0,0,0,0,0,0,0,0,0,0,6770,384,1465,53,0,0,5,4863,211,10,131,0,0,0,0,0,0,22,0,352,113,239,7496,1,0,0,0,1,195,11,0,7,0,4,171,13,196,0,0,2949,0,74,1923,1,8,1,1,0,1,13,0,4971,224,13690
Delhi,Crime Branch,0,0,0,0,0,0,0,0,0,0,0,0,0,0,0,0,0,0,0,0,0,0,0,0,0,0,0,0,0,0,0,0,0,1,0,0,0,0,0,0,0,0,15,0,3,1,0,0,0,0,0,0,0,0,0,0,0,0,1,0,0,0,0,0,0,0,0,0,0,1,21,0,0,0,0,0,0,0,0,0,0,0,0,0,0,0,0,0,0,0,0,0,0,0,0,0,0,0,0,0,0,0,0,0,0,0,0,0,5,0,0,0,0,0,0,0,2,0,0,0,0,7,0,0,0,0,0,45,23,0,0,0,23,13,9,45,0,0,4,0,0,0,0,0,0,0,0,0,0,0,4,3,80
Delhi,East,94,0,4,0,55,12,0,1,1,0,0,10,6,1,3,15,7,257,0,0,0,0,0,0,0,0,0,0,454,24,24,0,0,4,105,50,43,0,0,1,11,5,52,47,0,9,0,103,14,0,0,82,1,0,0,5,1,3,288,277,274,0,3,0,0,1,0,0,0,10,640,0,0,0,0,0,9,0,0,0,0,0,0,0,0,0,0,1,0,3,0,2,0,3,0,0,0,5,14,13510,658,2995,278,0,0,1,9578,285,5,79,2,2,0,0,0,0,16,1,759,309,450,14657,1,0,0,0,1,138,84,0,12,2,70,49,5,139,0,0,685,0,206,2593,0,2,0,0,14,5,13,0,3518,289,19711
Delhi,Eow,0,0,0,0,0,0,0,0,0,0,0,0,0,0,0,0,0,0,0,0,0,0,0,0,0,0,0,0,0,0,0,0,0,0,0,0,0,0,0,0,0,0,0,0,0,0,0,0,0,0,0,0,0,0,0,0,0,0,0,0,0,0,0,0,0,0,0,0,0,0,0,0,0,0,0,0,0,0,0,0,0,0,0,0,0,0,0,0,0,0,0,0,0,0,0,0,0,0,0,0,0,0,0,0,0,0,0,0,0,0,0,0,0,0,0,0,19,0,0,0,0,19,0,0,0,0,0,125,0,0,0,0,0,72,53,125,0,0,0,0,0,0,0,0,0,0,0,0,0,0,0,0,144
Delhi,Igi Airport,5,0,0,0,6,5,2,0,2,0,0,1,0,0,0,5,0,0,0,0,0,0,0,0,0,0,0,0,21,0,0,0,0,0,3,1,1,0,1,0,0,0,0,1,0,0,0,0,0,0,0,0,0,0,0,0,0,0,1,1,1,0,0,0,0,0,0,0,0,0,5,0,0,0,0,0,0,0,0,0,0,0,0,0,0,0,0,0,0,0,0,0,0,0,0,0,0,0,0,350,0,8,0,0,0,0,342,1,0,0,0,0,0,0,0,0,0,0,0,0,0,351,0,0,0,0,0,242,0,0,0,0,0,81,161,242,0,0,1,0,28,0,0,0,0,0,0,0,22,9,60,37,716
Delhi,Metro,1,0,0,0,5,6,0,0,2,0,0,4,0,0,2,5,0,0,0,0,0,0,1,0,0,0,0,0,20,1,1,0,0,0,3,0,0,0,0,0,3,0,1,0,0,1,0,6,2,0,0,1,1,0,0,2,0,0,5,5,4,1,0,0,0,0,0,0,0,0,17,0,0,0,0,0,0,0,0,0,0,0,0,0,0,0,0,0,0,0,0,0,0,0,0,0,0,0,0,6806,0,111,0,0,0,1,6694,5,1,6,0,0,0,0,0,0,3,0,12,1,11,6833,0,0,0,0,0,9,0,0,0,0,0,9,0,9,0,0,265,0,0,92,0,1,0,0,0,0,3,2,363,7,7249
Delhi,New Delhi,10,0,0,0,16,7,0,0,0,1,0,6,2,2,7,7,0,18,0,0,0,0,0,0,0,0,0,0,69,3,3,0,0,0,41,13,27,0,0,0,1,0,8,3,0,0,0,8,2,0,0,4,2,0,0,0,0,18,27,27,22,5,0,0,0,0,0,0,0,0,108,0,0,0,0,0,2,0,0,1,0,1,0,0,0,0,0,0,0,0,0,0,0,0,0,0,0,0,2,1142,5,107,0,0,0,4,1026,25,6,11,0,0,0,0,0,0,6,0,28,14,14,1218,21,0,0,0,21,182,16,0,0,4,12,108,58,203,0,0,184,0,209,266,0,0,0,4,0,1,1,0,665,120,2385
Delhi,North,64,0,0,0,44,31,0,0,5,0,0,26,2,2,5,15,8,185,0,0,0,0,2,0,0,0,0,0,358,29,29,0,0,0,160,76,66,0,0,0,18,5,48,42,0,0,0,88,12,0,0,71,5,0,0,0,0,1,272,263,243,0,20,0,0,0,0,0,0,9,645,0,0,0,0,0,0,0,0,0,0,0,0,0,0,0,0,0,0,0,0,0,0,0,0,1,0,0,1,15084,874,2430,0,0,0,0,11780,230,4,148,5,5,0,0,0,0,18,0,688,277,411,16177,2,0,0,0,2,151,49,0,0,0,49,101,1,153,0,0,1582,0,311,4555,0,0,0,0,0,3,5,0,6456,485,24275
Delhi,North-East,67,0,4,0,68,26,0,0,0,0,0,26,28,3,18,17,14,357,0,0,0,0,0,0,0,0,0,0,602,52,52,0,0,6,98,34,45,0,1,0,18,6,135,80,0,0,0,204,6,0,0,145,6,0,1,35,11,0,597,569,201,174,194,0,0,0,0,0,0,28,1178,0,0,0,0,0,1,1,0,0,0,0,0,0,0,0,0,0,0,0,0,0,0,0,0,0,0,0,1,16434,1060,4474,0,0,0,1,10899,458,11,117,1,1,0,0,0,0,8,0,404,137,267,17433,0,0,0,0,0,137,18,0,0,1,17,117,2,137,0,0,1810,0,281,677,0,0,0,0,0,17,6,0,2791,644,22786
Delhi,North-West,54,0,1,0,38,25,0,1,0,0,0,24,25,2,13,9,6,246,0,0,0,0,4,0,0,0,0,0,423,50,50,0,0,5,165,69,70,0,0,0,26,6,91,30,1,11,0,197,21,0,0,112,12,1,1,50,0,9,322,316,203,78,35,0,0,1,0,0,0,5,887,0,0,0,0,0,3,0,0,0,0,0,0,0,1,0,0,0,0,1,0,1,0,0,0,0,0,1,4,17357,713,3482,0,0,0,6,13156,301,17,142,4,4,0,0,1,0,18,0,358,155,203,18198,0,0,0,0,0,243,89,0,0,0,89,147,7,243,0,0,2502,0,296,1459,0,0,0,2,2,8,14,0,4283,291,24329
Delhi,Outer,72,0,2,0,46,8,0,0,0,0,0,8,21,1,10,19,12,479,0,0,0,0,5,0,0,0,0,0,675,33,33,0,0,2,135,21,85,0,1,0,28,4,59,35,1,36,0,200,17,0,0,112,9,0,0,58,4,0,469,460,433,13,14,0,0,1,0,0,0,8,974,0,0,0,0,0,4,0,0,0,0,0,0,0,0,0,0,0,0,4,0,0,0,0,0,0,0,3,7,13432,1204,3249,1,0,1,2,8975,219,16,129,3,3,0,0,0,0,11,0,926,274,652,14736,0,0,0,0,0,202,28,2,0,0,26,169,5,202,0,0,1216,0,258,3248,0,1,2,0,14,8,18,0,4765,340,21699
Delhi,Railway,4,0,0,0,2,0,0,0,0,0,0,0,0,0,1,2,1,0,0,0,1,0,5,0,0,0,0,0,16,9,9,0,0,1,0,0,0,0,0,0,0,1,0,2,0,0,0,9,0,0,0,2,2,0,0,1,4,1,21,19,19,0,0,0,0,1,0,0,0,1,44,0,0,0,0,0,0,0,0,0,0,0,0,0,0,0,0,0,0,0,0,0,0,0,0,0,0,1,1,4987,0,61,0,0,0,0,4926,24,0,26,0,0,0,0,0,0,0,1,0,0,0,5038,0,0,0,0,0,12,0,0,0,0,0,9,3,12,0,0,5,0,1,15,0,0,0,1,0,2,0,1,25,11,5147
Delhi,South,81,0,4,0,92,23,0,0,0,0,0,23,26,4,23,28,6,508,0,0,0,0,0,0,0,0,0,0,795,24,24,0,0,1,103,2,71,0,0,0,30,6,68,51,0,19,0,119,22,0,0,62,14,0,0,19,2,10,379,361,0,170,191,0,0,3,0,0,0,15,780,0,0,0,0,0,0,0,0,0,0,0,0,0,0,0,0,0,0,0,0,0,0,0,0,0,0,0,0,11868,268,2397,0,8,0,8,9187,93,16,67,3,3,0,0,0,0,13,0,423,192,231,12483,1,0,0,0,1,299,219,0,0,0,219,72,8,300,0,0,2278,0,303,1365,0,1,0,0,0,8,6,0,3961,594,18913
Delhi,South-East,96,0,5,0,61,32,0,0,0,0,0,32,27,5,20,46,10,468,3,0,0,0,4,0,0,0,0,0,777,43,43,0,0,2,120,92,15,0,1,2,10,12,78,59,2,17,0,180,30,0,0,94,18,0,2,32,4,0,494,471,0,232,239,0,0,1,0,0,0,22,1007,0,0,0,0,0,6,0,0,0,0,0,0,0,2,0,0,0,0,0,0,0,0,0,4,2,0,2,10,16299,933,3916,71,0,1,0,11378,153,10,96,0,0,0,0,1,0,21,0,841,377,464,17421,0,0,0,0,0,361,53,1,2,0,50,299,9,361,0,0,510,0,380,1156,0,0,0,0,4,10,25,0,2085,702,22363
Delhi,South-West,78,1,0,0,45,20,1,10,0,1,0,8,5,5,14,32,2,184,0,0,0,0,7,0,0,0,0,0,393,20,20,0,0,3,151,26,116,0,0,1,8,2,35,45,3,4,0,69,19,0,0,39,4,0,0,5,2,6,359,350,350,0,0,0,0,3,0,0,0,6,697,0,0,0,0,0,2,0,0,0,0,0,0,0,1,0,0,0,0,0,0,0,0,1,0,0,0,1,3,5388,23,1416,18,0,0,0,3931,74,9,68,1,1,0,0,0,0,14,0,492,208,284,6046,1,0,0,0,1,250,168,0,0,5,163,46,36,251,0,0,991,0,339,869,0,0,1,0,0,6,15,0,2221,288,9899
Delhi,Spl Cell,0,0,0,0,0,0,0,0,0,0,0,0,0,0,0,2,0,0,0,0,0,0,0,0,0,0,0,0,2,0,0,0,0,0,0,0,0,0,0,0,0,0,20,0,0,0,0,0,0,0,0,0,0,0,0,0,0,0,0,0,0,0,0,0,0,0,0,0,0,0,20,0,0,0,0,0,0,0,0,0,0,0,0,0,0,0,0,0,0,0,0,0,0,0,0,6,0,0,6,0,0,0,0,0,0,0,0,0,28,0,0,0,0,0,0,0,1,0,0,0,0,29,4,1,0,0,3,368,367,0,0,0,367,0,1,372,0,0,0,0,0,0,0,0,0,0,0,0,0,0,0,15,444
Delhi,Spuwac,0,0,0,0,0,0,0,0,0,0,0,0,0,0,0,0,0,95,0,0,0,0,0,0,0,0,0,0,95,0,0,0,0,0,0,0,0,0,0,0,0,0,0,0,0,0,0,0,0,0,0,0,0,0,0,0,0,0,0,0,0,0,0,0,0,0,0,0,0,0,0,0,0,0,0,0,0,0,0,0,0,0,0,0,0,0,0,0,0,0,0,0,0,0,0,0,0,0,0,0,0,0,0,0,0,0,0,0,0,0,0,0,0,0,0,0,0,0,0,0,0,0,0,0,0,0,0,0,0,0,0,0,0,0,0,0,0,0,0,0,0,0,0,0,0,0,0,0,0,0,0,0,95
Delhi,Vigilance,0,0,0,0,0,0,0,0,0,0,0,0,0,0,0,0,0,0,0,0,0,0,0,0,0,0,0,0,0,0,0,0,0,0,0,0,0,0,0,0,0,0,0,0,0,0,0,0,0,0,0,0,0,0,0,0,0,0,0,0,0,0,0,0,0,0,0,0,0,0,0,0,0,0,0,0,0,0,0,0,0,0,0,0,0,0,0,0,0,0,0,0,0,0,0,0,0,0,0,0,0,0,0,0,0,0,0,0,0,0,0,0,0,0,0,0,0,0,0,0,0,0,0,0,0,0,0,0,0,0,0,0,0,0,0,0,0,0,0,0,0,0,0,0,0,0,0,0,0,0,0,0,0
Delhi,West,53,0,4,0,40,16,8,1,7,0,0,0,23,3,11,41,3,323,0,0,0,0,7,0,0,0,0,0,524,36,32,4,0,4,153,73,54,0,0,0,26,2,55,64,0,41,0,124,27,0,0,62,14,0,1,20,0,0,312,310,310,0,0,0,0,0,0,0,0,2,791,0,0,0,0,0,1,0,0,0,0,0,0,0,0,0,0,0,0,1,0,0,0,0,0,1,0,1,3,12997,339,3846,13,3,2,5,8789,241,23,128,3,2,1,0,0,0,24,0,926,389,537,14342,0,0,0,0,0,254,40,1,0,0,39,207,7,254,0,0,1821,0,345,868,0,2,1,0,0,9,18,0,3064,405,19383
Delhi,Rohini,63,0,1,0,54,17,2,0,0,0,0,15,18,1,6,14,10,332,0,1,0,0,6,0,0,0,0,0,523,30,29,1,0,3,93,30,38,0,0,0,25,6,36,31,3,3,0,111,15,0,0,73,5,0,2,14,2,9,347,339,212,44,83,0,0,0,0,0,0,8,672,0,0,0,0,0,0,0,0,0,0,0,0,0,0,0,0,0,0,0,0,0,0,0,0,0,0,0,0,10023,673,3083,0,0,1,2,6264,225,21,59,2,2,0,0,0,0,10,0,672,237,435,11012,0,0,0,0,0,206,120,7,3,5,105,80,6,206,0,0,1025,0,206,2467,0,0,0,1,1,4,18,0,3722,344,16479
Delhi,Shahdara,64,0,4,0,46,25,5,0,0,6,0,14,27,1,15,21,5,340,0,0,0,0,1,0,1,0,0,0,550,25,25,0,0,7,87,29,32,0,0,0,26,5,25,46,5,12,0,142,15,0,0,77,15,1,1,22,11,0,273,266,143,51,72,0,3,0,0,0,0,4,627,0,0,0,0,0,1,0,0,0,0,0,0,0,0,0,1,0,0,0,0,0,0,0,0,0,0,1,2,8128,370,2540,0,4,0,0,5214,215,7,71,2,2,0,0,0,0,16,0,333,103,230,8772,0,0,0,0,0,293,162,13,11,27,111,126,5,293,0,0,1693,0,188,1371,0,0,0,0,2,7,6,1,3268,470,13982
Delhi,Dwarka,99,0,0,0,72,20,0,0,0,0,0,20,12,2,12,18,11,455,2,1,1,0,2,0,0,0,0,0,707,38,38,0,0,3,123,42,55,0,1,0,25,9,53,45,0,2,0,103,16,0,0,49,12,0,0,26,0,2,479,472,472,0,0,0,0,0,0,0,0,7,857,0,0,0,0,0,0,0,0,0,0,0,0,0,0,0,0,0,0,0,0,0,0,0,0,0,0,0,0,12082,2061,2333,0,0,0,0,7688,107,21,96,1,1,0,0,0,0,14,0,1089,362,727,13410,1,0,0,0,1,320,37,0,0,0,37,277,6,321,0,0,713,0,355,550,0,0,0,1,1,15,11,0,1646,376,17317
Delhi,Outer North,75,0,3,0,43,29,1,0,0,3,0,25,44,2,11,35,14,226,0,1,0,0,6,0,0,0,0,0,489,66,66,0,0,9,223,27,148,0,0,0,48,12,66,36,2,24,0,270,18,0,0,108,12,0,0,127,5,2,747,729,667,0,62,0,0,1,0,0,0,17,1457,0,0,0,0,0,4,0,0,0,0,0,0,0,0,0,0,0,0,3,0,0,0,1,0,0,1,3,8,8316,1125,2063,141,1,0,1,4985,238,18,136,2,2,0,0,0,0,18,0,665,214,451,9393,1,0,0,0,1,205,73,6,16,3,48,128,4,206,0,0,1554,0,461,207,0,0,6,0,2,4,21,0,2255,508,14316
Jammu & Kashmir,Anantnag,15,0,0,0,112,1,0,0,0,0,0,1,1,0,0,0,0,11,16,0,0,0,2,0,0,0,0,0,158,4,4,0,0,2,31,13,18,0,0,0,0,0,14,0,0,0,0,27,1,0,0,2,24,0,0,0,0,190,49,48,0,21,27,0,0,0,0,0,0,1,317,0,0,0,0,0,129,0,0,0,0,0,0,0,0,0,0,129,0,0,0,0,0,0,0,2,0,0,131,74,0,21,0,0,0,0,53,0,0,0,0,0,0,0,0,0,2,18,66,16,50,160,0,0,0,0,0,22,0,0,0,0,0,22,0,22,0,0,4,0,279,0,0,1,1,0,14,7,48,1,355,37,1180
Jammu & Kashmir,Awantipora,5,0,0,0,62,0,0,0,0,0,0,0,0,0,0,0,0,2,18,0,0,0,0,0,0,0,0,0,87,0,0,0,0,0,3,3,0,0,0,0,0,0,3,0,0,0,0,26,0,0,0,13,13,0,0,0,0,0,2,2,0,2,0,0,0,0,0,0,0,0,34,0,0,0,0,0,1,0,0,0,0,0,0,0,0,0,0,0,0,0,0,0,0,1,0,0,0,0,1,83,0,8,0,0,0,0,75,0,0,3,0,0,0,0,0,0,3,0,31,19,12,120,0,0,0,0,0,8,0,0,0,0,0,8,0,8,0,0,0,0,112,0,0,0,0,0,0,1,0,0,113,122,485
Jammu & Kashmir,Bandipora,5,0,0,0,27,0,0,0,0,0,0,0,44,0,0,0,0,3,14,0,0,0,0,0,0,0,0,0,93,1,1,0,0,1,0,0,0,0,0,0,0,0,12,1,0,0,0,15,0,0,0,0,15,0,0,0,0,0,20,20,0,0,20,0,0,0,0,0,0,0,50,0,0,0,0,0,0,0,0,0,0,0,0,0,0,0,0,0,0,0,0,0,0,0,0,0,0,0,0,72,0,1,0,0,0,0,71,0,0,0,0,0,0,0,0,0,0,0,23,0,23,95,0,0,0,0,0,12,0,0,0,0,0,12,0,12,0,0,0,0,119,0,0,0,0,0,0,0,0,0,119,196,565
Jammu & Kashmir,Baramulla,10,0,0,0,49,32,0,0,0,0,0,32,0,0,2,1,0,18,42,0,0,0,0,0,0,0,0,0,154,2,2,0,0,1,0,0,0,0,0,0,0,0,25,0,0,0,0,28,0,0,0,0,28,0,0,0,0,98,13,13,0,0,13,0,0,0,0,0,0,0,167,0,0,0,0,0,36,0,0,0,0,0,0,0,0,0,0,23,13,0,0,0,0,0,0,3,0,0,39,83,0,18,0,0,0,0,65,0,0,2,0,0,0,0,0,0,0,0,42,0,42,127,0,0,0,0,0,20,0,0,0,0,0,20,0,20,0,5,8,0,193,0,0,2,1,0,0,1,277,0,487,117,1111
Jammu & Kashmir,Budgam,12,0,0,0,197,0,0,0,0,0,0,0,0,0,0,0,0,10,68,0,0,0,0,0,0,0,0,0,287,3,3,0,0,0,11,0,11,0,0,0,0,1,35,0,0,0,0,30,0,0,0,0,30,0,0,0,0,197,0,0,0,0,0,0,0,0,0,0,0,0,277,2,2,0,2,0,0,0,0,0,0,0,0,0,0,0,0,0,0,0,0,0,0,0,0,0,0,0,0,98,0,29,0,0,0,0,69,0,0,7,0,0,0,0,0,0,3,0,66,20,46,174,0,0,0,0,0,22,0,0,0,0,0,19,3,22,0,0,26,0,203,0,0,0,0,0,0,9,174,0,412,30,1204
Jammu & Kashmir,Special Crime Wing Jammu,0,0,0,0,0,0,0,0,0,0,0,0,0,0,0,0,0,0,0,0,0,0,0,0,0,0,0,0,0,0,0,0,0,0,0,0,0,0,0,0,0,0,0,0,0,0,0,0,0,0,0,0,0,0,0,0,0,0,0,0,0,0,0,0,0,0,0,0,0,0,0,0,0,0,0,0,0,0,0,0,0,0,0,0,0,0,0,0,0,0,0,0,0,0,0,0,0,0,0,0,0,0,0,0,0,0,0,0,0,0,0,0,0,0,0,0,0,0,0,0,0,0,0,0,0,0,0,11,0,0,0,0,0,10,1,11,0,0,0,0,0,0,0,0,0,0,0,0,0,0,0,0,11
Jammu & Kashmir,Special Crime Wing Kashmir,0,0,0,0,0,0,0,0,0,0,0,0,0,0,0,0,0,0,0,0,0,0,0,0,0,0,0,0,0,0,0,0,0,0,0,0,0,0,0,0,0,0,0,0,0,0,0,0,0,0,0,0,0,0,0,0,0,0,0,0,0,0,0,0,0,0,0,0,0,0,0,0,0,0,0,0,0,0,0,0,0,0,0,0,0,0,0,0,0,0,0,0,0,0,0,0,0,0,0,0,0,0,0,0,0,0,0,0,0,0,0,0,0,0,0,0,0,0,0,0,0,0,0,0,0,0,0,2,0,0,0,0,0,2,0,2,0,0,0,0,0,0,0,0,0,0,0,0,0,0,0,0,2
Jammu & Kashmir,Doda,17,0,1,0,29,0,0,0,0,0,0,0,0,0,0,0,0,33,0,0,0,0,0,0,0,0,0,0,80,2,2,0,0,1,19,0,16,0,0,0,3,0,5,0,0,0,0,27,1,0,0,2,24,0,0,0,0,51,35,35,0,0,35,0,0,0,0,0,0,0,140,0,0,0,0,0,14,0,0,0,0,0,0,0,0,0,0,0,0,0,0,0,0,0,14,2,0,0,16,21,0,3,0,0,0,0,18,0,0,0,0,0,0,0,0,0,1,0,24,7,17,46,0,0,0,0,0,14,0,0,0,0,0,14,0,14,0,0,49,0,208,0,0,0,2,0,0,4,41,1,305,116,717
Jammu & Kashmir,Ganderbal,1,2,1,0,36,0,0,0,0,0,0,0,22,0,3,3,0,10,1,1,1,0,0,0,0,0,0,0,81,3,3,0,0,0,30,0,29,0,0,0,1,0,5,0,0,0,0,15,3,0,0,0,9,0,0,3,0,79,20,19,13,3,3,0,1,0,0,0,0,0,152,1,1,0,1,0,6,0,0,0,0,0,0,0,0,0,0,1,3,1,0,0,0,1,0,0,0,0,6,53,0,4,0,0,0,0,49,0,1,5,0,0,0,0,0,0,3,0,30,7,23,92,0,0,0,0,0,19,0,0,0,0,0,18,1,19,0,0,4,0,125,0,0,0,0,0,2,3,14,0,148,13,512
Jammu & Kashmir,Handwara,1,1,0,0,26,0,0,0,0,0,0,0,0,0,0,0,0,4,11,0,0,0,0,0,0,0,0,0,43,2,2,0,0,0,19,0,19,0,0,0,0,0,4,0,0,0,0,6,0,0,0,0,6,0,0,0,0,0,16,16,0,6,10,0,0,0,0,0,0,0,47,0,0,0,0,0,22,0,0,0,0,0,0,0,0,0,0,0,22,0,0,0,0,0,0,0,0,0,22,62,0,3,0,0,0,0,59,0,0,1,0,0,0,0,0,0,2,0,12,5,7,77,0,0,0,0,0,9,0,0,0,0,0,9,0,9,0,0,0,0,60,0,0,0,0,0,0,1,0,0,61,94,353
Jammu & Kashmir,Jammu,55,0,0,0,97,0,0,0,0,0,0,0,0,0,0,7,3,58,23,0,0,0,0,0,0,0,0,0,243,19,19,0,0,2,89,0,89,0,0,0,0,6,76,0,0,0,3,53,7,0,0,1,45,0,0,0,0,925,112,48,0,48,0,0,0,0,0,0,0,64,1285,0,0,0,0,0,6,0,0,0,0,0,0,0,0,0,0,6,0,0,0,0,0,0,0,0,0,14,20,536,0,343,0,0,0,2,191,5,0,1,1,1,0,0,0,0,10,0,255,134,121,808,1,0,0,0,1,151,0,0,0,0,0,33,118,152,0,0,0,0,1010,0,0,0,0,0,0,10,190,0,1210,273,3991
Jammu & Kashmir,Kathua,10,0,1,0,18,0,0,0,0,0,0,0,0,0,0,0,1,16,7,0,0,0,1,0,0,0,0,0,54,8,8,0,0,0,80,80,0,0,0,0,0,1,26,0,0,0,2,18,0,0,0,0,13,0,0,5,0,156,34,33,0,12,21,0,0,0,0,0,0,1,325,0,0,0,0,0,1,0,0,0,0,0,0,0,0,0,0,0,0,0,0,0,0,0,1,1,0,0,2,67,0,37,0,0,0,0,30,0,0,1,0,0,0,0,0,0,2,0,51,16,35,121,0,0,0,0,0,12,9,0,0,0,9,3,0,12,0,0,3,0,359,0,0,0,5,0,0,4,109,0,480,225,1219
Jammu & Kashmir,Kishtwar,5,0,0,0,13,0,0,0,0,0,0,0,0,0,0,0,0,6,3,0,0,0,0,0,0,0,0,0,27,1,1,0,0,0,5,0,0,0,0,0,5,0,6,0,0,0,0,19,1,0,0,0,9,0,0,9,0,63,13,13,0,6,7,0,0,0,0,0,0,0,107,0,0,0,0,0,0,0,0,0,0,0,0,0,0,0,0,0,0,0,0,0,0,0,0,0,0,0,0,9,0,3,0,0,0,0,6,0,0,0,0,0,0,0,0,0,0,0,11,2,9,20,0,0,0,0,0,9,0,0,0,0,0,6,3,9,0,0,8,0,137,0,0,0,1,0,0,1,30,0,177,31,371
Jammu & Kashmir,Kulgam,8,0,0,0,121,0,0,0,0,0,0,0,0,0,0,0,0,3,31,0,0,0,0,0,0,0,0,0,163,1,1,0,0,0,88,16,72,0,0,0,0,0,8,0,0,0,0,19,0,0,0,0,19,0,0,0,0,0,0,0,0,0,0,0,0,0,0,0,0,0,116,0,0,0,0,0,1,0,0,0,0,0,0,0,0,0,0,0,0,0,0,0,0,1,0,0,0,0,1,98,0,14,0,0,0,0,84,0,0,2,0,0,0,0,0,0,0,0,30,0,30,130,0,0,0,0,0,8,0,0,0,0,0,8,0,8,0,0,0,0,65,0,0,0,0,0,0,0,0,0,65,238,721
Jammu & Kashmir,Kupwara,8,0,0,0,69,0,0,0,0,0,0,0,0,0,0,0,0,42,12,0,0,0,0,0,0,0,0,0,131,5,5,0,0,1,14,0,14,0,0,0,0,0,13,0,0,0,0,14,0,0,0,0,14,0,0,0,0,106,25,25,0,8,17,0,0,0,0,0,0,0,178,0,0,0,0,0,44,0,0,0,0,0,0,0,0,0,0,0,44,0,0,0,0,0,0,0,0,0,44,54,0,2,0,0,0,0,52,0,0,1,0,0,0,0,0,0,0,0,19,0,19,74,0,0,0,0,0,22,0,0,0,0,0,22,0,22,0,0,0,0,101,0,0,0,0,0,0,10,0,0,111,61,621
Jammu & Kashmir,Poonch,25,1,0,0,38,0,0,0,0,0,0,0,3,0,0,1,0,15,7,0,0,1,1,0,0,0,0,0,92,5,5,0,0,0,30,4,22,0,0,2,2,2,17,0,0,0,0,35,2,0,0,3,22,0,0,8,0,127,30,29,15,7,7,0,1,0,0,0,0,0,246,0,0,0,0,0,82,0,0,0,0,0,0,0,0,0,0,82,0,0,0,0,0,0,0,7,0,1,90,45,2,10,0,0,0,0,33,0,0,0,0,0,0,0,0,0,0,0,24,3,21,69,0,0,0,0,0,15,0,0,0,0,0,12,3,15,0,0,79,0,154,0,0,0,1,0,3,11,125,0,373,3,888
Jammu & Kashmir,Pulwama,2,0,0,0,41,0,0,0,0,0,0,0,0,0,0,0,0,8,5,0,0,0,0,0,0,0,0,0,56,1,1,0,0,1,3,0,2,0,1,0,0,2,5,0,0,0,0,101,88,0,0,0,12,1,0,0,0,23,11,11,4,2,5,0,0,0,0,0,0,0,147,0,0,0,0,0,13,0,0,0,0,0,0,0,0,0,0,9,4,0,0,0,0,0,0,0,0,0,13,33,7,5,0,0,0,0,21,0,0,0,0,0,0,0,0,0,0,0,22,17,5,55,0,0,0,0,0,16,0,0,0,0,0,16,0,16,0,0,0,0,93,0,0,0,0,0,0,3,8,0,104,3,394
Jammu & Kashmir,Railways Jammu,0,0,0,0,0,0,0,0,0,0,0,0,0,0,0,0,0,0,0,0,0,0,0,0,0,0,0,0,0,0,0,0,0,0,0,0,0,0,0,0,0,1,1,0,0,0,0,0,0,0,0,0,0,0,0,0,0,1,1,1,0,1,0,0,0,0,0,0,0,0,4,0,0,0,0,0,0,0,0,0,0,0,0,0,0,0,0,0,0,0,0,0,0,0,0,0,0,0,0,6,0,2,0,0,0,0,4,0,0,0,0,0,0,0,0,0,0,0,0,0,0,6,0,0,0,0,0,0,0,0,0,0,0,0,0,0,0,0,0,0,0,0,0,0,0,0,0,0,0,0,0,0,10
Jammu & Kashmir,Railways Kashmir,0,0,0,0,0,0,0,0,0,0,0,0,0,0,0,0,0,0,0,0,0,0,0,0,0,0,0,0,0,0,0,0,0,0,0,0,0,0,0,0,0,0,0,0,0,2,0,0,0,0,0,0,0,0,0,0,0,2,0,0,0,0,0,0,0,0,0,0,0,0,4,0,0,0,0,0,0,0,0,0,0,0,0,0,0,0,0,0,0,0,0,0,0,0,0,0,0,0,0,2,0,0,0,0,0,0,2,0,0,0,0,0,0,0,0,0,0,0,0,0,0,2,0,0,0,0,0,0,0,0,0,0,0,0,0,0,0,0,0,0,0,0,0,0,0,0,0,0,0,0,0,1,7
Jammu & Kashmir,Railways Katra,0,0,0,0,0,0,0,0,0,0,0,0,0,0,0,0,0,0,0,0,0,0,0,0,0,0,0,0,0,0,0,0,0,0,1,0,1,0,0,0,0,0,0,0,0,0,0,0,0,0,0,0,0,0,0,0,0,0,0,0,0,0,0,0,0,0,0,0,0,0,1,0,0,0,0,0,0,0,0,0,0,0,0,0,0,0,0,0,0,0,0,0,0,0,0,0,0,0,0,5,0,0,0,0,0,0,5,0,0,0,0,0,0,0,0,0,0,0,0,0,0,5,0,0,0,0,0,0,0,0,0,0,0,0,0,0,0,0,0,0,3,0,0,0,0,0,0,0,0,0,3,2,11
Jammu & Kashmir,Rajouri,23,1,0,0,73,0,0,0,0,0,0,0,7,0,2,2,0,36,22,2,0,0,3,0,0,0,0,0,171,6,6,0,0,1,41,5,34,0,0,0,2,6,35,0,0,0,3,31,1,0,0,1,21,0,1,7,0,342,42,42,19,13,10,0,0,0,0,0,0,0,507,0,0,0,0,0,27,0,0,0,0,0,0,0,0,0,1,19,0,0,0,0,0,0,7,1,0,14,42,57,0,27,0,0,0,0,30,0,0,0,0,0,0,0,0,0,3,0,42,8,34,102,1,0,0,0,1,20,1,0,1,0,0,12,7,21,0,0,16,0,323,0,0,3,4,0,2,16,131,2,497,85,1425
Jammu & Kashmir,Ramban,21,0,0,0,23,0,0,0,0,0,0,0,0,0,0,0,0,5,2,0,0,0,0,0,0,0,0,0,51,1,1,0,0,0,38,0,37,0,0,0,1,1,2,0,0,0,0,14,0,0,0,0,6,0,0,8,0,0,13,13,0,1,12,0,0,0,0,0,0,0,69,0,0,0,0,0,0,0,0,0,0,0,0,0,0,0,0,0,0,0,0,0,0,0,0,0,0,0,0,31,0,7,0,0,0,0,24,0,0,0,0,0,0,0,0,0,1,0,23,5,18,55,0,0,0,0,0,6,2,0,0,0,2,4,0,6,0,0,431,0,239,0,0,1,0,0,0,1,0,0,672,134,987
Jammu & Kashmir,Reasi,9,0,0,0,12,0,0,0,0,0,0,0,0,0,0,1,1,2,4,0,2,0,0,0,0,0,0,0,31,2,2,0,0,1,47,42,0,0,0,0,5,3,13,0,0,0,0,9,0,0,0,0,9,0,0,0,0,126,25,25,25,0,0,0,0,0,0,0,0,0,226,0,0,0,0,0,0,0,0,0,0,0,0,0,0,0,0,0,0,0,0,0,0,0,0,0,0,0,0,37,0,15,0,0,0,0,22,0,0,0,0,0,0,0,0,0,3,0,24,0,24,64,0,0,0,0,0,6,0,0,0,0,0,6,0,6,0,0,90,0,259,0,0,0,7,0,0,1,22,0,379,47,753
Jammu & Kashmir,Samba,8,0,0,0,13,0,0,0,0,0,0,0,0,0,0,0,1,6,3,0,0,0,0,0,0,0,0,0,31,4,4,0,0,2,38,38,0,0,0,0,0,4,24,2,0,0,1,15,1,0,0,0,14,0,0,0,0,78,29,29,15,14,0,0,0,0,0,0,0,0,197,0,0,0,0,0,1,0,0,0,0,0,0,0,0,0,0,0,1,0,0,0,0,0,0,0,0,0,1,109,0,49,0,0,0,0,60,0,0,1,0,0,0,0,0,0,0,0,51,10,41,161,0,0,0,0,0,13,0,0,0,0,0,13,0,13,0,0,142,0,227,0,0,0,0,0,0,1,21,0,391,113,907
Jammu & Kashmir,Shopian,5,0,0,0,46,0,0,0,0,0,0,0,0,0,0,0,0,0,20,0,0,0,0,0,0,0,0,0,71,0,0,0,0,0,0,0,0,0,0,0,0,0,11,0,0,0,0,2,0,0,0,0,2,0,0,0,0,0,0,0,0,0,0,0,0,0,0,0,0,0,13,0,0,0,0,0,54,0,0,0,0,0,0,0,0,0,0,20,11,0,0,0,0,0,23,0,0,0,54,50,0,4,0,0,0,0,46,0,0,1,0,0,0,0,0,0,1,0,27,14,13,79,0,0,0,0,0,13,0,0,0,0,0,13,0,13,0,0,0,0,67,0,0,0,0,0,0,0,0,0,67,58,355
Jammu & Kashmir,Sopore,3,0,0,0,68,0,0,0,0,0,0,0,0,0,0,0,0,8,5,1,1,0,1,0,0,0,0,0,87,4,4,0,0,0,4,0,4,0,0,0,0,0,14,0,0,0,0,8,0,0,0,2,6,0,0,0,0,35,16,16,0,8,8,0,0,0,0,0,0,0,81,0,0,0,0,0,0,0,0,0,0,0,0,0,0,0,0,0,0,0,0,0,0,0,0,0,0,0,0,74,0,10,0,0,0,0,64,0,0,0,0,0,0,0,0,0,0,0,20,0,20,94,0,0,0,0,0,4,0,0,0,0,0,4,0,4,0,0,0,0,104,0,0,1,0,0,1,1,0,0,107,94,467
Jammu & Kashmir,Srinagar,5,3,1,0,154,6,0,6,0,0,0,0,1,2,6,1,1,60,82,0,0,0,0,0,0,0,0,0,322,7,6,0,1,5,50,7,42,0,1,0,0,1,41,0,0,0,0,66,1,0,0,3,42,0,0,16,4,4,0,0,0,0,0,0,0,0,0,0,0,0,174,3,3,0,3,0,15,0,0,0,0,0,0,0,0,0,0,0,0,0,0,0,0,0,15,0,0,0,15,223,4,112,0,0,0,1,106,5,2,9,1,1,0,0,0,0,10,0,154,52,102,404,6,2,2,0,2,71,0,0,0,0,0,68,3,77,0,1,36,0,394,0,0,2,0,0,0,10,0,1,444,583,2022
Jammu & Kashmir,Udhampur,8,1,0,0,20,0,0,0,0,0,0,0,0,0,0,0,0,24,4,0,0,0,0,0,0,0,0,0,57,9,9,0,0,0,64,0,63,0,0,0,1,0,12,0,0,0,0,23,2,0,0,0,7,0,0,14,0,169,24,23,22,0,1,0,0,0,0,0,0,1,301,0,0,0,0,0,0,0,0,0,0,0,0,0,0,0,0,0,0,0,0,0,0,0,0,0,0,0,0,61,0,24,0,0,0,0,37,0,0,0,0,0,0,0,0,0,2,0,41,11,30,104,0,0,0,0,0,6,0,0,0,0,0,6,0,6,0,0,319,0,335,0,0,1,0,0,0,5,54,0,714,42,1224
Jammu & Kashmir,Cyber Crime Jammu,0,0,0,0,0,0,0,0,0,0,0,0,0,0,0,0,0,0,0,0,0,0,0,0,0,0,0,0,0,0,0,0,0,0,0,0,0,0,0,0,0,0,0,0,0,0,0,0,0,0,0,0,0,0,0,0,0,0,0,0,0,0,0,0,0,0,0,0,0,0,0,0,0,0,0,0,0,0,0,0,0,0,0,0,0,0,0,0,0,0,0,0,0,0,0,0,0,0,0,0,0,0,0,0,0,0,0,0,0,0,0,0,0,0,0,0,0,0,0,0,0,0,0,0,0,0,0,0,0,0,0,0,0,0,0,0,0,0,0,0,0,0,0,0,0,0,0,0,0,0,0,0,0
Jammu & Kashmir,Cyber Crime Kashmir,0,0,0,0,0,0,0,0,0,0,0,0,0,0,0,0,0,0,0,0,0,0,0,0,0,0,0,0,0,0,0,0,0,0,0,0,0,0,0,0,0,0,0,0,0,0,0,0,0,0,0,0,0,0,0,0,0,0,0,0,0,0,0,0,0,0,0,0,0,0,0,0,0,0,0,0,0,0,0,0,0,0,0,0,0,0,0,0,0,0,0,0,0,0,0,0,0,0,0,0,0,0,0,0,0,0,0,0,0,0,0,0,0,0,0,0,0,0,0,0,0,0,0,0,0,0,0,0,0,0,0,0,0,0,0,0,0,0,0,0,0,0,0,0,0,0,0,0,0,0,0,0,0
Jammu & Kashmir,Anti Narcotic Task Force Jammu,0,0,0,0,0,0,0,0,0,0,0,0,0,0,0,0,0,0,0,0,0,0,0,0,0,0,0,0,0,0,0,0,0,0,0,0,0,0,0,0,0,0,0,0,0,0,0,0,0,0,0,0,0,0,0,0,0,0,0,0,0,0,0,0,0,0,0,0,0,0,0,0,0,0,0,0,0,0,0,0,0,0,0,0,0,0,0,0,0,0,0,0,0,0,0,0,0,0,0,0,0,0,0,0,0,0,0,0,0,0,0,0,0,0,0,0,0,0,0,0,0,0,0,0,0,0,0,0,0,0,0,0,0,0,0,0,0,0,0,0,0,0,0,0,0,0,0,0,0,0,0,0,0
Jammu & Kashmir,Anti Narcotic Task Force Kashmir,0,0,0,0,0,0,0,0,0,0,0,0,0,0,0,0,0,0,0,0,0,0,0,0,0,0,0,0,0,0,0,0,0,0,0,0,0,0,0,0,0,0,0,0,0,0,0,0,0,0,0,0,0,0,0,0,0,0,0,0,0,0,0,0,0,0,0,0,0,0,0,0,0,0,0,0,0,0,0,0,0,0,0,0,0,0,0,0,0,0,0,0,0,0,0,0,0,0,0,0,0,0,0,0,0,0,0,0,0,0,0,0,0,0,0,0,0,0,0,0,0,0,0,0,0,0,0,0,0,0,0,0,0,0,0,0,0,0,0,0,0,0,0,0,0,0,0,0,0,0,0,0,0
Jammu & Kashmir,Eow Jammu,0,0,0,0,0,0,0,0,0,0,0,0,0,0,0,0,0,0,0,0,0,0,0,0,0,0,0,0,0,0,0,0,0,0,0,0,0,0,0,0,0,0,0,0,0,0,0,0,0,0,0,0,0,0,0,0,0,0,0,0,0,0,0,0,0,0,0,0,0,0,0,0,0,0,0,0,0,0,0,0,0,0,0,0,0,0,0,0,0,0,0,0,0,0,0,0,0,0,0,0,0,0,0,0,0,0,0,0,0,0,0,0,0,0,0,0,0,0,0,0,0,0,0,0,0,0,0,52,52,8,0,0,44,0,0,52,0,0,0,0,0,0,0,0,0,0,0,0,0,0,0,0,52
Jammu & Kashmir,Eow Kashmir,0,0,0,0,0,0,0,0,0,0,0,0,0,0,0,0,0,0,0,0,0,0,0,0,0,0,0,0,0,0,0,0,0,0,0,0,0,0,0,0,0,0,0,0,0,0,0,0,0,0,0,0,0,0,0,0,0,0,0,0,0,0,0,0,0,0,0,0,0,0,0,0,0,0,0,0,0,0,0,0,0,0,0,0,0,0,0,0,0,0,0,0,0,0,0,0,0,0,0,0,0,0,0,0,0,0,0,0,0,0,0,0,0,0,0,0,0,0,0,0,0,0,0,0,0,0,0,12,12,0,0,0,12,0,0,12,0,0,0,0,0,0,0,0,0,0,0,0,0,0,0,0,12
Jammu & Kashmir,Cice Jammu,0,0,0,0,0,0,0,0,0,0,0,0,0,0,0,0,0,0,0,0,0,0,0,0,0,0,0,0,0,0,0,0,0,0,0,0,0,0,0,0,0,0,0,0,0,0,0,0,0,0,0,0,0,0,0,0,0,0,0,0,0,0,0,0,0,0,0,0,0,0,0,0,0,0,0,0,0,0,0,0,0,0,0,0,0,0,0,0,0,0,0,0,0,0,0,0,0,0,0,0,0,0,0,0,0,0,0,0,0,0,0,0,0,0,0,0,0,0,0,0,0,0,0,0,0,0,0,0,0,0,0,0,0,0,0,0,0,0,0,0,0,0,0,0,0,0,0,0,0,0,0,0,0
Jammu & Kashmir,Cice Kashmir,0,0,0,0,0,0,0,0,0,0,0,0,0,0,0,0,0,0,0,0,0,0,0,0,0,0,0,0,0,0,0,0,0,0,0,0,0,0,0,0,0,0,0,0,0,0,0,0,0,0,0,0,0,0,0,0,0,0,0,0,0,0,0,0,0,0,0,0,0,0,0,0,0,0,0,0,0,0,0,0,0,0,0,0,0,0,0,0,0,0,0,0,0,0,0,0,0,0,0,0,0,0,0,0,0,0,0,0,0,0,0,0,0,0,0,0,0,0,0,0,0,0,0,0,0,0,0,0,0,0,0,0,0,0,0,0,0,0,0,0,0,0,0,0,0,0,0,0,0,0,0,0,0
Ladakh,Kargil,1,1,0,0,0,0,0,0,0,0,0,0,0,0,0,3,0,2,4,0,0,0,0,0,0,0,0,0,11,0,0,0,0,0,10,0,10,0,0,0,0,0,3,0,0,0,0,9,0,0,0,0,5,0,0,0,4,0,0,0,0,0,0,0,0,0,0,0,0,0,22,0,0,0,0,0,1,0,0,0,0,0,0,0,0,0,0,0,0,0,0,0,0,0,1,0,0,0,1,6,2,0,0,0,0,0,4,0,0,0,0,0,0,0,0,0,2,0,10,2,8,18,0,0,0,0,0,2,0,0,0,0,0,2,0,2,0,0,0,0,86,0,0,0,0,0,0,2,0,0,88,20,162
Ladakh,Leh,0,0,0,0,4,0,0,0,0,0,0,0,0,0,1,1,0,7,0,0,0,0,1,0,0,0,0,0,14,1,1,0,0,0,53,0,45,0,0,3,5,0,1,0,0,0,0,8,0,0,0,0,5,0,0,3,0,15,3,3,0,3,0,0,0,0,0,0,0,0,81,1,1,0,1,0,3,0,0,0,0,0,0,0,0,0,0,0,0,0,0,2,0,0,1,1,1,0,5,12,2,2,0,0,0,0,8,1,0,2,0,0,0,0,0,0,5,0,13,1,12,33,0,0,0,0,0,4,0,0,0,0,0,4,0,4,0,0,6,0,123,0,0,3,0,0,0,0,6,0,138,22,298
Lakshadweep,Lakshadweep,2,0,0,0,5,0,0,0,0,0,0,0,0,0,0,0,0,1,0,0,0,0,0,0,0,0,0,0,8,0,0,0,0,0,0,0,0,0,0,0,0,0,0,0,0,0,0,2,1,0,0,0,1,0,0,0,0,3,0,0,0,0,0,0,0,0,0,0,0,0,5,0,0,0,0,0,4,0,0,0,0,4,0,0,0,0,0,0,0,0,0,0,0,0,0,0,0,0,4,9,0,0,0,0,0,0,9,0,0,0,0,0,0,0,0,0,0,0,0,0,0,9,0,0,0,0,0,12,0,0,0,0,0,12,0,12,0,0,0,0,0,0,0,0,0,1,0,0,0,0,1,8,47
Puducherry,Karaikal,0,0,0,0,2,8,0,0,0,5,0,3,4,1,0,1,0,3,0,0,0,0,0,0,0,0,0,0,19,2,2,0,0,1,29,14,15,0,0,0,0,0,4,2,0,0,0,99,3,0,0,89,2,0,0,5,0,0,4,4,4,0,0,0,0,0,0,0,0,0,141,0,0,0,0,9,0,0,0,0,0,0,0,0,0,0,0,0,0,0,0,0,0,0,0,2,0,0,11,45,1,25,0,0,0,0,19,2,1,1,1,1,0,0,0,0,0,0,9,1,8,59,0,0,0,0,0,15,0,0,0,0,0,15,0,15,0,7,6,0,148,7,0,0,0,0,0,1,3,0,172,103,520
Puducherry,Puducherry,9,0,0,0,16,13,0,0,0,7,0,6,7,2,9,14,0,12,0,0,0,0,0,0,0,0,0,0,82,25,25,0,0,0,144,0,129,0,0,0,15,5,12,4,5,1,0,567,18,0,0,519,15,0,0,15,0,13,16,14,14,0,0,0,0,0,0,0,0,2,792,0,0,0,0,20,12,0,0,0,0,0,0,0,0,0,0,0,0,12,0,0,0,0,0,0,0,0,32,309,18,215,0,0,1,3,72,13,9,9,1,1,0,0,5,0,5,0,44,6,38,395,1,0,0,0,1,67,0,0,0,0,0,67,0,68,0,14,2,0,1125,102,0,53,1,0,5,14,26,0,1342,284,2995
