state,district,sll_crime_against_women_related_acts_the_dowry_prohibition_act_1961,sll_the_immoral_traffic_prevention_act_1956,sll_the_protection_of_women_from_domestic_violence_act_2005,sll_the_indecent_representation_of_women_prohibition_act_2012,sll_crime_against_women_related_acts_total_col3_to_col6,sll_children_related_acts_the_protection_of_children_from_sexual_offences_act_2012,sll_the_juvenile_justice_care_and_protection_of_children_act_2000_2015,sll_the_prohibition_of_child_marriage_act_2006,sll_the_pre_natal_diagnostic_techniques_reg_and_prev_of_misuse_act_1994,sll_the_child_labour_prohibition_regulation_act_1986,sll_the_medical_termination_of_pregnancy_act_1971,sll_children_related_acts_total_col8_to_col13,sll_schedule_castes_and_scheduled_tribes_related_acts_the_scst_prevention_of_atrocities_act_1989_against_scs,sll_the_scst_prevention_of_atrocities_act_19892015_against_sts,sll_the_protection_of_civil_rights_act_1955_against_scs,sll_the_protection_of_civil_rights_act_1955_against_sts,sll_scheduled_castes_and_scheduled_tribes_related_acts_total_col15_to_col18,sll_offences_against_state_related_acts_the_prevention_of_damage_to_public_property_act_1984,sll_the_unlawful_activities_p_act_1967,sll_the_official_secrets_act_1923,sll_offences_against_state_related_acts_total_col20_to_col22,sll_armsexplosive_related_acts_the_arms_act_1959_the_arms_act_1959_total,sll_fire_arms_col26_col27,sll_a_legal_licensed_arms,sll_b_illegal_unlicensed_arms,sll_other_arms,sll_the_explosives_act_1984,sll_the_explosive_substances_act_1884_1908,sll_arms_explosive_related_acts_total_col242930,sll_information_technologyintellectual_property_related_acts_the_information_technology_act_2000,sll_the_copy_right_act_1957,sll_the_trade_marks_act_1999,sll_information_technology_intellectual_property_related_acts_total_col32_to_col34,sll_finance_economic_acts_the_lotteries_regulation_act_1998,sll_the_chit_funds_acts_1982,sll_the_negotiable_instruments_act_1881,sll_the_benami_transaction_prohibition_act_1988_2016,sll_the_mines_and_minerals_development_and_regulation_act_1957,sll_prevention_of_corruption_act_1988,sll_finance_economic_acts_total_col36_to_col41,sll_liquor_narcotic_drugs_related_acts_prohibition_act_state,sll_the_excise_act_1944,sll_the_narcotic_drugs_psychotropic_substances_act_1985_the_ndps_act_1985_total_col45_col46_col47,sll_a_possession_of_drugs_for_personal_useconsumption,sll_b_possession_of_drugs_for_trafficking,sll_liquor_narcotic_drugs_related_acts_total_col43_to_45,sll_environment_pollution_related_acts_the_forest_act_1927_the_forest_conservation_act_1980,sll_the_wildlife_protection_act_1972,sll_the_environmental_protection_act_1986,sll_the_air_the_water_prevention_control_of_pollution_act,sll_the_cigarette_and_other_tobacco_products_act_2003,sll_noise_pollution_acts,sll_the_national_green_tribunal_act_2010,sll_environment_pollution_related_acts_total_col49_to_col55,sll_foreigner_passport_related_acts_the_registration_of_foreigners_act1939_the_foreigners_act_1946,sll_the_passport_act_1967,sll_the_emigration_act_1983,sll_the_citizenship_act_1955,sll_foreigner_passport_related_acts_total_col57_to_col60,sll_railways_related_acts_the_indian_railways_act_1989,sll_the_railway_property_unlawful_possession_act_1966,sll_railways_related_acts_total_col62col63,sll_telegraph_cinematograph_acts_the_indian_telegraph_act_1988,sll_the_telegraph_wire_unlawful_possession_act_1950,sll_the_cinematograph_act_1952,sll_the_cable_television_networks_regulation_act_1955,sll_telegraph_cinematograph_acts_total_col65_to_col68,sll_food_drugs_and_essential_commodities_acts_the_essential_commodities_act_1955,sll_the_prevention_of_food_adulteration_act_1954,sll_the_food_safety_standards_act_2006,sll_food_drugs_and_essential_commodities_acts_total_col70_to_col72,sll_other_regulatory_enforcement_acts_macoca_control_of_organised_crimes,sll_the_gambling_act,sll_the_electricity_act_2003,sll_the_antiques_and_art_treasures_act_1972,sll_the_representation_of_the_people_act_1951,sll_the_bonded_labour_system_abolition_act_the_bonded_labour_system_abolition_act_1976_total_col79_col80_col81_col82,sll_a_against_sc,sll_b_against_st,sll_c_against_others,sll_the_prevention_of_insults_to_national_honour_act_1971,sll_defacement_of_public_property_acts,sll_the_transplantation_of_human_organs_act_1994,sll_transgender_persons_protection_of_rights_act,sll_rights_of_persons_with_disabilities_act,sll_prevention_of_cruelty_to_animals_act,sll_the_mental_health_act_1987,sll_motor_vehicle_act,sll_citytown_police_acts,sll_other_state_local_acts,sll_other_regulatory_enforcement_acts_total_col74_to_79_col83_to_92,sll_other_sll_crimes,sll_total_cognizable_sll_crimes
Andhra Pradesh,Alluri Sitharama Raju,0,0,0,0,0,14,0,0,0,0,0,14,2,1,0,0,3,0,2,0,2,1,1,0,1,0,1,0,2,0,0,0,0,0,0,0,0,0,0,0,209,258,404,88,316,871,0,0,0,0,0,0,0,0,0,0,0,0,0,0,0,0,0,0,0,0,0,1,0,0,1,0,142,0,0,0,0,0,0,0,0,0,0,0,0,4,0,0,0,0,146,4,1043
Andhra Pradesh,Anakapalli,0,1,0,0,1,27,0,0,0,0,0,27,10,0,1,0,11,0,0,0,0,5,5,0,5,0,0,0,5,2,0,0,2,0,0,0,0,0,0,0,474,1999,159,114,45,2632,0,0,0,0,0,0,0,0,0,0,0,0,0,0,0,0,0,0,0,0,0,13,0,0,13,0,670,0,0,0,0,0,0,0,0,0,0,0,0,0,2,0,0,0,672,43,3406
Andhra Pradesh,Anantapuramu,0,5,0,0,5,61,0,0,0,0,0,61,5,1,0,0,6,0,0,0,0,2,2,0,2,0,18,0,20,2,2,0,4,0,0,0,0,41,0,41,222,970,15,0,15,1207,0,1,0,0,0,0,0,1,0,0,0,0,0,0,0,0,0,0,0,0,0,35,0,0,35,0,396,26,0,10,0,0,0,0,0,0,0,0,0,7,1,0,0,0,440,1,1821
Andhra Pradesh,Annamayya,0,0,0,0,0,18,0,0,0,0,0,18,0,0,0,0,0,0,0,0,0,0,0,0,0,0,0,0,0,27,0,0,27,0,0,0,0,0,0,0,243,901,20,20,0,1164,0,0,0,0,0,0,0,0,0,0,0,0,0,0,0,0,0,0,0,0,0,9,0,0,9,0,517,0,0,0,0,0,0,0,0,0,0,0,0,0,0,259,0,0,776,396,2390
Andhra Pradesh,Bapatla,0,0,0,0,0,61,2,0,0,0,0,63,1,1,0,0,2,0,0,0,0,0,0,0,0,0,0,0,0,8,0,0,8,4,0,0,0,0,0,4,76,1162,15,9,6,1253,0,0,0,0,0,0,0,0,0,0,0,0,0,0,0,0,0,0,0,0,0,0,0,0,0,0,86,0,0,0,0,0,0,0,0,0,0,0,0,0,0,0,0,0,86,12,1428
Andhra Pradesh,Chittoor,0,4,0,0,4,40,0,0,0,0,0,40,3,0,0,0,3,0,0,0,0,17,17,0,17,0,0,0,17,3,0,0,3,23,0,0,0,0,0,23,372,881,58,57,1,1311,0,0,0,0,0,0,0,0,0,0,0,0,0,0,0,0,0,0,0,0,0,39,0,0,39,0,192,0,0,0,0,0,0,0,0,0,0,0,0,0,0,0,0,0,192,13,1645
Andhra Pradesh,Dr Br Ambedkar Konaseema,0,3,0,0,3,60,0,0,0,0,0,60,2,0,0,0,2,0,0,0,0,0,0,0,0,0,1,0,1,1,0,0,1,0,0,0,0,0,0,0,114,741,10,7,3,865,0,0,0,0,0,0,0,0,0,0,0,0,0,0,0,0,0,0,0,0,0,2,0,0,2,0,710,0,0,0,0,0,0,0,0,0,0,0,0,2,0,0,0,0,712,13,1659
Andhra Pradesh,East Godavari,0,8,0,0,8,65,0,1,0,0,0,66,2,0,1,0,3,0,0,0,0,2,2,1,1,0,0,0,2,40,1,0,41,0,0,0,0,1,0,1,412,437,67,32,35,916,0,0,0,0,0,0,0,0,0,0,0,0,0,0,0,0,0,0,0,0,0,3,0,0,3,0,908,2,0,0,0,0,0,0,0,0,0,0,0,3,0,0,0,0,913,13,1966
Andhra Pradesh,Eluru,0,1,0,0,1,158,2,2,0,0,0,162,0,0,0,0,0,0,0,0,0,13,13,0,13,0,0,0,13,2,0,0,2,0,0,0,0,0,0,0,325,1130,10,0,10,1465,0,0,0,0,0,0,0,0,0,0,0,0,0,0,0,0,0,0,0,0,0,13,0,0,13,0,1213,0,0,0,0,0,0,0,0,0,0,0,0,0,1,6,0,0,1220,13,2889
Andhra Pradesh,Guntakal Railway,0,0,0,0,0,1,0,0,0,0,0,1,0,0,0,0,0,0,0,0,0,0,0,0,0,0,0,0,0,0,0,0,0,0,0,0,0,0,0,0,0,93,19,19,0,112,0,0,0,0,0,0,0,0,0,0,0,0,0,0,0,0,0,0,0,0,0,0,0,0,0,0,0,0,0,0,0,0,0,0,0,0,0,0,0,0,0,0,0,0,0,0,113
Andhra Pradesh,Guntur,0,7,0,0,7,115,6,3,0,0,0,124,0,0,0,0,0,0,0,0,0,0,0,0,0,0,0,0,0,24,0,0,24,19,0,0,0,1,0,20,151,1328,63,14,49,1542,0,0,0,0,0,0,0,0,0,0,0,0,0,0,0,0,0,0,0,0,0,2,0,0,2,0,207,0,0,0,0,0,0,0,0,0,0,0,0,9,2,0,0,0,218,3,1940
Andhra Pradesh,Kakinada,0,0,0,0,0,77,3,2,0,0,0,82,3,0,0,0,3,0,0,0,0,0,0,0,0,0,0,0,0,9,0,0,9,0,0,0,0,5,0,5,315,505,34,6,28,854,0,0,0,0,0,0,0,0,0,0,0,0,0,0,0,0,0,0,0,0,0,25,0,0,25,0,476,0,0,1,0,0,0,0,0,0,0,0,0,18,2,0,0,0,497,992,2467
Andhra Pradesh,Krishna,0,3,0,0,3,107,1,1,0,1,0,110,1,0,0,0,1,0,0,0,0,2,0,0,0,2,0,0,2,4,0,0,4,11,0,0,0,0,0,11,56,911,22,22,0,989,0,0,0,0,0,0,0,0,0,0,0,0,0,0,0,0,0,0,0,0,0,1,0,0,1,0,887,0,0,0,0,0,0,0,0,0,0,0,0,11,0,0,0,0,898,9,2028
Andhra Pradesh,Kurnool,0,0,0,0,0,64,0,1,0,0,0,65,4,0,0,0,4,2,0,0,2,2,2,1,1,0,0,1,3,7,0,0,7,0,0,0,0,101,0,101,374,584,9,9,0,967,0,0,0,0,0,0,0,0,0,0,0,0,0,0,0,0,0,0,0,0,0,7,0,0,7,0,115,0,0,0,0,0,0,0,0,0,0,0,0,2,1,0,0,0,118,17,1291
Andhra Pradesh,Nandyal,1,2,0,0,3,63,0,1,0,0,0,64,0,0,0,0,0,6,0,0,6,0,0,0,0,0,7,0,7,52,0,0,52,0,0,0,0,0,0,0,706,755,17,17,0,1478,0,0,0,0,0,0,0,0,0,0,0,0,0,0,0,0,0,0,0,0,0,8,0,0,8,0,194,0,0,0,0,0,0,0,0,0,0,0,0,0,4,0,0,0,198,18,1834
Andhra Pradesh,Ntr,2,40,0,0,42,209,0,0,0,0,0,209,0,0,0,0,0,18,0,0,18,0,0,0,0,0,5,0,5,6,7,0,13,0,3,0,0,44,0,47,111,1123,111,100,11,1345,0,0,0,0,3,0,0,3,0,0,0,1,1,0,0,0,0,0,0,0,0,76,0,0,76,0,432,0,0,0,0,0,0,0,0,0,0,0,0,36,2,0,12,0,482,161,2402
Andhra Pradesh,Palnadu,0,4,0,0,4,20,1,3,0,0,0,24,0,0,0,0,0,0,0,0,0,2,0,0,0,2,3,2,7,0,0,0,0,3,0,0,0,0,0,3,72,605,19,19,0,696,0,0,0,0,0,0,0,0,0,0,0,0,0,0,0,0,0,0,0,0,0,2,0,0,2,0,196,0,0,1,0,0,0,0,0,0,0,0,0,0,0,0,0,0,197,0,933
Andhra Pradesh,Parvathipuram Manyam,0,0,0,0,0,16,0,0,0,0,0,16,0,0,0,0,0,2,0,0,2,1,0,0,0,1,0,0,1,1,1,0,2,0,0,0,0,6,0,6,577,468,39,27,12,1084,0,0,0,0,0,0,0,0,0,0,0,0,0,0,0,0,0,0,0,0,0,15,0,0,15,0,82,0,0,0,0,0,0,0,0,0,0,0,1,41,0,0,0,0,124,0,1250
Andhra Pradesh,Prakasam,0,0,0,0,0,90,0,0,0,0,0,90,2,0,0,0,2,0,0,0,0,0,0,0,0,0,0,0,0,7,0,0,7,3,0,0,0,0,0,3,38,1103,25,1,24,1166,0,0,0,0,0,0,0,0,0,0,0,0,0,0,0,0,0,0,0,0,0,0,0,0,0,0,7,0,0,0,0,0,0,0,0,0,0,0,0,0,2,0,0,0,9,14,1291
Andhra Pradesh,Sri Potti Sriramulu Nellore,1,11,0,0,12,52,4,0,0,5,0,61,3,0,0,0,3,0,0,0,0,2,0,0,0,2,1,0,3,9,0,0,9,4,0,0,0,0,0,4,324,193,18,8,10,535,0,0,0,0,0,0,0,0,0,0,0,0,0,0,0,0,0,0,0,0,0,2,0,0,2,0,36,0,0,8,0,0,0,0,0,0,0,0,0,0,2,0,0,0,46,2,677
Andhra Pradesh,Sri Sathya Sai,0,0,0,0,0,39,0,3,0,0,0,42,2,3,0,0,5,0,0,0,0,2,1,0,1,1,5,0,7,6,0,0,6,0,0,0,0,0,0,0,151,986,13,2,11,1150,0,0,0,0,0,0,0,0,0,0,0,0,0,0,0,0,0,0,0,0,0,11,0,0,11,0,375,1,0,0,0,0,0,0,0,0,0,0,1,10,0,0,0,0,387,6,1614
Andhra Pradesh,Srikakulam,0,0,0,0,0,44,0,0,0,2,0,46,2,1,0,0,3,0,0,0,0,1,1,0,1,0,0,1,2,3,0,0,3,0,0,0,0,0,0,0,111,685,51,0,51,847,0,0,0,0,0,0,0,0,0,0,0,0,0,0,0,0,0,0,0,0,0,2,0,0,2,0,249,0,0,0,0,0,0,0,0,0,0,0,0,120,0,1345,0,0,1714,0,2617
Andhra Pradesh,Tirupati,0,4,0,0,4,58,0,3,0,1,0,62,2,0,0,0,2,0,0,0,0,0,0,0,0,0,0,0,0,99,5,0,104,3,0,0,0,15,0,18,437,346,88,0,88,871,0,0,0,0,0,0,0,0,0,0,0,0,0,0,0,0,0,0,0,0,0,10,0,0,10,0,56,0,0,0,0,0,0,0,0,0,0,0,0,2,1,0,0,0,59,33,1163
Andhra Pradesh,Viiayawada Railway,0,0,0,0,0,0,0,0,0,0,0,0,0,0,0,0,0,0,0,0,0,0,0,0,0,0,0,0,0,0,0,0,0,0,0,0,0,0,0,0,0,44,206,0,206,250,0,0,0,0,0,0,0,0,0,0,0,0,0,0,0,0,0,0,0,0,0,0,0,0,0,0,0,0,0,0,0,0,0,0,0,0,0,0,0,0,0,0,0,0,0,0,250
Andhra Pradesh,Visakhapatnam,0,4,0,0,4,126,0,0,0,0,0,126,4,0,3,0,7,0,0,0,0,2,1,0,1,1,14,2,18,8,0,0,8,0,0,0,0,0,0,0,0,513,311,132,179,824,0,0,0,0,1,0,0,1,0,0,0,0,0,0,0,0,0,0,0,0,0,11,0,0,11,0,222,0,0,0,0,0,0,0,0,0,0,0,0,3,0,0,0,0,225,65,1289
Andhra Pradesh,Vizianagaram,0,13,0,0,13,54,1,0,0,0,0,55,1,1,0,0,2,0,0,0,0,1,0,0,0,1,0,0,1,31,0,0,31,0,0,0,0,0,0,0,48,1332,83,19,64,1463,0,0,0,0,0,0,0,0,0,0,0,0,0,0,0,0,0,0,0,0,0,2,0,0,2,0,184,0,0,0,0,0,0,0,0,0,0,0,1,60,1,0,0,0,246,0,1813
Andhra Pradesh,West Godavari,0,9,0,0,9,98,0,0,0,0,0,98,0,0,0,0,0,1,0,0,1,0,0,0,0,0,0,0,0,75,1,0,76,0,1,0,0,3,0,4,2,338,10,2,8,350,0,0,0,0,0,0,0,0,0,1,0,0,1,0,0,0,0,0,0,0,0,25,0,0,25,0,891,0,0,3,0,0,0,0,0,0,0,0,2,63,2,0,0,0,961,0,1525
Andhra Pradesh,Ysr,10,0,0,0,10,47,0,1,0,0,0,48,4,0,0,0,4,95,0,0,95,3,2,1,1,1,6,3,12,20,1,0,21,0,0,0,0,39,0,39,4400,1583,44,27,17,6027,1,1,0,0,0,0,0,2,0,0,0,0,0,0,0,0,0,0,0,0,0,36,0,0,36,0,717,30,0,0,0,0,0,0,0,0,0,0,1,0,2,114,0,0,864,810,7968
Arunachal Pradesh,Anjaw,0,0,0,0,0,2,0,0,0,0,0,2,0,0,0,0,0,0,0,1,1,1,1,0,1,0,0,0,1,0,0,0,0,0,0,0,0,0,0,0,0,0,1,1,0,1,0,0,0,0,0,0,0,0,1,0,0,0,1,0,0,0,0,0,0,0,0,0,0,0,0,0,0,0,0,0,0,0,0,0,0,0,0,0,0,0,0,0,0,0,0,0,6
Arunachal Pradesh,Changlang,0,0,0,0,0,0,0,0,0,0,0,0,0,0,0,0,0,0,4,0,4,1,1,0,1,0,0,0,1,0,0,0,0,0,0,0,0,0,0,0,0,0,27,27,0,27,0,0,0,0,0,0,0,0,0,0,0,0,0,0,0,0,0,0,0,0,0,0,0,0,0,0,0,0,0,0,0,0,0,0,0,0,0,0,0,0,0,0,0,0,0,0,32
Arunachal Pradesh,Crime Branch,0,0,0,0,0,0,0,0,0,0,0,0,0,0,0,0,0,0,0,0,0,0,0,0,0,0,0,0,0,74,0,0,74,0,0,0,0,0,0,0,0,0,0,0,0,0,0,0,0,0,0,0,0,0,0,0,0,0,0,0,0,0,0,0,0,0,0,0,0,0,0,0,0,0,0,0,0,0,0,0,0,0,0,0,0,0,0,0,0,0,0,0,74
Arunachal Pradesh,Dibang Valley,0,0,0,0,0,0,0,0,0,0,0,0,0,0,0,0,0,0,0,0,0,3,3,0,3,0,0,0,3,0,0,0,0,0,0,0,0,0,0,0,0,0,0,0,0,0,0,0,0,0,0,0,0,0,0,0,0,0,0,0,0,0,0,0,0,0,0,0,0,0,0,0,1,0,0,0,0,0,0,0,0,0,0,0,0,0,0,0,0,0,1,0,4
Arunachal Pradesh,Kameng East,0,0,0,0,0,5,0,0,0,0,0,5,0,0,0,0,0,0,0,0,0,0,0,0,0,0,0,0,0,0,0,0,0,0,0,0,0,0,0,0,0,0,2,2,0,2,0,0,0,0,0,0,0,0,0,0,0,0,0,0,0,0,0,0,0,0,0,0,0,0,0,0,0,0,0,0,0,0,0,0,0,0,0,0,0,0,0,0,0,0,0,0,7
Arunachal Pradesh,Kameng West,0,0,0,0,0,0,0,0,0,0,0,0,0,0,0,0,0,0,0,0,0,1,1,1,0,0,0,0,1,0,0,0,0,0,0,0,0,0,0,0,0,0,31,19,12,31,0,0,0,0,0,0,0,0,0,0,0,0,0,0,0,0,0,0,0,0,0,0,0,0,0,0,0,0,0,0,0,0,0,0,0,0,0,0,0,0,0,0,0,0,0,1,33
Arunachal Pradesh,Kurung Kumey,0,0,0,0,0,0,0,0,0,0,0,0,0,0,0,0,0,0,0,0,0,0,0,0,0,0,0,0,0,0,0,0,0,0,0,0,0,0,0,0,0,0,2,2,0,2,0,0,0,0,0,0,0,0,0,0,0,0,0,0,0,0,0,0,0,0,0,0,0,0,0,0,0,0,0,0,0,0,0,0,0,0,0,0,0,0,0,0,0,0,0,0,2
Arunachal Pradesh,Lohit,0,0,0,0,0,0,0,0,0,0,0,0,0,0,0,0,0,0,0,0,0,0,0,0,0,0,0,0,0,0,0,0,0,0,0,0,0,0,0,0,0,0,2,2,0,2,0,1,0,0,0,0,0,1,1,0,0,0,1,0,0,0,0,0,0,0,0,0,0,0,0,0,0,0,0,0,0,0,0,0,0,0,0,0,0,0,0,0,0,0,0,0,4
Arunachal Pradesh,Longding,0,0,0,0,0,10,0,0,0,0,0,10,0,0,0,0,0,0,8,0,8,0,0,0,0,0,0,0,0,0,0,0,0,0,0,0,0,0,0,0,0,0,6,6,0,6,0,0,0,0,0,0,0,0,0,0,0,0,0,0,0,0,0,0,0,0,0,0,0,0,0,0,0,0,0,0,0,0,0,0,0,0,0,0,0,0,0,0,0,0,0,0,24
Arunachal Pradesh,Lower Dibang Valley,0,0,0,0,0,0,0,0,0,0,0,0,0,0,0,0,0,0,0,0,0,0,0,0,0,0,0,0,0,0,0,0,0,0,0,0,0,0,0,0,0,0,11,2,9,11,0,0,0,0,0,0,0,0,0,0,0,0,0,0,0,0,0,0,0,0,0,0,0,0,0,0,0,0,0,0,0,0,0,0,0,0,0,0,0,0,0,0,0,0,0,0,11
Arunachal Pradesh,Papum Pare City,0,1,0,0,1,7,0,0,0,1,0,8,0,0,0,0,0,1,0,0,1,0,0,0,0,0,0,0,0,0,0,0,0,0,0,0,0,0,0,0,0,8,71,19,52,79,0,0,0,0,0,0,0,0,0,0,0,0,0,0,0,0,0,0,0,0,0,0,0,0,0,0,13,0,0,0,0,0,0,0,0,0,0,0,0,1,0,0,0,0,14,0,103
Arunachal Pradesh,Papum Pare Rural,0,0,0,0,0,0,0,0,0,0,0,0,0,0,0,0,0,0,0,0,0,0,0,0,0,0,0,0,0,0,0,0,0,0,0,0,0,0,0,0,0,0,9,0,9,9,0,0,0,0,0,0,0,0,0,0,0,0,0,0,0,0,0,0,0,0,0,0,0,0,0,0,0,0,0,0,0,0,0,0,0,0,0,0,0,0,0,0,0,0,0,0,9
Arunachal Pradesh,Siang East,0,0,0,0,0,0,0,0,0,0,0,0,0,0,0,0,0,6,0,0,6,0,0,0,0,0,0,0,0,0,0,0,0,0,0,0,0,0,0,0,0,0,18,18,0,18,0,1,0,0,0,0,0,1,0,0,0,0,0,0,0,0,0,0,0,0,0,0,0,0,0,0,1,0,0,0,0,0,0,0,0,0,0,0,0,0,0,0,0,0,1,0,26
Arunachal Pradesh,Siang Upper,0,0,0,0,0,1,0,0,0,0,0,1,0,0,0,0,0,0,0,0,0,0,0,0,0,0,0,0,0,0,0,0,0,0,0,0,0,0,0,0,0,0,2,2,0,2,0,0,0,0,0,0,0,0,0,0,0,0,0,0,0,0,0,0,0,0,0,0,0,0,0,0,0,0,0,0,0,0,0,0,0,0,0,0,0,0,0,0,0,0,0,0,3
Arunachal Pradesh,Siang West,0,0,0,0,0,1,0,0,0,0,0,1,0,0,0,0,0,0,0,0,0,0,0,0,0,0,0,1,1,0,0,0,0,0,0,0,0,0,0,0,0,0,4,1,3,4,0,0,0,0,0,0,0,0,0,0,0,0,0,0,0,0,0,0,0,0,0,0,0,0,0,0,0,0,0,0,0,0,0,0,0,0,0,0,0,0,0,0,0,0,0,1,7
Arunachal Pradesh,Subansiri Lower,0,0,0,0,0,2,0,0,0,0,0,2,0,0,0,0,0,0,0,0,0,1,0,0,0,1,0,0,1,0,0,0,0,0,0,0,0,0,0,0,0,0,16,16,0,16,0,0,0,0,0,0,0,0,0,0,0,0,0,0,0,0,0,0,0,0,0,0,0,0,0,0,0,0,0,0,0,0,0,0,0,0,0,0,0,0,0,0,0,0,0,0,19
Arunachal Pradesh,Subansiri Upper,0,0,0,0,0,0,0,0,0,0,0,0,0,0,0,0,0,0,0,0,0,1,1,1,0,0,0,0,1,0,0,0,0,0,0,0,0,0,0,0,0,0,5,5,0,5,0,0,0,0,0,0,0,0,0,0,0,0,0,0,0,0,0,0,0,0,0,0,0,0,0,0,0,0,0,0,0,0,0,0,0,0,0,0,0,0,0,0,0,0,0,3,9
Arunachal Pradesh,Tawang,0,0,0,1,1,0,0,0,0,0,0,0,0,0,0,0,0,0,0,0,0,0,0,0,0,0,0,0,0,0,0,0,0,0,0,0,0,0,0,0,0,0,1,1,0,1,0,0,0,0,0,0,0,0,0,0,0,0,0,0,0,0,0,0,0,0,0,0,0,0,0,0,0,0,0,0,0,0,0,0,0,0,0,0,0,0,0,0,0,0,0,0,2
Arunachal Pradesh,Tirap,0,0,0,0,0,0,0,0,0,0,0,0,0,0,0,0,0,1,2,0,3,2,2,2,0,0,1,0,3,0,0,0,0,0,0,0,0,0,0,0,0,0,8,8,0,8,0,0,0,0,0,0,0,0,0,0,0,0,0,0,0,0,0,0,0,0,0,0,0,0,0,0,0,0,0,0,0,0,0,0,0,0,0,0,0,0,0,0,0,0,0,1,15
Arunachal Pradesh,Namsai,0,0,0,0,0,0,0,0,0,0,0,0,0,1,0,0,1,0,1,0,1,3,3,2,1,0,0,0,3,2,2,0,4,0,0,0,0,0,0,0,0,0,16,0,16,16,0,0,0,0,0,0,0,0,0,0,0,0,0,0,0,0,0,0,0,0,0,0,0,0,0,0,0,0,0,0,0,0,0,0,0,0,0,0,0,0,0,0,0,0,0,0,25
Arunachal Pradesh,Siang,0,0,0,0,0,0,0,0,0,0,0,0,0,0,0,0,0,0,0,0,0,0,0,0,0,0,0,0,0,0,0,0,0,0,0,0,0,0,0,0,0,0,1,1,0,1,0,0,0,0,0,0,0,0,0,0,0,0,0,0,0,0,0,0,0,0,0,0,0,0,0,0,0,0,0,0,0,0,0,0,0,0,0,0,0,0,0,0,0,0,0,0,1
Arunachal Pradesh,Kamle,0,0,0,0,0,0,0,0,0,0,0,0,0,0,0,0,0,0,0,0,0,0,0,0,0,0,0,0,0,0,0,0,0,0,0,0,0,0,0,0,0,0,1,0,1,1,0,0,0,0,0,0,0,0,0,0,0,0,0,0,0,0,0,0,0,0,0,0,0,0,0,0,1,0,0,0,0,0,0,0,0,0,0,0,0,0,0,0,0,0,1,0,2
Arunachal Pradesh,Kra Dadi,0,0,0,0,0,1,0,0,0,0,0,1,0,0,0,0,0,0,0,0,0,2,2,2,0,0,0,0,2,0,0,0,0,0,0,0,0,0,0,0,0,0,1,1,0,1,0,0,0,0,0,0,0,0,0,0,0,0,0,0,0,0,0,0,0,0,0,0,0,0,0,0,0,0,0,0,0,0,0,0,0,0,0,0,0,0,0,0,0,0,0,0,4
Arunachal Pradesh,Lower Siang,0,0,0,0,0,0,0,0,0,0,0,0,0,0,0,0,0,0,0,0,0,0,0,0,0,0,0,0,0,0,0,0,0,0,0,0,0,0,0,0,0,0,0,0,0,0,0,0,0,0,0,0,0,0,0,0,0,0,0,0,0,0,0,0,0,0,0,0,0,0,0,0,0,0,0,0,0,0,0,0,0,0,0,0,0,0,0,0,0,0,0,3,3
Arunachal Pradesh,Leparada,0,0,0,0,0,1,0,0,0,0,0,1,0,0,0,0,0,0,0,0,0,0,0,0,0,0,0,0,0,2,0,0,2,0,0,0,0,0,0,0,0,0,2,2,0,2,0,0,0,0,0,0,0,0,0,0,0,0,0,0,0,0,0,0,0,0,0,0,0,0,0,0,0,0,0,0,0,0,0,0,0,0,0,0,0,0,0,0,0,0,0,0,5
Arunachal Pradesh,Shiyomi,0,0,0,0,0,0,0,0,0,0,0,0,0,0,0,0,0,0,0,0,0,0,0,0,0,0,0,0,0,0,0,0,0,0,0,0,0,0,0,0,0,0,0,0,0,0,0,0,0,0,0,0,0,0,0,0,0,0,0,0,0,0,0,0,0,0,0,0,0,0,0,0,0,0,0,0,0,0,0,0,0,0,0,0,0,0,0,0,0,0,0,0,0
Arunachal Pradesh,Pakkessang,0,0,0,0,0,0,0,0,0,0,0,0,0,0,0,0,0,0,0,0,0,0,0,0,0,0,0,0,0,0,0,0,0,0,0,0,0,0,0,0,0,0,1,1,0,1,0,0,0,0,0,0,0,0,0,0,0,0,0,0,0,0,0,0,0,0,0,0,0,0,0,0,0,0,0,0,0,0,0,0,0,0,0,0,0,0,0,0,0,0,0,0,1
Assam,Bieo,0,0,0,0,0,0,0,0,0,0,0,0,0,0,0,0,0,0,0,0,0,0,0,0,0,0,0,0,0,0,0,0,0,0,0,0,0,0,0,0,0,0,0,0,0,0,0,0,0,0,0,0,0,0,0,0,0,0,0,0,0,0,0,0,0,0,0,0,0,0,0,0,0,0,0,0,0,0,0,0,0,0,0,0,0,0,0,0,0,0,0,1,1
Assam,Barpeta,0,0,0,0,0,86,0,42,0,0,0,128,0,0,0,0,0,2,0,0,2,2,2,0,2,0,0,0,2,16,3,0,19,0,0,0,0,0,0,0,0,4,151,151,0,155,0,0,0,0,0,0,0,0,0,0,0,0,0,0,0,0,0,0,0,0,0,1,0,0,1,0,77,25,0,0,0,0,0,0,0,0,0,0,0,0,0,0,0,0,102,28,437
Assam,Baksa,2,0,0,0,2,45,3,12,0,3,0,63,0,0,0,0,0,0,0,0,0,0,0,0,0,0,0,0,0,17,0,0,17,0,0,0,0,0,0,0,0,17,44,43,1,61,1,2,0,0,0,0,0,3,0,0,0,0,0,0,0,0,0,0,0,0,0,1,0,0,1,0,19,1,0,0,0,0,0,0,0,0,0,0,0,0,0,4,0,0,24,7,178
Assam,Bongaigaon,0,0,0,0,0,118,0,9,0,2,0,129,0,0,0,0,0,0,0,0,0,1,0,0,0,1,0,1,2,14,0,0,14,0,0,0,0,0,2,2,0,0,75,40,35,75,0,0,0,0,0,0,0,0,0,0,0,0,0,0,0,0,0,0,0,0,0,0,0,0,0,0,14,3,0,0,0,0,0,0,0,0,0,0,0,0,0,0,0,0,17,31,270
Assam,Cid,0,0,0,0,0,0,0,0,0,0,0,0,0,0,0,0,0,0,0,0,0,1,0,0,0,1,0,0,1,0,0,0,0,0,0,0,0,0,1,1,0,0,0,0,0,0,0,0,0,0,0,0,0,0,0,0,0,0,0,0,0,0,0,0,0,0,0,0,0,0,0,0,0,0,0,0,0,0,0,0,0,0,0,0,0,0,0,0,0,0,0,0,2
Assam,Cachar,17,0,0,0,17,111,0,12,0,0,0,123,0,0,0,0,0,12,1,0,13,3,0,0,0,3,0,3,6,18,0,0,18,0,0,0,0,0,0,0,0,7,113,0,113,120,0,0,0,0,0,0,0,0,0,0,0,0,0,0,0,0,0,0,0,0,0,3,0,0,3,0,0,0,0,0,0,0,0,0,0,0,0,0,0,0,0,0,0,0,0,11,311
Assam,Chirang,0,0,0,0,0,73,1,5,0,0,0,79,0,0,0,0,0,1,0,0,1,1,1,0,1,0,0,1,2,6,0,0,6,0,0,0,0,0,0,0,0,4,44,5,39,48,0,2,0,0,0,0,0,2,0,0,0,0,0,0,0,0,0,0,0,0,0,0,0,0,0,0,7,1,0,0,0,0,0,0,0,0,0,0,0,6,0,0,0,0,14,0,152
Assam,Darrang,2,7,0,0,9,122,0,19,0,4,0,145,0,0,0,0,0,0,0,0,0,4,4,0,4,0,0,0,4,13,0,0,13,1,0,0,0,0,0,1,0,0,51,22,29,51,0,0,0,0,0,0,0,0,0,6,0,0,6,0,0,0,0,0,0,0,0,0,0,0,0,0,26,2,0,1,0,0,0,0,0,0,0,0,0,3,0,0,0,18,50,5,284
Assam,Dhemaji,1,1,0,0,2,43,0,23,0,0,0,66,0,0,0,0,0,0,0,0,0,1,1,1,0,0,0,0,1,2,0,0,2,0,0,0,0,0,0,0,0,12,57,25,32,69,1,1,0,0,0,0,0,2,0,0,0,0,0,0,0,0,0,0,0,0,0,2,0,0,2,0,1,0,0,0,1,1,0,0,0,0,0,0,0,0,0,0,0,0,2,5,151
Assam,Dhubri,2,4,0,0,6,276,14,27,0,2,0,319,1,0,0,0,1,5,1,0,6,11,0,0,0,11,0,0,11,12,0,0,12,1,0,0,0,0,0,1,0,1,184,45,139,185,1,0,0,0,0,0,0,1,2,0,0,0,2,0,0,0,0,0,0,0,0,3,0,0,3,0,57,3,0,0,0,0,0,0,0,0,0,0,0,88,0,0,0,0,148,12,707
Assam,Dibrugarh,14,0,0,0,14,97,8,35,0,5,0,145,0,0,0,0,0,31,5,0,36,4,4,0,4,0,0,0,4,9,0,0,9,0,0,0,0,0,0,0,0,1,104,58,46,105,0,0,0,0,0,0,0,0,0,0,0,0,0,0,0,0,0,0,0,0,0,1,0,0,1,0,12,0,0,0,0,0,0,0,0,0,0,0,0,3,0,3,0,0,18,34,366
Assam,Grp,0,0,0,0,0,1,0,0,0,1,0,2,0,0,0,0,0,0,0,0,0,6,6,0,6,0,0,0,6,1,0,0,1,0,0,0,0,0,0,0,0,4,169,0,169,173,0,1,0,0,2,0,0,3,6,0,0,0,6,0,0,0,0,0,0,0,0,0,0,0,0,0,0,0,0,0,0,0,0,0,0,0,0,0,0,0,0,0,0,0,0,0,191
Assam,Goalpara,3,2,0,0,5,74,3,16,0,2,0,95,0,0,0,0,0,2,0,0,2,2,2,0,2,0,1,0,3,13,0,0,13,0,0,0,0,0,0,0,3,0,61,49,12,64,0,0,0,0,0,0,0,0,3,0,0,0,3,0,0,0,0,0,0,0,0,1,0,0,1,0,7,2,0,0,0,0,0,0,0,0,0,0,0,10,0,0,0,0,19,1,206
Assam,Golaghat,5,1,0,0,6,72,2,4,0,3,0,81,1,0,0,0,1,8,6,0,14,8,0,0,0,8,0,0,8,7,0,0,7,0,0,0,0,0,0,0,0,2,44,2,42,46,0,2,0,0,0,0,0,2,1,0,0,0,1,0,0,0,0,0,0,0,0,0,0,0,0,0,2,2,0,0,0,0,0,0,0,0,0,0,0,4,0,0,0,0,8,13,187
Assam,Guwahati City,11,3,0,0,14,194,17,11,0,23,0,245,0,0,0,0,0,6,3,0,9,6,6,0,6,0,0,2,8,45,8,1,54,0,19,0,0,0,0,19,0,4,365,365,0,369,6,0,0,0,0,0,0,6,7,0,0,0,7,0,0,0,0,0,0,0,0,7,0,0,7,0,43,2,0,0,0,0,0,0,1,0,0,0,3,17,0,1,0,0,67,50,855
Assam,Hailakandi,0,0,0,0,0,75,1,10,0,5,0,91,0,0,0,0,0,6,2,0,8,4,0,0,0,4,0,1,5,3,0,0,3,0,0,0,0,0,3,3,0,5,33,11,22,38,2,1,0,0,0,0,0,3,1,0,0,0,1,0,0,0,0,0,0,0,0,1,0,0,1,0,2,1,0,0,0,0,0,0,1,0,0,0,0,4,0,0,0,0,8,12,173
Assam,Hamren,0,0,0,0,0,10,0,2,0,0,0,12,0,0,0,0,0,1,0,0,1,0,0,0,0,0,0,0,0,4,0,0,4,0,0,0,0,0,0,0,0,0,1,1,0,1,0,0,0,0,0,0,0,0,0,0,0,0,0,0,0,0,0,0,0,0,0,0,0,0,0,0,0,0,0,0,0,0,0,0,0,0,0,0,0,15,0,0,0,0,15,3,36
Assam,Jorhat,0,0,0,0,0,83,4,11,0,1,0,99,1,1,0,0,2,2,3,0,5,3,3,0,3,0,0,0,3,10,3,0,13,0,0,0,0,0,0,0,0,2,71,14,57,73,0,0,0,0,0,0,0,0,0,0,0,0,0,0,0,0,0,0,0,0,0,0,0,0,0,0,16,0,0,0,0,0,0,0,0,0,0,0,0,0,0,8,0,0,24,9,228
Assam,Kamrup,29,0,0,0,29,127,8,37,0,3,0,175,0,0,0,0,0,7,2,0,9,4,0,0,0,4,0,0,4,23,0,0,23,0,0,0,0,0,0,0,0,13,128,29,99,141,2,0,0,0,1,0,0,3,0,1,0,0,1,1,0,1,0,0,0,0,0,5,0,0,5,0,43,3,0,0,0,0,0,0,0,0,0,0,0,0,0,0,0,0,46,0,437
Assam,Karbi Anglong,0,0,0,0,0,48,1,1,0,0,0,50,0,0,0,0,0,1,0,0,1,15,15,0,15,0,0,1,16,14,0,0,14,0,0,0,0,0,0,0,0,10,119,0,119,129,1,1,0,0,0,0,0,2,0,0,0,0,0,0,0,0,0,0,0,0,0,0,0,1,1,0,1,0,0,0,0,0,0,0,0,0,0,0,0,1,0,0,0,0,2,14,229
Assam,Karimganj,0,0,0,0,0,58,1,28,0,0,0,87,0,0,0,0,0,7,0,0,7,2,2,0,2,0,0,0,2,23,0,0,23,0,0,0,0,0,0,0,0,4,127,7,120,131,1,0,0,0,0,0,0,1,3,6,0,0,9,0,0,0,0,0,0,0,0,0,0,0,0,0,14,2,0,2,0,0,0,0,0,0,0,0,0,3,0,0,0,0,21,52,333
Assam,Kokrajhar,5,0,0,0,5,70,1,15,0,3,0,89,0,0,0,0,0,0,2,0,2,6,6,0,6,0,0,0,6,12,0,0,12,0,0,0,0,0,0,0,0,5,29,11,18,34,1,0,0,0,0,0,0,1,0,0,0,0,0,0,0,0,0,0,0,0,0,0,0,7,7,0,7,0,0,0,0,0,0,0,0,0,0,0,0,54,0,2,0,0,63,14,233
Assam,Lakhimpur,0,0,0,0,0,108,4,17,0,0,0,129,0,0,0,0,0,4,3,0,7,1,1,0,1,0,0,1,2,10,0,0,10,0,0,0,0,0,0,0,0,6,90,14,76,96,0,1,0,0,0,0,0,1,0,1,0,0,1,0,0,0,0,0,0,0,0,0,0,0,0,0,7,0,0,0,0,0,0,0,0,0,0,0,0,9,0,0,0,0,16,12,274
Assam,Morigaon,2,0,0,0,2,133,3,2,0,8,0,146,0,1,0,0,1,0,1,0,1,3,0,0,0,3,0,0,3,12,0,12,24,0,0,0,0,0,0,0,0,1,167,59,108,168,0,2,0,0,0,0,0,2,0,0,0,0,0,0,0,0,0,0,0,0,0,2,0,0,2,0,22,4,0,0,1,0,1,0,0,0,0,0,0,4,0,0,0,0,31,7,387
Assam,Dima Hasao,0,0,0,0,0,6,0,1,0,3,0,10,0,4,0,0,4,2,4,0,6,7,7,0,7,0,0,0,7,4,0,0,4,0,0,0,0,0,0,0,8,0,47,18,29,55,0,0,0,0,0,0,0,0,0,0,0,0,0,0,0,0,0,0,0,0,0,0,0,0,0,0,0,0,0,0,0,0,0,0,0,0,0,0,0,0,0,0,0,0,0,5,91
Assam,Nagaon,3,6,0,0,9,150,4,20,0,7,0,181,0,0,0,0,0,0,0,0,0,13,13,0,13,0,0,0,13,16,2,0,18,0,0,0,0,0,0,0,0,1,308,69,239,309,0,3,0,0,0,0,0,3,1,0,0,0,1,0,0,0,0,0,0,0,0,1,0,0,1,0,74,0,0,0,0,0,0,0,0,0,0,0,0,0,0,0,0,0,74,46,655
Assam,Nalbari,10,1,0,0,11,52,2,8,0,0,0,62,0,0,0,0,0,1,1,0,2,3,0,0,0,3,1,0,4,19,0,0,19,0,0,0,0,0,0,0,0,0,54,17,37,54,0,0,0,0,0,0,0,0,0,0,0,0,0,0,0,0,0,0,0,0,0,2,0,0,2,0,20,1,0,0,0,0,0,0,0,0,0,0,0,0,0,0,0,0,21,36,211
Assam,Rpo,0,0,0,0,0,0,0,0,0,0,0,0,0,0,0,0,0,0,0,0,0,0,0,0,0,0,0,0,0,0,0,0,0,0,0,0,0,0,0,0,0,0,0,0,0,0,0,0,0,0,0,0,0,0,0,0,0,0,0,0,0,0,0,0,0,0,0,0,0,0,0,0,0,0,0,0,0,0,0,0,0,0,0,0,0,0,0,0,0,0,0,0,0
Assam,Sou,0,0,0,0,0,0,0,0,0,0,0,0,0,0,0,0,0,0,1,0,1,0,0,0,0,0,0,0,0,0,0,0,0,0,0,0,0,0,0,0,0,0,0,0,0,0,0,0,0,0,0,0,0,0,0,0,0,0,0,0,0,0,0,0,0,0,0,0,0,0,0,0,0,0,0,0,0,0,0,0,0,0,0,0,0,0,0,0,0,0,0,0,1
Assam,Stf,0,0,0,0,0,0,0,0,0,0,0,0,0,0,0,0,0,0,6,0,6,0,0,0,0,0,0,0,0,0,0,0,0,0,0,0,0,0,0,0,0,0,10,0,10,10,0,1,0,0,0,0,0,1,0,0,0,0,0,0,0,0,0,0,0,0,0,0,0,0,0,0,0,0,0,0,0,0,0,0,0,0,0,0,0,0,0,0,0,0,0,0,17
Assam,Sibsagar,0,0,0,0,0,56,1,3,0,4,0,64,0,0,0,0,0,2,6,0,8,4,4,1,3,0,0,1,5,6,0,0,6,0,0,0,0,0,0,0,0,2,30,2,28,32,0,0,0,0,0,0,0,0,0,0,0,0,0,0,0,0,0,0,0,0,0,0,0,0,0,0,0,0,0,0,0,0,0,0,0,0,0,0,0,3,0,0,0,6,9,3,127
Assam,Sonitpur,2,2,0,0,4,136,0,10,0,2,0,148,0,0,0,0,0,1,0,0,1,4,0,0,0,4,0,0,4,21,0,0,21,0,0,0,0,0,0,0,0,7,115,0,115,122,0,0,0,0,0,0,0,0,0,0,0,0,0,0,0,0,0,0,0,0,0,0,0,0,0,0,12,0,0,0,0,0,0,0,0,0,0,0,0,2,0,0,0,0,14,35,349
Assam,Tinsukia,0,1,0,0,1,79,5,11,0,3,0,98,1,0,0,0,1,25,3,0,28,7,0,0,0,7,0,0,7,3,1,0,4,0,0,0,0,4,0,4,0,3,152,140,12,155,0,0,0,0,0,0,0,0,0,1,0,0,1,1,0,1,0,0,0,0,0,0,0,0,0,0,4,2,0,1,0,0,0,0,0,0,0,0,0,6,0,1,0,0,14,12,326
Assam,Udalguri,5,0,0,0,5,46,1,3,0,5,0,55,0,0,0,0,0,2,1,0,3,6,6,0,6,0,0,0,6,3,0,0,3,0,0,0,0,0,0,0,0,1,48,0,48,49,0,1,0,0,0,0,0,1,2,0,0,0,2,0,0,0,0,0,0,0,0,3,0,0,3,0,10,2,0,0,0,0,0,0,0,0,0,0,0,3,0,2,0,0,17,3,147
Assam,Sadia,3,0,0,0,3,19,0,5,0,2,0,26,0,0,0,0,0,0,0,0,0,0,0,0,0,0,0,0,0,2,0,0,2,0,0,0,0,0,0,0,0,0,23,23,0,23,0,0,0,0,0,0,0,0,0,0,0,0,0,0,0,0,0,0,0,0,0,0,0,0,0,0,1,0,0,0,0,0,0,0,0,0,0,0,0,0,0,0,0,0,1,2,57
Assam,Majuli,0,0,0,0,0,17,1,1,0,0,0,19,0,0,0,0,0,0,0,0,0,0,0,0,0,0,0,0,0,0,0,0,0,0,0,0,0,0,0,0,0,0,2,2,0,2,0,0,0,0,0,0,0,0,0,0,0,0,0,0,0,0,0,0,0,0,0,0,0,0,0,0,0,0,0,0,0,0,0,0,0,0,0,0,0,0,0,0,0,13,13,7,41
Assam,Biswanath,0,0,0,0,0,81,1,1,0,2,0,85,0,0,0,0,0,1,0,0,1,2,2,0,2,0,0,0,2,9,0,0,9,0,0,0,0,0,0,0,0,28,56,56,0,84,0,0,0,0,0,0,0,0,0,0,0,0,0,0,0,0,0,0,0,0,0,0,0,0,0,0,4,0,0,0,0,0,0,0,0,0,0,0,0,3,0,0,0,0,7,14,202
Assam,Hojai,1,2,0,0,3,96,0,23,0,11,0,130,0,0,0,0,0,1,0,0,1,9,9,0,9,0,0,0,9,27,0,0,27,1,1,0,0,0,1,3,0,2,172,93,79,174,0,0,0,0,0,0,0,0,2,0,0,0,2,0,0,0,0,0,0,0,0,1,0,0,1,0,21,3,0,0,0,0,0,0,1,0,0,0,0,19,0,0,0,19,63,12,425
Assam,South Salmara,3,0,0,0,3,57,0,32,0,0,0,89,0,0,0,0,0,0,0,0,0,0,0,0,0,0,0,1,1,5,0,0,5,0,0,0,0,0,0,0,0,2,53,0,53,55,0,0,0,0,0,0,0,0,1,0,0,0,1,0,0,0,0,0,0,0,0,12,0,0,12,0,12,1,0,0,0,0,0,0,0,0,0,0,0,0,0,0,0,0,13,60,239
Assam,Charaideo,0,0,0,0,0,37,1,4,0,2,0,44,0,0,0,0,0,2,6,0,8,3,3,0,3,0,0,0,3,2,0,0,2,0,0,0,0,0,0,0,0,0,12,8,4,12,0,0,0,0,0,0,0,0,0,0,0,0,0,0,0,0,0,0,0,0,0,0,0,0,0,0,0,0,0,0,0,0,0,0,0,0,0,0,0,5,0,0,0,7,12,1,82
Assam,Bajali,0,0,0,0,0,19,0,8,0,0,0,27,0,0,0,0,0,0,0,0,0,0,0,0,0,0,0,0,0,4,0,0,4,0,0,0,0,2,0,2,0,0,12,9,3,12,0,0,0,0,0,0,0,0,0,0,0,0,0,0,0,0,0,0,0,0,0,0,0,0,0,0,10,0,0,0,0,0,0,0,0,0,0,0,0,0,0,0,0,0,10,2,57
Assam,Tamulpur,0,0,0,0,0,45,0,3,0,3,0,51,0,0,0,0,0,0,2,0,2,3,0,0,0,3,0,0,3,2,0,0,2,0,0,0,0,0,0,0,0,4,14,0,14,18,0,0,0,0,0,0,0,0,0,0,0,0,0,0,0,0,0,0,0,0,0,0,0,0,0,0,3,2,0,0,0,0,0,0,0,0,0,0,0,0,0,0,0,0,5,0,81
Bihar,Araria,119,2,0,0,121,42,0,2,0,13,0,57,0,0,0,0,0,0,0,0,0,53,53,0,53,0,2,0,55,0,2,0,2,0,0,0,0,18,0,18,908,0,254,254,0,1162,0,0,0,0,0,0,0,0,0,0,0,0,0,0,0,0,0,0,0,0,0,10,0,0,10,0,5,229,0,0,0,0,0,0,0,0,0,0,0,0,0,0,0,0,234,39,1698
Bihar,Arwal,35,2,0,0,37,22,2,0,0,0,0,24,0,0,0,0,0,0,0,0,0,18,18,0,18,0,0,1,19,0,0,0,0,0,0,0,0,2,1,3,422,0,6,6,0,428,0,0,0,0,0,1,0,1,0,0,0,0,0,0,0,0,1,0,0,0,1,3,0,0,3,0,0,668,0,0,0,0,0,0,0,0,0,0,0,2,0,0,0,0,670,17,1203
Bihar,Aurangabad,123,2,0,0,125,98,0,0,0,16,0,114,0,0,0,0,0,0,13,0,13,65,65,0,65,0,2,0,67,0,0,0,0,5,0,0,0,233,0,238,1297,0,18,6,12,1315,0,0,0,0,0,0,0,0,0,0,0,0,0,0,0,0,0,0,0,0,0,2,0,0,2,0,5,1397,0,0,0,0,0,0,0,0,0,0,0,22,0,0,0,0,1424,38,3336
Bihar,Bagaha,36,0,0,0,36,31,0,1,0,1,0,33,0,0,0,0,0,0,0,0,0,12,12,0,12,0,0,0,12,21,0,0,21,0,0,0,0,56,0,56,799,0,14,1,13,813,2,0,0,0,0,0,0,2,0,0,0,0,0,0,0,0,0,0,0,0,0,6,0,0,6,0,0,88,0,0,0,0,0,0,0,0,0,0,0,12,0,0,0,0,100,9,1088
Bihar,Banka,51,0,0,0,51,99,0,0,0,23,0,122,0,0,0,0,0,0,0,0,0,85,85,0,85,0,3,0,88,1,0,1,2,0,0,0,0,241,0,241,818,0,10,0,10,828,0,0,0,0,0,0,0,0,0,0,0,0,0,0,0,0,0,0,0,0,0,5,0,0,5,0,0,476,0,0,0,0,0,0,0,0,0,0,0,0,0,0,0,0,476,12,1825
Bihar,Begusarai,91,2,0,0,93,35,0,1,0,25,0,61,0,0,0,0,0,0,0,0,0,225,225,0,225,0,2,0,227,15,0,0,15,0,0,0,0,20,0,20,1110,0,46,46,0,1156,0,0,0,0,0,0,0,0,0,1,0,0,1,0,0,0,0,0,0,0,0,18,0,0,18,0,3,359,0,0,0,0,0,0,0,0,0,0,0,1,0,0,0,0,363,25,1979
Bihar,Bettiah,125,2,0,0,127,167,0,0,0,11,0,178,0,0,0,0,0,0,0,0,0,46,46,0,46,0,0,0,46,0,0,0,0,0,0,0,0,0,0,0,2224,0,68,68,0,2292,0,0,0,0,0,0,0,0,0,0,0,0,0,0,0,0,0,0,0,0,0,6,0,0,6,0,2,377,0,0,0,0,0,0,0,0,0,0,0,43,0,0,0,0,422,21,3092
Bihar,Kaimur(Bhabhua),46,0,0,0,46,38,0,0,0,17,0,55,0,0,0,0,0,0,0,0,0,44,44,0,44,0,0,0,44,0,0,0,0,0,0,0,0,29,0,29,695,0,58,58,0,753,1,0,0,0,0,0,0,1,0,0,0,0,0,0,0,0,0,0,0,0,0,3,0,0,3,0,1,893,0,0,0,0,0,0,0,0,0,0,0,0,0,0,0,0,894,13,1838
Bihar,Bhagalpur,123,3,0,0,126,128,0,5,0,7,0,140,0,0,0,0,0,0,0,0,0,116,116,0,116,0,0,14,130,0,0,0,0,0,0,0,0,0,0,0,1542,0,65,65,0,1607,0,0,0,0,0,0,0,0,0,0,0,0,0,0,0,0,0,0,0,0,0,9,0,0,9,0,9,805,0,0,0,0,0,0,0,0,0,0,0,2,0,0,0,0,816,113,2941
Bihar,Bhojpur,93,0,0,0,93,48,0,0,0,15,0,63,0,0,0,0,0,0,0,0,0,162,162,0,162,0,0,0,162,0,0,0,0,0,0,0,0,404,0,404,2001,0,40,30,10,2041,0,0,0,0,0,0,0,0,0,0,0,0,0,0,0,0,0,0,0,0,0,1,0,0,1,0,14,782,0,0,0,0,0,0,0,0,0,0,0,0,0,0,0,0,796,9,3569
Bihar,Buxar,79,0,0,0,79,37,0,0,0,0,0,37,0,0,0,0,0,0,0,0,0,73,73,0,73,0,0,2,75,0,0,0,0,0,0,0,0,0,0,0,883,0,26,26,0,909,0,0,0,0,0,0,0,0,0,0,0,0,0,0,0,0,0,0,0,0,0,2,0,0,2,0,4,485,0,0,0,0,0,0,0,0,0,0,0,0,0,0,0,0,489,6,1597
Bihar,Darbhanga,177,1,0,0,178,49,0,0,0,38,0,87,0,0,0,0,0,0,0,0,0,59,59,0,59,0,0,1,60,0,0,0,0,0,0,0,0,0,0,0,1975,0,27,27,0,2002,1,0,0,0,0,0,0,1,0,0,0,0,0,0,0,0,0,0,0,0,0,2,0,0,2,0,0,407,0,0,0,0,0,0,0,0,0,0,0,3,0,0,0,0,410,25,2765
Bihar,Gaya,169,2,0,0,171,122,0,0,0,21,0,143,0,0,0,0,0,0,0,0,0,112,112,0,112,0,0,5,117,0,0,0,0,0,0,0,0,45,0,45,3214,0,113,113,0,3327,1,0,0,0,0,0,0,1,0,0,0,0,0,0,0,0,0,0,0,0,0,41,0,0,41,0,12,2710,0,0,0,0,0,0,0,0,0,0,0,0,0,0,0,0,2722,62,6629
Bihar,Gopalganj,68,4,0,0,72,33,0,0,0,0,0,33,0,0,0,0,0,0,0,0,0,129,129,0,129,0,0,0,129,10,0,0,10,0,0,0,0,0,0,0,2434,0,70,70,0,2504,0,0,0,0,0,0,0,0,0,0,0,0,0,0,0,0,0,0,0,0,0,2,0,0,2,0,10,250,0,0,0,0,0,0,0,0,0,0,0,0,0,0,0,0,260,0,3010
Bihar,Jamalpur Railway,0,0,0,0,0,0,0,0,0,0,0,0,0,0,0,0,0,0,0,0,0,5,5,0,5,0,0,1,6,0,0,0,0,0,0,0,0,0,0,0,250,0,18,0,18,268,0,0,0,0,0,0,0,0,0,0,0,0,0,0,0,0,0,0,0,0,0,0,0,0,0,0,0,0,0,0,0,0,0,0,0,0,0,0,0,1,0,0,0,0,1,0,275
Bihar,Jamui,55,0,0,0,55,38,0,0,0,6,0,44,0,0,0,0,0,0,6,0,6,36,36,0,36,0,0,0,36,9,0,0,9,0,0,0,0,374,0,374,1095,0,10,10,0,1105,0,0,0,0,0,0,0,0,0,0,0,0,0,0,0,0,0,0,0,0,0,8,0,0,8,0,1,491,0,0,0,0,0,0,0,0,0,0,0,92,0,0,0,0,584,23,2244
Bihar,Jehanabad,53,1,0,0,54,36,2,0,0,2,0,40,0,0,0,0,0,0,0,0,0,18,18,0,18,0,0,0,18,0,2,0,2,0,0,0,0,2,0,2,442,0,7,1,6,449,1,0,0,0,0,0,0,1,0,0,0,0,0,0,0,0,0,0,0,0,0,1,0,0,1,0,0,590,0,1,0,0,0,0,0,0,0,0,0,0,0,0,0,0,591,96,1254
Bihar,Katihar,93,0,0,0,93,51,0,0,0,17,0,68,0,0,0,0,0,0,0,0,0,113,113,0,113,0,0,2,115,0,0,0,0,0,0,0,0,0,0,0,1355,0,83,14,69,1438,0,0,0,0,0,0,0,0,0,0,0,0,0,0,0,0,0,0,0,0,0,14,0,0,14,0,2,267,0,0,0,0,0,0,0,0,0,0,0,11,0,0,0,0,280,5,2013
Bihar,Katihar Railway,0,0,0,0,0,1,0,0,0,0,0,1,0,0,0,0,0,0,0,0,0,2,2,0,2,0,0,0,2,0,0,0,0,0,0,0,0,0,0,0,641,0,79,79,0,720,0,0,0,0,0,0,0,0,0,0,0,0,0,0,0,0,0,0,0,0,0,0,0,0,0,0,0,0,0,0,0,0,0,0,0,0,0,0,0,0,0,0,0,0,0,0,723
Bihar,Khagaria,69,0,0,0,69,28,0,1,0,2,0,31,0,0,0,0,0,0,0,0,0,101,101,0,101,0,0,0,101,3,0,0,3,0,0,0,0,0,0,0,361,0,15,15,0,376,0,0,0,0,0,0,0,0,0,0,0,0,0,0,0,0,0,0,0,0,0,1,0,0,1,0,1,172,0,0,0,0,0,0,0,0,0,0,0,2,0,0,0,0,175,79,835
Bihar,Kishanganj,119,3,0,0,122,53,0,1,0,1,0,55,0,0,0,0,0,0,0,0,0,2,2,0,2,0,0,0,2,0,0,0,0,0,0,0,0,0,0,0,367,0,47,21,26,414,1,0,0,0,0,0,0,1,0,0,0,0,0,0,0,0,0,0,0,0,0,8,0,0,8,0,1,238,0,0,0,0,0,0,0,0,0,0,0,85,0,0,0,0,324,34,960
Bihar,Lakhisarai,68,0,0,0,68,23,0,0,0,2,0,25,0,0,0,0,0,0,0,0,0,36,36,0,36,0,0,0,36,2,0,0,2,0,0,0,0,157,0,157,851,0,5,5,0,856,0,0,0,0,0,0,0,0,0,0,0,0,0,0,0,0,0,0,0,0,0,0,0,0,0,0,5,300,0,0,0,0,0,0,0,0,0,0,0,7,0,0,0,0,312,16,1472
Bihar,Madhepura,48,0,0,0,48,36,0,2,0,18,0,56,0,0,0,0,0,0,0,0,0,172,172,0,172,0,0,0,172,2,0,0,2,0,0,0,0,23,0,23,567,0,100,100,0,667,0,0,0,0,0,0,0,0,0,0,0,0,0,0,0,0,0,0,0,0,0,19,0,0,19,0,0,229,0,0,0,0,0,0,0,0,0,0,0,0,0,0,0,0,229,27,1243
Bihar,Madhubani,91,3,0,0,94,51,0,1,0,20,0,72,0,0,0,0,0,0,0,0,0,73,73,0,73,0,0,0,73,4,6,0,10,0,0,0,0,37,0,37,2713,0,82,82,0,2795,1,0,0,0,0,0,0,1,0,1,0,0,1,0,0,0,0,0,0,0,0,2,0,0,2,0,0,370,0,0,0,0,0,0,0,0,0,0,0,9,0,0,0,0,379,19,3483
Bihar,Motihari,118,3,0,0,121,152,0,0,0,42,0,194,0,0,0,0,0,0,0,0,0,202,202,0,202,0,0,0,202,1,0,0,1,0,0,0,0,0,0,0,4849,0,113,113,0,4962,1,0,0,0,0,0,0,1,0,2,0,0,2,0,0,0,0,0,0,0,0,4,0,0,4,0,8,462,0,0,0,0,0,0,0,0,0,0,0,19,0,0,0,0,489,87,6063
Bihar,Munger,60,0,0,0,60,24,0,0,0,20,0,44,0,0,0,0,0,0,0,0,0,96,96,0,96,0,0,2,98,9,0,0,9,0,0,0,0,102,0,102,635,0,14,10,4,649,0,0,0,0,0,0,0,0,0,0,0,0,0,0,0,0,0,0,0,0,0,2,0,0,2,0,4,936,0,0,0,0,0,0,0,1,0,0,0,0,0,0,0,0,941,16,1921
Bihar,Muzaffarpur,140,0,0,0,140,74,0,0,0,21,0,95,0,0,0,0,0,0,0,0,0,192,192,0,192,0,0,0,192,0,0,0,0,0,0,0,0,0,0,0,2450,0,92,55,37,2542,0,0,0,0,0,0,0,0,0,0,0,0,0,0,0,0,0,0,0,0,0,11,0,0,11,0,9,967,0,0,0,0,0,0,0,0,0,0,0,7,0,0,0,0,983,51,4014
Bihar,Muzaffarpur Railway,0,0,0,0,0,1,0,0,0,0,0,1,0,0,0,0,0,0,0,0,0,0,0,0,0,0,0,0,0,0,0,0,0,0,0,0,0,0,0,0,965,0,17,5,12,982,0,0,0,0,0,0,0,0,0,0,0,0,0,0,0,0,0,0,0,0,0,0,0,0,0,0,0,0,0,0,0,0,0,0,0,0,0,0,0,0,0,0,0,0,0,0,983
Bihar,Nalanda,104,3,0,0,107,106,0,0,0,13,0,119,0,0,0,0,0,0,0,0,0,201,201,0,201,0,0,0,201,0,0,0,0,0,0,0,0,158,0,158,1641,0,36,36,0,1677,1,1,0,0,0,0,0,2,0,0,0,0,0,0,0,0,0,0,0,0,0,8,0,0,8,0,8,1287,0,0,0,0,0,0,0,0,0,0,0,0,0,0,0,0,1295,696,4263
Bihar,Naugachia,33,0,0,0,33,22,0,0,0,1,0,23,0,0,0,0,0,2,0,0,2,63,62,0,62,1,0,0,63,5,2,0,7,0,0,0,0,7,0,7,465,0,20,20,0,485,0,1,0,0,0,0,0,1,0,0,0,0,0,0,0,0,0,0,0,0,0,5,0,0,5,0,6,212,0,0,0,0,0,0,0,0,0,0,0,0,0,0,0,0,218,7,851
Bihar,Nawadah,38,0,0,0,38,49,0,1,0,23,0,73,0,0,0,0,0,0,0,0,0,66,66,0,66,0,0,2,68,19,0,0,19,0,0,0,0,4,0,4,2015,0,24,24,0,2039,0,0,0,0,0,0,0,0,0,0,0,0,0,0,0,0,0,0,0,0,0,5,0,0,5,0,0,2110,0,0,0,0,0,0,0,0,0,0,0,1,0,0,0,0,2111,109,4466
Bihar,Patna,338,6,0,0,344,180,0,0,0,26,0,206,0,0,0,0,0,0,0,0,0,385,385,0,385,0,0,6,391,57,0,0,57,0,0,0,0,0,0,0,7931,0,212,212,0,8143,1,0,0,0,0,0,0,1,0,0,0,0,0,0,0,0,0,0,0,0,0,24,0,0,24,0,39,4163,0,0,0,0,0,0,0,0,0,0,0,0,0,0,0,0,4202,43,13411
Bihar,Patna Railway,0,0,0,0,0,1,0,0,0,0,0,1,0,0,0,0,0,0,0,0,0,5,5,0,5,0,0,0,5,0,0,0,0,0,0,0,0,0,0,0,761,0,18,18,0,779,0,1,0,0,0,0,0,1,0,0,0,0,0,0,0,0,0,0,0,0,0,0,0,0,0,0,0,0,0,0,0,0,0,0,0,0,0,0,0,0,0,0,0,0,0,0,786
Bihar,Purnea,121,5,0,0,126,109,0,2,0,15,0,126,0,0,0,0,0,0,0,0,0,125,125,0,125,0,0,0,125,0,0,0,0,0,0,0,0,0,0,0,1082,0,188,137,51,1270,0,0,1,0,0,0,0,1,0,0,0,0,0,0,0,0,1,0,0,0,1,7,0,0,7,0,3,471,0,0,0,0,0,0,0,0,0,0,0,0,0,0,0,0,474,83,2213
Bihar,Rohtas,105,0,0,0,105,79,0,0,0,10,0,89,0,0,0,0,0,0,0,0,0,87,87,0,87,0,0,0,87,0,0,0,0,0,0,0,0,213,0,213,1408,0,30,30,0,1438,0,0,0,0,0,0,0,0,0,0,0,0,0,0,0,0,0,0,0,0,0,2,0,0,2,0,3,2412,0,0,0,0,0,0,0,0,0,0,0,0,0,0,0,0,2415,15,4364
Bihar,Saharsa,35,1,0,0,36,19,0,0,0,0,0,19,0,0,0,0,0,0,0,0,0,230,230,0,230,0,0,0,230,0,0,0,0,0,0,0,0,0,0,0,1053,0,50,45,5,1103,0,0,0,0,0,0,0,0,0,0,0,0,0,0,0,0,0,0,0,0,0,3,0,0,3,0,0,341,0,0,0,0,0,0,0,0,0,0,0,0,0,0,0,0,341,0,1732
Bihar,Samastipur,71,1,0,0,72,75,0,0,0,13,0,88,0,0,0,0,0,0,0,0,0,127,127,0,127,0,0,3,130,0,0,0,0,0,0,0,0,0,0,0,822,0,10,8,2,832,0,0,0,0,0,0,0,0,0,0,0,0,0,0,0,0,0,0,0,0,0,10,0,0,10,0,0,418,0,0,0,0,0,0,0,0,0,0,0,0,0,0,0,0,418,25,1575
Bihar,Saran,131,10,0,0,141,60,0,0,0,24,0,84,0,0,0,0,0,0,0,0,0,147,147,0,147,0,0,1,148,0,0,0,0,0,0,0,0,779,0,779,2763,0,29,25,4,2792,0,0,0,0,0,0,0,0,0,0,0,0,0,0,0,0,0,0,0,0,0,13,0,0,13,0,25,420,0,0,0,0,0,0,0,0,0,0,0,6,0,0,0,0,451,0,4408
Bihar,Sheikhpura,28,0,0,0,28,30,0,0,0,19,0,49,0,0,0,0,0,0,0,0,0,26,26,0,26,0,0,0,26,0,0,0,0,0,0,0,0,20,0,20,258,0,1,1,0,259,0,0,0,0,0,0,0,0,0,0,0,0,0,0,0,0,0,0,0,0,0,0,0,0,0,0,0,777,0,0,0,0,0,0,0,0,0,0,0,0,0,0,0,0,777,38,1197
Bihar,Sheohar,38,1,0,0,39,14,0,0,0,0,0,14,0,0,0,0,0,0,0,0,0,24,24,0,24,0,0,0,24,1,0,0,1,0,0,0,0,0,0,0,268,0,4,4,0,272,0,0,0,0,0,0,0,0,0,0,0,0,0,0,0,0,0,0,0,0,0,5,0,0,5,0,0,67,0,0,0,0,0,0,0,0,0,0,0,0,0,0,0,0,67,0,422
Bihar,Sitamarhi,128,2,0,0,130,52,0,5,0,30,0,87,0,0,0,0,0,2,0,0,2,118,118,0,118,0,0,1,119,3,3,0,6,0,0,0,0,15,1,16,2539,0,109,109,0,2648,2,0,0,0,0,0,0,2,0,0,0,0,0,0,0,0,0,0,0,0,0,9,0,0,9,0,4,534,0,0,0,0,0,0,0,0,0,0,0,2,0,0,0,0,540,18,3577
Bihar,Siwan,147,0,0,0,147,39,0,0,0,0,0,39,0,0,0,0,0,0,0,0,0,85,85,0,85,0,0,3,88,0,0,0,0,0,0,0,0,0,0,0,1299,0,19,0,19,1318,0,0,0,0,0,0,0,0,0,0,0,0,0,0,0,0,0,0,0,0,0,3,0,0,3,0,1,348,0,0,0,0,0,0,0,0,0,0,0,13,0,0,0,0,362,0,1957
Bihar,Supaul,71,1,0,0,72,36,0,0,0,11,0,47,0,0,0,0,0,0,0,0,0,73,73,0,73,0,0,0,73,2,0,0,2,0,0,0,0,0,0,0,1134,0,107,61,46,1241,0,0,0,0,0,0,0,0,0,0,0,0,0,0,0,0,0,0,0,0,0,3,0,0,3,0,4,270,0,0,0,0,0,0,0,0,0,0,0,3,0,0,0,0,277,17,1732
Bihar,Vaishali,143,3,0,0,146,79,0,0,0,28,0,107,0,0,0,0,0,0,0,0,0,151,151,0,151,0,0,5,156,107,6,5,118,0,0,0,0,0,0,0,1426,0,57,57,0,1483,0,0,0,0,0,0,0,0,0,0,0,0,0,0,0,0,0,0,0,0,0,11,0,0,11,0,10,344,0,0,0,0,0,0,0,0,0,0,0,8,0,0,0,0,362,0,2383
Bihar,Economic Offences Unit,0,0,0,0,0,1,0,0,0,0,0,1,0,0,0,0,0,0,0,0,0,0,0,0,0,0,0,0,0,0,0,0,0,0,0,0,0,0,0,0,0,0,0,0,0,0,0,0,0,0,0,0,0,0,0,0,0,0,0,0,0,0,0,0,0,0,0,0,0,0,0,0,0,0,0,1,0,0,0,0,0,0,0,0,0,0,0,0,0,9,10,1,12
Bihar,Anti Terrorist Squad,0,0,0,0,0,0,0,0,0,0,0,0,0,0,0,0,0,0,0,0,0,0,0,0,0,0,0,0,0,0,0,0,0,0,0,0,0,0,0,0,0,0,0,0,0,0,0,0,0,0,0,0,0,0,0,0,0,0,0,0,0,0,0,0,0,0,0,0,0,0,0,0,0,0,0,0,0,0,0,0,0,0,0,0,0,0,0,0,0,0,0,0,0
Chhattisgarh,Balod,0,0,0,0,0,52,0,0,0,0,0,52,0,0,0,0,0,0,0,0,0,7,0,0,0,7,1,0,8,8,0,0,8,0,0,0,0,0,0,0,0,1077,16,0,16,1093,0,0,0,0,0,0,0,0,0,0,0,0,0,0,0,0,0,0,0,0,0,0,0,0,0,0,195,0,0,0,0,0,0,0,0,0,0,0,0,7,0,0,0,0,202,3,1366
Chhattisgarh,Balodbazar,0,0,0,0,0,130,0,0,0,0,0,130,0,0,0,1,1,0,0,0,0,17,1,0,1,16,0,0,17,26,0,0,26,0,0,0,0,0,0,0,0,2002,25,2,23,2027,0,0,0,0,0,0,0,0,0,0,0,0,0,0,0,0,0,0,0,0,0,0,0,0,0,0,173,0,0,0,0,0,0,0,0,0,0,0,0,0,0,0,0,0,173,11,2385
Chhattisgarh,Balrampur,0,0,0,0,0,108,0,0,0,0,0,108,0,4,0,0,4,0,0,0,0,3,3,0,3,0,2,0,5,0,1,0,1,0,0,0,0,0,0,0,0,177,22,0,22,199,0,0,0,0,0,0,0,0,0,0,0,0,0,0,0,0,5,0,0,0,5,1,0,0,1,0,15,0,0,0,0,0,0,0,0,0,0,0,0,44,0,0,0,8,67,0,390
Chhattisgarh,Bemetra,0,0,0,0,0,73,0,0,0,0,0,73,0,0,0,0,0,0,0,0,0,3,1,0,1,2,0,0,3,2,0,0,2,0,0,0,0,0,0,0,0,1066,12,0,12,1078,0,0,0,0,0,0,0,0,0,0,0,0,0,0,0,0,0,0,0,0,0,1,0,0,1,0,178,2,0,0,0,0,0,0,0,0,0,0,0,9,0,0,0,0,189,0,1346
Chhattisgarh,Bilaspur,0,2,0,0,2,190,0,0,0,0,0,190,0,0,0,0,0,4,0,0,4,216,0,0,0,216,1,1,218,69,1,0,70,0,0,0,0,0,0,0,0,4218,111,0,111,4329,0,0,0,0,0,0,0,0,0,0,0,0,0,0,0,0,0,0,0,0,0,5,0,0,5,0,353,0,0,0,0,0,0,0,0,0,0,0,0,14,0,0,0,0,367,35,5220
Chhattisgarh,Bizapur,0,0,0,0,0,13,0,0,0,0,0,13,0,0,0,0,0,0,4,0,4,0,0,0,0,0,0,55,55,0,0,0,0,0,0,0,0,0,0,0,0,9,3,0,3,12,0,0,0,0,0,0,0,0,0,0,0,0,0,0,0,0,0,0,0,0,0,1,0,0,1,0,6,0,0,0,0,0,0,0,0,0,0,0,0,0,0,0,0,0,6,39,130
Chhattisgarh,Dantewara,0,0,0,0,0,12,0,0,0,0,0,12,0,0,0,0,0,0,0,0,0,1,0,0,0,1,0,4,5,5,0,0,5,0,0,0,0,0,0,0,18,73,4,0,4,95,0,0,0,0,0,0,0,0,0,0,0,0,0,0,0,0,0,0,0,0,0,0,0,0,0,0,0,0,0,0,0,0,0,0,0,0,0,0,0,0,0,0,0,0,0,3,120
Chhattisgarh,Dhamtari,0,1,0,0,1,73,0,0,0,0,0,73,0,0,0,0,0,0,0,0,0,30,0,0,0,30,0,1,31,2,0,0,2,0,0,0,0,0,0,0,0,456,35,0,35,491,0,0,0,0,0,0,0,0,0,0,0,0,0,0,0,0,0,0,0,0,0,0,0,0,0,0,152,0,0,0,0,0,0,0,0,0,0,0,0,9,0,0,0,0,161,0,759
Chhattisgarh,Durg,0,1,0,0,1,98,3,0,0,0,0,101,0,0,0,0,0,0,0,0,0,178,2,0,2,176,0,0,178,14,0,0,14,0,0,0,0,0,0,0,0,1268,98,0,98,1366,0,0,0,0,0,0,0,0,0,0,0,0,0,0,0,0,0,0,0,0,0,3,0,0,3,0,279,0,0,3,0,0,0,0,0,0,0,0,0,16,0,0,0,0,298,4,1965
Chhattisgarh,Gariyaband,0,0,0,0,0,53,0,0,0,0,0,53,0,0,0,0,0,0,0,0,0,8,0,0,0,8,0,0,8,2,0,0,2,0,0,0,0,0,0,0,0,775,31,0,31,806,0,0,0,0,0,0,0,0,0,0,0,0,0,0,0,0,0,0,0,0,0,0,0,0,0,0,98,0,0,0,0,0,0,0,0,0,0,0,0,2,0,0,0,0,100,1,970
Chhattisgarh,Grp Raipur,0,0,0,0,0,3,0,0,0,0,0,3,0,0,0,0,0,0,0,0,0,3,0,0,0,3,0,0,3,1,0,0,1,0,0,0,0,0,0,0,0,16,63,0,63,79,0,0,0,0,0,0,0,0,0,0,0,0,0,0,0,0,0,0,0,0,0,0,0,0,0,0,5,0,0,0,0,0,0,0,0,0,0,0,0,0,0,0,0,0,5,0,91
Chhattisgarh,Jagdalpur,0,0,0,0,0,66,0,0,0,0,0,66,0,0,0,0,0,0,1,0,1,38,0,0,0,38,1,0,39,9,0,0,9,0,0,0,0,0,0,0,0,420,70,0,70,490,0,0,0,0,0,0,0,0,0,0,0,0,0,0,0,0,0,0,0,0,0,2,0,0,2,0,129,0,0,0,0,0,0,0,0,0,0,0,0,0,0,0,0,0,129,1,737
Chhattisgarh,Janjgir,0,0,0,0,0,113,0,0,0,0,0,113,0,0,0,1,1,0,0,0,0,16,3,0,3,13,12,0,28,33,0,0,33,0,0,0,0,0,0,0,0,1396,27,0,27,1423,0,0,0,0,0,0,0,0,0,0,0,0,0,0,0,0,0,0,0,0,0,0,0,0,0,0,190,0,0,0,0,0,0,0,0,0,0,0,0,4,0,0,0,0,194,1,1793
Chhattisgarh,Jashpur,0,0,0,0,0,91,0,0,0,0,0,91,0,0,0,0,0,0,0,0,0,8,2,0,2,6,0,0,8,15,0,0,15,0,0,0,0,0,0,0,0,337,25,0,25,362,0,0,0,0,0,0,0,0,0,0,0,0,0,0,0,0,0,0,0,0,0,3,0,0,3,0,20,0,0,0,0,0,0,0,0,0,0,0,0,0,0,0,0,0,20,62,561
Chhattisgarh,Kabirdham,0,0,0,0,0,45,0,0,0,0,0,45,0,0,0,0,0,0,0,0,0,9,0,0,0,9,1,0,10,8,0,0,8,0,0,0,0,0,0,0,0,868,32,0,32,900,0,0,0,0,0,0,0,0,0,0,0,0,0,0,0,0,0,0,0,0,0,2,0,0,2,0,208,0,0,0,0,0,0,0,0,0,0,0,0,10,0,0,0,0,218,1,1184
Chhattisgarh,Kanker,0,0,0,0,0,75,0,0,0,0,0,75,0,3,0,0,3,0,0,0,0,2,0,0,0,2,2,3,7,6,0,0,6,0,0,0,0,0,0,0,0,378,10,0,10,388,0,0,0,0,0,0,0,0,0,0,0,0,0,0,0,0,0,0,0,0,0,1,0,0,1,0,95,0,0,0,0,0,0,0,0,0,0,0,0,2,0,0,0,0,97,1,578
Chhattisgarh,Kondagaon,0,0,0,0,0,32,0,0,0,0,0,32,0,0,0,0,0,0,0,0,0,2,2,2,0,0,0,0,2,1,0,0,1,0,0,0,0,0,0,0,0,207,32,11,21,239,0,0,0,0,0,0,0,0,0,0,0,0,0,0,0,0,0,0,0,0,0,0,0,0,0,0,46,0,0,0,0,0,0,0,0,0,0,0,0,2,0,0,0,0,48,10,332
Chhattisgarh,Korba,0,0,0,0,0,123,0,0,0,0,0,123,0,0,0,0,0,0,0,0,0,15,5,0,5,10,4,0,19,17,0,0,17,0,0,0,0,0,0,0,0,1395,44,0,44,1439,0,0,0,0,1,0,0,1,0,0,0,0,0,0,0,0,0,0,0,0,0,0,0,0,0,0,135,0,0,0,0,0,0,0,0,0,0,0,0,7,0,0,0,0,142,5,1746
Chhattisgarh,Koriya,0,0,0,0,0,45,0,0,0,0,0,45,0,1,0,0,1,0,0,0,0,11,1,0,1,10,1,0,12,1,0,0,1,0,0,0,0,0,0,0,0,302,24,0,24,326,0,0,0,0,0,0,0,0,0,0,0,0,0,0,0,0,0,0,0,0,0,0,0,0,0,0,84,0,0,0,0,0,0,0,0,0,0,0,0,1,0,0,0,0,85,3,473
Chhattisgarh,Mahasamund,0,0,0,0,0,74,0,0,0,0,0,74,0,0,0,0,0,0,0,0,0,28,0,0,0,28,1,0,29,33,0,0,33,0,0,0,0,0,0,0,0,978,126,0,126,1104,0,0,0,0,1,0,0,1,0,0,0,0,0,0,0,0,0,0,0,0,0,0,0,0,0,0,40,0,0,0,0,0,0,0,0,0,0,0,0,21,0,0,0,0,61,0,1302
Chhattisgarh,Mungali,0,0,0,0,0,52,0,0,0,0,0,52,0,0,0,0,0,0,0,0,0,3,2,1,1,1,2,0,5,32,0,0,32,0,0,0,0,0,0,0,0,780,14,0,14,794,0,0,0,0,0,0,0,0,0,0,0,0,0,0,0,0,0,0,0,0,0,0,0,0,0,0,215,0,0,0,0,0,0,0,0,0,0,0,0,5,0,0,0,0,220,4,1107
Chhattisgarh,Narayanpur,0,0,0,0,0,20,0,0,0,0,0,20,0,0,0,0,0,0,1,0,1,0,0,0,0,0,0,2,2,0,0,0,0,0,0,0,0,0,0,0,0,36,1,0,1,37,0,0,0,0,0,0,0,0,0,0,0,0,0,0,0,0,0,0,0,0,0,0,0,0,0,0,6,0,0,0,0,0,0,0,0,0,0,0,0,1,0,0,0,0,7,0,67
Chhattisgarh,Raigarh,0,0,0,0,0,115,0,0,0,0,0,115,0,2,0,0,2,0,0,0,0,15,0,0,0,15,0,0,15,13,0,0,13,0,0,0,0,0,0,0,0,1817,37,0,37,1854,0,0,0,0,0,0,0,0,0,0,0,0,0,0,0,0,0,0,0,0,0,7,0,0,7,0,213,0,0,0,0,0,0,0,0,0,0,0,0,26,0,0,0,0,239,3,2248
Chhattisgarh,Raipur,0,1,0,0,1,183,0,0,0,0,0,183,0,0,0,0,0,1,0,0,1,683,18,0,18,665,2,0,685,52,0,0,52,0,0,0,0,0,0,0,0,6565,273,25,248,6838,0,0,0,0,0,0,0,0,0,0,0,0,0,0,0,0,0,0,0,0,0,5,0,0,5,0,236,7,0,0,22,17,5,0,0,1,0,0,0,14,0,0,0,0,280,0,8045
Chhattisgarh,Rajnandgaon,0,1,0,0,1,62,0,0,0,0,0,62,0,0,0,0,0,0,0,0,0,60,0,0,0,60,1,0,61,28,0,0,28,0,0,0,0,0,0,0,0,1409,17,0,17,1426,0,0,0,0,0,0,0,0,0,0,0,0,0,0,0,0,0,0,0,0,0,0,0,0,0,0,183,1,0,0,0,0,0,0,0,0,0,0,0,11,0,0,0,2,197,0,1775
Chhattisgarh,Sarguja,1,0,0,0,1,39,0,0,0,0,0,39,0,0,0,0,0,0,0,0,0,14,14,0,14,0,0,0,14,37,0,0,37,0,0,0,0,0,0,0,0,539,45,0,45,584,0,0,0,0,0,0,0,0,0,0,0,0,0,0,0,0,0,0,0,0,0,2,0,0,2,0,49,0,0,0,0,0,0,0,0,0,0,0,0,12,0,0,0,0,61,3,741
Chhattisgarh,Sukma,0,0,0,0,0,12,0,0,0,0,0,12,0,0,0,0,0,0,0,0,0,0,0,0,0,0,0,48,48,0,0,0,0,0,0,0,0,0,0,0,0,71,24,0,24,95,0,0,0,0,0,0,0,0,0,0,0,0,0,0,0,0,0,0,0,0,0,5,0,0,5,0,11,0,0,0,0,0,0,0,0,0,0,0,0,1,0,0,0,0,12,11,183
Chhattisgarh,Surajpur,0,0,0,0,0,69,0,4,0,0,0,73,0,0,0,0,0,0,0,0,0,10,0,0,0,10,0,0,10,17,1,0,18,0,0,0,0,0,0,0,0,359,24,0,24,383,0,0,0,0,0,0,0,0,0,0,0,0,0,0,0,0,0,0,0,0,0,1,0,0,1,0,55,0,0,0,0,0,0,0,0,1,0,0,0,6,0,0,0,2,64,1,550
Chhattisgarh,Gaurela-Pendra-Marwari,0,0,0,0,0,37,0,0,0,0,0,37,0,0,0,0,0,0,0,0,0,1,1,0,1,0,0,0,1,3,0,0,3,0,0,0,0,0,0,0,0,95,16,0,16,111,0,0,0,0,0,0,0,0,0,0,0,0,0,0,0,0,0,0,0,0,0,0,0,0,0,0,40,0,0,0,0,0,0,0,0,0,0,0,0,2,0,0,0,0,42,1,195
Chhattisgarh,Khairagarh - Chhuikhadan-Gandai,0,0,0,0,0,25,0,0,0,0,0,25,1,0,0,0,1,1,0,0,1,1,1,0,1,0,0,1,2,3,0,0,3,0,0,0,0,0,0,0,0,495,7,0,7,502,0,0,0,0,0,0,0,0,0,0,0,0,0,0,0,0,0,0,0,0,0,0,0,0,0,0,126,3,0,0,0,0,0,0,0,0,0,0,0,6,0,0,0,0,135,0,669
Chhattisgarh,Manendragarh-Chirmiri-Bharatpur,0,0,0,0,0,41,0,0,0,0,0,41,2,1,0,0,3,0,0,0,0,4,0,0,0,4,0,0,4,16,0,1,17,0,0,0,0,0,0,0,0,362,18,0,18,380,0,0,0,0,0,0,0,0,0,0,0,0,0,0,0,0,0,0,0,0,0,0,0,0,0,0,53,1,0,0,0,0,0,0,0,0,0,0,0,5,0,0,0,0,59,3,507
Chhattisgarh,Mohla-Manpur-Ambagarh Chouki,0,0,0,0,0,8,0,0,0,0,0,8,0,1,0,0,1,0,0,0,0,2,0,0,0,2,0,1,3,2,0,0,2,0,0,0,0,0,0,0,0,367,0,0,0,367,0,0,0,0,0,0,0,0,0,0,0,0,0,0,0,0,0,0,0,0,0,0,0,0,0,0,33,0,0,0,0,0,0,0,0,0,0,0,0,8,0,0,0,0,41,1,423
Chhattisgarh,Sakti,0,0,0,0,0,45,0,0,0,0,0,45,0,0,0,0,0,0,0,0,0,3,0,0,0,3,3,0,6,18,0,0,18,0,0,0,0,0,0,0,0,567,17,0,17,584,0,0,0,0,0,0,0,0,0,0,0,0,0,0,0,0,0,0,0,0,0,0,0,0,0,0,95,0,0,0,0,0,0,0,0,0,0,0,0,4,0,0,0,0,99,0,752
Chhattisgarh,Sarangarh-Bilaigarh,0,1,0,0,1,35,0,0,0,0,0,35,0,0,0,0,0,0,0,0,0,5,0,0,0,5,3,0,8,5,0,0,5,0,0,0,0,0,0,0,0,1302,42,0,42,1344,0,0,0,0,0,0,0,0,0,0,0,0,0,0,0,0,0,0,0,0,0,0,0,0,0,0,134,0,0,0,0,0,0,0,0,0,0,0,0,8,0,0,0,0,142,3,1538
Goa,North Goa,0,2,0,0,2,0,0,0,0,0,0,0,0,0,0,0,0,2,0,0,2,7,1,0,1,6,0,0,7,9,0,0,9,0,0,0,0,1,0,1,0,0,67,46,21,67,0,0,10,0,4,0,0,14,32,0,0,0,32,0,0,0,0,0,0,0,0,0,0,0,0,0,296,0,0,0,0,0,0,0,0,2,0,0,0,1,0,0,0,16,315,26,475
Goa,South Goa,0,0,0,0,0,0,0,0,0,0,0,0,1,4,0,0,5,2,0,0,2,9,5,0,5,4,0,0,9,9,1,0,10,0,0,0,0,0,0,0,0,0,39,27,12,39,0,0,0,0,0,0,0,0,3,0,0,0,3,0,0,0,3,0,0,0,3,0,0,0,0,0,391,0,0,0,0,0,0,0,0,0,0,0,0,3,0,0,0,30,424,0,495
Goa,Cid,0,0,0,0,0,0,0,0,0,0,0,0,0,0,0,0,0,0,0,0,0,0,0,0,0,0,0,0,0,54,1,0,55,0,0,0,0,0,0,0,0,0,56,4,52,56,0,1,0,0,0,0,0,1,1,0,0,0,1,0,0,0,1,0,0,0,1,0,0,0,0,0,91,0,0,0,0,0,0,0,0,0,0,0,0,0,0,0,0,0,91,1,206
Gujarat,Ahmedabad City,0,10,1,0,11,302,86,0,0,5,0,393,2,0,0,0,2,0,0,0,0,45,45,1,44,0,0,1,46,77,42,0,119,0,0,0,0,0,0,0,18472,0,64,63,1,18536,0,0,2,1,33,0,1,37,0,0,0,0,0,0,0,0,0,0,0,0,0,2,0,0,2,0,1443,0,0,0,0,0,0,0,0,0,0,0,0,47,0,2232,0,3567,7289,9,26444
Gujarat,Ahmedabad Rural,0,0,0,0,0,74,0,0,0,0,0,74,0,0,0,0,0,1,0,0,1,7,0,0,0,7,0,4,11,0,1,0,1,0,0,0,0,1,0,1,6810,0,11,0,11,6821,0,0,0,0,0,0,0,0,0,0,0,0,0,0,0,0,0,0,0,0,0,1,0,0,1,0,747,0,0,0,0,0,0,0,0,0,0,0,0,14,0,1043,0,515,2319,51,9280
Gujarat,Amreli,0,2,0,0,2,75,1,0,0,0,0,76,3,0,0,0,3,0,0,0,0,13,13,0,13,0,0,0,13,13,1,0,14,0,0,0,0,1,0,1,5071,0,8,1,7,5079,0,0,0,0,0,0,0,0,0,0,0,0,0,0,0,0,0,0,0,0,0,1,0,0,1,0,252,0,0,0,0,0,0,0,0,0,0,0,0,12,0,788,0,113,1165,1,6355
Gujarat,Anand,0,2,0,0,2,80,4,0,0,1,0,85,0,0,0,0,0,0,0,0,0,1,1,0,1,0,0,0,1,4,1,0,5,0,0,0,0,0,0,0,7198,0,6,1,5,7204,0,0,0,0,0,0,0,0,0,1,0,0,1,0,0,0,0,0,0,0,0,0,0,0,0,0,498,1,0,0,0,0,0,0,0,0,0,0,0,14,0,785,0,279,1577,20,8895
Gujarat,Arvalli,0,0,0,0,0,58,0,0,0,0,0,58,0,0,0,0,0,0,0,0,0,4,4,0,4,0,1,0,5,4,0,0,4,0,0,0,0,0,0,0,5763,0,5,0,5,5768,0,0,0,0,0,0,0,0,0,0,0,0,0,0,0,0,0,0,0,0,0,0,0,0,0,0,56,0,0,0,2,1,1,0,0,0,0,0,0,29,0,433,0,106,626,9,6470
Gujarat,Banaskantha,0,0,0,0,0,121,0,2,0,3,0,126,1,1,0,0,2,1,0,0,1,18,18,0,18,0,10,0,28,10,4,0,14,0,0,0,0,0,0,0,14389,0,25,0,25,14414,0,0,0,0,0,0,0,0,0,0,0,0,0,0,0,0,0,0,0,0,0,4,0,0,4,0,451,0,0,0,0,0,0,0,0,0,0,0,0,17,0,1934,0,314,2716,0,17305
Gujarat,Bharuch,0,7,0,0,7,81,0,0,0,5,0,86,0,0,0,0,0,0,0,0,0,14,14,5,9,0,0,0,14,3,3,0,6,0,0,0,0,0,0,0,16765,0,16,6,10,16781,0,0,1,0,0,0,0,1,0,0,0,0,0,0,0,0,0,0,0,0,0,0,0,0,0,0,375,10,0,0,0,0,0,0,0,0,0,0,0,34,0,545,0,50,1014,41,17950
Gujarat,Bhavnagar,0,4,0,0,4,66,0,3,0,5,0,74,4,0,0,0,4,0,0,0,0,23,23,0,23,0,0,1,24,11,3,0,14,0,0,0,0,0,0,0,13376,0,20,9,11,13396,0,0,1,0,0,0,0,1,0,0,0,0,0,0,0,0,0,0,0,0,0,2,0,0,2,0,629,0,0,0,0,0,0,0,0,0,0,0,0,1,0,1185,0,1640,3455,12,16986
Gujarat,Botad,0,0,0,0,0,45,0,0,0,0,0,45,5,1,0,0,6,0,0,0,0,5,5,1,4,0,0,0,5,4,0,0,4,0,0,0,0,4,0,4,3588,0,3,2,1,3591,0,0,0,0,0,0,0,0,0,0,0,0,0,1,0,1,0,0,0,0,0,0,0,0,0,0,337,0,0,0,0,0,0,0,0,0,0,0,0,1,0,244,0,561,1143,0,4799
Gujarat,Chhotaudepur,0,0,0,0,0,62,0,0,0,0,0,62,0,6,0,0,6,0,0,0,0,10,10,0,10,0,0,0,10,2,0,0,2,0,0,0,0,0,0,0,7172,0,4,0,4,7176,0,0,1,0,1,0,0,2,0,0,0,0,0,0,0,0,0,0,0,0,0,0,0,0,0,0,176,0,0,0,0,0,0,0,0,0,0,0,0,10,0,1609,0,15,1810,0,9068
Gujarat,Cid Crime,0,20,0,0,20,0,0,0,0,0,0,0,0,0,0,0,0,0,0,0,0,0,0,0,0,0,0,0,0,2,0,2,4,0,0,0,0,0,0,0,3,0,3,1,2,6,0,0,0,0,0,0,0,0,7,0,0,0,7,0,0,0,0,0,0,0,0,1,0,0,1,0,2,0,0,0,0,0,0,0,0,0,0,0,0,0,0,0,0,0,2,2,42
Gujarat,Dahod,0,0,0,0,0,119,0,0,0,3,0,122,0,0,0,0,0,1,0,0,1,15,15,0,15,0,0,0,15,5,2,0,7,0,0,0,0,0,0,0,19515,0,11,0,11,19526,0,0,0,0,0,0,0,0,0,0,0,0,0,0,0,0,0,0,0,0,0,0,0,0,0,0,109,0,0,0,0,0,0,0,0,0,0,0,0,2,0,2021,0,88,2220,33,21924
Gujarat,Dang,0,0,0,0,0,5,0,0,0,0,0,5,0,0,0,0,0,3,0,0,3,2,0,0,0,2,0,0,2,2,0,0,2,0,0,0,0,0,0,0,1047,0,0,0,0,1047,0,0,0,0,0,0,0,0,0,0,0,0,0,0,0,0,0,0,0,0,0,0,0,0,0,0,42,0,0,0,0,0,0,0,0,0,0,0,0,1,0,95,0,7,145,0,1204
Gujarat,Devbhumi Dwarka,0,0,0,0,0,20,0,0,0,0,0,20,2,0,0,0,2,1,0,0,1,14,14,3,11,0,0,0,14,3,1,0,4,0,0,0,0,0,0,0,6147,0,8,0,8,6155,0,0,0,0,0,0,0,0,0,0,0,0,0,0,0,0,0,0,0,0,0,0,0,0,0,0,421,0,0,0,0,0,0,0,0,0,0,0,0,0,0,365,0,309,1095,0,7291
Gujarat,Gandhinagar,0,7,0,0,7,59,3,0,0,0,0,62,1,0,0,0,1,0,0,0,0,13,13,1,12,0,0,0,13,8,2,0,10,0,0,0,0,1,0,1,4646,0,12,0,12,4658,0,0,0,0,0,0,0,0,0,0,0,0,0,0,0,0,0,0,0,0,0,0,0,0,0,0,314,0,0,0,0,0,0,0,0,0,0,0,0,6,0,307,0,24,651,3,5406
Gujarat,Gir Somnath,0,0,0,0,0,31,0,0,0,3,0,34,1,0,0,0,1,0,0,0,0,12,12,0,12,0,0,1,13,7,0,0,7,0,0,0,0,0,0,0,7071,0,7,3,4,7078,0,0,0,0,0,0,0,0,0,0,0,0,0,1,0,1,0,0,0,0,0,5,0,0,5,0,362,0,0,0,0,0,0,0,0,0,0,0,0,0,0,1506,0,583,2451,6,9596
Gujarat,Jamnagar,0,0,0,0,0,50,8,0,0,5,0,63,2,0,0,0,2,0,0,0,0,14,14,0,14,0,0,0,14,1,1,0,2,0,0,0,0,0,0,0,10443,0,11,0,11,10454,0,0,0,0,0,0,0,0,0,0,0,0,0,0,0,0,0,0,0,0,0,1,0,0,1,0,821,0,0,0,0,0,0,0,0,0,0,0,0,6,0,645,0,744,2216,0,12752
Gujarat,Junagadh,0,1,0,1,2,66,0,0,0,0,0,66,2,0,0,0,2,0,0,0,0,17,16,1,15,1,1,1,19,5,0,0,5,0,0,0,0,0,0,0,6928,0,8,3,5,6936,0,0,0,0,0,0,0,0,0,0,0,0,0,0,0,0,0,0,0,0,0,1,0,0,1,0,487,0,0,0,1,1,0,0,0,0,0,0,0,1,0,484,0,272,1245,52,8328
Gujarat,Kachchh East(G),0,7,0,0,7,23,0,0,0,2,0,25,0,0,0,0,0,0,0,0,0,55,55,0,55,0,0,0,55,5,0,0,5,0,0,0,0,0,0,0,4965,0,20,0,20,4985,0,0,0,0,0,0,0,0,0,0,0,0,0,0,0,0,0,0,0,0,0,4,0,0,4,0,302,0,0,0,0,0,0,0,0,0,0,0,0,8,0,831,0,573,1714,59,6854
Gujarat,Kachchh West(B),0,0,0,0,0,30,1,0,0,5,0,36,0,0,0,0,0,2,0,0,2,21,21,1,20,0,0,0,21,6,0,0,6,0,0,0,0,0,0,0,6944,0,16,9,7,6960,0,0,0,0,0,0,0,0,1,0,0,0,1,0,0,0,0,0,0,0,0,1,0,0,1,0,328,0,0,0,0,0,0,0,0,0,0,0,0,1,0,1146,0,585,2060,3,9090
Gujarat,Kheda,0,1,0,0,1,90,1,0,0,1,0,92,0,0,0,0,0,0,0,0,0,12,12,0,12,0,0,1,13,5,4,0,9,0,0,0,0,1,0,1,5798,0,8,0,8,5806,0,0,0,0,0,0,0,0,0,1,0,0,1,0,0,0,0,0,0,0,0,1,0,0,1,0,597,0,0,0,15,15,0,0,0,0,0,0,0,0,0,206,0,81,899,4,6827
Gujarat,Mahisagar,0,0,0,0,0,37,0,1,0,0,0,38,0,0,0,0,0,0,0,0,0,2,2,0,2,0,0,0,2,5,0,0,5,0,0,0,0,0,0,0,4523,0,3,1,2,4526,0,0,0,0,0,0,0,0,0,0,0,0,0,0,0,0,0,0,0,0,0,0,0,0,0,0,62,0,0,0,0,0,0,0,0,0,0,0,0,15,0,370,0,12,459,16,5046
Gujarat,Mehsana,0,2,0,0,2,87,4,0,0,1,0,92,0,0,0,0,0,0,0,0,0,16,16,0,16,0,2,0,18,5,2,0,7,0,0,0,0,0,0,0,9300,0,30,30,0,9330,0,0,0,0,3,0,0,3,0,0,0,0,0,0,0,0,0,0,0,0,0,1,0,0,1,0,793,0,0,0,0,0,0,0,0,0,0,0,0,14,0,296,0,51,1154,56,10663
Gujarat,Morbi,0,5,0,0,5,51,0,0,0,2,0,53,3,0,0,0,3,0,0,0,0,43,43,5,38,0,0,0,43,4,0,0,4,0,0,0,0,0,0,0,6751,0,10,2,8,6761,0,0,0,0,0,0,0,0,0,0,0,0,0,0,0,0,0,0,0,0,0,1,0,0,1,0,519,0,0,0,0,0,0,0,0,0,0,0,0,17,0,607,0,904,2047,20,8937
Gujarat,Narmada,0,0,0,0,0,26,0,0,0,0,0,26,0,0,0,0,0,0,0,0,0,3,3,0,3,0,0,1,4,0,0,0,0,0,0,0,0,0,0,0,4654,0,6,2,4,4660,0,0,0,0,0,0,0,0,0,0,0,0,0,0,0,0,0,0,0,0,0,0,0,0,0,0,327,0,0,0,0,0,0,0,0,0,0,0,0,10,0,1996,0,37,2370,7,7067
Gujarat,Navsari,0,0,0,0,0,26,0,0,0,0,0,26,0,0,0,0,0,0,0,0,0,5,0,0,0,5,3,1,9,0,0,0,0,0,0,0,0,0,0,0,11814,0,12,0,12,11826,0,0,0,0,3,0,0,3,0,0,0,0,0,0,0,0,0,0,0,0,0,1,0,0,1,0,260,0,0,0,1,0,1,0,0,0,0,0,0,14,0,2713,0,935,3923,22,15810
Gujarat,Panchmahal,0,0,0,0,0,78,5,0,0,0,0,83,0,1,0,0,1,0,0,0,0,4,4,1,3,0,0,0,4,8,3,0,11,0,0,0,0,0,0,0,7230,0,9,0,9,7239,0,0,0,0,0,0,0,0,0,0,0,0,0,0,0,0,0,0,0,0,0,0,0,0,0,0,248,0,0,0,0,0,0,0,0,0,0,0,0,87,0,908,0,144,1387,23,8748
Gujarat,Patan,0,0,0,0,0,84,1,1,0,1,0,87,0,0,0,0,0,0,0,0,0,24,24,0,24,0,0,1,25,5,0,0,5,0,0,0,0,0,0,0,7161,0,9,0,9,7170,0,0,0,0,0,0,0,0,2,0,0,0,2,0,0,0,0,0,0,0,0,3,0,0,3,0,482,0,0,0,0,0,0,0,0,0,0,0,0,2,0,1229,0,501,2214,30,9536
Gujarat,Porbandar,0,0,0,0,0,28,0,0,0,2,0,30,2,0,0,0,2,0,0,0,0,8,7,1,6,1,0,0,8,9,1,0,10,0,0,0,0,0,0,0,4170,0,8,4,4,4178,0,0,0,0,0,0,0,0,0,0,0,0,0,0,0,0,0,0,0,0,0,0,0,0,0,0,249,0,0,0,0,0,0,0,0,0,0,0,0,1,0,458,0,144,852,0,5080
Gujarat,Rajkot City,0,2,0,0,2,88,1,1,0,2,0,92,0,0,0,0,0,0,0,0,0,23,23,0,23,0,0,3,26,18,0,0,18,0,0,0,0,0,0,0,5341,0,27,0,27,5368,0,0,0,0,0,0,0,0,0,0,0,0,0,0,0,0,0,0,0,0,0,0,0,0,0,0,574,0,0,0,0,0,0,0,0,0,0,0,0,12,0,954,0,652,2192,0,7698
Gujarat,Rajkot Rural,0,1,0,0,1,66,5,0,0,7,0,78,0,0,0,0,0,1,0,0,1,19,19,6,13,0,5,3,27,8,2,0,10,0,0,0,0,0,0,0,9383,0,21,10,11,9404,0,0,0,0,0,0,0,0,0,0,0,0,0,0,0,0,0,0,0,0,0,0,0,0,0,0,1047,0,0,0,0,0,0,0,0,0,0,0,0,5,0,704,0,383,2139,41,11701
Gujarat,Sabarkantha,0,1,0,0,1,76,1,0,0,0,0,77,0,0,0,0,0,0,0,0,0,16,16,0,16,0,1,0,17,1,3,0,4,0,0,0,0,0,0,0,8182,0,6,2,4,8188,0,0,0,0,0,0,0,0,0,0,0,0,0,0,0,0,0,0,0,0,0,1,0,0,1,0,116,0,0,0,0,0,0,0,0,0,0,0,0,7,0,1102,0,691,1916,1,10205
Gujarat,Surat City,0,54,0,0,54,264,10,0,0,14,0,288,3,0,0,0,3,0,0,0,0,41,41,0,41,0,0,3,44,75,36,1,112,0,0,0,0,0,0,0,33943,0,58,58,0,34001,0,0,0,0,43,0,0,43,0,0,0,0,0,0,0,0,0,0,0,0,0,1,0,0,1,0,1112,0,0,1,0,0,0,0,1,5,0,0,0,10,0,2120,0,14019,17268,119,51933
Gujarat,Surat Rural,0,3,0,0,3,51,4,0,0,0,0,55,0,0,0,0,0,0,0,0,0,11,11,0,11,0,0,4,15,2,4,0,6,0,0,0,0,0,0,0,11371,0,21,0,21,11392,0,0,0,0,2,0,0,2,0,0,0,0,0,1,0,1,0,0,0,0,0,3,0,0,3,0,287,0,0,0,10,4,6,0,0,0,0,0,0,56,0,2332,0,23,2708,25,14210
Gujarat,Surendranagar,0,0,0,0,0,73,0,0,0,2,0,75,2,0,0,0,2,1,0,0,1,79,79,0,79,0,7,0,86,4,1,0,5,0,0,0,0,0,0,0,6446,0,14,1,13,6460,0,0,0,0,0,0,0,0,0,0,0,0,0,0,0,0,0,0,0,0,0,2,0,0,2,0,688,1,0,0,0,0,0,0,0,0,0,0,0,0,0,698,0,445,1832,0,8463
Gujarat,Tapi,0,0,0,0,0,15,0,0,0,0,0,15,0,1,0,0,1,0,0,0,0,0,0,0,0,0,0,2,2,0,0,0,0,0,0,0,0,0,0,0,6035,0,2,1,1,6037,0,0,0,0,0,0,0,0,0,0,0,0,0,0,0,0,0,0,0,0,0,2,0,0,2,0,191,0,0,0,0,0,0,0,0,0,0,0,0,27,0,2296,0,1,2515,7,8579
Gujarat,Vadodara City,1,6,0,0,7,83,22,1,0,2,0,108,0,0,0,0,0,1,0,0,1,7,7,0,7,0,0,1,8,12,12,0,24,0,0,0,0,0,0,0,8318,0,18,6,12,8336,0,0,0,0,5,0,0,5,0,0,0,0,0,0,0,0,0,0,0,0,0,0,0,0,0,0,336,0,0,1,0,0,0,0,0,0,0,0,0,8,0,439,0,380,1164,64,9717
Gujarat,Vadodara Rural,0,0,0,0,0,68,5,0,0,1,0,74,1,0,0,0,1,0,0,0,0,3,3,0,3,0,3,0,6,2,1,0,3,0,0,0,0,0,0,0,8837,0,7,0,7,8844,0,0,0,0,0,0,0,0,0,0,0,0,0,0,0,0,0,0,0,0,0,0,0,0,0,0,500,11,0,0,0,0,0,0,0,0,0,0,0,16,0,1463,0,89,2079,3,11010
Gujarat,Valsad,0,0,0,0,0,36,5,0,0,2,0,43,0,2,0,0,2,0,0,0,0,5,5,0,5,0,3,0,8,2,4,0,6,0,0,0,0,0,0,0,21688,0,11,0,11,21699,0,0,0,0,0,0,0,0,0,0,0,0,0,0,0,0,0,0,0,0,0,1,0,0,1,0,123,0,0,0,0,0,0,0,0,0,0,0,0,21,0,4542,0,57,4743,21,26523
Gujarat,W Rly Ahmedabad,0,0,0,0,0,1,0,0,0,0,0,1,0,0,0,0,0,0,0,0,0,2,2,0,2,0,0,0,2,0,0,0,0,0,0,0,0,0,0,0,1115,0,14,1,13,1129,0,0,0,0,0,0,0,0,1,0,0,0,1,0,0,0,0,0,0,0,0,0,0,0,0,0,7,0,0,0,0,0,0,0,0,0,0,0,0,0,0,5,0,242,254,0,1387
Gujarat,W Rly Vadodara,0,0,0,0,0,3,0,0,0,0,0,3,0,0,0,0,0,0,0,0,0,1,1,0,1,0,0,0,1,0,0,0,0,0,0,0,0,0,0,0,4099,0,28,0,28,4127,0,0,0,0,2,0,0,2,0,0,0,0,0,2,0,2,0,0,0,0,0,0,0,0,0,0,5,0,0,0,0,0,0,0,1,0,0,0,0,0,0,1,0,656,663,0,4798
Gujarat,Cyber Ahmedabad Range,0,0,0,0,0,0,0,0,0,0,0,0,0,0,0,0,0,0,0,0,0,0,0,0,0,0,0,0,0,1,0,0,1,0,0,0,0,0,0,0,0,0,0,0,0,0,0,0,0,0,0,0,0,0,0,0,0,0,0,0,0,0,0,0,0,0,0,0,0,0,0,0,0,0,0,0,0,0,0,0,0,0,0,0,0,0,0,0,0,0,0,0,1
Gujarat,Cyber Bhavnagar Range,0,0,0,0,0,0,0,0,0,0,0,0,0,0,0,0,0,0,0,0,0,0,0,0,0,0,0,0,0,0,0,0,0,0,0,0,0,0,0,0,0,0,0,0,0,0,0,0,0,0,0,0,0,0,0,0,0,0,0,0,0,0,0,0,0,0,0,0,0,0,0,0,0,0,0,0,0,0,0,0,0,0,0,0,0,0,0,0,0,0,0,0,0
Gujarat,Cyber Border Range,0,0,0,0,0,1,0,0,0,0,0,1,0,0,0,0,0,0,0,0,0,0,0,0,0,0,0,0,0,0,0,0,0,0,0,0,0,0,0,0,0,0,0,0,0,0,0,0,0,0,0,0,0,0,0,0,0,0,0,0,0,0,0,0,0,0,0,0,0,0,0,0,0,0,0,0,0,0,0,0,0,0,0,0,0,0,0,0,0,0,0,0,1
Gujarat,Cyber Gandhinagar Range,0,0,0,0,0,0,0,0,0,0,0,0,0,0,0,0,0,0,0,0,0,0,0,0,0,0,0,0,0,0,0,0,0,0,0,0,0,0,0,0,0,0,0,0,0,0,0,0,0,0,0,0,0,0,0,0,0,0,0,0,0,0,0,0,0,0,0,0,0,0,0,0,0,0,0,0,0,0,0,0,0,0,0,0,0,0,0,0,0,0,0,0,0
Gujarat,Cyber Junagadh Range,0,0,0,0,0,0,0,0,0,0,0,0,0,0,0,0,0,0,0,0,0,0,0,0,0,0,0,0,0,6,0,0,6,0,0,0,0,0,0,0,0,0,0,0,0,0,0,0,0,0,0,0,0,0,0,0,0,0,0,0,0,0,0,0,0,0,0,0,0,0,0,0,0,0,0,0,0,0,0,0,0,0,0,0,0,0,0,0,0,0,0,0,6
Gujarat,Cyber Panchmahal Range,0,0,0,0,0,0,0,0,0,0,0,0,0,0,0,0,0,0,0,0,0,0,0,0,0,0,0,0,0,1,0,0,1,0,0,0,0,0,0,0,0,0,0,0,0,0,0,0,0,0,0,0,0,0,0,0,0,0,0,0,0,0,0,0,0,0,0,0,0,0,0,0,0,0,0,0,0,0,0,0,0,0,0,0,0,0,0,0,0,0,0,0,1
Gujarat,Cyber Rajkot Range,0,0,0,0,0,0,0,0,0,0,0,0,0,0,0,0,0,0,0,0,0,0,0,0,0,0,0,0,0,2,0,0,2,0,0,0,0,0,0,0,0,0,0,0,0,0,0,0,0,0,0,0,0,0,0,0,0,0,0,0,0,0,0,0,0,0,0,0,0,0,0,0,0,0,0,0,0,0,0,0,0,0,0,0,0,0,0,0,0,0,0,0,2
Gujarat,Cyber Surat Range,0,0,0,0,0,0,0,0,0,0,0,0,0,0,0,0,0,0,0,0,0,0,0,0,0,0,0,0,0,0,0,0,0,0,0,0,0,0,0,0,0,0,0,0,0,0,0,0,0,0,0,0,0,0,0,0,0,0,0,0,0,0,0,0,0,0,0,0,0,0,0,0,0,0,0,0,0,0,0,0,0,0,0,0,0,0,0,0,0,0,0,0,0
Gujarat,Cyber Vadodara Range,0,0,0,0,0,0,0,0,0,0,0,0,0,0,0,0,0,0,0,0,0,0,0,0,0,0,0,0,0,0,0,0,0,0,0,0,0,0,0,0,0,0,0,0,0,0,0,0,0,0,0,0,0,0,0,0,0,0,0,0,0,0,0,0,0,0,0,0,0,0,0,0,0,0,0,0,0,0,0,0,0,0,0,0,0,0,0,0,0,0,0,0,0
Haryana,Ambala,0,0,0,0,0,67,2,0,3,0,0,72,3,0,0,0,3,2,0,0,2,51,35,0,35,16,1,0,52,16,0,0,16,0,1,0,0,4,2,7,0,258,116,7,109,374,0,0,27,0,0,0,0,27,0,1,0,0,1,0,0,0,0,0,0,0,0,1,0,0,1,0,441,30,0,0,0,0,0,0,0,0,0,0,0,6,1,0,0,0,478,3,1036
Haryana,Bhiwani,0,3,0,0,3,58,8,0,0,0,0,66,0,0,0,0,0,3,0,0,3,32,32,0,32,0,8,0,40,8,1,0,9,0,0,0,0,0,1,1,0,205,58,26,32,263,0,0,0,0,0,0,0,0,0,0,0,0,0,0,0,0,0,0,0,0,0,1,0,0,1,0,72,6,0,0,0,0,0,0,0,0,0,0,0,3,0,0,0,0,81,9,476
Haryana,Faridabad,1,4,0,0,5,270,15,1,0,0,1,287,2,0,0,0,2,3,0,0,3,447,447,0,447,0,27,0,474,14,4,0,18,0,0,0,0,2,0,2,0,1273,356,268,88,1629,0,0,5,0,0,0,0,5,0,0,0,0,0,0,0,0,0,0,0,0,0,13,0,0,13,0,1403,0,0,8,0,0,0,0,0,11,0,0,0,3,0,0,0,0,1425,23,3886
Haryana,Fatehabad,1,0,0,1,2,66,2,5,0,0,0,73,4,0,0,0,4,8,0,0,8,78,78,1,77,0,4,0,82,3,4,0,7,0,1,0,0,1,0,2,0,436,219,41,178,655,0,2,0,0,0,0,0,2,0,0,0,0,0,0,0,0,0,0,0,0,0,3,0,0,3,0,106,41,0,2,0,0,0,0,0,0,0,0,0,5,0,0,0,1,155,1,994
Haryana,Grp,0,0,0,0,0,3,0,0,0,0,0,3,2,1,0,0,3,1,0,0,1,3,2,0,2,1,0,0,3,2,0,0,2,0,0,0,0,0,1,1,0,161,48,0,48,209,0,0,0,0,0,0,0,0,0,0,0,0,0,8,0,8,0,0,0,0,0,0,0,0,0,0,1,0,0,0,0,0,0,0,0,0,0,0,0,0,0,0,0,0,1,0,231
Haryana,Gurugram,1,8,0,0,9,189,7,0,0,0,0,196,2,0,0,0,2,20,1,0,21,217,217,1,216,0,6,1,224,216,5,0,221,0,0,0,0,0,5,5,0,1749,276,133,143,2025,1,1,1,1,37,0,0,41,19,0,0,0,19,0,0,0,0,0,0,0,0,25,0,1,26,0,404,6,0,10,0,0,0,0,0,1,1,0,0,12,0,0,0,59,493,42,3324
Haryana,Hissar,0,3,0,0,3,104,8,2,0,1,0,115,2,0,0,0,2,2,0,0,2,121,97,9,88,24,1,0,122,26,0,2,28,0,0,0,0,0,0,0,0,342,115,30,85,457,0,3,0,0,0,0,0,3,0,0,0,0,0,0,0,0,0,0,0,0,0,11,0,0,11,0,30,12,0,1,0,0,0,0,0,0,0,0,0,18,0,0,0,6,67,25,835
Haryana,Jhajjar,0,1,0,0,1,66,4,0,0,0,0,70,0,0,0,0,0,7,0,0,7,141,141,0,141,0,0,0,141,6,1,0,7,0,0,0,0,0,3,3,0,141,86,46,40,227,0,0,0,0,2,0,0,2,1,0,0,0,1,0,0,0,0,0,0,0,0,0,0,0,0,0,44,6,0,0,0,0,0,0,1,0,0,0,0,4,0,0,0,0,55,20,534
Haryana,Jind,0,3,0,0,3,75,3,2,0,0,2,82,2,0,0,0,2,3,0,0,3,80,80,0,80,0,0,0,80,11,1,0,12,0,0,0,0,0,0,0,0,333,76,5,71,409,0,0,157,0,0,0,0,157,1,0,0,0,1,0,0,0,0,0,0,0,0,2,0,0,2,0,32,57,0,0,0,0,0,0,0,0,0,0,0,4,0,0,0,10,103,0,854
Haryana,Kaithal,0,2,0,0,2,53,1,0,0,0,0,54,1,0,0,0,1,6,0,0,6,23,23,0,23,0,1,0,24,9,1,1,11,0,0,0,0,0,1,1,0,378,83,25,58,461,0,0,0,0,0,0,0,0,0,0,0,0,0,0,0,0,0,0,0,0,0,1,0,0,1,0,51,291,0,0,0,0,0,0,0,0,0,0,0,0,0,0,0,0,342,6,909
Haryana,Karnal,0,0,0,0,0,158,5,4,0,0,0,167,4,0,0,0,4,2,0,0,2,72,53,0,53,19,0,1,73,11,1,0,12,0,0,0,0,0,0,0,0,491,142,18,124,633,0,0,0,0,1,0,0,1,0,0,0,0,0,0,0,0,0,0,0,0,0,1,0,0,1,0,60,795,0,1,0,0,0,0,0,0,0,1,0,17,0,0,0,0,874,15,1782
Haryana,Kurukshetra,1,1,0,0,2,80,0,2,0,0,0,82,9,0,0,0,9,2,0,0,2,38,38,0,38,0,1,0,39,30,0,0,30,0,0,0,0,0,5,5,0,363,215,9,206,578,0,0,64,0,0,0,0,64,1,0,0,0,1,0,0,0,0,0,0,0,0,1,0,0,1,0,116,499,0,0,0,0,0,0,0,0,0,0,0,0,0,0,0,0,615,16,1444
Haryana,Mahendergarh,0,0,0,0,0,28,0,1,0,0,0,29,0,0,0,0,0,3,0,0,3,52,52,0,52,0,2,3,57,0,0,0,0,0,0,0,0,3,0,3,0,176,67,67,0,243,0,0,0,0,0,0,0,0,0,0,0,0,0,0,0,0,0,0,0,0,0,0,0,0,0,0,9,9,0,4,0,0,0,0,0,0,0,0,0,2,0,0,0,0,24,4,363
Haryana,Nuh,0,0,0,0,0,67,0,1,0,0,1,69,2,0,0,0,2,4,0,0,4,69,69,0,69,0,0,1,70,2,1,0,3,0,0,0,0,0,6,6,0,104,56,7,49,160,0,0,0,0,0,0,0,0,0,0,0,0,0,0,0,0,0,0,0,0,0,1,0,0,1,0,54,26,0,0,0,0,0,0,0,0,0,0,0,14,0,0,0,0,94,258,667
Haryana,Palwal,1,1,0,0,2,70,3,0,0,0,1,74,0,0,0,0,0,16,0,0,16,195,195,0,195,0,0,0,195,5,1,0,6,0,0,0,0,6,0,6,0,597,71,32,39,668,0,2,23,0,0,0,0,25,1,0,0,0,1,0,0,0,1,0,0,0,1,2,0,0,2,0,93,29,0,0,0,0,0,0,0,0,0,0,0,2,0,0,0,0,124,98,1218
Haryana,Panchkula,0,3,0,0,3,69,2,0,0,0,0,71,1,0,0,0,1,3,0,0,3,22,20,1,19,2,0,1,23,10,0,0,10,0,0,0,0,28,3,31,0,142,118,17,101,260,0,1,9,0,1,1,0,12,0,0,0,0,0,0,0,0,0,0,0,0,0,9,0,0,9,0,157,6,0,0,0,0,0,0,0,0,0,0,0,2,0,0,0,0,165,5,593
Haryana,Panipat,0,2,0,0,2,186,3,5,0,0,0,194,0,0,0,0,0,4,0,0,4,96,96,0,96,0,7,3,106,3,3,0,6,0,0,0,0,0,1,1,0,267,115,50,65,382,0,0,10,0,0,0,0,10,1,0,0,0,1,0,0,0,0,0,0,0,0,7,0,0,7,0,87,41,0,0,0,0,0,0,0,0,0,0,0,0,0,0,0,0,128,27,868
Haryana,Rewari,0,0,0,0,0,45,3,0,0,0,0,48,0,0,0,0,0,3,0,0,3,41,41,0,41,0,2,1,44,6,4,0,10,0,0,0,0,0,0,0,0,87,66,66,0,153,0,0,0,0,0,0,0,0,0,0,0,0,0,0,0,0,0,0,0,0,0,3,0,0,3,0,26,52,0,0,0,0,0,0,0,0,0,0,0,2,0,0,0,0,80,8,349
Haryana,Rohtak,2,1,0,0,3,82,6,0,0,0,0,88,0,0,0,0,0,4,0,0,4,108,108,2,106,0,0,1,109,9,0,0,9,0,0,0,0,0,1,1,0,115,112,86,26,227,0,0,1,0,0,0,0,1,0,0,0,0,0,0,0,0,0,0,0,0,0,4,0,0,4,0,2,15,0,5,0,0,0,0,0,0,0,0,0,0,0,0,0,0,22,11,479
Haryana,Sirsa,0,3,0,0,3,77,3,1,0,0,0,81,7,0,0,0,7,4,0,0,4,55,53,0,53,2,1,0,56,6,0,0,6,0,0,0,0,0,1,1,0,591,305,0,305,896,0,0,0,0,0,0,0,0,0,0,0,0,0,0,0,0,0,0,0,0,0,3,0,0,3,0,175,28,0,1,0,0,0,0,0,0,0,0,0,2,0,0,0,0,206,3,1266
Haryana,Sonipat,0,1,0,0,1,112,6,1,0,0,0,119,11,0,0,0,11,19,0,0,19,179,177,0,177,2,17,0,196,16,7,0,23,0,0,0,0,4,2,6,0,141,102,102,0,243,1,3,0,0,2,0,0,6,0,3,5,0,8,0,0,0,0,0,0,0,0,11,0,0,11,0,46,73,0,0,0,0,0,0,0,0,0,0,0,11,0,0,0,0,130,42,815
Haryana,Yamunanagar,0,7,1,0,8,103,3,3,1,0,1,111,0,0,0,0,0,3,0,0,3,80,80,2,78,0,0,0,80,14,1,0,15,0,0,0,0,5,2,7,0,248,198,198,0,446,1,0,23,0,0,0,0,24,0,0,0,0,0,0,0,0,0,0,0,0,0,12,0,0,12,0,70,88,0,0,0,0,0,0,0,0,0,0,0,19,0,0,0,0,177,18,901
Haryana,Irrigation & Power,0,0,0,0,0,0,0,0,0,0,0,0,0,0,0,0,0,0,0,0,0,0,0,0,0,0,0,0,0,0,0,0,0,0,0,0,0,0,0,0,0,0,0,0,0,0,0,0,0,0,0,0,0,0,0,0,0,0,0,0,0,0,0,0,0,0,0,0,0,0,0,0,0,39398,0,0,0,0,0,0,0,0,0,0,0,0,0,0,0,0,39398,0,39398
Haryana,Charkhi Dadri,0,1,0,0,1,30,6,0,0,0,0,36,1,0,0,0,1,1,0,0,1,49,49,4,45,0,1,0,50,6,0,0,6,0,0,0,0,1,4,5,0,107,36,13,23,143,0,0,0,0,0,0,0,0,0,0,0,0,0,0,0,0,0,0,0,0,0,2,0,0,2,0,49,2,0,0,0,0,0,0,0,0,0,0,0,1,0,0,0,2,54,0,299
Haryana,Hansi,0,1,0,0,1,31,1,0,0,0,0,32,2,0,0,0,2,1,0,0,1,32,15,0,15,17,0,0,32,5,1,1,7,0,0,0,0,0,0,0,0,216,49,14,35,265,0,0,0,0,0,0,0,0,0,0,0,0,0,0,0,0,0,0,0,0,0,3,0,0,3,0,31,13,0,0,0,0,0,0,0,0,0,0,0,8,0,0,0,0,52,15,410
Haryana,Dabwali,0,0,0,0,0,27,0,0,0,0,0,27,1,0,0,0,1,2,1,0,3,40,35,0,35,5,6,0,46,1,0,0,1,0,0,0,0,0,0,0,0,179,240,19,221,419,0,2,0,0,0,0,0,2,0,0,1,0,1,0,0,0,0,0,0,0,0,0,0,0,0,0,47,9,0,0,0,0,0,0,0,0,0,0,0,3,0,0,0,0,59,4,563
Himachal Pradesh,Baddi,0,3,0,0,3,0,0,0,0,0,0,0,10,0,0,0,10,2,0,0,2,2,2,0,2,0,0,0,2,8,1,0,9,0,0,0,0,18,0,18,0,113,84,27,57,197,8,0,0,0,0,0,0,8,0,0,0,0,0,0,0,0,0,0,0,0,0,0,0,0,0,0,140,0,0,0,0,0,0,0,1,0,0,1,0,0,0,0,0,0,142,0,391
Himachal Pradesh,Bilaspur,0,0,0,0,0,0,0,0,0,0,0,0,6,0,0,0,6,4,0,0,4,3,2,2,0,1,0,0,3,1,0,0,1,0,0,0,0,0,0,0,0,121,196,108,88,317,4,0,8,0,0,0,0,12,0,0,0,0,0,0,0,0,0,0,0,0,0,0,0,0,0,0,2,0,0,0,0,0,0,0,0,0,0,0,0,4,0,0,0,0,6,17,366
Himachal Pradesh,Chamba,0,1,0,0,1,0,2,0,0,0,0,2,5,1,0,0,6,5,0,0,5,0,0,0,0,0,0,0,0,0,0,0,0,0,0,0,0,0,0,0,0,287,85,0,85,372,2,0,0,0,0,0,0,2,0,0,0,0,0,0,0,0,0,0,0,0,0,0,0,0,0,0,5,0,0,0,0,0,0,0,0,0,0,0,0,0,0,0,0,0,5,0,393
Himachal Pradesh,Cid,0,0,0,0,0,0,0,0,0,0,0,0,0,0,0,0,0,0,0,0,0,0,0,0,0,0,0,0,0,0,0,0,0,0,0,0,0,0,0,0,0,0,1,0,1,1,0,0,0,0,0,0,0,0,0,0,0,0,0,0,0,0,0,0,0,0,0,0,0,0,0,0,0,0,0,0,0,0,0,0,0,0,0,0,0,0,0,0,0,0,0,0,1
Himachal Pradesh,Grp,0,0,0,0,0,0,0,0,0,0,0,0,0,0,0,0,0,0,0,0,0,0,0,0,0,0,0,0,0,0,0,0,0,0,0,0,0,0,0,0,0,1,0,0,0,1,0,0,0,0,0,0,0,0,0,0,0,0,0,1,0,1,0,0,0,0,0,0,0,0,0,0,0,0,0,0,0,0,0,0,0,0,0,0,0,0,0,0,0,0,0,0,2
Himachal Pradesh,Hamirpur,0,0,0,0,0,0,0,0,0,0,0,0,20,0,0,0,20,3,0,0,3,0,0,0,0,0,0,0,0,1,0,0,1,0,0,0,0,0,0,0,0,75,65,42,23,140,3,0,0,0,13,1,0,17,0,0,0,0,0,0,0,0,0,0,0,0,0,0,0,0,0,0,3,0,0,0,0,0,0,0,0,0,0,0,0,3,0,0,0,0,6,17,204
Himachal Pradesh,Kangra,0,0,0,0,0,1,3,0,0,0,0,4,9,0,0,0,9,7,0,0,7,4,3,2,1,1,0,0,4,3,0,0,3,0,0,0,0,0,0,0,0,484,149,43,106,633,7,1,0,0,2,0,0,10,3,0,0,0,3,0,0,0,0,0,0,0,0,0,0,0,0,0,14,0,0,0,0,0,0,0,0,0,0,0,0,1,0,0,0,0,15,2,690
Himachal Pradesh,Kinnaur,0,0,0,0,0,0,0,0,0,0,0,0,1,0,3,0,4,1,0,0,1,1,0,0,0,1,0,0,1,5,0,0,5,0,0,0,0,0,0,0,0,100,26,17,9,126,0,0,0,0,0,0,0,0,1,0,0,0,1,0,0,0,0,0,0,0,0,0,0,0,0,0,22,0,0,0,0,0,0,0,0,0,0,0,0,0,0,0,0,0,22,0,160
Himachal Pradesh,Kullu,0,2,0,0,2,0,2,0,0,0,0,2,8,0,0,0,8,4,0,0,4,4,4,0,4,0,0,0,4,1,0,0,1,0,0,0,0,3,0,3,0,357,241,0,241,598,17,0,0,0,0,1,0,18,0,0,0,0,0,0,0,0,0,0,0,0,0,0,0,0,0,0,11,0,0,0,0,0,0,0,0,0,0,0,0,3,0,0,0,0,14,0,654
Himachal Pradesh,Lahaul & Spiti,0,0,0,0,0,0,0,0,0,0,0,0,0,0,0,0,0,2,0,0,2,0,0,0,0,0,0,0,0,2,0,0,2,0,0,0,0,0,0,0,0,54,7,6,1,61,1,0,0,0,0,0,0,1,1,0,0,0,1,0,0,0,0,0,0,0,0,0,0,0,0,0,10,0,0,0,0,0,0,0,0,0,0,0,0,4,0,0,0,0,14,0,81
Himachal Pradesh,Mandi,0,0,1,0,1,1,4,2,0,0,0,7,42,0,0,0,42,10,0,0,10,2,2,2,0,0,0,1,3,2,0,0,2,0,0,0,0,1,0,1,0,413,227,1,226,640,24,1,0,0,0,0,0,25,0,0,0,0,0,0,0,0,0,0,0,0,0,0,0,0,0,0,2,1,0,0,0,0,0,0,0,0,0,0,0,0,0,0,0,0,3,4,738
Himachal Pradesh,Shimla,0,0,0,0,0,11,0,0,0,0,0,11,28,0,0,0,28,10,0,0,10,2,2,2,0,0,0,0,2,4,1,0,5,0,0,0,0,0,1,1,0,226,267,99,168,493,12,2,0,0,0,0,0,14,0,0,0,0,0,0,0,0,0,0,0,0,0,1,0,0,1,0,1,0,0,0,0,0,0,0,0,4,0,0,0,0,0,0,0,0,5,0,570
Himachal Pradesh,Sirmaur,0,0,0,0,0,1,1,0,0,0,0,2,16,0,0,0,16,3,0,0,3,2,0,0,0,2,0,0,2,2,0,0,2,0,0,0,0,3,0,3,0,202,103,0,103,305,21,2,0,0,0,0,0,23,0,0,0,0,0,0,0,0,0,0,0,0,0,0,0,0,0,0,104,0,0,0,0,0,0,0,0,0,0,0,0,4,0,0,0,0,108,0,464
Himachal Pradesh,Solan,0,1,0,0,1,0,4,0,0,0,0,4,22,0,0,0,22,2,0,0,2,2,2,0,2,0,0,0,2,1,0,0,1,0,0,0,0,0,0,0,0,79,80,76,4,159,5,2,0,0,0,0,0,7,1,0,0,0,1,0,0,0,0,0,0,0,0,1,0,0,1,0,2,0,0,0,0,0,0,0,0,0,0,0,0,0,0,0,0,0,2,2,204
Himachal Pradesh,Una,0,1,0,0,1,4,0,0,0,0,0,4,21,0,0,0,21,1,0,0,1,4,0,0,0,4,0,0,4,2,0,0,2,0,0,0,0,3,0,3,0,118,105,0,105,223,18,3,0,0,0,0,0,21,0,0,0,0,0,0,0,0,0,0,0,0,0,3,0,0,3,0,148,0,0,0,0,0,0,0,0,0,0,0,0,0,0,0,0,0,148,2,433
Himachal Pradesh,Cyber,0,0,0,0,0,0,0,0,0,0,0,0,0,0,0,0,0,0,0,0,0,0,0,0,0,0,0,0,0,91,0,0,91,0,0,0,0,0,0,0,0,0,0,0,0,0,0,0,0,0,0,0,0,0,0,0,0,0,0,0,0,0,0,0,0,0,0,0,0,0,0,0,0,0,0,0,0,0,0,0,0,0,0,0,0,0,0,0,0,0,0,0,91
Himachal Pradesh,Nurpur,0,0,0,1,1,1,1,0,0,0,0,2,4,0,0,0,4,1,0,0,1,3,3,2,1,0,0,0,3,3,0,0,3,0,0,0,0,16,0,16,0,282,79,4,75,361,4,0,0,0,0,1,0,5,0,0,0,0,0,0,0,0,0,0,0,0,0,0,0,0,0,0,3,0,0,0,0,0,0,0,0,0,0,0,0,0,0,0,0,3,6,0,402
Jharkhand,Bokaro,0,0,0,0,0,8,0,0,0,0,0,8,41,0,0,0,41,0,0,0,0,6,6,0,6,0,1,0,7,61,0,0,61,0,0,0,0,0,0,0,0,53,21,0,21,74,0,0,0,0,0,0,0,0,0,0,0,0,0,0,0,0,0,0,0,0,0,0,0,0,0,0,0,197,0,0,0,0,0,0,0,0,0,0,0,0,0,0,0,0,197,64,452
Jharkhand,Chaibasa,6,0,0,0,6,0,3,0,0,0,0,3,4,5,0,0,9,0,0,0,0,12,12,0,12,0,0,0,12,15,2,0,17,2,0,0,0,5,0,7,0,30,16,16,0,46,1,0,0,0,0,0,0,1,0,0,0,0,0,0,0,0,0,0,0,0,0,0,0,0,0,0,3,193,0,0,0,0,0,0,0,0,0,0,0,4,0,0,0,0,200,8,309
Jharkhand,Chatra,48,1,0,0,49,36,0,0,0,0,0,36,33,0,0,0,33,0,0,0,0,16,16,0,16,0,0,0,16,31,0,0,31,0,0,0,0,67,0,67,0,54,87,87,0,141,0,0,0,0,0,0,0,0,0,0,0,0,0,0,0,0,0,0,0,0,0,2,0,0,2,0,0,119,0,0,0,0,0,0,0,0,0,0,0,22,0,0,0,0,141,80,596
Jharkhand,Deoghar,59,0,0,0,59,16,0,0,0,0,0,16,22,5,0,0,27,3,0,0,3,41,41,0,41,0,3,0,44,144,0,0,144,0,0,0,0,153,0,153,0,92,30,30,0,122,0,0,0,0,0,0,0,0,0,0,0,0,0,0,0,0,0,0,0,0,0,0,0,0,0,0,10,188,0,0,0,0,0,0,0,0,0,0,0,12,0,0,0,0,210,28,806
Jharkhand,Dhanbad,111,3,0,0,114,87,0,0,0,0,0,87,52,11,0,0,63,15,0,0,15,55,55,0,55,0,0,13,68,97,1,0,98,1,0,0,0,232,0,233,0,21,49,35,14,70,0,0,0,0,0,0,0,0,0,0,0,0,0,0,0,0,0,0,0,0,0,9,0,0,9,0,1,206,0,0,0,0,0,0,0,0,0,0,0,0,0,0,0,0,207,321,1285
Jharkhand,Dhanbad Railway,0,0,0,0,0,0,15,0,0,0,0,15,1,0,0,0,1,0,0,0,0,5,5,0,5,0,0,0,5,0,0,0,0,0,0,0,0,0,0,0,0,4,8,0,8,12,0,0,0,0,0,0,0,0,0,0,0,0,0,0,0,0,0,0,0,0,0,0,0,0,0,0,0,0,0,0,0,0,0,0,0,0,0,0,0,0,0,0,0,0,0,0,33
Jharkhand,Dumka,26,0,0,0,26,38,0,1,0,0,0,39,12,11,0,0,23,3,0,0,3,16,16,0,16,0,2,0,18,18,1,0,19,0,0,0,0,18,0,18,0,31,4,0,4,35,0,0,0,0,0,0,0,0,0,0,0,0,0,0,0,0,0,0,0,0,0,0,0,0,0,0,12,95,0,0,0,0,0,0,0,0,0,0,0,13,0,0,0,0,120,16,317
Jharkhand,Garhwa,67,0,0,0,67,67,14,0,0,0,0,81,63,22,0,0,85,10,0,0,10,29,29,0,29,0,0,0,29,44,3,0,47,0,0,0,0,113,0,113,0,144,16,11,5,160,4,0,0,0,0,2,0,6,0,0,0,0,0,0,0,0,0,0,0,0,0,2,0,0,2,0,2,132,0,50,0,0,0,0,0,0,0,0,0,27,0,0,0,0,211,177,988
Jharkhand,Giridih,32,0,0,0,32,82,3,0,0,4,0,89,6,0,0,0,6,0,0,0,0,7,5,0,5,2,0,4,11,46,0,0,46,0,0,0,0,21,0,21,0,31,13,0,13,44,5,0,0,0,0,0,0,5,0,0,0,0,0,0,0,0,0,0,0,0,0,0,0,0,0,0,3,62,0,0,0,0,0,0,0,0,0,0,0,55,0,0,0,0,120,34,408
Jharkhand,Godda,39,0,0,0,39,41,0,0,0,2,0,43,21,8,0,0,29,0,0,0,0,26,22,0,22,4,0,1,27,33,0,0,33,0,0,1,0,51,0,52,0,126,18,18,0,144,1,0,0,0,0,0,0,1,0,0,0,0,0,0,0,0,0,0,0,0,0,2,0,0,2,0,1,69,0,0,0,0,0,0,0,0,0,0,0,4,0,0,0,0,74,0,444
Jharkhand,Gumla,19,0,5,0,24,28,0,0,0,0,0,28,3,3,0,0,6,0,0,0,0,27,27,0,27,0,1,0,28,11,0,0,11,0,0,0,0,60,0,60,0,56,24,0,24,80,0,0,1,0,0,0,0,1,0,0,0,0,0,0,0,0,0,0,0,0,0,1,0,0,1,0,0,85,0,0,0,0,0,0,0,0,0,0,0,37,0,0,0,0,122,30,391
Jharkhand,Hazaribagh,129,2,0,0,131,21,0,0,2,0,0,23,10,2,0,0,12,6,1,0,7,20,20,0,20,0,0,1,21,6,2,1,9,3,0,0,0,148,0,151,0,125,60,55,5,185,12,2,0,0,0,0,0,14,0,0,0,0,0,0,0,0,0,0,0,0,0,0,0,0,0,0,7,176,0,0,0,0,0,0,0,0,0,0,0,0,0,2,0,0,185,128,866
Jharkhand,Jamshedpur,109,0,0,0,109,58,0,0,0,0,0,58,0,0,0,0,0,0,0,0,0,45,45,0,45,0,1,0,46,254,0,0,254,0,0,0,0,0,0,0,0,78,66,0,66,144,2,0,0,0,0,0,0,2,0,0,0,0,0,0,0,0,0,0,0,0,0,5,0,0,5,0,17,344,0,0,0,0,0,0,0,0,0,0,0,0,0,0,0,0,361,0,979
Jharkhand,Jamshedpur Railway,0,0,0,0,0,1,0,0,0,0,0,1,0,1,0,0,1,0,0,0,0,2,2,0,2,0,0,0,2,6,0,0,6,1,0,0,0,0,0,1,0,0,23,0,23,23,0,0,0,0,0,0,0,0,0,0,0,0,0,0,0,0,0,0,0,0,0,0,0,0,0,0,0,0,0,0,2,0,0,2,0,0,0,0,0,0,0,0,0,0,2,0,36
Jharkhand,Jamtara,24,0,0,0,24,30,0,0,0,0,0,30,8,3,0,0,11,0,0,0,0,6,6,0,6,0,0,0,6,20,0,0,20,1,0,0,0,32,0,33,0,76,2,2,0,78,1,0,0,0,0,0,0,1,0,0,0,0,0,0,0,0,0,0,0,0,0,1,0,0,1,0,2,17,0,0,0,0,0,0,0,0,0,0,0,6,0,0,0,0,25,25,254
Jharkhand,Khunti,11,0,0,0,11,16,0,0,0,0,0,16,0,3,0,0,3,0,0,0,0,14,14,0,14,0,0,0,14,8,0,0,8,0,0,5,0,54,0,59,0,9,63,0,63,72,1,0,0,0,0,0,0,1,0,0,0,0,0,0,0,0,0,0,0,0,0,0,0,0,0,0,5,33,0,0,0,0,0,0,0,0,0,0,0,6,0,0,0,0,44,20,248
Jharkhand,Koderma,36,0,0,0,36,26,0,3,0,1,0,30,18,0,0,0,18,0,0,0,0,9,9,0,9,0,0,0,9,0,1,0,1,0,0,2,0,66,0,68,0,75,8,8,0,83,12,0,0,0,0,0,0,12,0,0,0,0,0,0,0,0,0,0,0,0,0,0,0,0,0,0,6,113,0,0,0,0,0,0,0,0,0,0,0,30,0,0,0,0,149,12,418
Jharkhand,Latehar,26,0,0,0,26,8,1,0,0,3,0,12,1,1,0,0,2,1,41,0,42,13,13,0,13,0,0,1,14,14,0,0,14,0,0,0,0,82,0,82,0,16,28,28,0,44,2,0,0,0,0,0,0,2,0,0,0,0,0,0,0,0,0,0,0,0,0,0,0,0,0,0,0,47,0,0,0,0,0,0,0,0,0,0,0,0,0,0,0,0,47,34,319
Jharkhand,Lohardagga,6,0,0,0,6,0,0,0,0,0,0,0,0,3,0,0,3,0,2,0,2,15,0,0,0,15,0,0,15,0,0,0,0,0,0,0,0,26,0,26,0,9,12,12,0,21,0,0,0,0,0,0,0,0,0,0,0,0,0,0,0,0,0,0,0,0,0,0,0,0,0,0,7,37,0,0,0,0,0,0,0,0,0,0,0,0,0,0,0,0,44,14,131
Jharkhand,Pakur,0,0,0,0,0,9,0,0,0,0,4,13,6,15,0,0,21,0,0,0,0,5,5,0,5,0,0,12,17,8,0,0,8,9,0,0,0,43,0,52,0,13,2,0,2,15,0,0,0,0,0,0,0,0,0,0,0,0,0,0,0,0,0,0,0,0,0,1,0,0,1,0,0,10,0,0,0,0,0,0,0,0,0,0,0,0,0,0,0,0,10,32,169
Jharkhand,Palamu,88,0,81,0,169,59,2,0,0,3,0,64,68,15,0,0,83,1,21,0,22,66,66,0,66,0,0,1,67,45,7,0,52,0,0,1,0,52,0,53,0,58,33,26,7,91,1,1,0,0,0,0,0,2,0,0,0,0,0,0,0,0,0,0,0,0,0,2,0,0,2,0,0,217,0,1,1,1,0,0,0,1,0,0,0,31,0,0,0,0,251,0,856
Jharkhand,Ramgarh,25,0,0,0,25,24,0,0,0,0,0,24,4,2,0,0,6,0,0,0,0,20,20,0,20,0,0,0,20,12,4,0,16,0,0,0,0,40,0,40,0,68,13,0,13,81,5,0,0,0,0,0,0,5,0,0,0,0,0,0,0,0,0,0,0,0,0,5,0,0,5,0,0,84,0,0,0,0,0,0,0,0,0,0,0,6,0,0,0,0,90,0,312
Jharkhand,Ranchi,101,0,0,0,101,73,0,0,0,0,0,73,8,34,0,0,42,0,0,0,0,81,9,0,9,72,0,2,83,346,0,0,346,0,0,0,0,66,0,66,0,155,143,0,143,298,0,0,0,0,0,0,0,0,0,0,0,0,0,0,0,0,0,0,0,0,0,0,0,0,0,0,9,594,0,0,0,0,0,0,0,0,0,0,0,0,0,0,0,0,603,244,1856
Jharkhand,Sahebganj,93,0,0,0,93,53,1,1,0,2,0,57,0,0,0,0,0,0,0,0,0,24,24,0,24,0,3,0,27,40,0,0,40,10,0,0,0,36,0,46,0,36,24,24,0,60,2,0,0,0,0,0,0,2,0,0,0,0,0,0,0,0,0,0,0,0,0,0,0,0,0,0,6,113,0,0,28,16,12,0,0,0,0,0,0,0,0,0,0,0,147,154,626
Jharkhand,Saraikela,33,0,0,0,33,16,1,0,0,2,0,19,11,0,0,0,11,2,0,0,2,32,32,1,31,0,4,0,36,29,0,0,29,2,0,1,0,37,0,40,0,39,23,0,23,62,0,0,0,0,0,0,0,0,0,0,0,0,0,0,0,0,0,0,0,0,0,0,0,0,0,0,2,191,0,0,0,0,0,0,0,0,0,1,0,11,0,0,0,0,205,9,446
Jharkhand,Simdega,13,0,0,0,13,28,0,0,0,0,0,28,0,0,0,0,0,0,0,0,0,9,9,0,9,0,0,0,9,15,0,0,15,0,0,0,0,0,0,0,0,17,20,4,16,37,0,0,0,0,0,0,0,0,0,0,0,0,0,0,0,0,0,0,0,0,0,0,0,0,0,0,5,69,0,0,3,0,3,0,0,0,0,0,0,25,0,0,0,0,102,0,204
Karnataka,Bagalkot,20,4,0,0,24,67,0,15,0,1,0,83,0,0,0,0,0,5,0,0,5,3,1,1,0,2,1,1,5,47,0,0,47,0,0,0,0,3,0,3,0,160,18,5,13,178,2,0,0,0,67,0,0,69,0,0,0,0,0,0,0,0,0,0,0,0,0,21,0,0,21,0,463,0,0,3,0,0,0,0,0,0,0,0,0,8,0,0,0,11,485,1,921
Karnataka,Bengaluru City,878,173,0,0,1051,594,73,6,0,4,0,677,9,0,0,0,9,72,2,0,74,109,11,0,11,98,54,3,166,17561,152,3,17716,0,0,0,0,0,0,0,0,103,495,27,468,598,15,0,0,0,974,0,0,989,51,3,0,0,54,0,0,0,2,1,1,0,4,35,0,0,35,0,498,0,0,33,0,0,0,0,2,600,0,0,0,53,0,0,0,170,1356,111,22840
Karnataka,Bengaluru District,46,4,0,0,50,137,5,6,0,0,0,148,1,0,0,0,1,3,0,0,3,9,0,0,0,9,2,0,11,844,9,0,853,0,0,0,0,0,0,0,0,220,75,33,42,295,4,0,0,0,4,0,0,8,3,1,0,0,4,0,0,0,0,0,0,0,0,14,0,0,14,0,150,0,0,2,0,0,0,0,0,0,0,0,0,0,0,5,19,29,205,15,1607
Karnataka,Belagavi District,14,4,0,0,18,135,0,12,0,0,0,147,0,0,0,0,0,1,0,0,1,3,3,3,0,0,6,0,9,65,1,0,66,0,0,0,0,0,0,0,0,628,50,50,0,678,2,0,0,0,2,0,0,4,0,0,0,0,0,0,0,0,0,0,0,0,0,9,1,0,10,0,851,0,0,2,0,0,0,0,1,1,0,0,0,0,0,0,0,19,874,0,1807
Karnataka,Ballari,17,4,0,0,21,62,2,3,0,23,0,90,0,0,0,0,0,2,0,0,2,1,0,0,0,1,1,0,2,118,3,0,121,0,0,0,0,0,0,0,0,326,29,16,13,355,2,0,0,0,0,0,0,2,0,0,0,0,0,0,0,0,0,0,0,0,0,55,0,0,55,0,691,0,2,2,0,0,0,0,0,0,0,0,0,0,0,2,21,18,736,3,1387
Karnataka,Bidar,23,8,0,0,31,61,0,0,0,0,0,61,0,0,0,0,0,4,0,0,4,2,1,0,1,1,0,0,2,41,3,0,44,0,0,0,0,0,0,0,0,141,24,6,18,165,1,0,0,0,14,0,0,15,0,0,0,0,0,0,0,0,0,0,0,0,0,83,0,0,83,0,459,0,0,3,0,0,0,0,0,0,0,0,0,4,0,0,0,2,468,1,874
Karnataka,Vijayapura,8,2,0,0,10,107,0,9,0,1,0,117,0,0,0,0,0,3,0,0,3,9,9,0,9,0,6,0,15,80,2,0,82,0,0,0,0,0,0,0,0,415,28,2,26,443,6,0,0,0,15,0,0,21,0,0,0,0,0,0,0,0,0,0,0,0,0,26,0,0,26,0,586,0,0,0,0,0,0,0,1,0,0,0,0,8,0,0,0,16,611,0,1328
Karnataka,Chikkaballapura,11,7,0,0,18,189,4,5,0,10,0,208,0,2,0,0,2,5,0,0,5,8,0,0,0,8,1,2,11,189,1,0,190,0,0,0,0,0,1,1,0,329,26,0,26,355,1,0,0,0,0,0,0,1,0,0,0,0,0,0,0,0,0,0,0,0,0,9,0,0,9,0,350,0,0,4,0,0,0,0,0,0,0,0,0,0,0,7,0,0,361,22,1183
Karnataka,Chamarajnagar,18,0,0,0,18,95,6,2,0,1,0,104,0,0,0,0,0,0,0,0,0,8,8,0,8,0,5,3,16,24,2,0,26,24,0,0,0,0,0,24,0,348,37,0,37,385,1,0,0,0,0,0,0,1,0,0,0,0,0,0,0,0,0,0,0,0,0,11,0,0,11,0,117,3,0,2,0,0,0,0,0,0,0,0,0,0,0,0,0,21,143,0,728
Karnataka,Chikkamagaluru,11,0,0,0,11,122,1,1,0,0,0,124,1,0,0,0,1,3,1,0,4,13,13,2,11,0,1,0,14,92,0,0,92,0,0,0,0,0,0,0,0,323,227,212,15,550,4,1,0,0,0,0,0,5,0,0,0,0,0,0,0,0,0,0,0,0,0,1,0,0,1,0,178,1,0,5,0,0,0,0,0,2,0,0,0,5,0,1,0,64,256,4,1062
Karnataka,Chitradurga,53,4,0,0,57,152,1,3,0,1,0,157,0,0,0,2,2,1,0,0,1,2,0,0,0,2,1,1,4,74,2,0,76,0,0,0,0,28,0,28,0,410,66,66,0,476,1,0,0,0,1,0,0,2,0,0,0,0,0,0,0,0,0,0,0,0,0,12,0,0,12,0,522,0,0,4,0,0,0,0,0,0,0,0,0,0,0,1,0,24,551,0,1366
Karnataka,Dakshina Kannada,4,1,0,0,5,69,3,0,0,2,0,74,0,0,0,0,0,1,2,0,3,4,2,2,0,2,3,0,7,104,0,0,104,1,0,0,0,0,0,1,0,22,44,36,8,66,0,0,0,0,0,0,0,0,0,0,0,0,0,0,0,0,0,0,0,0,0,0,0,0,0,0,20,0,0,3,0,0,0,0,0,0,0,0,0,1,0,0,0,35,59,0,319
Karnataka,Davanagere,76,8,0,0,84,113,4,1,0,1,2,121,0,0,0,0,0,2,0,0,2,0,0,0,0,0,2,0,2,139,2,0,141,0,0,0,0,0,0,0,0,268,173,173,0,441,1,0,0,0,1,0,0,2,0,0,0,0,0,0,0,0,0,0,0,0,0,9,0,0,9,0,490,0,0,4,0,0,0,0,0,0,0,0,0,2,0,0,0,0,496,4,1302
Karnataka,Dharwad,1,0,0,0,1,51,0,2,0,0,0,53,0,1,0,0,1,1,0,0,1,0,0,0,0,0,0,0,0,68,1,0,69,0,0,0,0,0,0,0,0,168,19,5,14,187,0,0,0,0,0,0,0,0,0,0,0,0,0,0,0,0,0,0,0,0,0,1,0,0,1,0,211,0,0,4,1,0,0,1,0,0,0,0,0,2,0,0,0,11,229,1,543
Karnataka,Gadag,8,2,0,0,10,38,1,0,0,0,0,39,0,0,0,0,0,0,0,0,0,0,0,0,0,0,3,0,3,67,5,0,72,0,0,0,0,0,0,0,0,277,23,11,12,300,1,0,0,0,0,0,0,1,0,0,0,0,0,0,0,0,0,0,0,0,0,15,0,0,15,0,440,0,0,2,0,0,0,0,0,0,0,0,0,0,0,0,49,0,491,1,932
Karnataka,Kalaburgi,40,0,0,0,40,64,2,3,0,9,0,78,0,0,1,0,1,0,0,0,0,6,3,0,3,3,0,0,6,33,1,0,34,0,0,0,0,13,0,13,0,202,22,22,0,224,0,0,0,0,3,0,0,3,0,0,0,0,0,0,0,0,0,0,0,0,0,30,0,0,30,0,467,0,0,1,0,0,0,0,0,0,0,0,0,12,0,0,0,9,489,1,919
Karnataka,Hassan,69,2,0,0,71,163,1,10,0,2,0,176,2,0,0,0,2,6,0,0,6,6,4,2,2,2,0,0,6,131,0,0,131,0,0,0,0,2,0,2,0,305,130,86,44,435,4,0,0,0,0,0,0,4,1,0,0,0,1,0,0,0,0,0,0,0,0,8,0,0,8,0,168,0,0,5,1,0,0,1,0,0,0,0,0,0,0,12,12,37,235,26,1103
Karnataka,Haveri,24,4,0,0,28,125,2,3,0,1,0,131,0,0,0,0,0,0,0,0,0,2,2,0,2,0,0,0,2,125,0,0,125,0,0,0,0,0,0,0,0,169,19,19,0,188,9,0,0,0,0,0,0,9,0,0,0,0,0,0,0,0,0,0,0,0,0,7,0,0,7,0,475,0,0,12,0,0,0,0,0,0,0,0,0,5,0,0,0,11,503,8,1001
Karnataka,Hubballi Dharwad City,0,6,0,0,6,71,0,2,0,0,0,73,0,0,0,0,0,1,0,0,1,10,0,0,0,10,0,0,10,240,2,0,242,0,0,0,0,0,0,0,0,54,244,179,65,298,0,0,0,0,0,0,0,0,0,0,0,0,0,0,0,0,0,0,0,0,0,2,0,0,2,0,313,0,0,1,0,0,0,0,0,0,0,0,0,4,0,0,0,4,322,155,1109
Karnataka,Kgf,18,2,0,0,20,48,0,0,0,0,0,48,0,0,0,0,0,0,0,0,0,5,5,0,5,0,0,1,6,97,0,0,97,0,0,0,0,0,0,0,0,119,26,12,14,145,0,0,0,0,0,0,0,0,0,0,1,0,1,0,0,0,0,0,0,0,0,2,0,0,2,0,18,0,0,0,0,0,0,0,0,0,0,0,0,0,0,0,0,5,23,0,342
Karnataka,Kodagu,6,1,0,0,7,80,0,1,0,0,0,81,1,9,0,0,10,1,0,0,1,6,6,6,0,0,0,0,6,82,1,0,83,18,0,0,0,0,0,18,0,124,86,86,0,210,0,0,0,0,13,0,0,13,0,0,0,0,0,0,0,0,0,0,0,0,0,0,0,0,0,0,32,1,0,1,0,0,0,0,0,0,0,0,0,17,0,0,4,6,61,2,492
Karnataka,Kolar,17,1,0,0,18,104,1,2,0,0,0,107,5,0,0,0,5,0,0,0,0,9,2,1,1,7,4,4,17,58,0,0,58,0,0,0,0,0,0,0,0,59,39,18,21,98,5,0,0,0,1,0,0,6,0,0,0,0,0,0,0,0,0,0,0,0,0,11,0,0,11,0,127,0,0,1,0,0,0,0,1,2,0,0,0,1,0,0,0,3,135,0,455
Karnataka,Koppal,0,1,0,0,1,72,0,3,0,0,0,75,0,0,0,0,0,1,0,0,1,0,0,0,0,0,2,0,2,27,1,0,28,0,0,0,0,0,0,0,0,248,12,12,0,260,0,0,0,0,4,0,0,4,0,0,0,0,0,0,0,0,0,0,0,0,0,4,0,0,4,0,623,0,0,2,0,0,0,0,1,0,0,0,0,14,0,0,0,6,646,0,1021
Karnataka,Mandya,42,2,0,0,44,162,3,8,0,0,0,173,1,0,0,0,1,3,0,0,3,1,1,0,1,0,1,4,6,67,2,0,69,4,0,0,0,0,0,4,0,281,57,26,31,338,2,0,0,0,1,0,0,3,0,0,0,0,0,0,0,0,0,0,0,0,0,3,0,0,3,0,274,0,0,0,1,0,0,1,0,0,0,0,0,7,0,203,2,4,491,21,1156
Karnataka,Mangaluru City,39,0,0,0,39,66,0,5,0,0,0,71,0,0,0,0,0,1,0,0,1,2,2,1,1,0,0,0,2,137,3,0,140,0,0,0,0,0,0,0,0,8,1114,1028,86,1122,0,0,0,0,0,0,0,0,1,0,1,0,2,0,0,0,0,0,0,0,0,3,0,0,3,0,217,0,0,4,0,0,0,0,0,0,0,0,0,3,0,0,0,0,224,40,1644
Karnataka,Mysuru City,119,14,0,0,133,69,2,7,0,1,0,79,1,0,0,0,1,2,0,0,2,3,0,0,0,3,0,0,3,260,14,0,274,0,0,0,0,0,0,0,0,10,43,0,43,53,2,0,0,0,0,0,0,2,0,0,0,0,0,0,0,0,0,0,0,0,0,4,0,0,4,0,52,0,0,0,0,0,0,0,0,0,0,0,0,0,0,0,0,0,52,24,627
Karnataka,Mysuru District,16,0,0,0,16,141,0,11,0,5,0,157,1,0,1,1,3,0,0,0,0,1,0,0,0,1,3,0,4,46,4,0,50,4,0,0,0,6,0,10,0,273,27,6,21,300,1,0,0,0,0,0,0,1,0,0,0,0,0,0,0,0,0,0,0,0,0,5,0,0,5,0,162,0,0,2,0,0,0,0,0,0,0,0,0,0,0,0,0,15,179,10,735
Karnataka,Raichur,67,2,0,0,69,94,0,2,0,17,0,113,0,0,0,0,0,3,0,0,3,0,0,0,0,0,1,0,1,21,1,0,22,0,0,0,0,0,0,0,0,314,20,8,12,334,0,0,0,0,0,0,0,0,0,0,0,0,0,0,0,0,0,0,0,0,0,22,0,0,22,0,875,0,0,0,0,0,0,0,2,3,0,0,0,3,0,0,15,1,899,1,1464
Karnataka,Krailways,0,0,0,0,0,5,0,0,0,0,0,5,0,0,0,0,0,0,0,0,0,1,1,1,0,0,0,0,1,0,0,0,0,0,0,0,0,0,0,0,0,22,59,8,51,81,0,0,0,0,0,0,0,0,0,0,0,0,0,1,0,1,0,0,0,0,0,0,0,0,0,0,0,0,0,1,2,2,0,0,0,0,0,0,0,0,0,2,0,0,5,0,93
Karnataka,Ramanagara,40,3,0,0,43,119,6,8,0,5,0,138,0,0,0,0,0,1,0,0,1,6,0,0,0,6,1,2,9,236,4,0,240,1,0,0,0,1,0,2,0,104,50,28,22,154,4,0,0,0,12,0,0,16,0,0,0,0,0,0,0,0,0,0,0,0,0,4,0,0,4,0,107,0,0,8,0,0,0,0,0,0,0,0,0,0,0,48,9,17,189,9,805
Karnataka,Shimoga,100,4,0,0,104,226,4,5,0,5,0,240,1,0,0,0,1,8,0,0,8,20,3,0,3,17,4,0,24,123,2,0,125,0,0,0,0,3,0,3,0,368,380,366,14,748,1,0,0,0,14,0,0,15,0,0,0,0,0,0,0,0,0,0,0,0,0,5,0,0,5,0,419,0,0,1,0,0,0,0,1,0,0,0,0,101,0,1,0,25,548,4,1825
Karnataka,Tumakuru,104,4,0,0,108,187,6,2,0,5,0,200,0,0,0,0,0,3,0,0,3,3,3,0,3,0,3,4,10,322,6,0,328,0,0,0,0,21,0,21,0,486,111,72,39,597,4,0,0,0,1,0,0,5,1,0,0,0,1,0,0,0,0,0,0,0,0,11,0,0,11,0,514,3,0,8,1,0,0,1,1,0,0,0,0,0,0,0,16,35,578,0,1862
Karnataka,Udupi,12,4,0,0,16,61,5,0,0,1,0,67,2,0,0,0,2,10,1,0,11,6,4,2,2,2,6,0,12,203,0,0,203,1,0,0,0,14,0,15,0,33,123,111,12,156,0,0,0,0,1,0,0,1,0,0,0,0,0,0,0,0,0,0,0,0,0,5,0,0,5,0,127,0,0,3,0,0,0,0,0,0,0,0,0,7,0,0,0,20,157,0,645
Karnataka,Uttara Kannada,18,1,0,0,19,81,0,1,0,0,0,82,2,0,0,0,2,1,0,0,1,14,14,0,14,0,1,0,15,96,0,0,96,1,0,0,0,8,0,9,0,177,86,55,31,263,0,0,0,0,0,0,0,0,0,0,0,0,0,0,0,0,0,0,1,0,1,4,0,0,4,0,349,0,0,1,0,0,0,0,0,0,0,0,0,9,0,1,0,54,414,0,906
Karnataka,Yadgiri,18,0,0,0,18,53,3,11,0,0,0,67,1,0,0,0,1,3,0,0,3,2,2,2,0,0,1,0,3,19,0,0,19,0,0,0,0,17,0,17,0,259,7,5,2,266,0,0,0,0,0,0,0,0,0,0,0,0,0,0,0,0,0,0,0,0,0,9,0,0,9,0,471,0,0,7,0,0,0,0,0,2,0,0,0,7,0,0,0,7,494,1,898
Karnataka,Belagavi City,3,4,0,0,7,29,1,1,0,0,0,31,0,0,0,0,0,0,0,0,0,3,1,0,1,2,1,0,4,100,0,0,100,0,0,0,0,0,0,0,0,44,55,42,13,99,0,0,0,0,4,0,0,4,0,0,0,0,0,0,0,0,0,0,0,0,0,3,0,0,3,0,124,0,0,2,0,0,0,0,0,0,0,0,0,0,0,0,0,11,137,9,394
Karnataka,Kalaburgi City,36,20,0,0,56,27,2,2,0,0,0,31,1,0,0,0,1,2,0,0,2,4,0,0,0,4,1,0,5,30,2,0,32,0,0,0,0,0,0,0,0,90,53,48,5,143,0,0,0,0,7,0,0,7,0,0,0,0,0,0,0,0,0,0,0,0,0,16,0,0,16,0,239,0,0,3,0,0,0,0,0,0,0,0,0,1,0,0,0,6,249,19,561
Karnataka,Vijayanagara,15,4,0,0,19,79,1,0,0,11,0,91,0,0,0,0,0,1,0,0,1,1,0,0,0,1,1,1,3,22,1,0,23,0,0,0,0,4,0,4,0,349,68,26,42,417,1,0,0,0,0,0,0,1,0,0,0,0,0,0,0,0,0,0,0,0,0,17,1,0,18,0,704,0,0,0,0,0,0,0,0,0,0,0,0,0,0,1,0,9,714,0,1291
Kerala,Alapuzha,0,2,48,0,50,328,8,1,0,0,0,337,13,0,0,0,13,20,0,0,20,3,0,0,0,3,140,0,143,32,1,0,33,3,0,0,0,0,0,3,5801,0,1324,1272,52,7125,0,0,1,0,1395,0,0,1396,0,0,0,0,0,0,0,0,0,0,0,0,0,1,0,0,1,0,33,14,0,0,0,0,0,0,0,0,0,0,0,0,1,14606,0,2305,16959,0,26080
Kerala,Ernakulam Commr,1,4,26,0,31,166,7,0,0,0,0,173,2,1,0,0,3,11,0,0,11,5,0,0,0,5,1,0,6,14,10,0,24,0,0,0,0,0,0,0,1612,0,2475,2338,137,4087,0,0,0,0,452,1,0,453,6,2,1,0,9,0,0,0,0,0,0,0,0,0,0,1,1,0,49,0,0,0,0,0,0,0,0,0,0,3,0,4,0,5422,0,1158,6636,39,11473
Kerala,Ernakulam Rural,0,6,64,1,71,251,8,0,0,0,0,259,6,1,0,0,7,9,0,0,9,4,1,0,1,3,27,4,35,12,0,0,12,1,0,0,0,0,0,1,9646,0,2037,1987,50,11683,0,0,0,0,1399,0,0,1399,1,3,0,0,4,0,0,0,0,0,0,0,0,2,0,0,2,0,100,7,0,0,0,0,0,0,0,0,0,0,0,4,0,11359,0,2097,13567,148,27197
Kerala,Idukki,0,2,22,0,24,225,20,2,0,0,0,247,2,2,0,0,4,14,0,0,14,6,6,0,6,0,18,0,24,5,0,0,5,1,1,0,0,1,0,3,5038,0,684,664,20,5722,0,0,0,0,691,0,0,691,4,0,0,0,4,0,0,0,0,0,0,0,0,6,0,0,6,0,64,3,0,0,0,0,0,0,1,0,0,0,3,3,0,5221,0,1701,6996,1,13741
Kerala,Kannur City,0,0,3,0,3,114,5,1,0,0,0,120,1,0,0,0,1,4,0,0,4,5,0,0,0,5,17,20,42,7,0,0,7,33,0,0,0,32,0,65,4617,0,821,761,60,5438,2,0,0,0,6,0,0,8,0,0,0,0,0,0,0,0,0,0,0,0,0,3,0,0,3,0,82,13,0,1,0,0,0,0,0,0,0,0,0,2,0,1747,0,2951,4796,6,10493
Kerala,Kasargod,0,0,8,0,8,160,9,0,0,0,0,169,0,0,0,0,0,11,0,0,11,10,8,0,8,2,0,5,15,29,0,0,29,2,0,0,0,0,0,2,3410,0,924,870,54,4334,1,0,0,0,23,0,0,24,0,2,0,0,2,2,0,2,0,0,0,0,0,0,0,0,0,0,421,1,0,1,0,0,0,0,0,0,0,0,2,2,0,2871,0,1121,4419,1056,10071
Kerala,Kollam Commr,1,2,23,0,26,203,23,0,0,0,0,226,2,0,0,0,2,16,0,0,16,6,0,0,0,6,98,0,104,126,0,0,126,1,0,0,0,0,0,1,3289,0,412,315,97,3701,0,0,0,0,271,0,0,271,1,2,0,0,3,0,0,0,0,0,0,0,0,1,0,0,1,0,23,2,0,0,0,0,0,0,2,0,0,0,7,5,0,7525,0,2536,10100,0,14577
Kerala,Kollam Rural,0,0,29,0,29,230,10,0,0,0,0,240,0,0,0,0,0,5,0,0,5,8,3,0,3,5,0,28,36,43,1,0,44,0,0,0,0,3,0,3,2606,0,367,337,30,2973,0,0,0,0,977,0,0,977,0,5,0,0,5,0,0,0,0,0,0,0,0,3,0,0,3,0,25,2,0,0,0,0,0,0,0,0,0,0,0,0,0,10919,0,2566,13512,15,17842
Kerala,Kottayam,0,1,29,0,30,239,4,0,0,0,0,243,4,0,0,0,4,11,0,0,11,3,3,1,2,0,13,3,19,23,1,0,24,2,0,0,0,0,0,2,6196,0,883,863,20,7079,0,0,0,0,1481,0,0,1481,0,0,0,0,0,0,0,0,0,0,0,0,0,0,0,0,0,0,67,7,0,0,0,0,0,0,1,0,0,0,0,1,0,15798,0,2440,18314,51,27258
Kerala,Kozhikode Commr,0,0,8,0,8,182,1,0,0,0,0,183,4,0,0,0,4,2,0,0,2,1,1,0,1,0,0,0,1,1,0,1,2,15,0,0,0,0,0,15,1264,0,1835,1767,68,3099,0,0,0,0,7,0,0,7,0,1,1,0,2,0,0,0,0,0,0,0,0,1,0,0,1,0,30,0,0,4,0,0,0,0,0,0,0,0,0,0,0,1078,0,1005,2117,3,5444
Kerala,Kozhikode Rural,0,0,18,0,18,277,2,1,0,0,0,280,3,0,0,0,3,7,0,0,7,5,5,0,5,0,5,12,22,7,0,0,7,14,0,0,0,0,0,14,3041,0,987,942,45,4028,0,0,0,0,147,0,0,147,0,0,0,0,0,0,0,0,0,0,0,0,0,1,0,0,1,0,59,2,0,3,0,0,0,0,1,0,0,0,0,0,0,1138,0,2973,4176,2,8705
Kerala,Malappuram,0,0,17,0,17,504,2,1,0,1,0,508,4,0,0,0,4,15,0,1,16,18,16,1,15,2,72,44,134,11,2,0,13,365,0,0,0,0,0,365,5384,0,4496,4380,116,9880,0,0,0,0,489,4,0,493,1,10,0,0,11,0,0,0,0,0,0,0,0,10,0,0,10,0,265,2,0,5,0,0,0,0,2,0,0,0,3,5,1,16781,0,3333,20397,14,31862
Kerala,Palakkad,0,0,21,0,21,261,4,0,0,0,0,265,4,1,0,0,5,4,0,0,4,11,11,0,11,0,33,1,45,14,0,1,15,18,0,0,0,0,0,18,8528,0,2408,2252,156,10936,0,0,0,0,6,0,0,6,0,0,0,0,0,0,0,0,0,0,0,0,0,14,0,0,14,0,177,1,0,2,0,0,0,0,0,0,0,0,0,1,0,5498,0,2546,8225,2,19556
Kerala,Pathanamthitta,3,0,12,0,15,178,16,0,0,0,0,194,3,0,0,0,3,7,0,0,7,2,1,0,1,1,12,0,14,90,0,0,90,0,0,0,0,0,0,0,947,0,268,255,13,1215,1,0,0,0,282,0,0,283,1,0,0,0,1,0,0,0,0,0,0,0,0,0,0,0,0,0,13,10,0,0,0,0,0,0,1,0,0,0,8,5,0,7930,0,2065,10032,7,11861
Kerala,Railways,0,0,0,0,0,11,0,0,0,0,0,11,0,0,0,0,0,4,0,0,4,0,0,0,0,0,0,0,0,0,0,0,0,0,0,0,0,0,0,0,69,0,162,77,85,231,0,0,0,0,8,0,0,8,0,0,0,0,0,0,0,0,0,0,0,0,0,0,0,0,0,0,0,0,0,0,0,0,0,0,0,0,0,0,2,0,0,0,0,0,2,6207,6463
Kerala,Thrissur Commr,0,1,40,0,41,182,3,1,0,0,0,186,1,0,0,0,1,8,0,0,8,1,0,0,0,1,12,2,15,270,0,0,270,2,0,0,0,0,0,2,1141,0,1388,1335,53,2529,0,0,0,0,409,0,0,409,0,0,0,0,0,0,0,0,0,0,0,0,0,0,0,0,0,0,89,2,0,1,0,0,0,0,1,0,0,0,2,0,0,7198,0,1275,8568,57,12086
Kerala,Thrissur Rural,0,1,24,0,25,178,2,0,0,0,0,180,0,0,0,0,0,9,0,0,9,2,1,0,1,1,21,0,23,285,4,0,289,0,0,0,0,0,0,0,3238,0,1021,979,42,4259,0,0,0,0,168,0,0,168,0,1,0,0,1,0,0,0,0,0,0,0,0,0,0,0,0,0,74,1,0,2,0,0,0,0,0,0,0,0,2,4,3,4302,0,1887,6275,0,11229
Kerala,Trivandrum Commr,12,1,34,0,47,191,23,1,0,0,0,215,7,0,0,0,7,15,0,1,16,9,0,0,0,9,1,5,15,259,0,0,259,0,0,0,0,0,0,0,2356,0,1351,1244,107,3707,0,0,0,0,231,0,0,231,1,64,10,0,75,0,0,0,4,0,0,0,4,0,0,0,0,0,0,3,0,0,0,0,0,0,0,0,0,0,1,6,10,4602,0,2907,7529,28,12133
Kerala,Trivandrum Rural,0,0,58,0,58,349,25,0,0,0,0,374,3,0,0,0,3,22,0,0,22,5,0,0,0,5,10,4,19,57,0,1,58,0,0,0,0,1,0,1,3126,0,1378,1339,39,4504,0,0,1,0,685,0,0,686,2,0,1,0,3,0,0,0,1,0,0,0,1,2,0,0,2,0,13,3,0,0,0,0,0,0,0,0,0,0,4,0,1,5291,0,3385,8697,1624,16052
Kerala,Wayanadu,0,0,6,0,6,193,4,0,0,0,0,197,0,1,0,0,1,5,3,0,8,10,8,0,8,2,7,0,17,20,0,0,20,0,0,0,0,0,0,0,3998,0,1236,1209,27,5234,0,0,0,0,0,0,0,0,3,0,0,0,3,0,0,0,0,0,0,0,0,0,0,0,0,0,29,2,0,0,0,0,0,0,0,0,0,0,0,3,0,1687,0,1329,3050,18,8554
Kerala,Crime Branch,0,0,0,0,0,1,0,0,0,0,0,1,0,0,0,0,0,0,0,0,0,0,0,0,0,0,0,0,0,1,0,0,1,0,0,0,0,0,0,0,0,0,0,0,0,0,0,0,0,0,0,0,0,0,0,2,0,0,2,0,0,0,0,0,0,0,0,0,0,0,0,0,0,0,0,0,0,0,0,0,0,0,0,0,0,0,0,0,0,0,0,0,4
Kerala,Kannur Rural,0,0,6,0,6,90,10,0,0,0,0,100,1,0,0,0,1,6,1,1,8,5,4,0,4,1,0,4,9,3,0,0,3,3,0,0,0,13,0,16,5359,0,692,670,22,6051,0,0,0,0,5,0,0,5,0,0,0,0,0,0,0,0,0,0,0,0,0,0,0,0,0,0,119,3,0,0,0,0,0,0,0,0,0,0,0,2,0,3969,0,2063,6156,3,12358
Madhya Pradesh,Agar,0,0,0,0,0,41,0,0,0,0,0,41,0,0,0,0,0,1,0,0,1,68,7,0,7,61,0,1,69,0,0,0,0,0,0,0,0,0,0,0,0,562,32,21,11,594,0,0,0,0,0,0,0,0,0,0,0,0,0,0,0,0,0,0,0,0,0,7,0,0,7,0,128,0,0,0,0,0,0,0,0,0,0,0,0,0,0,0,0,12,140,0,852
Madhya Pradesh,Alirajpur,0,0,0,0,0,24,0,0,0,0,0,24,0,0,0,0,0,0,0,0,0,81,2,0,2,79,5,0,86,0,0,0,0,0,0,0,0,0,0,0,0,2043,6,0,6,2049,0,0,0,0,0,0,0,0,0,0,0,0,0,0,0,0,0,0,0,0,0,6,0,0,6,0,71,0,0,0,0,0,0,0,0,0,0,0,0,6,0,0,0,0,77,21,2263
Madhya Pradesh,Anuppur,0,0,0,0,0,74,0,0,0,0,0,74,0,0,0,0,0,0,0,0,0,14,1,0,1,13,0,0,14,0,0,0,0,0,0,0,0,0,0,0,0,1295,31,10,21,1326,0,0,0,0,0,0,0,0,0,0,0,0,0,0,0,0,0,0,0,0,0,3,0,0,3,0,146,0,0,0,0,0,0,0,0,0,0,0,0,31,0,0,0,0,177,5,1599
Madhya Pradesh,Ashok Nagar,0,0,0,0,0,121,1,0,0,0,0,122,0,0,0,0,0,0,0,0,0,54,54,0,54,0,22,0,76,1,0,0,1,0,0,0,0,0,0,0,0,1564,33,33,0,1597,0,0,0,0,0,2,0,2,0,0,0,0,0,0,0,0,0,0,0,0,0,7,0,0,7,0,282,10,0,0,0,0,0,0,0,13,0,0,0,8,0,0,0,0,313,30,2148
Madhya Pradesh,Balaghat,1,0,0,0,1,93,0,0,0,0,0,93,0,0,0,0,0,0,5,0,5,87,2,0,2,85,1,0,88,0,2,0,2,0,0,0,0,0,0,0,0,2056,29,0,29,2085,0,1,0,0,0,0,0,1,0,0,0,0,0,0,0,0,0,0,0,0,0,1,0,0,1,0,456,0,0,0,0,0,0,0,0,10,0,0,0,97,0,0,0,0,563,8,2847
Madhya Pradesh,Barwani,0,0,0,0,0,85,0,0,0,0,0,85,0,0,0,0,0,0,0,0,0,77,32,0,32,45,13,0,90,0,0,0,0,0,0,0,0,0,0,0,0,3186,37,10,27,3223,0,0,0,0,1,17,0,18,0,0,0,0,0,0,0,0,0,0,0,0,0,5,0,0,5,0,447,0,0,0,0,0,0,0,0,0,0,0,0,61,0,0,0,0,508,8,3937
Madhya Pradesh,Betul,2,0,0,0,2,100,0,0,0,0,0,100,0,0,0,0,0,0,0,0,0,106,7,0,7,99,3,0,109,0,0,0,0,0,0,0,0,0,0,0,0,2745,19,6,13,2764,0,0,0,0,0,0,0,0,0,0,0,0,0,0,0,0,0,0,0,0,0,5,0,0,5,0,702,2,0,0,0,0,0,0,0,0,0,0,0,87,0,0,0,0,791,6,3777
Madhya Pradesh,Bhind,0,0,0,0,0,60,0,0,0,0,0,60,0,0,0,0,0,0,0,0,0,136,136,0,136,0,7,0,143,0,0,0,0,0,0,0,0,0,0,0,0,775,12,12,0,787,0,0,0,0,0,0,0,0,0,0,0,0,0,0,0,0,0,0,0,0,0,18,0,0,18,0,190,0,0,0,0,0,0,0,0,0,0,0,0,0,0,0,0,0,190,35,1233
Madhya Pradesh,Bhopal Commissionarate,2,0,0,0,2,283,5,0,0,0,0,288,0,0,0,0,0,0,0,0,0,456,88,0,88,368,1,0,457,15,4,0,19,0,0,0,0,0,0,0,0,2344,171,96,75,2515,0,0,0,0,8,29,0,37,0,0,0,0,0,0,0,0,0,0,0,0,0,33,0,0,33,0,666,3,0,0,0,0,0,0,0,21,0,0,0,8,0,0,0,53,751,172,4274
Madhya Pradesh,Bhopal Railway,0,0,0,0,0,1,0,0,0,0,0,1,0,0,0,0,0,0,0,0,0,0,0,0,0,0,0,0,0,0,0,0,0,0,0,0,0,0,0,0,0,0,0,0,0,0,0,0,0,0,0,0,0,0,0,0,0,0,0,0,0,0,0,0,0,0,0,0,0,0,0,0,0,0,0,0,0,0,0,0,0,0,0,0,0,0,0,0,0,0,0,0,1
Madhya Pradesh,Burhanpur,0,0,0,0,0,48,0,0,0,0,0,48,0,0,0,0,0,0,0,0,0,85,20,0,20,65,0,0,85,0,0,0,0,0,0,0,0,0,0,0,0,1751,10,10,0,1761,1,0,0,0,0,0,0,1,0,0,0,0,0,0,0,0,0,0,0,0,0,1,0,0,1,0,437,1,0,0,0,0,0,0,0,0,0,0,0,40,0,0,0,9,487,0,2383
Madhya Pradesh,Chhatarpur,2,0,0,0,2,69,0,0,0,0,0,69,0,0,0,0,0,0,0,0,0,389,197,0,197,192,13,0,402,9,0,0,9,0,0,0,0,0,1,1,0,1655,45,5,40,1700,0,0,0,0,0,0,0,0,0,0,0,0,0,0,0,0,0,0,0,0,0,16,0,0,16,0,281,1,0,0,0,0,0,0,0,11,0,0,0,11,0,0,10,0,314,20,2533
Madhya Pradesh,Chhindwara,1,0,0,0,1,74,0,0,0,0,0,74,0,0,0,0,0,0,0,0,0,87,10,0,10,77,17,0,104,0,0,0,0,0,0,0,0,0,0,0,0,3280,22,0,22,3302,0,0,0,0,0,4,0,4,0,0,0,0,0,0,0,0,0,0,0,0,0,16,0,0,16,0,721,3,0,0,0,0,0,0,0,0,0,0,0,50,0,0,0,0,774,59,4334
Madhya Pradesh,Damoh,0,0,0,0,0,34,0,0,0,0,0,34,0,0,0,0,0,1,0,0,1,94,25,0,25,69,18,0,112,0,0,0,0,0,0,0,0,7,0,7,0,2224,17,0,17,2241,0,0,0,0,0,0,0,0,0,0,0,0,0,0,0,0,0,0,0,0,0,1,0,0,1,0,783,0,0,0,0,0,0,0,0,0,0,0,0,28,0,0,0,0,811,0,3207
Madhya Pradesh,Datia,1,1,0,0,2,33,0,1,0,0,0,34,0,0,0,0,0,0,0,0,0,311,159,0,159,152,0,16,327,4,0,0,4,0,0,0,0,0,0,0,0,1986,28,0,28,2014,0,0,0,0,0,0,0,0,0,0,0,0,0,0,0,0,0,0,0,0,0,12,0,0,12,0,450,1,0,0,0,0,0,0,0,46,0,0,0,3,0,0,0,0,500,4,2897
Madhya Pradesh,Dewas,0,0,11,0,11,156,0,0,0,0,0,156,0,0,0,0,0,0,0,0,0,432,19,0,19,413,0,3,435,0,0,0,0,0,0,0,0,0,0,0,0,4090,126,38,88,4216,0,0,0,0,0,15,0,15,0,0,0,0,0,0,0,0,0,0,0,0,0,15,0,0,15,0,669,27,0,0,0,0,0,0,0,19,0,0,0,45,0,0,0,0,760,40,5648
Madhya Pradesh,Dhar,0,2,0,0,2,251,0,0,0,0,0,251,0,0,0,0,0,0,0,0,0,421,96,0,96,325,4,0,425,0,0,0,0,0,0,0,0,0,0,0,0,2084,60,19,41,2144,0,0,0,0,0,0,0,0,0,0,0,0,0,0,0,0,0,0,0,0,0,22,0,0,22,0,592,20,0,0,0,0,0,0,0,0,0,0,0,46,0,0,0,23,681,0,3525
Madhya Pradesh,Dindori,0,0,0,0,0,79,0,0,0,0,0,79,0,0,0,0,0,0,0,0,0,15,1,0,1,14,0,0,15,0,0,0,0,0,0,0,0,0,0,0,0,1277,12,9,3,1289,0,0,0,0,0,0,0,0,0,0,0,0,0,0,0,0,0,0,0,0,0,0,0,0,0,0,139,0,0,0,0,0,0,0,0,0,0,0,0,2,0,0,0,0,141,5,1529
Madhya Pradesh,Guna,0,0,0,0,0,30,0,0,0,0,0,30,0,10,0,0,10,0,0,0,0,152,25,0,25,127,28,0,180,13,0,0,13,0,0,0,0,0,0,0,0,975,70,35,35,1045,3,2,0,0,0,0,0,5,0,0,0,0,0,0,0,0,0,0,0,0,0,34,0,0,34,0,442,0,0,0,0,0,0,0,0,0,0,0,0,22,0,0,0,0,464,4,1785
Madhya Pradesh,Gwalior,0,0,0,0,0,73,0,0,0,0,0,73,0,0,0,0,0,0,0,0,0,333,228,1,227,105,16,0,349,11,1,0,12,0,0,0,0,0,0,0,0,1313,85,28,57,1398,0,0,0,0,0,0,0,0,0,0,0,0,0,0,0,0,0,0,0,0,0,8,0,0,8,0,593,0,0,0,0,0,0,0,0,7,0,0,0,4,0,0,0,0,604,22,2466
Madhya Pradesh,Harda,0,0,0,0,0,87,0,0,0,0,0,87,0,0,0,0,0,0,0,0,0,45,15,0,15,30,3,1,49,2,0,0,2,0,0,0,0,0,0,0,0,866,36,0,36,902,0,0,0,0,0,0,0,0,0,0,0,0,0,0,0,0,0,0,0,0,0,0,0,0,0,0,221,2,0,0,0,0,0,0,0,0,0,0,0,13,0,0,0,21,257,0,1297
Madhya Pradesh,Narmadapuram,0,0,0,0,0,105,0,0,0,0,0,105,0,0,0,0,0,0,0,0,0,152,13,1,12,139,2,0,154,0,0,0,0,0,0,0,0,0,0,0,0,1834,35,0,35,1869,0,0,0,0,0,0,0,0,0,0,0,0,0,0,0,0,0,0,0,0,0,1,0,0,1,0,600,3,0,0,0,0,0,0,0,0,0,0,0,6,0,0,0,0,609,14,2752
Madhya Pradesh,Indore Commissionarate,0,2,0,0,2,322,0,3,0,0,0,325,0,0,0,0,0,0,0,0,0,576,56,0,56,520,0,5,581,11,14,0,25,0,0,0,0,0,0,0,0,2421,1305,1110,195,3726,0,0,0,1,2,1,0,4,0,0,0,0,0,0,0,0,1,0,0,0,1,28,0,0,28,0,390,0,0,0,0,0,0,0,0,6,0,0,0,34,0,0,0,0,430,69,5191
Madhya Pradesh,Indore Railway,0,0,0,0,0,4,0,0,0,0,0,4,0,0,0,0,0,0,0,0,0,7,7,0,7,0,0,0,7,2,0,0,2,0,0,0,0,0,0,0,0,43,5,0,5,48,0,0,0,0,0,0,0,0,0,0,0,0,0,0,0,0,0,0,0,0,0,0,0,0,0,0,14,0,0,0,0,0,0,0,0,0,0,0,0,0,0,0,0,0,14,0,75
Madhya Pradesh,Jabalpur,2,2,1,0,5,157,0,3,0,0,0,160,0,0,0,0,0,1,0,0,1,932,63,0,63,869,39,0,971,3,3,0,6,0,0,0,0,22,0,22,0,6384,121,0,121,6505,0,0,0,0,0,2,0,2,1,0,0,0,1,0,0,0,0,0,0,0,0,59,0,0,59,0,1757,3,0,0,0,0,0,0,0,0,0,0,0,22,0,0,0,19,1801,31,9564
Madhya Pradesh,Jabalpur Railway,0,0,0,0,0,5,0,0,0,0,0,5,0,0,0,0,0,0,0,0,0,16,1,0,1,15,0,0,16,0,0,0,0,0,0,0,0,0,0,0,0,29,8,0,8,37,0,0,0,0,0,0,0,0,0,0,0,0,0,0,0,0,0,0,0,0,0,0,0,0,0,0,9,0,0,0,0,0,0,0,0,0,0,0,0,0,0,0,0,0,9,0,67
Madhya Pradesh,Jhabua,0,0,0,0,0,34,0,0,0,0,0,34,0,0,0,0,0,0,0,0,0,41,9,1,8,32,5,0,46,0,0,0,0,0,0,0,0,0,0,0,0,1112,27,20,7,1139,0,0,0,0,0,27,0,27,0,0,0,0,0,0,0,0,0,0,0,0,0,11,0,0,11,0,129,0,0,0,0,0,0,0,0,0,0,0,0,10,0,0,0,0,139,21,1417
Madhya Pradesh,Katni,0,1,0,0,1,41,0,0,0,0,0,41,0,0,0,0,0,0,0,0,0,259,18,0,18,241,7,0,266,5,3,0,8,0,0,0,0,0,0,0,0,3786,74,9,65,3860,0,0,0,0,0,0,0,0,0,0,0,0,0,0,0,0,0,0,0,0,0,3,0,0,3,0,1037,0,0,0,0,0,0,0,0,0,0,0,0,9,0,0,0,0,1046,4,5229
Madhya Pradesh,Khandwa,0,1,0,0,1,174,1,0,0,0,0,175,0,0,0,0,0,0,0,0,0,130,26,0,26,104,4,0,134,0,2,0,2,0,0,0,0,0,0,0,0,1932,46,28,18,1978,0,0,0,0,0,0,0,0,0,0,0,0,0,0,0,0,0,0,0,0,0,11,0,0,11,0,293,8,0,0,0,0,0,0,0,18,0,0,0,34,0,0,0,10,363,2,2666
Madhya Pradesh,Khargone,0,1,0,0,1,264,0,0,0,0,0,264,0,0,0,0,0,0,0,0,0,177,64,0,64,113,2,1,180,4,1,0,5,0,0,0,0,1,0,1,0,3156,96,68,28,3252,0,0,0,0,0,4,0,4,0,0,0,0,0,0,0,0,0,0,0,1,1,4,0,0,4,0,389,0,0,0,0,0,0,0,0,0,0,0,0,88,0,0,0,16,493,52,4257
Madhya Pradesh,Mandla,2,0,0,0,2,70,0,0,0,0,0,70,0,0,0,0,0,0,0,0,0,21,3,0,3,18,1,0,22,0,0,0,0,0,0,0,0,0,0,0,0,1635,27,3,24,1662,0,2,0,0,0,3,0,5,0,0,0,0,0,0,0,0,0,0,0,0,0,0,0,0,0,0,229,0,0,0,0,0,0,0,0,1,0,0,0,21,0,0,0,0,251,8,2020
Madhya Pradesh,Mandsaur,0,0,0,0,0,44,0,0,0,0,0,44,0,0,0,0,0,0,0,0,0,186,186,0,186,0,0,0,186,0,0,0,0,0,0,0,0,0,0,0,0,1449,146,6,140,1595,0,0,0,0,0,0,0,0,0,0,0,0,0,0,0,0,0,0,0,0,0,6,0,0,6,0,381,2,0,0,0,0,0,0,0,33,0,0,0,37,0,0,0,0,453,40,2324
Madhya Pradesh,Morena,0,2,0,0,2,111,0,0,0,0,1,112,0,0,0,0,0,1,0,0,1,217,198,0,198,19,21,0,238,0,0,0,0,0,0,0,0,0,0,0,0,688,17,5,12,705,0,0,0,0,0,199,0,199,0,0,0,0,0,1,0,1,0,0,0,0,0,33,0,0,33,0,300,5,0,2,0,0,0,0,0,52,0,0,0,7,0,0,0,3,369,54,1714
Madhya Pradesh,Narsinghpur,0,0,0,0,0,58,0,0,0,0,0,58,0,0,0,0,0,0,0,0,0,172,0,0,0,172,17,0,189,9,0,0,9,0,0,0,0,0,0,0,0,3119,149,0,149,3268,0,1,0,0,0,1,0,2,0,0,0,0,0,0,0,0,0,0,0,0,0,4,0,0,4,0,1240,1,0,0,0,0,0,0,0,3,0,0,0,7,0,0,0,0,1251,22,4803
Madhya Pradesh,Neemuch,0,0,0,0,0,66,0,0,0,0,0,66,0,0,0,0,0,0,0,0,0,166,17,0,17,149,0,0,166,0,0,0,0,0,0,0,0,0,0,0,0,1047,139,0,139,1186,0,0,0,0,0,0,0,0,0,0,0,0,0,0,0,0,0,0,0,0,0,3,0,0,3,0,353,0,0,0,0,0,0,0,0,0,0,0,0,38,0,0,0,19,410,0,1831
Madhya Pradesh,Panna,1,0,0,0,1,70,0,0,0,0,0,70,0,0,0,0,0,0,0,0,0,105,19,0,19,86,11,0,116,5,0,0,5,0,0,0,0,0,0,0,0,1798,50,0,50,1848,0,0,0,0,0,0,0,0,0,0,0,0,0,0,0,0,0,0,0,0,0,0,0,0,0,0,482,0,0,0,0,0,0,0,1,9,0,0,0,16,0,0,0,0,508,12,2560
Madhya Pradesh,Raisen,0,0,0,0,0,213,5,0,0,1,0,219,0,0,0,0,0,0,0,0,0,30,6,0,6,24,2,0,32,7,0,0,7,0,0,0,0,0,0,0,0,1172,0,0,0,1172,0,0,0,0,0,0,0,0,0,0,0,0,0,0,0,0,0,0,0,0,0,2,1,1,4,0,294,40,0,0,0,0,0,0,0,0,0,0,0,0,0,0,0,0,334,0,1768
Madhya Pradesh,Rajgarh,0,0,0,0,0,108,0,0,0,0,0,108,0,0,0,0,0,0,0,0,0,50,0,0,0,50,20,0,70,7,0,0,7,0,0,0,0,9,0,9,0,839,24,0,24,863,2,3,0,0,0,0,0,5,0,0,0,0,0,0,0,0,0,0,0,0,0,9,0,0,9,0,244,1,0,0,0,0,0,0,0,0,0,0,0,7,0,0,0,48,300,0,1371
Madhya Pradesh,Ratlam,0,4,0,0,4,234,0,0,0,0,0,234,0,0,0,0,0,0,0,0,0,176,11,0,11,165,2,0,178,0,1,0,1,0,0,0,0,0,0,0,0,3442,88,9,79,3530,0,0,0,0,0,0,0,0,0,0,0,0,0,0,0,0,0,0,0,0,0,4,0,0,4,0,464,0,0,0,0,0,0,0,0,12,0,0,0,51,0,0,0,35,562,4,4517
Madhya Pradesh,Rewa,5,0,0,0,5,61,0,0,0,0,0,61,0,0,0,0,0,0,0,0,0,159,28,0,28,131,0,15,174,18,10,0,28,0,0,0,0,0,0,0,0,1451,101,1,100,1552,0,0,0,0,0,12,0,12,0,1,0,0,1,0,0,0,0,0,0,0,0,5,0,0,5,0,101,0,0,0,0,0,0,0,0,0,0,0,0,0,0,0,0,0,101,43,1982
Madhya Pradesh,Sagar,0,0,0,0,0,214,0,0,0,0,0,214,0,0,0,0,0,0,0,0,0,201,22,0,22,179,0,41,242,0,1,0,1,0,0,0,0,0,0,0,0,2154,25,25,0,2179,0,0,0,0,0,0,0,0,0,0,0,0,0,0,0,0,0,0,0,0,0,10,0,0,10,0,779,4,0,0,0,0,0,0,0,0,0,0,0,23,0,0,0,0,806,10,3462
Madhya Pradesh,Satna,3,0,0,0,3,68,0,0,0,0,0,68,0,0,0,0,0,0,0,0,0,134,33,0,33,101,12,0,146,0,0,0,0,0,0,0,0,0,0,0,0,1820,132,0,132,1952,0,0,0,0,0,8,0,8,0,0,0,0,0,0,0,0,0,0,0,0,0,8,0,0,8,0,223,0,0,0,0,0,0,0,0,62,0,0,0,26,0,0,0,0,311,24,2520
Madhya Pradesh,Seoni,0,0,0,0,0,67,0,0,0,0,0,67,0,0,0,0,0,0,0,0,0,74,5,0,5,69,0,1,75,4,0,0,4,0,0,0,0,0,0,0,0,3468,22,0,22,3490,0,0,0,0,0,0,0,0,0,0,0,0,0,0,0,0,0,0,0,0,0,4,0,0,4,0,658,0,0,0,0,0,0,0,0,0,0,0,0,123,0,0,0,0,781,54,4475
Madhya Pradesh,Shahdol,0,0,0,0,0,121,0,0,0,1,0,122,0,0,0,0,0,0,0,0,0,74,5,0,5,69,0,0,74,0,0,0,0,0,0,0,0,0,0,0,0,2300,46,7,39,2346,0,0,0,0,0,0,0,0,0,0,0,0,0,0,0,0,0,0,0,0,0,0,0,0,0,0,289,0,0,0,0,0,0,0,0,3,0,0,0,31,0,0,0,0,323,3,2868
Madhya Pradesh,Shajapur,0,0,0,0,0,102,0,0,0,0,0,102,0,0,0,0,0,0,0,0,0,53,7,1,6,46,0,0,53,1,0,0,1,0,0,0,0,0,0,0,0,1805,43,36,7,1848,1,0,0,0,0,0,0,1,0,0,0,0,0,0,0,0,0,0,0,0,0,7,0,0,7,0,377,0,0,0,0,0,0,0,1,0,0,0,0,23,0,0,0,0,401,26,2439
Madhya Pradesh,Sheopur,0,0,0,0,0,31,0,0,0,0,0,31,0,0,0,0,0,0,0,0,0,73,23,0,23,50,4,0,77,0,0,0,0,0,0,0,0,0,0,0,0,894,98,90,8,992,0,0,0,0,0,0,0,0,0,0,0,0,0,0,0,0,0,0,0,0,0,2,0,0,2,0,72,0,0,0,0,0,0,0,0,8,0,0,0,0,0,0,0,0,80,10,1192
Madhya Pradesh,Shivpuri,0,0,0,0,0,101,0,1,0,0,0,102,0,0,0,0,0,0,0,0,0,191,87,0,87,104,16,0,207,0,0,0,0,0,0,0,0,12,0,12,0,1697,100,0,100,1797,0,0,0,0,0,0,0,0,0,0,0,0,0,0,0,0,0,0,0,0,0,20,0,1,21,0,439,12,0,0,0,0,0,0,0,2,0,0,0,29,0,0,0,0,482,65,2686
Madhya Pradesh,Sidhi,0,0,0,0,0,57,0,0,0,0,0,57,0,0,0,0,0,0,0,0,0,17,17,0,17,0,0,0,17,0,0,0,0,0,0,0,0,0,0,0,0,2326,168,0,168,2494,0,0,0,0,0,3,0,3,0,1,0,0,1,0,0,0,0,0,0,0,0,3,0,0,3,0,46,0,0,0,0,0,0,0,0,0,0,0,0,0,0,0,0,0,46,0,2621
Madhya Pradesh,Sehore,0,0,0,0,0,193,0,0,0,0,0,193,0,0,0,0,0,3,0,0,3,51,48,0,48,3,9,0,60,0,0,0,0,0,0,0,0,0,0,0,0,897,17,12,5,914,3,0,0,0,0,0,0,3,0,0,0,0,0,0,0,0,0,0,0,0,0,1,0,0,1,0,240,17,0,0,0,0,0,0,1,34,0,0,0,3,0,0,0,0,295,16,1485
Madhya Pradesh,Singrauli,1,0,0,0,1,136,0,0,0,0,0,136,0,0,0,0,0,0,0,0,0,137,3,0,3,134,8,0,145,0,4,1,5,0,0,0,0,0,0,0,0,2482,116,87,29,2598,0,0,0,1,0,1,0,2,1,0,0,0,1,0,0,0,0,0,0,0,0,9,0,0,9,0,94,1,0,0,0,0,0,0,0,16,0,0,0,15,0,0,0,4,130,1,3028
Madhya Pradesh,Tikamgarh,0,0,0,0,0,94,0,0,0,0,0,94,0,0,0,0,0,0,0,0,0,80,32,32,0,48,11,0,91,0,1,0,1,0,0,0,0,0,0,0,0,1347,39,10,29,1386,0,0,0,0,0,5,0,5,0,0,0,0,0,0,0,0,0,0,0,0,0,10,0,0,10,0,208,1,0,0,0,0,0,0,0,5,0,0,0,4,0,0,0,0,218,3,1808
Madhya Pradesh,Ujjain,0,3,0,0,3,129,0,0,0,0,0,129,0,0,0,0,0,0,0,0,0,346,21,0,21,325,0,0,346,2,0,0,2,0,0,0,0,0,0,0,0,2410,60,45,15,2470,0,0,0,0,0,0,0,0,0,0,0,0,0,0,0,0,0,0,0,0,0,3,0,0,3,0,357,1,0,0,0,0,0,0,0,0,0,0,0,20,0,0,0,0,378,47,3378
Madhya Pradesh,Umaria,0,0,0,0,0,57,0,0,0,0,0,57,0,0,0,0,0,0,0,0,0,21,2,0,2,19,2,0,23,2,0,0,2,0,0,0,0,0,0,0,0,724,21,15,6,745,0,0,0,0,0,0,0,0,0,0,0,0,0,0,0,0,0,0,0,0,0,1,0,0,1,0,76,0,0,0,0,0,0,0,0,1,0,0,0,19,0,0,0,0,96,5,929
Madhya Pradesh,Vidisha,0,0,0,0,0,177,0,0,0,0,0,177,0,0,0,0,0,0,0,0,0,80,11,0,11,69,1,0,81,0,0,0,0,0,0,0,0,0,0,0,0,1146,82,0,82,1228,0,0,0,0,0,0,0,0,0,0,0,0,0,0,0,0,0,0,0,0,0,12,0,0,12,0,385,29,0,0,0,0,0,0,0,0,0,0,0,9,0,0,0,0,423,53,1974
Madhya Pradesh,Cyber Crime Cell,0,0,0,0,0,0,0,0,0,0,0,0,0,0,0,0,0,0,0,0,0,0,0,0,0,0,0,0,0,361,0,0,361,0,0,0,0,0,0,0,0,0,0,0,0,0,0,0,0,0,0,0,0,0,0,0,0,0,0,0,0,0,0,0,0,0,0,0,0,0,0,0,0,0,0,0,0,0,0,0,0,0,0,0,0,0,0,0,0,0,0,0,361
Madhya Pradesh,Niwari,0,0,0,0,0,41,0,0,0,0,0,41,0,0,0,0,0,0,0,0,0,75,75,0,75,0,4,0,79,0,0,0,0,0,0,0,0,0,0,0,0,768,18,4,14,786,0,0,0,0,0,0,0,0,0,0,0,0,0,0,0,0,0,0,0,0,0,1,0,0,1,0,122,0,0,0,0,0,0,0,0,3,0,0,0,0,0,0,0,0,125,4,1036
Madhya Pradesh,Bhopal Rural,0,0,0,0,0,62,1,0,0,0,0,63,0,0,0,0,0,0,0,0,0,47,5,0,5,42,2,0,49,0,0,0,0,0,0,0,0,0,0,0,0,619,10,10,0,629,0,0,0,0,0,0,0,0,0,0,0,0,0,0,0,0,0,0,0,0,0,2,0,0,2,0,107,7,0,0,0,0,0,0,0,7,0,0,0,5,0,0,0,2,128,22,893
Madhya Pradesh,Indore Rural,0,0,0,0,0,133,0,1,0,0,0,134,0,0,0,0,0,0,0,0,0,229,14,0,14,215,8,0,237,0,0,0,0,0,0,0,0,0,0,0,0,1071,51,34,17,1122,0,0,0,0,0,1,0,1,0,0,0,0,0,0,0,0,0,0,0,0,0,8,0,0,8,0,175,4,0,0,0,0,0,0,0,3,0,0,0,17,0,0,0,0,199,19,1720
Madhya Pradesh,Pandhurna,0,0,0,0,0,9,0,0,0,0,0,9,0,0,0,0,0,0,0,0,0,28,1,0,1,27,0,0,28,0,2,0,2,0,0,0,0,0,0,0,0,755,7,0,7,762,0,0,0,0,0,0,0,0,0,0,0,0,0,0,0,0,0,0,0,0,0,0,0,0,0,0,259,1,0,0,0,0,0,0,0,7,0,0,0,37,0,0,0,0,304,6,1111
Madhya Pradesh,Maihar,0,0,0,0,0,53,0,0,0,0,0,53,0,0,0,0,0,0,0,0,0,5,4,0,4,1,0,1,6,0,0,0,0,0,0,0,0,0,0,0,0,774,28,28,0,802,0,0,0,0,0,0,0,0,0,0,0,0,0,0,0,0,0,0,0,0,0,4,0,0,4,0,51,0,0,0,0,0,0,0,1,0,0,0,0,12,0,0,0,0,64,0,929
Madhya Pradesh,Mauganj,0,0,0,0,0,59,0,0,0,0,0,59,0,0,0,0,0,0,0,0,0,12,12,0,12,0,1,0,13,0,0,0,0,0,0,0,0,0,0,0,0,315,38,0,38,353,0,0,0,0,0,0,0,0,0,0,0,0,0,0,0,0,0,0,0,0,0,5,0,0,5,0,14,0,0,0,0,0,0,0,0,0,0,0,0,1,0,0,0,2,17,0,447
Maharashtra,Ahilyanagar,0,15,0,0,15,368,0,6,0,2,1,377,0,0,0,0,0,0,0,0,0,226,49,0,49,177,0,0,226,10,6,0,16,0,0,0,0,0,30,30,4334,0,219,190,29,4553,0,1,41,0,9,0,0,51,0,0,0,0,0,0,0,0,0,0,3,0,3,31,0,3,34,0,1319,99,0,0,0,0,0,0,0,7,0,0,0,197,0,771,141,237,2771,327,8403
Maharashtra,Akola,0,0,0,0,0,180,0,0,0,0,0,180,1,0,0,0,1,1,0,0,1,229,13,0,13,216,0,0,229,2,0,0,2,0,0,0,0,0,12,12,2658,0,18,0,18,2676,0,0,0,0,1502,0,0,1502,0,1,0,0,1,0,0,0,0,0,0,0,0,36,0,0,36,0,1493,99,0,0,0,0,0,0,1,0,0,0,0,0,0,278,0,448,2319,275,7234
Maharashtra,Amravati Commr,5,1,0,0,6,132,3,0,0,0,0,135,3,0,0,0,3,5,0,0,5,139,5,0,5,134,0,1,140,14,3,0,17,2,0,0,0,0,10,12,1142,0,56,36,20,1198,0,0,10,0,3,0,0,13,0,0,0,0,0,0,0,0,0,0,0,0,0,5,0,0,5,0,438,58,0,1,0,0,0,0,0,1,0,0,0,0,0,6,208,44,756,9,2299
Maharashtra,Amravati Rural,0,0,0,0,0,180,0,0,0,0,0,180,4,3,0,0,7,4,0,0,4,84,7,0,7,77,1,0,85,3,0,0,3,0,0,0,0,0,10,10,4960,0,17,0,17,4977,0,0,0,0,302,0,0,302,0,0,0,0,0,0,0,0,0,0,0,0,0,2,0,2,4,0,1435,74,0,2,0,0,0,0,1,4,0,0,0,162,0,597,0,95,2370,4,7946
Maharashtra,Chhatrapati Sambhajinagar Commr,0,9,0,0,9,157,0,2,2,0,0,161,11,1,0,0,12,2,0,0,2,137,19,1,18,118,0,0,137,6,12,0,18,0,0,0,0,0,19,19,1308,0,142,99,43,1450,0,0,29,0,3,0,0,32,2,0,0,0,2,0,0,0,0,0,0,0,0,8,0,0,8,0,129,145,0,7,0,0,0,0,0,2,0,0,0,49,0,6,122,0,460,52,2362
Maharashtra,Chhatrapati Sambhajinagar Rural,0,9,0,0,9,180,2,2,0,9,0,193,19,1,0,0,20,3,0,0,3,64,6,0,6,58,0,0,64,12,1,0,13,0,0,0,0,0,19,19,2401,0,21,3,18,2422,1,0,8,0,0,0,0,9,0,0,0,0,0,0,0,0,0,0,0,0,0,6,0,0,6,0,625,124,0,12,0,0,0,0,0,0,0,0,0,90,0,348,0,72,1271,16,4045
Maharashtra,Beed,0,6,0,0,6,171,0,7,0,1,0,179,50,4,0,0,54,2,0,0,2,86,23,0,23,63,0,0,86,1,5,0,6,0,0,0,0,0,32,32,2318,0,17,1,16,2335,0,1,0,0,81,0,0,82,0,0,0,0,0,0,0,0,0,0,0,0,0,0,0,1,1,0,674,11,0,0,0,0,0,0,0,0,0,0,0,51,0,192,0,0,928,115,3826
Maharashtra,Bhandara,0,1,0,0,1,84,0,0,0,0,0,84,2,0,0,0,2,0,0,0,0,19,1,0,1,18,0,0,19,3,0,0,3,0,0,0,0,0,8,8,2526,0,53,48,5,2579,0,0,2,0,0,0,0,2,0,0,0,0,0,0,0,0,0,0,0,0,0,7,0,0,7,0,500,13,0,0,0,0,0,0,0,1,0,0,0,52,0,980,116,0,1662,10,4377
Maharashtra,Buldhana,1,3,0,0,4,190,3,7,1,0,0,201,13,1,0,0,14,3,0,0,3,38,10,0,10,28,0,0,38,0,1,0,1,0,0,0,0,0,11,11,4822,0,24,16,8,4846,0,1,13,0,272,0,0,286,0,0,0,0,0,0,0,0,0,0,0,0,0,10,0,1,11,0,1940,105,0,5,0,0,0,0,0,0,0,0,0,0,0,108,0,112,2270,80,7765
Maharashtra,Chandrapur,0,2,0,0,2,212,1,0,0,1,0,214,6,1,0,0,7,2,0,0,2,123,24,0,24,99,0,0,123,10,5,0,15,0,0,0,0,0,10,10,4305,0,28,28,0,4333,0,0,23,0,1,0,0,24,0,0,0,0,0,0,0,0,0,0,0,0,0,2,0,105,107,0,577,37,0,3,0,0,0,0,0,5,0,0,0,82,0,2,127,0,833,45,5715
Maharashtra,Dhule,0,0,0,0,0,61,0,1,0,0,0,62,0,0,0,0,0,0,0,0,0,55,25,0,25,30,0,0,55,5,0,0,5,0,0,0,0,0,19,19,1403,0,41,25,16,1444,0,0,17,0,9,0,0,26,1,0,0,0,1,0,0,0,0,0,0,0,0,20,0,0,20,0,792,126,0,0,0,0,0,0,0,0,0,0,0,0,0,0,42,0,960,189,2781
Maharashtra,Gadchiroli,0,0,0,0,0,89,0,0,0,0,0,89,0,0,0,0,0,0,0,0,0,4,0,0,0,4,0,1,5,0,0,0,0,0,0,0,0,0,8,8,2471,0,7,6,1,2478,0,0,1,0,0,0,0,1,0,0,0,0,0,0,0,0,0,0,0,0,0,1,0,20,21,0,91,11,0,3,0,0,0,0,0,0,0,0,0,43,0,7,5,0,160,5,2767
Maharashtra,Gondia,2,0,0,0,2,104,0,0,0,0,0,104,0,0,0,0,0,0,0,0,0,30,0,0,0,30,0,0,30,2,3,0,5,0,0,0,0,0,10,10,3118,0,43,32,11,3161,0,0,4,0,70,0,0,74,0,0,0,0,0,0,0,0,0,0,0,0,0,0,0,0,0,0,229,44,0,2,0,0,0,0,0,0,0,0,0,88,0,61,39,0,463,9,3858
Maharashtra,Hingoli,0,0,0,0,0,54,0,0,0,0,0,54,16,2,0,0,18,0,0,0,0,179,11,0,11,168,0,0,179,0,0,0,0,0,0,0,0,0,11,11,1869,0,11,11,0,1880,0,0,0,0,150,0,0,150,0,0,0,0,0,0,0,0,0,0,0,0,0,6,0,0,6,0,810,72,0,0,0,0,0,0,0,2,0,0,0,61,0,65,0,253,1263,11,3572
Maharashtra,Jalgaon,0,4,0,0,4,190,2,2,0,0,0,194,2,0,0,0,2,4,0,0,4,153,68,0,68,85,0,0,153,7,2,0,9,0,0,0,0,0,37,37,3610,0,112,83,29,3722,0,0,0,0,134,0,0,134,0,0,0,0,0,0,0,0,0,0,0,0,0,31,0,0,31,0,1210,348,0,5,0,0,0,0,0,9,0,0,0,123,0,30,131,0,1856,72,6218
Maharashtra,Jalna,0,9,0,0,9,120,0,0,0,0,0,120,11,0,0,0,11,4,0,0,4,107,30,0,30,77,0,0,107,25,3,0,28,0,0,0,0,0,23,23,1636,0,34,22,12,1670,0,12,0,0,0,0,0,12,0,0,0,0,0,0,0,0,0,0,0,0,0,3,0,0,3,0,609,302,0,0,0,0,0,0,0,0,0,0,0,14,0,78,86,66,1155,25,3167
Maharashtra,Kolhapur,0,20,1,0,21,229,2,8,0,0,0,239,0,0,0,0,0,8,0,0,8,73,21,2,19,52,2,0,75,2,13,0,15,0,0,0,0,0,23,23,3937,0,115,88,27,4052,0,3,0,0,58,0,0,61,1,0,0,0,1,0,0,0,0,0,0,0,0,43,0,16,59,0,1783,20,0,6,0,0,0,0,0,16,0,0,1,51,0,1332,13,31,3253,236,8043
Maharashtra,Latur,0,0,0,0,0,107,2,2,0,0,0,111,19,2,0,0,21,1,0,0,1,97,8,0,8,89,0,0,97,16,2,0,18,0,0,0,0,0,15,15,3180,0,9,7,2,3189,0,0,0,0,4,0,0,4,0,0,0,0,0,0,0,0,0,0,0,0,0,2,0,0,2,0,788,19,0,1,0,0,0,0,0,24,0,0,0,18,0,253,0,124,1227,6,4691
Maharashtra,Mumbai Commr,0,94,1,0,95,1416,32,0,0,19,0,1467,6,0,0,0,6,3,0,0,3,552,171,0,171,381,0,0,552,206,72,0,278,8,0,0,0,0,0,8,2090,0,7827,6678,1149,9917,0,1,14,0,96,0,0,111,32,151,0,0,183,0,0,0,0,0,0,0,0,19,0,0,19,0,496,1290,0,0,0,0,0,0,0,28,0,0,0,13,0,68,2273,1132,5300,687,18626
Maharashtra,Mumbai Railway,0,0,0,0,0,24,1,0,0,0,0,25,3,0,0,0,3,1,0,0,1,11,5,0,5,6,1,0,12,1,0,0,1,0,0,0,0,0,0,0,32,0,27,15,12,59,0,0,0,0,2,0,0,2,0,0,0,0,0,13,0,13,0,0,0,0,0,0,0,11,11,0,0,0,0,0,0,0,0,0,0,0,0,0,1,0,0,0,0,9,10,0,137
Maharashtra,Nagpur Commr,1,16,0,0,17,276,9,0,0,0,0,285,0,0,0,0,0,6,0,0,6,594,34,0,34,560,0,0,594,1,19,0,20,0,0,0,0,0,7,7,2987,0,285,137,148,3272,0,0,57,0,43,0,0,100,0,0,0,0,0,0,0,0,0,0,0,0,0,20,0,0,20,0,873,289,0,0,0,0,0,0,0,0,0,0,0,139,0,20,390,0,1711,79,6111
Maharashtra,Nagpur Railway,0,0,0,0,0,6,0,0,0,0,0,6,0,0,0,0,0,0,0,0,0,0,0,0,0,0,0,0,0,0,0,0,0,0,0,0,0,0,0,0,21,0,38,0,38,59,0,0,0,0,0,0,0,0,0,0,0,0,0,0,0,0,0,0,0,0,0,0,0,0,0,0,0,0,0,0,0,0,0,0,0,0,0,0,0,0,0,0,0,6,6,0,71
Maharashtra,Nagpur Rural,1,9,0,0,10,157,5,0,0,1,0,163,8,0,0,0,8,7,0,0,7,59,15,0,15,44,0,0,59,0,2,0,2,0,0,0,0,0,12,12,4331,0,52,44,8,4383,0,0,18,0,10,0,0,28,1,0,0,0,1,0,0,0,0,0,0,0,0,1,0,4,5,0,929,71,0,3,0,0,0,0,0,0,0,0,0,139,0,1305,103,0,2550,10,7238
Maharashtra,Nanded,0,1,1,0,2,185,2,3,0,0,0,190,19,12,0,0,31,5,0,0,5,195,35,0,35,160,0,1,196,1,3,0,4,0,0,0,0,0,22,22,2572,0,24,0,24,2596,0,0,0,0,438,0,0,438,1,0,0,0,1,0,0,0,0,0,0,0,0,12,0,0,12,0,808,65,0,7,0,0,0,0,1,0,0,0,1,0,0,32,132,205,1251,0,4748
Maharashtra,Nandurbar,0,1,0,0,1,56,1,0,0,0,0,57,1,3,0,0,4,2,0,0,2,26,8,0,8,18,0,1,27,0,2,0,2,0,0,0,0,0,12,12,1751,0,21,21,0,1772,0,0,0,0,1,0,0,1,0,0,0,0,0,0,0,0,0,0,0,0,0,18,0,0,18,0,593,70,0,1,0,0,0,0,0,0,0,0,0,0,0,468,59,0,1191,59,3146
Maharashtra,Nasik Commr,0,4,0,0,4,121,0,0,0,2,0,123,0,0,0,0,0,0,0,0,0,183,39,0,39,144,0,0,183,6,8,0,14,0,0,0,0,0,24,24,449,0,36,0,36,485,0,0,0,0,0,0,0,0,0,0,0,0,0,0,0,0,0,0,0,0,0,11,0,0,11,0,89,39,0,0,0,0,0,0,0,47,0,0,0,0,0,11,143,68,397,40,1281
Maharashtra,Nasik Rural,1,3,0,0,4,251,1,5,0,0,0,257,13,15,0,0,28,1,0,1,2,159,43,0,43,116,0,0,159,15,2,0,17,0,0,0,0,0,30,30,5292,0,48,29,19,5340,0,0,10,0,36,0,0,46,0,0,0,0,0,0,0,0,0,0,0,0,0,56,0,0,56,0,1064,168,0,21,0,0,0,0,0,0,0,0,0,86,0,260,61,0,1660,309,7908
Maharashtra,Navi Mumbai,0,9,0,0,9,174,4,0,0,2,0,180,10,0,1,0,11,2,0,0,2,69,14,0,14,55,0,0,69,46,13,0,59,0,0,0,0,0,9,9,1184,0,485,372,113,1669,0,0,4,0,67,0,0,71,62,0,0,0,62,0,0,0,0,0,0,0,0,3,0,0,3,0,54,63,0,1,0,0,0,0,0,15,0,0,0,8,0,0,35,73,249,0,2393
Maharashtra,Dharashiv,0,3,0,0,3,75,1,2,0,2,0,80,0,0,0,0,0,2,0,0,2,41,11,0,11,30,0,0,41,3,1,0,4,0,0,0,0,0,21,21,1681,0,9,2,7,1690,0,0,0,0,0,0,0,0,0,0,0,0,0,0,0,0,0,0,0,0,0,3,0,0,3,0,624,7,0,4,0,0,0,0,0,0,0,0,0,0,0,205,18,21,879,87,2810
Maharashtra,Palghar,0,0,0,0,0,31,0,0,0,0,0,31,1,7,0,0,8,1,0,0,1,9,6,0,6,3,1,0,10,12,0,0,12,0,0,0,0,0,7,7,476,0,21,11,10,497,0,0,0,0,1,0,0,1,0,0,0,0,0,0,0,0,0,0,0,0,0,2,0,0,2,0,24,108,0,0,0,0,0,0,0,0,0,0,0,2,0,67,47,0,248,7,824
Maharashtra,Parbhani,0,0,0,0,0,132,0,1,0,0,0,133,8,0,0,0,8,1,0,0,1,36,2,0,2,34,0,0,36,3,0,0,3,0,0,0,0,0,13,13,2642,0,7,0,7,2649,0,0,0,0,31,0,0,31,0,0,0,0,0,0,0,0,0,0,0,0,0,4,0,0,4,0,657,62,0,0,0,0,0,0,0,0,0,0,0,0,0,20,0,47,786,21,3685
Maharashtra,Pune Commr,0,6,0,0,6,580,4,3,0,2,0,589,3,2,0,0,5,16,0,0,16,416,100,1,99,316,10,1,427,8,35,0,43,0,0,0,0,0,28,28,1781,0,131,87,44,1912,0,1,0,0,60,0,0,61,1,4,0,0,5,0,0,0,0,0,0,0,0,10,0,1,11,0,351,99,0,0,0,0,0,0,0,19,0,0,0,35,0,32,968,196,1700,49,4852
Maharashtra,Pune Railway,0,0,0,0,0,0,0,0,0,0,0,0,0,0,0,0,0,0,0,0,0,1,0,0,0,1,0,0,1,0,0,0,0,0,0,0,0,0,0,0,1,0,7,0,7,8,0,0,0,0,0,0,0,0,0,0,0,0,0,4,0,4,0,0,0,0,0,0,0,0,0,0,0,0,0,0,0,0,0,0,0,0,0,0,0,0,0,0,4,1,5,0,18
Maharashtra,Pune Rural,0,12,2,0,14,422,3,0,0,0,0,425,1,0,0,0,1,2,0,0,2,89,38,7,31,51,0,0,89,2,4,0,6,0,0,0,0,0,22,22,2802,0,55,24,31,2857,0,0,8,0,23,0,0,31,2,0,0,0,2,0,0,0,0,0,0,0,0,8,0,6,14,0,584,414,0,2,0,0,0,0,1,0,0,0,0,132,0,1435,0,162,2730,44,6237
Maharashtra,Raigad,0,0,1,0,1,120,2,0,0,0,0,122,1,0,0,0,1,4,0,0,4,22,14,0,14,8,1,0,23,1,0,0,1,0,0,0,0,0,12,12,1059,0,23,23,0,1082,0,0,5,0,0,0,0,5,1,0,0,0,1,3,0,3,0,0,0,0,0,3,0,1,4,0,118,31,0,2,0,0,0,0,0,0,0,0,0,24,0,0,41,0,216,36,1511
Maharashtra,Ratnagiri,0,1,0,0,1,72,2,0,0,0,0,74,7,0,0,0,7,2,0,0,2,17,15,1,14,2,0,1,18,11,1,0,12,0,0,0,0,0,4,4,1044,0,25,21,4,1069,0,0,0,0,0,0,0,0,0,4,0,0,4,0,0,0,0,0,0,0,0,3,0,0,3,0,172,4,0,3,0,0,0,0,0,1,0,0,1,12,0,0,9,8,210,3,1407
Maharashtra,Sangli,0,0,0,0,0,142,1,2,0,0,0,145,28,0,0,0,28,6,0,0,6,142,27,1,26,115,1,1,144,11,8,0,19,0,0,0,0,0,14,14,1628,0,76,48,28,1704,0,0,0,0,0,0,0,0,0,0,0,0,0,0,0,0,0,0,0,0,0,14,0,3,17,0,640,56,0,3,0,0,0,0,0,3,0,0,0,0,0,2,163,53,920,31,3028
Maharashtra,Satara,0,0,0,0,0,225,2,3,0,0,0,230,30,0,0,0,30,8,0,0,8,35,23,2,21,12,1,0,36,3,0,0,3,0,0,0,0,0,15,15,2216,0,60,51,9,2276,0,4,0,0,412,0,0,416,1,0,0,0,1,0,0,0,0,0,0,0,0,9,0,11,20,0,914,60,0,5,0,0,0,0,0,4,0,0,2,49,0,745,400,0,2179,98,5312
Maharashtra,Sindhudurg,0,1,0,0,1,42,1,0,0,0,0,43,4,0,0,0,4,6,0,0,6,9,9,0,9,0,1,3,13,1,0,0,1,0,0,0,0,0,1,1,544,0,6,6,0,550,0,2,1,0,0,0,0,3,2,0,0,0,2,0,0,0,0,0,0,0,0,1,0,0,1,0,83,1,0,0,0,0,0,0,0,0,0,0,0,14,0,1,3,3,105,0,730
Maharashtra,Solapur Commr,0,0,0,0,0,109,3,1,0,8,0,121,3,2,0,0,5,30,0,0,30,38,1,0,1,37,0,0,38,4,1,0,5,0,0,0,0,0,11,11,1206,0,34,29,5,1240,0,2,0,0,0,0,0,2,0,0,0,0,0,0,0,0,0,0,0,0,0,3,0,0,3,0,691,6,2,2,0,0,0,0,0,0,0,0,0,79,0,2,0,94,876,6,2337
Maharashtra,Solapur Rural,0,2,1,0,3,242,0,4,0,1,0,247,39,1,0,0,40,5,0,0,5,48,19,0,19,29,2,0,50,2,3,0,5,0,0,0,0,0,22,22,4572,0,20,3,17,4592,0,0,0,0,0,0,0,0,1,0,0,0,1,0,0,0,0,0,0,0,0,9,0,0,9,0,949,154,7,14,0,0,0,0,1,0,0,0,0,222,0,956,124,0,2427,34,7435
Maharashtra,Thane Commr,0,2,0,0,2,534,11,0,0,0,0,545,22,1,0,0,23,0,0,0,0,618,101,0,101,517,8,0,626,554,27,0,581,5,0,0,0,0,25,30,2366,0,4081,3932,149,6447,0,3,9,0,51,0,0,63,0,29,0,0,29,0,0,0,0,0,0,0,0,7,0,0,7,0,450,523,0,0,0,0,0,0,0,120,0,0,0,38,0,9,0,568,1708,50,10111
Maharashtra,Thane Rural,0,0,0,0,0,123,0,1,0,0,0,124,9,11,0,0,20,1,0,0,1,21,6,0,6,15,2,0,23,2,0,0,2,0,0,0,0,0,7,7,561,0,4,4,0,565,0,0,0,0,6,0,0,6,0,0,0,0,0,0,0,0,0,0,0,0,0,4,0,0,4,0,50,133,0,0,2,0,2,0,0,1,0,0,0,31,0,6,0,7,230,9,991
Maharashtra,Wardha,0,0,0,0,0,114,0,2,0,0,0,116,0,0,0,0,0,5,0,0,5,199,3,0,3,196,1,1,201,6,0,0,6,0,0,0,0,0,7,7,8065,0,114,109,5,8179,0,0,0,0,2,0,0,2,0,0,0,0,0,0,0,0,0,0,0,0,0,10,0,0,10,0,692,19,0,0,0,0,0,0,0,0,0,0,0,46,0,1092,213,0,2062,7,10595
Maharashtra,Washim,0,0,0,0,0,87,0,3,0,0,0,90,3,0,0,0,3,1,0,0,1,55,6,0,6,49,1,0,56,0,0,0,0,0,0,0,0,0,8,8,2257,0,12,12,0,2269,0,0,0,0,0,0,0,0,0,0,0,0,0,0,0,0,0,0,0,0,0,12,0,6,18,0,953,44,0,1,0,0,0,0,0,0,0,0,0,5,0,73,44,0,1120,0,3565
Maharashtra,Yavatmal,1,3,0,0,4,222,0,3,0,1,0,226,0,0,0,0,0,4,0,0,4,158,10,0,10,148,2,0,160,2,1,0,3,0,0,0,0,0,13,13,6136,0,76,69,7,6212,0,0,0,0,2491,0,0,2491,0,0,0,0,0,0,0,0,0,0,0,0,0,9,0,0,9,0,2104,155,0,4,0,0,0,0,0,0,0,0,0,145,0,1354,0,127,3889,40,13051
Maharashtra,Pimpri Chinchwad Commr,0,82,0,0,82,298,2,2,0,0,0,302,0,0,1,0,1,1,0,0,1,146,146,0,146,0,0,0,146,56,19,0,75,0,0,0,0,0,11,11,2947,0,165,97,68,3112,0,1,3,0,14,0,0,18,2,4,0,0,6,0,0,0,0,0,0,0,0,44,0,0,44,0,239,88,0,1,0,0,0,0,1,0,0,0,0,27,0,12,856,44,1268,0,5066
Maharashtra,Chhatrapati Sambhajinagar Railway,0,0,0,0,0,3,0,0,0,0,0,3,0,0,0,0,0,0,0,0,0,0,0,0,0,0,0,0,0,0,0,0,0,0,0,0,0,0,0,0,25,0,9,9,0,34,0,0,0,0,0,0,0,0,0,0,0,0,0,2,0,2,0,0,0,0,0,0,0,0,0,0,0,0,0,0,0,0,0,0,0,0,0,0,0,0,0,0,0,0,0,23,62
Maharashtra,Mira Bhayandar Vasai Virar Commr,0,0,0,0,0,385,2,0,0,1,0,388,4,0,0,0,4,0,0,0,0,32,18,2,16,14,0,0,32,6,22,0,28,0,0,0,0,0,9,9,571,0,896,789,107,1467,0,2,26,0,15,0,0,43,14,30,0,0,44,0,0,0,0,0,0,0,0,7,0,1,8,0,39,83,0,2,0,0,0,0,0,0,0,0,0,29,0,0,48,0,201,200,2424
Manipur,Bishnupur,0,0,0,0,0,7,0,0,0,0,0,7,0,0,0,0,0,0,13,0,13,13,12,0,12,1,0,7,20,0,0,0,0,0,0,0,0,0,0,0,0,0,12,0,12,12,0,0,0,0,0,0,0,0,0,0,0,0,0,0,0,0,0,0,0,0,0,0,0,0,0,0,0,0,0,0,0,0,0,0,0,0,0,0,0,0,0,0,0,0,0,1,53
Manipur,Chandel,0,0,0,0,0,1,0,0,0,0,0,1,0,0,0,0,0,0,0,0,0,7,7,0,7,0,0,0,7,0,0,0,0,0,0,0,0,0,0,0,0,0,5,1,4,5,0,0,0,0,0,0,0,0,1,0,0,0,1,0,0,0,0,0,0,0,0,0,0,0,0,0,0,0,0,0,0,0,0,0,0,0,0,0,0,0,0,0,0,0,0,0,14
Manipur,Churachandpur,0,0,0,0,0,4,0,0,0,0,0,4,0,0,0,0,0,0,0,0,0,4,4,0,4,0,0,2,6,0,0,0,0,0,0,0,0,0,0,0,0,0,7,3,4,7,0,0,0,0,0,0,0,0,0,0,0,0,0,0,0,0,0,0,0,0,0,0,0,0,0,0,0,0,0,0,0,0,0,0,0,0,0,0,0,0,0,0,0,0,0,0,17
Manipur,Cid,0,0,0,0,0,0,0,0,0,0,0,0,0,0,0,0,0,0,0,0,0,0,0,0,0,0,0,0,0,4,0,0,4,0,0,0,0,0,0,0,0,0,0,0,0,0,0,0,0,0,0,0,0,0,0,0,0,0,0,0,0,0,0,0,0,0,0,0,0,0,0,0,0,0,0,0,0,0,0,0,0,0,0,0,0,0,0,0,0,0,0,0,4
Manipur,Imphal East,0,0,0,0,0,15,0,0,0,0,0,15,0,0,0,0,0,0,23,0,23,25,7,0,7,18,0,1,26,0,0,0,0,0,0,0,0,0,0,0,0,0,4,0,4,4,0,0,0,0,0,0,0,0,0,0,0,0,0,0,0,0,0,0,0,0,0,0,0,0,0,0,0,1,0,0,0,0,0,0,0,0,0,0,0,0,0,0,0,0,1,2,71
Manipur,Imphal West,0,0,0,0,0,7,1,0,0,0,0,8,0,0,0,0,0,0,45,0,45,7,6,0,6,1,0,16,23,1,0,0,1,0,0,0,0,0,0,0,0,0,19,19,0,19,0,0,0,0,0,0,0,0,1,0,0,0,1,0,0,0,0,0,0,0,0,0,0,0,0,0,0,0,0,0,0,0,0,0,0,0,0,0,0,0,0,0,0,0,0,0,97
Manipur,Senapati,0,0,0,0,0,2,0,0,0,0,0,2,0,0,0,0,0,0,0,0,0,1,0,0,0,1,0,0,1,0,0,0,0,0,0,0,0,0,0,0,0,0,13,0,13,13,0,0,0,0,0,0,0,0,0,0,0,0,0,0,0,0,0,0,0,0,0,0,0,0,0,0,0,0,0,0,0,0,0,0,0,0,0,0,0,0,0,0,0,0,0,0,16
Manipur,Tamenglong,0,0,0,0,0,1,0,0,0,0,0,1,0,0,0,0,0,0,0,0,0,0,0,0,0,0,0,0,0,0,0,0,0,0,0,0,0,0,0,0,0,0,1,1,0,1,0,0,0,0,0,0,0,0,0,0,0,0,0,0,0,0,0,0,0,0,0,0,0,0,0,0,0,0,0,1,0,0,0,0,0,0,0,0,0,0,0,0,0,0,1,0,3
Manipur,Thoubal,0,0,0,0,0,6,0,0,0,0,0,6,0,0,0,0,0,0,18,0,18,16,16,0,16,0,0,1,17,0,0,0,0,0,0,0,0,0,0,0,0,0,3,2,1,3,0,0,0,0,0,0,0,0,0,0,0,0,0,0,0,0,0,0,0,0,0,0,0,0,0,0,0,7,0,0,0,0,0,0,0,0,0,0,0,0,0,0,0,0,7,0,51
Manipur,Ukhrul,0,0,0,0,0,14,0,0,0,0,0,14,0,0,0,0,0,0,1,0,1,0,0,0,0,0,0,0,0,0,0,0,0,0,0,0,0,0,0,0,0,0,5,0,5,5,0,0,0,0,0,0,0,0,0,0,0,0,0,0,0,0,0,0,0,0,0,0,0,0,0,0,0,0,0,0,0,0,0,0,0,0,0,0,0,0,0,0,0,0,0,0,20
Manipur,Kakching,0,0,0,0,0,5,0,0,0,0,0,5,0,0,0,0,0,0,17,0,17,26,26,0,26,0,0,1,27,0,0,0,0,0,0,0,0,0,0,0,0,0,2,1,1,2,0,0,0,0,0,0,0,0,0,0,0,0,0,0,0,0,0,0,0,0,0,0,0,0,0,0,0,0,0,0,0,0,0,0,0,0,0,0,0,0,0,0,0,0,0,0,51
Manipur,Kamjong,0,0,0,0,0,0,0,0,0,0,0,0,0,0,0,0,0,0,5,0,5,0,0,0,0,0,0,0,0,0,0,0,0,0,0,0,0,0,0,0,0,0,1,0,1,1,0,0,0,0,0,0,0,0,0,0,0,0,0,0,0,0,0,0,0,0,0,0,0,0,0,0,0,0,0,0,0,0,0,0,0,0,0,0,0,0,0,0,0,0,0,0,6
Manipur,Kangpokpi,0,0,0,0,0,0,0,0,0,0,0,0,0,145,0,0,145,3,0,0,3,54,54,0,54,0,0,3,57,0,0,0,0,0,0,0,0,0,0,0,0,0,8,0,8,8,0,0,0,0,0,0,0,0,1,0,0,0,1,0,0,0,0,0,0,0,0,0,0,0,0,0,0,0,0,0,0,0,0,0,0,0,0,0,0,0,0,0,0,0,0,0,214
Manipur,Jiribam,0,0,0,0,0,0,0,0,0,0,0,0,0,0,0,0,0,1,1,0,2,9,9,0,9,0,0,3,12,0,0,0,0,0,0,0,0,0,0,0,0,0,3,0,3,3,0,0,0,0,0,0,0,0,0,0,0,0,0,0,0,0,0,0,0,0,0,0,0,0,0,0,0,0,0,0,0,0,0,0,0,0,0,0,0,0,0,0,0,0,0,0,17
Manipur,Noney,0,0,0,0,0,0,0,0,0,0,0,0,0,0,0,0,0,0,0,0,0,0,0,0,0,0,0,1,1,0,0,0,0,0,0,0,0,0,0,0,0,0,0,0,0,0,1,0,0,0,0,0,0,1,0,0,0,0,0,0,0,0,0,0,0,0,0,0,0,0,0,0,0,0,0,0,0,0,0,0,0,0,0,0,0,0,0,0,0,0,0,0,2
Manipur,Pherzawl,0,0,0,0,0,0,0,0,0,0,0,0,0,0,0,0,0,0,0,0,0,0,0,0,0,0,0,0,0,0,0,0,0,0,0,0,0,0,0,0,0,0,0,0,0,0,0,0,0,0,0,0,0,0,0,0,0,0,0,0,0,0,0,0,0,0,0,0,0,0,0,0,0,0,0,0,0,0,0,0,0,0,0,0,0,0,0,0,0,0,0,0,0
Manipur,Tengnoupal,0,0,0,0,0,1,0,0,0,0,0,1,0,0,0,0,0,1,22,0,23,27,27,0,27,0,0,5,32,0,0,0,0,0,0,0,0,0,0,0,0,0,10,0,10,10,0,0,0,0,2,0,0,2,0,0,0,0,0,0,0,0,0,0,0,0,0,0,0,0,0,0,0,0,0,0,0,0,0,0,0,0,0,0,0,0,0,0,0,0,0,1,69
Manipur,Narcotic,0,0,0,0,0,0,0,0,0,0,0,0,0,0,0,0,0,0,0,0,0,0,0,0,0,0,0,0,0,0,0,0,0,0,0,0,0,0,0,0,0,0,7,1,6,7,0,0,0,0,0,0,0,0,0,0,0,0,0,0,0,0,0,0,0,0,0,0,0,0,0,0,0,0,0,0,0,0,0,0,0,0,0,0,0,0,0,0,0,0,0,0,7
Meghalaya,Garo Hills East,0,0,0,0,0,12,0,0,0,0,0,12,0,0,0,0,0,2,1,0,3,2,0,0,0,2,0,0,2,3,0,0,3,0,0,0,0,0,0,0,0,0,0,0,0,0,0,0,0,0,0,0,0,0,0,0,0,0,0,0,0,0,0,0,0,0,0,0,0,0,0,0,0,0,0,0,0,0,0,0,0,0,0,0,0,0,0,0,0,0,0,0,20
Meghalaya,Garo Hills North,0,0,0,0,0,18,0,0,0,0,0,18,0,0,0,0,0,0,0,0,0,1,1,0,1,0,0,0,1,4,0,0,4,0,0,0,0,0,0,0,0,0,1,1,0,1,0,0,0,0,0,0,0,0,0,0,0,0,0,0,0,0,0,0,0,0,0,0,0,0,0,0,0,0,0,0,0,0,0,0,0,0,0,0,0,0,0,0,0,0,0,0,24
Meghalaya,Garo Hills South,0,0,0,0,0,14,0,0,0,0,0,14,0,0,0,0,0,0,0,0,0,3,3,0,3,0,0,0,3,1,0,0,1,0,0,0,0,2,1,3,0,0,0,0,0,0,0,0,0,0,0,0,0,0,1,0,0,0,1,0,0,0,0,0,0,0,0,0,0,0,0,0,0,0,0,0,0,0,0,0,0,0,0,0,0,0,0,0,0,0,0,0,22
Meghalaya,Garo Hills South West,1,0,0,0,1,13,0,0,0,1,0,14,0,0,0,0,0,0,0,0,0,0,0,0,0,0,0,0,0,4,0,0,4,0,0,0,0,0,0,0,0,0,11,7,4,11,0,0,0,0,0,0,0,0,6,0,0,0,6,0,0,0,0,0,0,0,0,0,0,0,0,0,0,0,0,0,0,0,0,0,0,0,0,0,0,0,0,0,0,0,0,0,36
Meghalaya,Garo Hills West,2,0,0,0,2,65,0,1,0,0,0,66,0,0,0,0,0,1,1,1,3,4,4,1,3,0,0,0,4,25,0,0,25,0,0,0,0,0,0,0,0,0,19,19,0,19,0,0,0,0,0,0,0,0,14,0,0,0,14,0,0,0,0,0,0,0,0,0,0,0,0,0,1,0,0,1,0,0,0,0,0,0,0,0,0,4,0,0,0,0,6,1,140
Meghalaya,Jaintia Hills West,0,0,0,0,0,36,1,0,0,0,0,37,0,0,0,0,0,2,0,0,2,1,1,0,1,0,0,0,1,5,0,0,5,0,0,0,0,0,0,0,0,0,3,3,0,3,0,0,0,0,0,0,0,0,5,0,0,0,5,0,0,0,0,0,0,0,0,0,0,0,0,0,0,0,0,0,0,0,0,0,0,0,0,0,0,0,0,0,0,0,0,0,53
Meghalaya,Jaintia Hills East,0,1,0,0,1,43,0,0,0,0,0,43,0,0,0,0,0,0,0,0,0,1,0,0,0,1,0,0,1,0,0,0,0,0,0,0,0,0,0,0,0,0,17,17,0,17,0,0,0,0,0,0,3,3,7,0,0,0,7,0,0,0,0,0,0,0,0,0,0,0,0,0,0,0,0,0,0,0,0,0,0,0,0,0,0,0,0,0,0,0,0,0,72
Meghalaya,Khasi Hills East,0,0,0,0,0,106,0,0,0,0,0,106,0,0,0,0,0,3,6,0,9,1,0,0,0,1,0,2,3,7,0,0,7,0,0,0,0,0,0,0,0,0,34,5,29,34,0,0,0,0,0,0,0,0,20,1,0,0,21,0,0,0,0,0,0,0,0,0,0,0,0,0,1,0,0,0,0,0,0,0,0,0,0,0,0,1,0,0,0,0,2,7,189
Meghalaya,Khasi Hills South West,0,0,0,0,0,12,0,0,0,0,0,12,0,0,0,0,0,2,0,0,2,0,0,0,0,0,0,0,0,5,0,0,5,0,0,0,0,0,0,0,0,0,3,1,2,3,0,0,0,0,0,0,0,0,12,0,0,0,12,0,0,0,0,0,0,0,0,0,0,0,0,0,0,0,0,0,0,0,0,0,0,0,0,0,0,0,0,0,0,0,0,0,34
Meghalaya,Khasi Hills West,0,0,0,0,0,37,0,0,0,0,0,37,0,0,0,0,0,0,0,0,0,0,0,0,0,0,0,0,0,5,0,0,5,0,0,0,0,0,0,0,0,0,1,0,1,1,0,0,0,0,0,0,0,0,0,0,0,0,0,0,0,0,0,0,0,0,0,0,0,0,0,0,0,0,0,0,0,0,0,0,0,0,0,0,0,0,0,0,0,0,0,1,44
Meghalaya,Ri-Bhoi,0,0,0,0,0,50,1,0,0,0,0,51,0,0,0,0,0,0,4,0,4,2,2,0,2,0,0,3,5,20,0,0,20,0,0,0,0,0,0,0,0,1,9,5,4,10,0,0,0,0,0,0,0,0,2,0,0,0,2,0,0,0,0,0,0,0,0,0,0,0,0,0,0,0,0,0,0,0,0,0,0,0,0,0,0,0,0,0,0,0,0,0,92
Meghalaya,Cyber Cell,0,0,0,0,0,0,0,0,0,0,0,0,0,0,0,0,0,0,0,0,0,0,0,0,0,0,0,0,0,6,0,0,6,0,0,0,0,0,0,0,0,0,0,0,0,0,0,0,0,0,0,0,0,0,0,0,0,0,0,0,0,0,0,0,0,0,0,0,0,0,0,0,0,0,0,0,0,0,0,0,0,0,0,0,0,0,0,0,0,0,0,0,6
Meghalaya,Khasi Hills Eastern West,0,0,0,0,0,18,0,0,0,0,0,18,0,0,0,0,0,0,0,0,0,1,0,0,0,1,0,0,1,2,0,0,2,0,0,0,0,0,0,0,0,0,0,0,0,0,0,0,0,0,0,0,0,0,0,0,0,0,0,0,0,0,0,0,0,0,0,0,0,0,0,0,0,0,0,0,0,0,0,0,0,0,0,0,0,0,0,0,0,0,0,0,21
Mizoram,Aizawl,0,1,0,0,1,68,0,0,0,0,0,68,0,0,0,0,0,0,0,0,0,10,10,0,10,0,1,5,16,0,0,0,0,0,0,0,0,0,0,0,81,0,20,3,17,101,0,0,0,0,0,0,0,0,0,0,0,0,0,0,0,0,0,0,0,0,0,0,0,0,0,0,0,0,0,0,0,0,0,0,0,0,0,0,0,0,0,0,0,0,0,0,186
Mizoram,Champhai,0,0,0,0,0,10,0,0,0,0,0,10,0,0,0,0,0,0,0,0,0,5,5,0,5,0,3,0,8,7,0,0,7,0,0,0,0,0,0,0,26,0,172,117,55,198,0,1,0,0,0,0,0,1,0,0,0,0,0,0,0,0,0,0,0,0,0,0,0,0,0,0,0,0,0,0,0,0,0,0,0,0,0,0,0,0,0,0,0,0,0,0,224
Mizoram,Kolasib,0,0,0,0,0,15,0,0,0,0,0,15,0,0,0,0,0,0,0,0,0,0,0,0,0,0,0,0,0,0,0,0,0,0,0,0,0,0,0,0,23,0,17,12,5,40,0,0,0,0,0,0,0,0,0,0,0,0,0,0,0,0,0,0,0,0,0,0,0,0,0,0,0,0,0,0,0,0,0,0,0,0,0,0,0,0,0,0,0,0,0,0,55
Mizoram,Lawngtlai,0,0,0,0,0,11,0,0,0,0,0,11,0,0,0,0,0,0,0,0,0,4,4,0,4,0,0,1,5,0,0,0,0,0,0,0,0,0,0,0,0,0,6,3,3,6,0,0,0,0,0,0,0,0,2,0,0,0,2,0,0,0,0,0,0,0,0,0,0,0,0,0,0,0,0,0,0,0,0,0,0,0,0,0,0,0,0,0,0,0,0,0,24
Mizoram,Lunglei,0,0,0,0,0,12,0,0,0,0,0,12,0,0,0,0,0,0,0,0,0,0,0,0,0,0,0,1,1,2,0,0,2,0,0,0,0,0,0,0,51,0,24,22,2,75,0,0,0,0,0,0,0,0,0,0,0,0,0,0,0,0,0,0,0,0,0,0,0,0,0,0,0,0,0,0,0,0,0,0,0,0,0,0,0,0,0,0,0,0,0,0,90
Mizoram,Mamit,0,0,0,0,0,19,0,0,0,0,0,19,0,0,0,0,0,0,0,0,0,2,2,2,0,0,1,0,3,0,0,0,0,0,0,0,0,0,0,0,19,0,14,8,6,33,0,0,0,0,0,0,0,0,0,0,0,0,0,0,0,0,0,0,0,0,0,0,0,0,0,0,0,0,0,0,0,0,0,0,0,0,0,0,0,0,0,0,0,0,0,1,56
Mizoram,Saiha,0,0,0,0,0,3,0,0,0,0,0,3,0,0,0,0,0,0,0,0,0,3,3,0,3,0,0,1,4,0,0,0,0,0,0,0,0,0,0,0,0,0,8,8,0,8,0,0,0,0,2,0,0,2,1,0,0,0,1,0,0,0,0,0,0,0,0,0,0,0,0,0,0,0,0,0,0,0,0,0,0,0,0,0,0,0,0,0,0,0,0,5,23
Mizoram,Serchhip,0,0,0,0,0,5,0,0,0,0,0,5,0,0,0,0,0,0,0,0,0,3,3,1,2,0,0,1,4,0,0,0,0,0,0,0,0,0,0,0,17,0,12,0,12,29,0,0,0,0,0,0,0,0,0,0,0,0,0,0,0,0,0,0,0,0,0,0,0,0,0,0,0,0,0,0,0,0,0,0,0,0,0,0,0,0,0,0,0,0,0,0,38
Mizoram,Spl Narcotic,0,0,0,0,0,0,0,0,0,0,0,0,0,0,0,0,0,0,0,0,0,0,0,0,0,0,0,0,0,0,0,0,0,0,0,0,0,0,0,0,0,0,49,0,49,49,0,0,0,0,0,0,0,0,0,0,0,0,0,0,0,0,0,0,0,0,0,0,0,0,0,0,0,0,0,0,0,0,0,0,0,0,0,0,0,0,0,0,0,0,0,0,49
Mizoram,Hnahthial,0,0,0,0,0,3,0,0,0,0,0,3,0,0,0,0,0,0,0,0,0,0,0,0,0,0,0,2,2,0,0,0,0,0,0,0,0,0,0,0,13,0,6,1,5,19,0,0,0,0,1,0,0,1,0,0,0,0,0,0,0,0,0,0,0,0,0,0,0,0,0,0,0,0,0,0,0,0,0,0,0,0,0,0,0,0,0,0,0,0,0,0,25
Mizoram,Khawzawl,0,0,0,0,0,0,0,0,0,0,0,0,0,0,0,0,0,0,0,0,0,0,0,0,0,0,0,0,0,0,0,0,0,0,0,0,0,0,0,0,8,0,4,0,4,12,0,0,0,0,0,0,0,0,0,0,0,0,0,0,0,0,0,0,0,0,0,0,0,0,0,0,0,0,0,0,0,0,0,0,0,0,0,0,0,0,0,0,0,0,0,0,12
Mizoram,Saitual,0,0,0,0,0,7,0,0,0,0,0,7,0,0,0,0,0,0,0,0,0,0,0,0,0,0,0,1,1,0,0,0,0,0,0,0,0,0,0,0,12,0,8,0,8,20,0,0,0,0,0,0,0,0,0,0,0,0,0,0,0,0,0,0,0,0,0,0,0,0,0,0,0,0,0,0,0,0,0,0,0,0,0,0,0,0,0,0,0,0,0,0,28
Mizoram,Cyber,0,0,0,0,0,0,0,0,0,0,0,0,0,0,0,0,0,0,0,0,0,0,0,0,0,0,0,0,0,41,0,0,41,0,0,0,0,0,0,0,0,0,0,0,0,0,0,0,0,0,0,0,0,0,0,0,0,0,0,0,0,0,0,0,0,0,0,0,0,0,0,0,0,0,0,0,0,0,0,0,0,0,0,0,0,0,0,0,0,0,0,0,41
Mizoram,Crime And Eou,0,0,0,0,0,0,0,0,0,0,0,0,0,0,0,0,0,0,0,0,0,0,0,0,0,0,0,0,0,0,0,0,0,0,0,0,0,0,0,0,0,0,0,0,0,0,0,0,0,0,0,0,0,0,0,0,0,0,0,0,0,0,0,0,0,0,0,0,0,0,0,0,0,0,0,0,0,0,0,0,0,0,0,0,0,0,0,0,0,0,0,0,0
Nagaland,Dimapur,0,0,0,0,0,4,0,0,0,0,0,4,0,0,0,0,0,0,0,0,0,32,32,0,32,0,0,2,34,1,0,0,1,0,0,0,0,0,0,0,73,0,52,11,41,125,0,0,0,0,0,0,0,0,0,0,0,0,0,0,0,0,0,0,0,0,0,0,0,0,0,0,0,0,0,0,0,0,0,0,0,0,0,0,0,0,0,0,0,0,0,1,165
Nagaland,Kiphire,0,0,0,0,0,1,0,0,0,0,0,1,0,0,0,0,0,0,0,0,0,1,1,0,1,0,0,0,1,0,0,0,0,0,0,0,0,0,0,0,5,0,4,4,0,9,0,0,0,0,0,0,0,0,0,0,0,0,0,0,0,0,0,0,0,0,0,0,0,0,0,0,0,0,0,0,0,0,0,0,0,0,0,0,0,0,0,0,0,0,0,0,11
Nagaland,Kohima,0,0,0,0,0,0,0,0,0,0,0,0,0,0,0,0,0,0,0,0,0,4,4,0,4,0,0,0,4,0,0,0,0,0,0,0,0,0,0,0,40,0,23,7,16,63,0,0,0,0,0,0,0,0,0,0,0,0,0,0,0,0,0,0,0,0,0,0,0,0,0,0,0,0,0,0,0,0,0,0,0,0,0,0,0,0,0,0,0,0,0,1,68
Nagaland,Longleng,0,0,0,0,0,0,0,0,0,0,0,0,0,0,0,0,0,0,0,0,0,0,0,0,0,0,0,0,0,1,0,0,1,0,0,0,0,0,0,0,8,0,26,10,16,34,0,0,0,0,0,0,0,0,0,0,0,0,0,0,0,0,0,0,0,0,0,0,0,0,0,0,0,0,0,0,0,0,0,0,0,0,0,0,0,0,0,0,0,0,0,0,35
Nagaland,Mokokchung,0,0,0,0,0,2,0,0,0,0,0,2,0,0,0,0,0,0,0,0,0,1,1,0,1,0,0,0,1,0,1,0,1,0,0,0,0,0,0,0,37,0,11,3,8,48,0,0,0,0,0,0,0,0,0,0,0,0,0,0,0,0,0,0,0,0,0,0,0,0,0,0,0,0,0,0,0,0,0,0,0,0,0,0,0,0,0,0,0,0,0,0,52
Nagaland,Mon,0,0,0,0,0,6,0,0,0,0,0,6,0,0,0,0,0,0,6,0,6,4,4,0,4,0,0,0,4,2,0,0,2,0,0,0,0,0,0,0,20,0,8,1,7,28,0,0,0,0,0,0,0,0,0,0,0,0,0,0,0,0,0,0,0,0,0,0,0,0,0,0,0,0,0,0,0,0,0,0,0,0,0,0,0,0,0,0,0,0,0,0,46
Nagaland,Peren,0,0,0,0,0,0,0,0,0,0,0,0,0,0,0,0,0,0,0,0,0,8,8,0,8,0,0,0,8,1,0,0,1,0,0,0,0,0,0,0,6,0,11,0,11,17,0,0,0,0,0,0,0,0,1,0,0,0,1,0,0,0,0,0,0,0,0,0,0,0,0,0,0,0,0,0,0,0,0,0,0,0,0,0,0,0,0,0,0,0,0,3,30
Nagaland,Phek,0,0,0,0,0,1,0,0,0,0,0,1,0,0,0,0,0,0,0,0,0,2,2,0,2,0,0,0,2,0,0,0,0,0,0,0,0,0,0,0,21,0,5,0,5,26,0,0,0,0,0,0,0,0,0,0,0,0,0,0,0,0,0,0,0,0,0,0,0,0,0,0,0,0,0,0,0,0,0,0,0,0,0,0,0,0,0,0,0,0,0,0,29
Nagaland,Tuensang,0,0,0,0,0,2,0,0,0,0,0,2,0,0,0,0,0,0,0,0,0,3,3,0,3,0,0,0,3,0,0,0,0,0,0,0,0,0,0,0,26,0,18,18,0,44,0,0,0,0,0,0,0,0,0,0,0,0,0,0,0,0,0,0,0,0,0,0,0,0,0,0,0,0,0,0,0,0,0,0,0,0,0,0,0,0,0,0,0,0,0,0,49
Nagaland,Wokha,0,0,0,0,0,1,0,0,0,0,0,1,0,0,0,0,0,0,0,0,0,1,1,0,1,0,0,0,1,0,0,0,0,0,0,0,0,0,0,0,10,0,21,21,0,31,0,0,0,0,0,0,0,0,0,0,0,0,0,0,0,0,0,0,0,0,0,0,0,0,0,0,0,0,0,0,0,0,0,0,0,0,0,0,0,0,0,0,0,0,0,0,33
Nagaland,Zunheboto,0,0,0,0,0,0,0,0,0,0,0,0,0,0,0,0,0,0,0,0,0,4,4,0,4,0,0,0,4,0,0,0,0,0,0,0,0,0,0,0,17,0,10,2,8,27,0,0,0,0,0,0,0,0,0,0,0,0,0,0,0,0,0,0,0,0,0,0,0,0,0,0,0,0,0,0,0,0,0,0,0,0,0,0,0,0,0,0,0,0,0,0,31
Nagaland,Noklak,0,0,0,0,0,0,0,0,0,0,0,0,0,0,0,0,0,0,0,0,0,1,1,0,1,0,0,0,1,0,0,0,0,0,0,0,0,0,0,0,0,0,1,1,0,1,0,0,0,0,0,0,0,0,0,0,0,0,0,0,0,0,0,0,0,0,0,0,0,0,0,0,0,0,0,0,0,0,0,0,0,0,0,0,0,0,0,0,0,0,0,0,2
Nagaland,Shamator,0,0,0,0,0,0,0,0,0,0,0,0,0,0,0,0,0,0,0,0,0,0,0,0,0,0,0,0,0,0,0,0,0,0,0,0,0,0,0,0,0,0,1,1,0,1,0,0,0,0,0,0,0,0,0,0,0,0,0,0,0,0,0,0,0,0,0,0,0,0,0,0,0,0,0,0,0,0,0,0,0,0,0,0,0,0,0,0,0,0,0,0,1
Nagaland,Tseminyu,0,0,0,0,0,1,0,0,0,0,0,1,0,0,0,0,0,0,0,0,0,0,0,0,0,0,0,0,0,0,0,0,0,0,0,0,0,0,0,0,2,0,10,9,1,12,0,0,0,0,0,0,0,0,0,0,0,0,0,0,0,0,0,0,0,0,0,0,0,0,0,0,0,0,0,0,0,0,0,0,0,0,0,0,0,0,0,0,0,0,0,0,13
Nagaland,Crime,0,0,0,0,0,0,0,0,0,0,0,0,0,0,0,0,0,0,0,0,0,0,0,0,0,0,0,0,0,0,0,0,0,0,0,0,0,0,0,0,0,0,0,0,0,0,0,0,0,0,0,0,0,0,0,0,0,0,0,0,0,0,0,0,0,0,0,0,0,0,0,0,0,0,0,0,0,0,0,0,0,0,0,0,0,0,0,0,0,0,0,0,0
Nagaland,Cyber Security,0,0,0,0,0,0,0,0,0,0,0,0,0,0,0,0,0,0,0,0,0,0,0,0,0,0,0,0,0,9,0,0,9,0,0,0,0,0,0,0,0,0,0,0,0,0,0,0,0,0,0,0,0,0,0,0,0,0,0,0,0,0,0,0,0,0,0,0,0,0,0,0,0,0,0,0,0,0,0,0,0,0,0,0,0,0,0,0,0,0,0,0,9
Nagaland,Narcotics,0,0,0,0,0,0,0,0,0,0,0,0,0,0,0,0,0,0,0,0,0,0,0,0,0,0,0,0,0,0,0,0,0,0,0,0,0,0,0,0,0,0,16,1,15,16,0,0,0,0,0,0,0,0,0,0,0,0,0,0,0,0,0,0,0,0,0,0,0,0,0,0,0,0,0,0,0,0,0,0,0,0,0,0,0,0,0,0,0,0,0,0,16
Odisha,Angul,0,5,0,0,5,52,3,3,0,0,0,58,0,0,0,0,0,0,0,0,0,5,5,0,5,0,1,1,7,12,0,0,12,0,0,0,0,53,0,53,0,1671,19,19,0,1690,0,0,0,0,0,0,0,0,0,0,0,0,0,0,1,1,0,0,0,0,0,0,0,0,0,0,10,0,0,0,0,0,0,0,0,0,0,0,0,0,0,0,0,0,10,0,1836
Odisha,Balasore,0,0,0,0,0,116,3,3,0,0,0,122,0,0,0,0,0,0,0,0,0,7,7,0,7,0,0,5,12,22,0,0,22,0,0,0,0,0,0,0,0,879,18,0,18,897,0,0,0,0,0,0,0,0,0,0,0,0,0,0,0,0,0,0,0,0,0,4,0,0,4,0,9,3,0,0,0,0,0,0,0,0,0,0,0,0,0,0,0,0,12,0,1069
Odisha,Baragarh,0,0,0,0,0,47,0,0,0,0,0,47,0,0,0,0,0,0,0,0,0,0,0,0,0,0,0,0,0,27,0,0,27,0,0,0,0,0,0,0,0,2118,30,0,30,2148,0,0,0,0,0,0,0,0,0,0,0,0,0,0,0,0,0,0,0,0,0,4,0,0,4,0,26,0,0,0,0,0,0,0,0,0,0,0,0,0,0,0,0,0,26,24,2276
Odisha,Berhampur,0,3,0,1,4,71,4,2,0,0,0,77,0,0,0,0,0,0,0,0,0,4,4,0,4,0,2,0,6,14,0,0,14,0,0,0,0,5,0,5,0,358,10,0,10,368,0,0,0,0,0,0,0,0,0,0,0,0,0,0,0,0,0,0,0,0,0,0,0,0,0,0,42,2,0,0,0,0,0,0,0,0,0,0,0,0,0,0,0,0,44,0,518
Odisha,Bhadrak,0,1,0,0,1,60,0,0,0,0,0,60,0,0,0,0,0,0,0,0,0,0,0,0,0,0,0,0,0,56,0,0,56,0,0,0,0,25,0,25,0,600,11,0,11,611,0,0,0,0,0,0,0,0,0,0,0,0,0,0,0,0,0,0,0,0,0,0,0,0,0,0,14,0,0,0,0,0,0,0,0,0,0,0,0,0,0,0,0,0,14,0,767
Odisha,Bolangir,0,1,0,0,1,69,6,1,0,0,0,76,0,0,0,0,0,0,0,0,0,2,2,0,2,0,0,0,2,38,0,0,38,0,0,0,0,7,0,7,0,1756,48,0,48,1804,0,0,0,0,0,0,0,0,0,0,0,0,0,0,0,0,0,0,0,0,0,0,0,0,0,0,25,4,0,0,0,0,0,0,0,0,0,0,0,0,0,0,0,0,29,0,1957
Odisha,Boudh,0,0,0,0,0,12,0,0,0,0,0,12,0,0,0,0,0,0,0,0,0,2,2,0,2,0,0,6,8,4,0,0,4,0,0,0,0,2,0,2,0,287,309,0,309,596,0,0,0,0,0,0,0,0,0,0,0,0,0,0,0,0,0,0,0,0,0,0,0,0,0,0,0,0,0,0,0,0,0,0,0,0,0,0,0,0,0,0,0,0,0,0,622
Odisha,Cuttack,0,1,0,0,1,109,1,2,0,0,0,112,0,0,0,0,0,0,0,0,0,5,5,0,5,0,2,0,7,31,0,0,31,0,0,0,0,3,0,3,0,1000,12,0,12,1012,0,0,0,0,0,0,0,0,0,0,0,0,0,0,0,0,0,0,0,0,0,0,0,0,0,0,5,2,0,0,0,0,0,0,0,0,0,0,0,0,0,0,0,0,7,0,1173
Odisha,Dcp Bbsr,0,1,0,0,1,141,34,1,0,0,0,176,0,0,0,0,0,0,0,0,0,2,2,0,2,0,2,0,4,87,0,0,87,0,0,0,0,1,0,1,0,1258,111,0,111,1369,0,0,0,0,0,0,0,0,0,0,0,0,0,0,0,0,0,0,0,0,0,0,0,0,0,0,16,0,0,0,0,0,0,0,0,0,0,0,0,0,0,0,0,0,16,9,1663
Odisha,Dcp Ctc,0,0,0,0,0,95,10,0,0,0,0,105,0,0,0,0,0,0,0,0,0,5,5,0,5,0,5,0,10,35,0,0,35,0,0,0,0,3,0,3,0,1071,32,0,32,1103,0,0,0,0,0,0,0,0,0,0,0,0,0,0,0,0,0,0,0,0,0,0,0,0,0,0,35,1,0,0,0,0,0,0,0,0,0,0,0,0,0,0,0,0,36,0,1292
Odisha,Deogarh,0,0,0,0,0,17,4,0,0,0,0,21,0,0,0,0,0,0,0,0,0,4,4,0,4,0,0,0,4,9,0,0,9,0,0,0,0,0,0,0,0,530,4,0,4,534,0,0,0,0,0,0,0,0,0,0,0,0,0,0,0,0,0,0,0,0,0,0,0,0,0,0,4,0,0,0,0,0,0,0,0,0,0,0,0,0,0,0,0,0,4,0,572
Odisha,Dhenkanal,0,1,0,3,4,51,0,2,0,0,0,53,0,0,0,0,0,0,0,0,0,7,7,0,7,0,3,2,12,20,0,0,20,0,0,0,0,35,0,35,0,849,7,0,7,856,0,0,0,0,0,0,0,0,0,0,0,0,0,0,0,0,0,0,0,0,0,0,0,0,0,0,10,2,0,0,0,0,0,0,0,0,0,0,0,0,0,0,0,0,12,0,992
Odisha,Gajapati,0,0,0,0,0,55,0,1,0,0,0,56,0,0,0,0,0,0,0,0,0,7,7,0,7,0,4,0,11,4,0,0,4,0,0,0,0,4,0,4,0,393,109,0,109,502,0,0,0,0,0,0,0,0,0,0,0,0,0,0,0,0,0,0,0,0,0,0,0,0,0,0,13,0,0,0,0,0,0,0,0,0,0,0,0,0,0,0,0,0,13,0,590
Odisha,Ganjam,0,2,0,0,2,98,5,2,0,0,0,105,0,0,0,0,0,0,0,0,0,12,12,0,12,0,1,4,17,55,0,0,55,0,0,0,0,5,0,5,0,1005,48,0,48,1053,0,0,0,0,0,0,0,0,0,0,0,0,0,0,0,0,0,0,0,0,0,0,0,0,0,0,71,5,0,0,0,0,0,0,0,0,0,0,0,0,0,0,0,0,76,53,1366
Odisha,Jagatsinghpur,0,2,0,1,3,88,3,2,0,0,0,93,0,0,0,0,0,0,0,0,0,1,1,0,1,0,2,0,3,60,0,0,60,0,0,0,0,34,0,34,0,357,40,0,40,397,0,0,0,0,0,0,0,0,0,0,0,0,0,0,0,0,0,0,0,0,0,0,0,0,0,0,2,0,0,0,3,0,0,3,0,0,0,0,0,0,0,0,0,0,5,102,697
Odisha,Jajpur,0,0,0,0,0,185,7,2,0,0,0,194,0,0,0,0,0,0,0,0,0,0,0,0,0,0,4,0,4,78,0,0,78,0,0,0,0,29,0,29,0,1483,4,0,4,1487,0,0,0,0,0,0,0,0,0,0,0,0,0,0,0,0,0,0,0,0,0,0,0,0,0,0,4,2,2,0,0,0,0,0,0,0,0,0,0,0,0,0,0,0,8,0,1800
Odisha,Jharsuguda,0,0,0,0,0,33,3,0,0,0,0,36,0,0,0,0,0,0,0,0,0,2,2,0,2,0,0,0,2,12,0,0,12,0,0,0,0,0,0,0,0,914,6,0,6,920,0,0,0,0,0,0,0,0,0,0,0,0,0,0,0,0,0,0,0,0,0,0,0,0,0,0,34,3,0,0,0,0,0,0,0,0,0,0,0,0,0,0,0,0,37,0,1007
Odisha,Kalahandi,0,0,0,0,0,98,0,0,0,0,0,98,0,0,0,0,0,0,0,0,0,4,4,0,4,0,0,0,4,23,0,0,23,0,0,0,0,0,0,0,0,1056,6,0,6,1062,0,0,0,0,0,0,0,0,0,0,0,0,0,0,0,0,0,0,0,0,0,0,0,0,0,0,18,3,0,0,0,0,0,0,0,0,0,0,0,0,0,0,0,0,21,79,1287
Odisha,Kandhamal,0,1,0,0,1,70,0,0,0,0,0,70,0,0,0,0,0,0,0,0,0,0,0,0,0,0,0,1,1,4,0,0,4,0,0,0,0,0,0,0,0,765,388,0,388,1153,0,0,0,0,0,0,0,0,0,0,0,0,0,0,0,0,0,0,0,0,0,0,0,0,0,0,11,0,0,0,0,0,0,0,0,0,0,0,0,0,0,0,0,0,11,0,1240
Odisha,Kendrapara,0,2,0,0,2,88,0,3,0,0,0,91,0,0,0,0,0,0,0,0,0,0,0,0,0,0,1,0,1,57,0,0,57,0,0,0,0,18,0,18,0,403,4,0,4,407,0,0,0,0,0,0,0,0,0,0,0,0,0,0,0,0,0,0,0,0,0,0,0,0,0,0,7,0,0,0,0,0,0,0,0,0,0,0,0,0,0,0,0,0,7,0,583
Odisha,Keonjhar,0,0,0,0,0,116,2,1,0,0,0,119,0,0,0,0,0,0,0,0,0,0,0,0,0,0,3,0,3,32,0,0,32,0,0,0,0,10,0,10,0,2765,10,0,10,2775,0,0,0,0,0,0,0,0,0,0,0,0,0,0,0,0,0,0,0,0,0,0,0,0,0,0,10,0,0,0,0,0,0,0,0,0,0,0,0,0,0,0,0,0,10,0,2949
Odisha,Khurda,0,0,0,0,0,65,0,4,0,0,0,69,0,0,0,0,0,0,0,0,0,1,0,0,0,1,7,2,10,13,0,0,13,0,0,0,0,0,0,0,0,644,14,0,14,658,0,0,0,0,0,0,0,0,0,0,0,0,0,0,0,0,0,0,0,0,0,0,0,0,0,0,10,1,0,0,0,0,0,0,0,0,0,0,0,0,0,0,0,0,11,0,761
Odisha,Koraput,0,0,0,0,0,91,3,1,0,0,0,95,0,0,0,0,0,0,0,0,0,0,0,0,0,0,0,0,0,10,0,0,10,0,0,0,0,0,0,0,0,1145,106,0,106,1251,0,0,0,0,0,0,0,0,0,0,0,0,0,0,0,0,0,0,0,0,0,0,0,0,0,0,87,0,0,0,0,0,0,0,0,0,0,0,0,0,0,0,0,0,87,10,1453
Odisha,Malkangiri,0,0,0,0,0,74,1,0,0,0,0,75,0,0,0,0,0,0,0,0,0,5,5,0,5,0,0,0,5,33,0,0,33,0,0,0,0,0,0,0,0,694,203,0,203,897,0,0,0,0,0,0,0,0,0,0,0,0,0,0,0,0,0,0,0,0,0,0,0,0,0,0,190,0,0,0,0,0,0,0,0,0,0,0,0,0,0,0,0,0,190,0,1200
Odisha,Mayurbhanj,0,3,0,0,3,127,0,1,0,0,0,128,0,0,0,0,0,0,0,0,0,61,0,0,0,61,0,0,61,24,0,0,24,0,0,0,0,0,0,0,0,2170,33,0,33,2203,0,0,0,0,0,0,0,0,0,0,0,0,0,0,0,0,0,0,0,0,0,0,0,0,0,0,61,3,0,0,0,0,0,0,0,0,0,0,0,0,0,0,0,0,64,0,2483
Odisha,Nayagarh,0,0,0,2,2,68,0,2,0,0,0,70,0,0,0,0,0,0,0,0,0,22,22,0,22,0,1,0,23,30,0,0,30,0,0,0,0,19,0,19,0,617,44,0,44,661,0,0,0,0,0,0,0,0,0,0,0,0,0,0,0,0,0,0,0,0,0,0,0,0,0,0,5,0,0,0,0,0,0,0,0,0,0,0,0,0,0,0,0,0,5,0,810
Odisha,Nabarangpur,0,0,0,0,0,55,1,0,0,0,0,56,0,0,0,0,0,0,0,0,0,2,2,0,2,0,0,0,2,14,0,0,14,0,0,0,0,0,0,0,0,943,13,0,13,956,0,0,0,0,0,0,0,0,0,0,0,0,0,0,0,0,0,0,0,0,0,0,0,0,0,0,44,0,0,0,0,0,0,0,0,0,0,0,0,0,0,0,0,0,44,0,1072
Odisha,Nuapada,0,0,0,0,0,24,0,0,0,0,0,24,0,0,0,0,0,0,0,0,0,0,0,0,0,0,0,1,1,8,0,0,8,0,0,0,0,0,0,0,0,631,3,0,3,634,0,0,0,0,0,0,0,0,0,0,0,0,0,0,0,0,0,0,0,0,0,0,0,0,0,0,24,0,0,0,0,0,0,0,0,0,0,0,0,0,0,0,0,0,24,0,691
Odisha,Puri,0,0,0,0,0,76,8,2,0,0,0,86,0,0,0,0,0,0,0,0,0,3,3,0,3,0,0,3,6,20,0,0,20,0,0,0,0,33,0,33,0,1461,61,0,61,1522,0,0,0,0,0,0,0,0,0,0,0,0,0,0,0,0,0,0,0,0,0,0,0,0,0,0,2,0,0,0,0,0,0,0,0,0,0,0,0,0,0,0,0,0,2,18,1687
Odisha,Rayagada,0,0,0,0,0,54,2,0,0,0,0,56,0,0,0,0,0,0,0,0,0,2,2,0,2,0,0,0,2,3,0,0,3,0,0,0,0,0,0,0,0,999,102,0,102,1101,0,0,0,0,0,0,0,0,0,0,0,0,0,0,0,0,0,0,0,0,0,0,0,0,0,0,27,0,0,0,0,0,0,0,0,0,0,0,0,0,0,0,0,0,27,0,1189
Odisha,Rourkela,0,0,0,0,0,63,1,0,0,0,0,64,0,0,0,0,0,0,0,0,0,7,7,0,7,0,0,0,7,22,0,0,22,0,0,0,0,4,0,4,0,1325,11,0,11,1336,0,0,0,0,0,0,0,0,0,0,0,0,0,0,0,0,0,0,0,0,0,0,0,0,0,0,49,0,0,0,0,0,0,0,0,0,0,0,0,0,0,0,0,0,49,0,1482
Odisha,Sambalpur,1,0,0,0,1,65,1,0,0,0,0,66,0,0,0,0,0,0,0,0,0,10,0,0,0,10,0,0,10,15,0,0,15,0,0,0,0,4,0,4,0,1384,37,0,37,1421,0,0,0,0,0,0,0,0,0,0,0,0,0,0,0,0,0,0,0,0,0,0,0,0,0,0,16,0,0,0,0,0,0,0,0,0,0,0,0,0,0,0,0,0,16,0,1533
Odisha,Sonepur,0,0,0,0,0,23,0,0,0,0,0,23,0,0,0,0,0,0,0,0,0,1,1,0,1,0,0,0,1,6,0,0,6,0,0,0,0,0,0,0,0,825,75,0,75,900,0,0,0,0,0,0,0,0,0,0,0,0,0,0,0,0,0,0,0,0,0,0,0,0,0,0,4,0,0,0,0,0,0,0,0,0,0,0,0,0,0,0,0,0,4,0,934
Odisha,Srp(Cuttack),0,0,0,0,0,1,0,0,0,0,0,1,0,0,0,0,0,0,0,0,0,1,1,0,1,0,0,0,1,0,0,0,0,0,0,0,0,0,0,0,0,6,67,0,67,73,0,0,0,0,0,0,0,0,0,0,0,0,0,0,0,0,0,0,0,0,0,0,0,0,0,0,0,0,0,0,0,0,0,0,0,0,0,0,0,0,0,0,0,0,0,0,75
Odisha,Srp(Rourkela),0,0,0,0,0,1,0,0,0,0,0,1,0,0,0,0,0,0,0,0,0,0,0,0,0,0,0,0,0,7,0,0,7,0,0,0,0,0,0,0,0,9,91,91,0,100,0,0,0,0,0,0,0,0,0,0,0,0,0,0,0,0,0,0,0,0,0,0,0,0,0,0,0,0,0,0,0,0,0,0,0,0,0,0,0,0,0,0,0,0,0,0,108
Odisha,Sundargarh,1,0,0,2,3,39,2,0,0,0,0,41,0,0,0,0,0,0,0,0,0,1,1,0,1,0,0,0,1,10,0,0,10,0,0,0,0,3,0,3,0,1093,3,0,3,1096,0,0,0,0,0,0,0,0,0,0,0,0,0,0,0,0,0,0,0,0,0,1,0,0,1,0,21,0,0,0,0,0,0,0,0,0,0,0,0,0,0,0,0,0,21,0,1176
Odisha,Cid Cb,0,0,0,0,0,0,0,0,0,0,0,0,0,0,0,0,0,0,0,0,0,1,0,0,0,1,0,0,1,0,0,0,0,0,0,0,0,0,0,0,0,0,9,0,9,9,0,0,0,0,0,0,0,0,0,0,0,0,0,0,0,0,0,0,0,0,0,0,0,0,0,0,0,0,0,0,0,0,0,0,0,0,0,0,0,0,0,0,0,0,0,0,10
Punjab,Amritsar Rural,0,0,0,0,0,24,0,0,0,0,0,24,2,0,0,0,2,0,1,1,2,78,78,0,78,0,0,4,82,13,1,0,14,0,0,0,0,71,2,73,0,421,463,58,405,884,0,0,0,0,0,0,0,0,1,10,0,0,11,0,0,0,0,0,0,0,0,0,0,0,0,0,2,0,0,4,0,0,0,0,1,2,0,0,0,0,0,0,0,0,9,11,1112
Punjab,Barnala,0,0,0,0,0,5,0,0,0,0,0,5,0,0,0,0,0,4,0,0,4,13,13,2,11,0,0,0,13,14,1,5,20,0,0,0,0,1,1,2,0,281,172,70,102,453,0,0,0,0,0,0,0,0,0,0,0,0,0,0,0,0,0,0,0,0,0,1,0,0,1,0,26,0,0,0,9,9,0,0,0,0,0,0,0,2,0,0,0,0,37,41,576
Punjab,Batala,0,1,0,0,1,20,0,0,0,0,0,20,0,0,0,0,0,0,0,0,0,19,19,0,19,0,0,0,19,2,1,0,3,0,0,0,0,11,0,11,0,232,252,252,0,484,0,0,0,0,0,0,0,0,0,1,0,0,1,0,0,0,0,0,0,0,0,0,0,0,0,0,2,0,0,0,0,0,0,0,0,0,0,0,0,0,0,0,0,0,2,13,554
Punjab,Bathinda,0,3,0,0,3,34,0,0,0,0,0,34,7,0,0,0,7,3,0,0,3,27,27,0,27,0,0,0,27,8,3,0,11,1,0,0,0,3,1,5,0,226,610,132,478,836,0,0,0,1,2,0,0,3,0,0,0,0,0,0,0,0,0,0,0,0,0,2,0,0,2,0,35,0,0,0,0,0,0,0,1,0,0,0,0,3,0,0,0,0,39,16,986
Punjab,Cp Amritsar,0,10,0,0,10,30,0,0,0,0,0,30,1,0,0,0,1,0,0,0,0,66,66,0,66,0,0,7,73,0,2,0,2,0,0,0,0,0,1,1,0,254,355,26,329,609,0,0,0,0,22,0,0,22,0,1,0,0,1,0,0,0,0,0,0,0,0,0,0,0,0,0,81,0,0,0,0,0,0,0,0,0,0,0,0,0,0,0,0,0,81,105,935
Punjab,Cp Jalandhar,0,4,0,0,4,26,0,0,0,0,0,26,4,0,0,0,4,1,0,0,1,23,23,0,23,0,0,0,23,283,6,0,289,0,0,0,0,4,1,5,0,106,178,23,155,284,0,0,0,0,4,0,0,4,0,0,0,0,0,0,0,0,0,0,0,0,0,2,0,0,2,0,34,0,0,6,0,0,0,0,0,0,0,0,0,2,0,0,0,0,42,26,710
Punjab,Cp Ludhiana,1,6,0,0,7,81,3,0,1,0,0,85,2,0,0,0,2,10,0,0,10,37,37,0,37,0,0,0,37,3,7,0,10,0,1,0,0,18,4,23,0,232,468,427,41,700,0,1,9,0,5,0,0,15,0,3,60,0,63,0,0,0,0,0,0,0,0,1,0,0,1,0,152,0,0,4,0,0,0,0,0,4,0,0,0,7,0,0,0,0,167,270,1390
Punjab,Faridkot,0,1,0,0,1,18,0,0,0,0,0,18,0,0,0,0,0,0,0,0,0,12,12,0,12,0,0,0,12,3,0,0,3,1,0,0,0,2,3,6,0,139,249,54,195,388,0,0,0,0,0,0,0,0,0,0,0,0,0,0,0,0,0,0,0,0,0,0,0,0,0,0,41,0,0,3,0,0,0,0,0,1,0,0,0,1,0,0,3,0,49,108,585
Punjab,Fatehgarh Sahib,0,0,0,0,0,11,0,0,0,0,0,11,0,0,0,0,0,0,0,0,0,7,7,0,7,0,1,0,8,0,0,0,0,2,0,0,0,1,2,5,0,91,140,2,138,231,1,1,1,0,0,0,0,3,0,0,0,0,0,0,0,0,0,0,0,0,0,0,0,0,0,0,17,0,0,0,0,0,0,0,0,0,0,0,0,1,0,0,0,0,18,2,278
Punjab,Fazilka,0,0,0,0,0,42,0,0,1,0,0,43,1,0,0,0,1,4,0,0,4,15,15,1,14,0,0,0,15,14,0,0,14,0,0,0,0,32,4,36,0,189,241,0,241,430,0,0,0,0,1,0,0,1,0,2,0,0,2,0,0,0,0,0,0,0,0,0,0,0,0,0,82,0,0,1,0,0,0,0,0,0,0,0,0,0,0,0,0,0,83,2,631
Punjab,Ferozepur,0,0,1,0,1,14,2,0,0,0,0,16,5,0,0,0,5,2,0,0,2,34,0,0,0,34,0,0,34,6,0,0,6,0,0,0,0,42,1,43,0,173,249,9,240,422,0,0,0,0,0,0,0,0,0,1,0,0,1,0,0,0,0,0,0,0,0,2,0,0,2,0,24,0,0,0,0,0,0,0,1,0,0,0,0,5,0,0,0,0,30,209,771
Punjab,Grp,0,0,0,0,0,1,0,0,0,0,0,1,0,0,0,0,0,0,0,0,0,24,10,0,10,14,0,0,24,4,0,0,4,0,0,0,0,0,0,0,0,102,62,0,62,164,0,0,0,0,0,0,0,0,0,0,0,0,0,10,0,10,0,0,0,0,0,0,0,0,0,0,28,0,0,0,0,0,0,0,0,0,0,0,0,0,0,0,0,0,28,0,231
Punjab,Gurdaspur,0,0,0,0,0,19,0,0,0,0,0,19,1,0,0,0,1,0,0,0,0,18,18,1,17,0,0,0,18,5,1,0,6,0,0,0,0,4,0,4,0,252,109,94,15,361,0,0,0,0,0,0,0,0,0,2,0,0,2,0,0,0,0,0,0,0,0,0,0,0,0,0,1,0,0,1,0,0,0,0,0,0,0,0,0,1,0,0,0,0,3,66,480
Punjab,Hoshiarpur,0,4,0,0,4,37,2,1,0,1,0,41,1,0,0,0,1,1,0,1,2,22,22,1,21,0,1,0,23,2,1,0,3,0,0,0,0,35,0,35,0,196,419,373,46,615,3,3,0,0,0,0,0,6,0,1,0,0,1,0,0,0,0,0,0,0,0,0,0,0,0,0,89,0,0,2,0,0,0,0,0,0,0,0,0,5,0,0,0,0,96,165,992
Punjab,Jalandhar Rural,1,2,0,0,3,20,0,1,0,0,0,21,3,0,0,0,3,0,0,0,0,20,20,0,20,0,0,0,20,8,0,0,8,2,0,0,0,31,1,34,0,196,372,43,329,568,0,0,0,0,0,0,0,0,0,0,0,0,0,0,0,0,0,0,0,0,0,2,0,0,2,0,16,0,0,0,0,0,0,0,0,0,0,0,0,0,0,0,0,0,16,7,682
Punjab,Kapurthala,0,5,0,0,5,16,0,0,0,1,0,17,0,0,0,0,0,1,0,0,1,33,33,0,33,0,0,0,33,4,1,0,5,2,0,0,0,5,0,7,0,286,322,125,197,608,1,0,0,0,0,0,0,1,2,0,0,0,2,0,0,0,0,0,0,0,0,1,0,0,1,0,44,0,0,0,0,0,0,0,0,0,0,0,0,1,0,0,0,0,45,141,866
Punjab,Khanna,0,0,0,0,0,14,0,0,0,0,0,14,3,0,0,0,3,0,0,0,0,21,21,1,20,0,0,0,21,18,2,0,20,0,0,0,0,1,1,2,0,61,293,44,249,354,0,0,0,0,0,0,0,0,0,0,0,0,0,0,0,0,0,0,0,0,0,0,0,0,0,0,28,0,0,1,0,0,0,0,0,0,0,0,0,3,0,0,0,0,32,1,447
Punjab,Ludhiana Rural,0,0,0,0,0,15,0,0,0,0,0,15,1,0,0,0,1,0,0,0,0,6,6,0,6,0,0,0,6,13,0,0,13,0,0,0,0,13,0,13,0,159,291,116,175,450,0,0,0,0,0,0,0,0,0,0,2,0,2,0,0,0,0,0,0,0,0,0,0,0,0,0,10,0,0,0,0,0,0,0,0,0,0,0,0,0,0,0,0,0,10,37,547
Punjab,Mansa,0,0,0,0,0,19,0,1,0,0,0,20,2,0,0,0,2,0,0,0,0,7,7,0,7,0,0,0,7,1,2,1,4,0,0,0,0,0,0,0,0,267,261,106,155,528,0,0,0,0,0,0,0,0,0,0,0,0,0,0,0,0,0,0,0,0,0,3,0,0,3,0,13,0,0,0,0,0,0,0,0,0,0,0,0,0,0,0,0,0,13,28,605
Punjab,Moga,0,2,0,0,2,25,1,0,0,0,0,26,4,0,0,0,4,1,0,0,1,32,32,0,32,0,0,0,32,21,2,0,23,0,0,0,0,18,2,20,0,172,394,16,378,566,0,0,0,0,0,0,0,0,0,1,0,0,1,0,0,0,0,0,0,0,0,1,0,0,1,0,17,0,0,0,0,0,0,0,0,0,0,0,0,0,0,0,0,8,25,0,701
Punjab,Muktsar,2,2,0,0,4,19,0,0,0,0,0,19,0,0,0,0,0,0,0,0,0,12,12,0,12,0,0,0,12,0,0,0,0,1,0,0,0,0,0,1,0,301,348,60,288,649,0,0,0,0,0,0,0,0,0,0,0,0,0,0,0,0,0,0,0,0,0,1,0,0,1,0,48,0,0,4,0,0,0,0,0,0,0,0,0,0,0,0,0,0,52,6,744
Punjab,Pathankot,0,3,0,0,3,14,0,0,0,0,0,14,0,0,0,0,0,0,0,0,0,1,1,0,1,0,0,0,1,8,0,0,8,0,0,0,0,37,0,37,0,162,63,56,7,225,1,0,0,0,0,0,0,1,0,1,0,0,1,0,0,0,0,0,0,0,0,0,0,0,0,0,6,0,0,1,0,0,0,0,0,0,0,0,0,15,0,0,0,0,22,7,319
Punjab,Patiala,2,1,0,0,3,32,2,2,0,0,0,36,5,0,0,0,5,2,0,0,2,33,33,0,33,0,0,0,33,12,10,0,22,0,0,0,0,8,1,9,0,348,538,91,447,886,2,0,0,0,0,0,0,2,0,0,1,0,1,0,0,0,0,0,0,0,0,1,0,0,1,0,92,0,0,3,0,0,0,0,0,3,0,0,0,8,0,0,0,6,112,150,1262
Punjab,Ropar,0,2,0,0,2,11,0,0,0,0,0,11,0,0,0,0,0,3,0,0,3,5,5,0,5,0,1,0,6,1,8,0,9,0,0,0,0,58,0,58,0,55,165,12,153,220,0,0,0,0,0,0,0,0,0,0,6,0,6,0,0,0,0,0,0,0,0,0,0,0,0,0,13,0,0,0,2,2,0,0,0,0,0,0,0,2,0,0,0,0,17,65,397
Punjab,Sangrur,0,3,0,0,3,33,0,0,0,0,0,33,1,0,0,0,1,4,0,0,4,9,9,0,9,0,0,0,9,57,1,0,58,0,0,0,0,3,1,4,0,321,378,82,296,699,0,0,0,0,0,0,0,0,0,0,0,0,0,0,0,0,0,0,0,0,0,1,0,0,1,0,31,0,0,1,0,0,0,0,0,0,0,0,0,2,0,0,0,0,34,129,975
Punjab,Sas Nagar,1,8,0,0,9,42,2,0,0,0,0,44,0,0,0,0,0,0,0,0,0,50,50,2,48,0,0,0,50,14,2,0,16,0,0,0,0,29,1,30,0,163,254,238,16,417,0,1,0,0,0,0,0,1,0,0,0,0,0,0,0,0,0,0,0,0,0,3,0,0,3,0,35,0,0,0,0,0,0,0,0,0,0,0,0,5,0,0,0,0,40,293,903
Punjab,Sbs Nagar,0,0,0,0,0,9,0,0,1,0,0,10,0,0,0,0,0,0,0,0,0,14,14,0,14,0,0,2,16,0,2,0,2,0,0,0,0,12,0,12,0,192,573,205,368,765,1,1,0,0,0,0,0,2,0,0,0,0,0,0,0,0,0,0,0,0,0,1,0,0,1,0,1,0,0,0,0,0,0,0,0,0,0,0,0,0,0,0,0,0,1,0,809
Punjab,Tarn Taran,0,0,0,0,0,20,1,2,0,0,0,23,3,0,0,0,3,0,0,0,0,38,38,0,38,0,0,0,38,4,0,0,4,0,0,0,0,7,1,8,0,294,310,11,299,604,1,0,0,0,0,0,0,1,0,5,0,0,5,0,0,0,0,0,0,0,0,2,0,0,2,0,7,0,0,15,0,0,0,0,0,0,0,0,0,0,0,0,0,0,22,353,1063
Punjab,Bureau Of Investigation,0,0,0,0,0,0,0,0,0,0,0,0,0,0,0,0,0,0,0,0,0,8,8,0,8,0,0,0,8,0,0,0,0,0,0,0,0,0,2,2,0,0,0,0,0,0,0,0,0,0,0,0,0,0,0,0,1,0,1,0,0,0,0,0,0,0,0,0,0,0,0,0,0,0,0,0,0,0,0,0,0,0,0,0,0,0,0,0,0,0,0,1,12
Punjab,Intelligence Wing,0,0,0,0,0,0,0,0,0,0,0,0,0,0,0,0,0,0,1,0,1,62,62,0,62,0,0,2,64,0,0,0,0,0,0,0,0,0,0,0,0,0,48,1,47,48,0,0,0,0,0,0,0,0,0,0,0,0,0,0,0,0,0,0,0,0,0,0,0,0,0,0,0,0,0,0,0,0,0,0,0,0,0,0,0,0,0,0,0,0,0,1,114
Punjab,Nri Wing,0,0,0,0,0,0,0,0,0,0,0,0,0,0,0,0,0,0,0,0,0,0,0,0,0,0,0,0,0,0,0,0,0,0,0,0,0,0,0,0,0,0,0,0,0,0,0,0,0,0,0,0,0,0,0,0,76,0,76,0,0,0,0,0,0,0,0,0,0,0,0,0,0,0,0,0,0,0,0,0,0,0,0,0,0,0,0,0,0,0,0,2,78
Punjab,Special Task Force,0,0,0,0,0,0,0,0,0,0,0,0,0,0,0,0,0,0,0,0,0,0,0,0,0,0,0,0,0,0,0,0,0,0,0,0,0,0,0,0,0,0,201,0,201,201,0,0,0,0,0,0,0,0,0,0,0,0,0,0,0,0,0,0,0,0,0,0,0,0,0,0,0,0,0,0,0,0,0,0,0,0,0,0,0,0,0,0,0,0,0,0,201
Punjab,Malerkotla,0,0,0,0,0,11,0,0,0,0,0,11,2,0,0,0,2,2,0,0,2,4,4,0,4,0,2,0,6,4,1,0,5,0,0,0,0,0,0,0,0,40,195,187,8,235,0,0,0,0,0,0,0,0,0,0,1,0,1,0,0,0,0,0,0,0,0,0,0,0,0,0,49,0,0,0,0,0,0,0,0,0,0,0,0,1,0,0,0,0,50,4,316
Punjab,Cyber Crime Wing,0,0,0,0,0,1,0,0,0,0,0,1,0,0,0,0,0,0,0,0,0,0,0,0,0,0,0,0,0,5,0,0,5,0,0,0,0,0,0,0,0,0,0,0,0,0,0,0,0,0,0,0,0,0,0,0,0,0,0,0,0,0,0,0,0,0,0,0,0,0,0,0,0,0,0,0,0,0,0,0,0,0,0,0,0,0,0,0,0,0,0,0,6
Rajasthan,Ajmer,9,0,0,0,9,62,20,1,0,0,0,83,68,2,0,0,70,10,0,0,10,58,21,0,21,37,0,0,58,12,1,0,13,0,0,0,0,27,0,27,0,362,60,33,27,422,0,0,0,0,0,287,0,287,1,0,0,0,1,1,0,1,0,0,0,0,0,2,0,0,2,0,472,62,0,0,0,0,0,0,0,0,0,0,0,10,0,16,0,0,560,216,1759
Rajasthan,Alwar,0,0,0,0,0,100,0,0,0,0,0,100,86,40,0,0,126,0,0,0,0,157,78,0,78,79,8,0,165,11,0,0,11,0,0,0,0,0,0,0,0,774,39,39,0,813,78,1,0,0,274,218,0,571,0,0,0,0,0,0,0,0,0,0,0,0,0,2,0,0,2,0,1023,129,0,0,0,0,0,0,0,6,0,0,0,46,0,0,0,0,1204,42,3034
Rajasthan,Banswara,2,2,0,0,4,50,26,0,0,0,0,76,5,9,0,0,14,1,0,0,1,40,40,0,40,0,1,0,41,8,0,0,8,0,0,0,0,20,0,20,0,1497,14,14,0,1511,1,2,0,0,0,36,0,39,0,0,0,0,0,0,0,0,0,0,0,0,0,17,0,0,17,0,114,6,0,0,0,0,0,0,0,0,0,0,0,0,0,0,0,0,120,408,2259
Rajasthan,Baran,0,0,0,0,0,61,0,0,0,8,0,69,63,32,0,0,95,0,0,0,0,356,24,0,24,332,0,1,357,1,2,0,3,0,0,0,0,0,0,0,0,525,92,85,7,617,2,0,0,0,5,132,0,139,0,0,0,0,0,1,0,1,0,0,0,0,0,1,0,0,1,0,820,37,0,0,0,0,0,0,1,0,0,0,0,6,0,0,0,32,896,0,2178
Rajasthan,Barmer,0,2,0,0,2,52,0,0,0,1,0,53,56,22,0,0,78,3,0,0,3,38,19,0,19,19,5,0,43,39,0,0,39,0,0,0,0,11,0,11,0,446,125,113,12,571,0,0,0,0,71,14,0,85,0,0,0,0,0,0,0,0,0,0,0,0,0,4,0,0,4,0,26,11,0,0,0,0,0,0,0,0,0,0,0,0,0,8,0,0,45,5,939
Rajasthan,Bharatpur,0,0,0,0,0,44,1,0,0,0,0,45,124,12,0,0,136,0,0,0,0,100,86,0,86,14,0,0,100,17,1,0,18,0,0,0,0,0,0,0,0,339,8,0,8,347,10,0,0,0,16,37,0,63,0,0,0,0,0,0,0,0,0,0,0,0,0,2,0,0,2,0,428,104,0,0,0,0,0,0,0,0,0,0,0,0,0,0,0,0,532,118,1361
Rajasthan,Bhilwara,1,0,0,0,1,53,17,0,0,0,0,70,66,23,0,0,89,3,0,0,3,105,35,0,35,70,12,0,117,8,2,0,10,0,0,0,0,203,0,203,0,465,100,0,100,565,0,1,0,0,53,254,0,308,0,0,0,0,0,0,0,0,0,0,0,0,0,2,0,0,2,0,275,98,0,0,0,0,0,0,0,0,0,0,0,0,0,2,0,0,375,25,1768
Rajasthan,Bikaner,0,0,0,0,0,95,0,0,0,0,0,95,116,6,0,0,122,0,0,0,0,192,192,0,192,0,7,0,199,9,1,0,10,0,0,0,0,42,0,42,0,524,358,358,0,882,0,0,0,0,138,259,0,397,0,1,0,0,1,0,0,0,0,0,0,0,0,3,0,0,3,0,581,89,0,0,0,0,0,0,0,0,0,0,0,0,0,0,0,0,670,99,2520
Rajasthan,Bundi,0,0,0,0,0,50,0,0,0,0,0,50,43,28,0,0,71,0,0,0,0,247,247,0,247,0,6,0,253,0,0,0,0,0,0,0,0,0,0,0,0,421,84,84,0,505,1,0,0,0,0,395,0,396,0,0,0,0,0,0,0,0,0,0,0,0,0,3,0,0,3,0,440,35,0,0,0,0,0,0,0,0,0,0,0,0,0,0,0,0,475,286,2039
Rajasthan,Chittorgarh,3,3,0,0,6,33,8,0,0,0,0,41,44,25,0,0,69,3,0,0,3,315,30,0,30,285,4,0,319,0,1,0,1,0,0,0,0,0,0,0,0,585,272,0,272,857,1,2,0,0,1,191,0,195,0,0,0,0,0,0,0,0,0,0,0,0,0,3,0,0,3,0,340,116,0,0,0,0,0,0,0,0,0,0,0,0,0,0,0,0,456,126,2076
Rajasthan,Churu,6,0,0,0,6,60,9,0,0,0,0,69,70,6,0,0,76,3,0,0,3,55,47,0,47,8,1,0,56,14,0,0,14,0,0,0,0,11,0,11,0,712,107,85,22,819,0,0,0,0,0,175,0,175,0,0,0,0,0,0,0,0,0,0,0,0,0,3,0,0,3,0,421,19,0,0,0,0,0,0,0,0,0,0,0,0,0,0,0,0,440,73,1745
Rajasthan,Dausa,0,0,0,0,0,63,0,0,0,0,0,63,65,56,0,0,121,0,0,0,0,59,59,0,59,0,0,2,61,7,0,0,7,0,0,0,0,0,0,0,0,391,66,66,0,457,1,2,0,0,0,291,0,294,0,0,0,0,0,0,0,0,0,0,0,0,0,4,0,0,4,0,375,97,0,0,0,0,0,0,0,0,0,0,0,0,0,0,0,0,472,169,1648
Rajasthan,Dholpur,0,0,0,0,0,88,0,0,0,0,0,88,88,13,0,0,101,0,0,0,0,205,190,0,190,15,0,17,222,4,0,0,4,0,0,0,0,0,0,0,0,385,22,0,22,407,3,184,0,0,11,58,0,256,0,0,0,0,0,1,0,1,0,0,0,0,0,9,6,0,15,0,365,35,0,0,0,0,0,0,0,0,0,0,0,173,0,0,0,0,573,0,1667
Rajasthan,Dungarpur,0,1,0,0,1,39,9,0,0,0,0,48,2,8,0,0,10,0,0,0,0,28,0,0,0,28,6,0,34,5,0,0,5,0,0,0,0,14,0,14,0,747,21,20,1,768,0,0,0,0,0,39,0,39,0,0,0,0,0,1,0,1,0,0,0,0,0,4,0,0,4,0,59,5,0,0,0,0,0,0,0,0,0,0,0,0,0,0,0,0,64,231,1219
Rajasthan,Grp Ajmer,0,0,0,0,0,1,3,0,0,0,0,4,0,3,0,0,3,0,0,0,0,70,1,0,1,69,0,0,70,3,0,0,3,0,0,0,0,0,0,0,0,110,43,8,35,153,0,0,0,0,0,0,0,0,1,0,0,0,1,0,0,0,0,0,0,0,0,0,0,0,0,0,81,0,0,0,0,0,0,0,0,0,0,0,0,0,0,0,0,0,81,330,645
Rajasthan,Grp Jodhpur,0,0,0,0,0,0,0,0,0,0,0,0,3,0,0,0,3,0,1,0,1,1,0,0,0,1,0,0,1,0,0,0,0,0,0,0,0,0,0,0,0,56,6,6,0,62,0,0,0,0,0,0,0,0,0,0,0,0,0,0,0,0,0,0,0,0,0,0,0,0,0,0,23,0,0,0,0,0,0,0,0,55,0,0,0,0,0,0,0,7,85,0,152
Rajasthan,Ganganagar,3,7,0,0,10,53,1,0,0,3,0,57,117,2,0,0,119,10,0,0,10,240,179,1,178,61,2,0,242,17,2,0,19,0,0,0,0,1,0,1,0,652,381,165,216,1033,0,0,0,0,0,5,0,5,0,0,0,0,0,0,0,0,0,0,0,0,0,5,0,0,5,0,978,2,0,0,0,0,0,0,0,0,0,0,0,0,0,0,0,41,1021,30,2552
Rajasthan,Hanumangarh,0,2,0,0,2,48,0,0,0,1,0,49,119,10,0,0,129,28,0,0,28,260,117,25,92,143,5,0,265,78,2,0,80,0,0,0,0,0,0,0,0,790,373,83,290,1163,0,1,0,0,0,91,0,92,0,0,0,0,0,0,0,0,0,0,0,0,0,1,0,0,1,0,1187,18,0,0,0,0,0,0,0,0,0,0,0,5,0,0,0,0,1210,148,3167
Rajasthan,Jaipur East,13,2,0,0,15,44,1,0,0,4,0,49,37,27,0,0,64,2,0,0,2,75,43,0,43,32,1,1,77,18,1,0,19,0,0,0,0,25,0,25,0,565,171,165,6,736,0,0,0,0,89,225,0,314,0,0,0,0,0,0,0,0,0,0,0,0,0,10,0,0,10,0,477,14,0,0,6,2,4,0,0,129,0,0,0,3,0,1,0,2,632,187,2130
Rajasthan,Jaipur North,0,1,0,0,1,28,1,0,0,0,0,29,14,6,0,0,20,3,0,0,3,129,25,0,25,104,2,0,131,3,0,0,3,0,0,0,0,0,0,0,0,246,153,77,76,399,0,1,0,0,189,543,0,733,1,0,0,0,1,0,0,0,0,0,0,0,0,11,0,0,11,0,597,1,0,0,0,0,0,0,0,400,0,0,0,1,0,0,0,0,999,287,2617
Rajasthan,Jaipur Rural,0,2,0,0,2,42,1,0,0,1,0,44,51,32,0,0,83,1,0,0,1,26,23,1,22,3,2,0,28,24,0,0,24,0,0,0,0,24,0,24,0,199,41,15,26,240,0,0,0,0,52,147,0,199,0,0,0,0,0,0,0,0,0,0,0,0,0,0,0,0,0,0,107,115,0,0,0,0,0,0,0,1,0,0,0,3,0,0,0,7,233,42,920
Rajasthan,Jaipur South,13,0,0,0,13,37,8,1,0,0,0,46,33,17,0,0,50,0,0,0,0,66,47,0,47,19,0,0,66,12,0,0,12,0,0,0,0,18,0,18,0,522,123,24,99,645,0,1,0,0,283,225,0,509,2,0,0,0,2,0,0,0,1,0,0,0,1,6,0,0,6,0,456,29,0,0,0,0,0,0,0,77,1,0,0,1,0,110,0,0,674,18,2060
Rajasthan,Jaipur West,1,0,0,0,1,41,1,0,0,0,0,42,55,30,0,0,85,10,2,0,12,109,40,0,40,69,0,0,109,10,4,0,14,0,0,0,0,9,0,9,0,638,117,0,117,755,0,0,0,0,137,168,0,305,1,0,0,0,1,0,0,0,0,0,0,0,0,7,0,0,7,0,351,55,0,0,0,0,0,0,0,552,0,0,0,6,0,0,0,0,964,81,2385
Rajasthan,Jaisalmer,0,0,0,0,0,12,0,0,0,0,0,12,42,19,0,0,61,13,0,0,13,39,39,0,39,0,10,0,49,3,0,0,3,0,0,0,0,3,0,3,0,197,38,35,3,235,0,0,0,0,34,16,0,50,1,0,0,0,1,0,0,0,0,0,0,0,0,0,0,0,0,0,27,110,0,0,0,0,0,0,0,0,0,0,0,0,0,2,0,0,139,16,582
Rajasthan,Jalore,0,1,0,0,1,14,0,0,0,0,0,14,24,20,0,0,44,1,0,0,1,26,26,0,26,0,2,0,28,7,1,1,9,0,0,0,0,133,0,133,0,213,61,0,61,274,0,0,0,0,0,12,0,12,0,0,0,0,0,0,0,0,0,0,0,0,0,0,0,0,0,0,89,1,0,0,0,0,0,0,0,0,0,0,0,0,0,0,0,0,90,26,632
Rajasthan,Jhalawar,0,0,0,0,0,84,30,0,0,0,0,114,51,15,0,0,66,3,0,0,3,464,49,0,49,415,5,0,469,2,0,0,2,0,0,0,0,39,0,39,0,839,178,63,115,1017,0,0,0,0,0,551,0,551,0,0,0,0,0,0,0,0,0,0,0,0,0,0,0,0,0,0,1230,45,0,0,0,0,0,0,0,0,0,0,0,0,0,0,0,57,1332,0,3593
Rajasthan,Jhunjhunu,0,0,0,0,0,28,0,0,0,0,0,28,57,11,0,0,68,0,0,0,0,54,54,0,54,0,3,0,57,2,7,0,9,0,0,0,0,0,0,0,0,462,36,32,4,498,0,0,0,0,0,293,0,293,0,0,0,0,0,0,0,0,0,0,0,0,0,6,0,0,6,0,205,128,0,0,0,0,0,0,0,0,0,0,0,0,0,0,0,0,333,158,1450
Rajasthan,Jodhpur East,0,0,0,0,0,21,0,0,0,17,0,38,26,9,0,0,35,5,0,0,5,108,18,0,18,90,2,0,110,15,9,1,25,0,0,0,0,4,0,4,0,192,84,17,67,276,0,0,0,0,3,90,0,93,0,0,0,0,0,0,0,0,0,0,0,0,0,7,0,0,7,0,288,2,0,0,0,0,0,0,0,3,0,0,0,1,0,0,0,185,479,0,1072
Rajasthan,Jodhpur West,0,2,0,0,2,42,21,0,0,0,0,63,53,11,0,0,64,6,0,0,6,160,30,0,30,130,2,0,162,25,4,1,30,0,0,0,0,0,0,0,0,235,99,87,12,334,0,0,0,0,0,92,0,92,0,0,0,0,0,0,0,0,0,0,0,0,0,30,0,0,30,0,203,7,0,0,0,0,0,0,0,0,0,0,0,0,0,0,0,0,210,205,1198
Rajasthan,Jodhpur Rural,0,0,0,0,0,33,2,0,0,0,0,35,47,5,0,0,52,17,0,0,17,38,23,0,23,15,0,27,65,20,0,0,20,0,0,0,0,41,0,41,0,226,106,12,94,332,0,0,0,0,37,35,0,72,0,0,0,0,0,0,0,0,0,0,0,0,0,5,0,0,5,0,11,22,0,0,0,0,0,0,0,0,0,0,0,0,0,0,0,0,33,16,688
Rajasthan,Karauli,1,0,0,0,1,33,1,0,0,0,0,34,19,13,0,0,32,0,0,0,0,72,72,0,72,0,2,0,74,6,0,0,6,0,0,0,0,120,0,120,0,258,72,72,0,330,1,4,0,0,0,92,0,97,0,0,0,0,0,0,0,0,0,0,0,0,0,1,0,0,1,0,397,67,0,0,0,0,0,0,0,0,0,0,0,5,0,0,0,0,469,58,1222
Rajasthan,Kota City,0,2,0,0,2,70,12,0,0,0,0,82,28,8,0,0,36,3,0,0,3,740,102,0,102,638,0,0,740,8,1,0,9,0,0,0,0,30,0,30,0,570,156,20,136,726,0,0,0,0,0,15,0,15,0,0,0,0,0,0,0,0,0,0,0,0,0,2,0,0,2,0,640,5,0,0,0,0,0,0,1,0,0,0,0,3,0,1,0,134,784,3,2432
Rajasthan,Kota Rural,0,0,3,0,3,33,23,0,0,0,0,56,35,13,0,0,48,0,0,0,0,464,31,0,31,433,1,0,465,3,1,0,4,0,0,0,0,63,0,63,0,564,135,76,59,699,0,2,0,0,52,198,0,252,0,0,0,0,0,0,0,0,0,0,0,0,0,2,0,0,2,0,986,64,0,0,0,0,0,0,0,0,0,0,0,0,0,0,0,9,1059,4,2655
Rajasthan,Nagaur,0,0,0,0,0,47,4,0,0,0,0,51,84,5,0,0,89,6,0,0,6,31,27,0,27,4,0,13,44,21,2,0,23,0,0,0,0,80,0,80,0,387,101,16,85,488,0,0,0,0,22,107,0,129,0,0,0,0,0,0,0,0,0,0,0,0,0,4,0,0,4,0,124,32,0,0,0,0,0,0,0,0,0,0,0,0,0,0,0,0,156,34,1104
Rajasthan,Pali,0,0,0,0,0,41,0,0,0,12,0,53,90,20,0,0,110,7,0,0,7,47,0,0,0,47,39,0,86,13,1,0,14,0,0,0,0,78,0,78,0,490,112,19,93,602,0,0,0,0,153,127,0,280,0,0,0,0,0,2,0,2,0,0,0,0,0,0,0,0,0,0,93,11,0,0,0,0,0,0,0,0,0,0,0,2,0,0,0,0,106,10,1348
Rajasthan,Pratapgarh,0,0,0,0,0,38,24,0,0,30,0,92,6,14,0,0,20,0,0,0,0,145,45,21,24,100,2,0,147,4,1,0,5,0,0,0,0,2,0,2,0,356,78,4,74,434,2,0,0,0,100,18,0,120,0,0,0,0,0,0,0,0,0,0,0,0,0,1,0,0,1,0,221,11,0,0,0,0,0,0,0,0,0,0,0,3,0,0,0,7,242,13,1076
Rajasthan,Rajsamand,2,0,0,0,2,35,16,0,0,0,0,51,66,35,0,0,101,7,0,0,7,104,14,0,14,90,138,0,242,6,0,0,6,0,0,0,0,50,0,50,0,286,33,19,14,319,0,0,0,0,286,247,0,533,0,0,0,0,0,0,0,0,0,0,0,0,0,0,0,0,0,0,20,31,0,0,0,0,0,0,0,0,0,0,0,2,0,0,0,9,62,14,1387
Rajasthan,Sawai Madhopur,0,0,0,0,0,32,0,0,0,0,0,32,30,17,0,0,47,4,0,0,4,29,25,0,25,4,1,0,30,2,0,0,2,0,0,0,0,281,0,281,0,248,23,23,0,271,1,1,0,0,0,135,0,137,0,0,0,0,0,0,0,0,0,0,0,0,0,4,0,0,4,0,147,55,0,0,0,0,0,0,0,0,0,0,0,0,0,1,0,0,203,16,1027
Rajasthan,Sikar,1,0,0,0,1,48,1,0,0,0,0,49,69,15,0,0,84,4,0,0,4,59,28,0,28,31,0,0,59,11,0,0,11,0,0,0,0,1,0,1,0,503,37,26,11,540,0,0,0,0,0,87,0,87,0,0,0,0,0,0,0,0,0,0,0,0,0,1,0,0,1,0,232,118,0,0,0,0,0,0,0,0,0,0,0,5,0,0,0,0,355,89,1281
Rajasthan,Sirohi,0,0,0,0,0,42,56,0,0,0,0,98,42,18,0,0,60,4,0,0,4,102,10,0,10,92,2,0,104,8,1,0,9,0,0,0,0,80,0,80,0,553,85,0,85,638,0,0,0,0,0,65,0,65,0,0,0,0,0,0,0,0,0,0,0,0,0,5,0,0,5,0,187,2,0,0,0,0,0,0,0,0,0,0,0,0,0,0,0,0,189,102,1354
Rajasthan,Tonk,0,0,0,0,0,39,0,0,0,0,0,39,52,44,0,0,96,0,0,0,0,99,0,0,0,99,1,0,100,6,0,0,6,0,0,0,0,522,0,522,0,459,73,73,0,532,18,0,0,0,15,783,0,816,0,0,0,0,0,0,0,0,0,0,0,0,0,4,1,0,5,0,421,76,0,0,0,0,0,0,0,0,0,0,0,2,0,0,0,0,499,16,2631
Rajasthan,Udaipur,1,0,0,0,1,87,43,1,0,0,0,131,49,25,0,0,74,6,0,0,6,406,48,0,48,358,4,0,410,3,2,0,5,0,0,0,0,33,0,33,0,1386,200,44,156,1586,0,3,0,0,0,205,0,208,4,0,0,0,4,0,0,0,0,0,0,0,0,4,0,0,4,0,279,17,0,0,0,0,0,0,0,6,0,0,0,4,0,0,0,209,515,306,3283
Rajasthan,Jaipur Metro,0,0,0,0,0,1,0,0,0,0,0,1,0,0,0,0,0,0,0,0,0,0,0,0,0,0,0,0,0,0,0,0,0,0,0,0,0,0,0,0,0,0,0,0,0,0,0,0,0,0,0,0,0,0,0,0,0,0,0,0,0,0,0,0,0,0,0,0,0,0,0,0,0,0,0,0,0,0,0,0,0,0,0,0,0,0,0,0,0,0,0,0,1
Rajasthan,Scrb,0,0,0,0,0,0,0,0,0,0,0,0,0,0,0,0,0,0,0,0,0,0,0,0,0,0,0,0,0,0,0,0,0,0,0,0,0,0,0,0,0,0,0,0,0,0,0,0,0,0,0,0,0,0,0,0,0,0,0,0,0,0,0,0,0,0,0,0,0,0,0,0,0,0,0,0,0,0,0,0,0,0,0,0,0,0,0,0,0,0,0,0,0
Rajasthan,Ats & Sog,0,0,0,0,0,0,0,0,0,0,0,0,0,0,0,0,0,0,0,0,0,0,0,0,0,0,0,0,0,0,0,0,0,0,0,0,0,0,0,0,0,0,0,0,0,0,0,0,0,0,0,0,0,0,0,0,0,0,0,0,0,0,0,0,0,0,0,0,0,0,0,0,0,0,0,0,0,0,0,0,0,0,0,0,0,0,0,0,0,0,0,7,7
Rajasthan,Ssb,0,0,0,0,0,0,0,0,0,0,0,0,0,0,0,0,0,0,0,3,3,0,0,0,0,0,0,0,0,0,0,0,0,0,0,0,0,0,0,0,0,0,0,0,0,0,0,0,0,0,0,0,0,0,0,0,0,0,0,0,0,0,0,0,0,0,0,0,0,0,0,0,0,0,0,0,0,0,0,0,0,0,0,0,0,0,0,0,0,0,0,0,3
Rajasthan,Jaipur Crime,0,0,0,0,0,0,0,0,0,0,0,0,0,0,0,0,0,0,0,0,0,0,0,0,0,0,0,0,0,7,0,0,7,0,0,0,0,0,0,0,0,0,0,0,0,0,0,0,0,0,0,0,0,0,0,0,0,0,0,0,0,0,0,0,0,0,0,0,0,0,0,0,0,0,0,0,0,0,0,0,0,0,0,0,0,0,0,0,0,0,0,3,10
Rajasthan,Bhiwadi,0,1,0,0,1,30,2,0,0,0,0,32,20,2,0,0,22,1,0,0,1,98,42,0,42,56,1,0,99,3,0,0,3,0,0,0,0,4,0,4,0,289,13,0,13,302,0,0,0,0,10,155,0,165,0,0,0,0,0,0,0,0,0,0,0,0,0,2,0,0,2,0,188,50,0,0,0,0,0,0,0,0,0,0,0,0,0,2,0,0,240,24,895
Rajasthan,Beawar,0,0,0,0,0,25,8,0,0,0,0,33,25,2,0,0,27,5,0,0,5,27,13,0,13,14,11,0,38,22,2,0,24,0,0,0,0,41,0,41,0,363,87,62,25,450,0,0,0,0,0,164,0,164,1,0,0,0,1,0,0,0,0,0,0,0,0,0,0,0,0,0,138,33,0,0,0,0,0,0,0,0,0,0,0,6,0,0,0,0,177,49,1009
Rajasthan,Didwana-Kuchaman,10,0,0,0,10,32,6,0,0,0,0,38,42,3,0,0,45,9,0,0,9,18,18,0,18,0,4,0,22,16,0,0,16,0,0,0,0,23,0,23,0,332,28,10,18,360,0,0,9,0,81,97,0,187,0,1,0,0,1,0,0,0,0,0,0,0,0,4,0,0,4,0,80,24,0,0,0,0,0,0,0,6,0,0,0,8,0,1,0,0,119,11,845
Rajasthan,Kekri,1,0,0,0,1,18,0,0,0,0,0,18,29,10,0,0,39,3,0,0,3,6,6,0,6,0,1,0,7,2,0,0,2,0,0,0,0,29,0,29,0,106,25,12,13,131,0,0,0,0,0,142,0,142,0,0,0,0,0,0,0,0,0,0,0,0,0,4,0,0,4,0,42,17,0,0,0,0,0,0,0,0,0,0,0,10,0,3,0,1,73,18,467
Rajasthan,Shahpura,1,0,0,0,1,15,9,0,0,0,0,24,28,19,0,0,47,5,0,0,5,14,3,0,3,11,1,0,15,4,0,0,4,0,0,0,0,103,0,103,0,174,32,20,12,206,0,0,0,0,0,204,0,204,0,0,0,0,0,0,0,0,0,0,0,0,0,3,0,0,3,0,33,24,0,0,0,0,0,0,0,0,0,0,0,0,0,0,0,0,57,50,719
Rajasthan,Deeg,0,0,0,0,0,44,0,0,0,0,0,44,58,9,0,0,67,0,0,0,0,81,61,0,61,20,1,0,82,6,1,0,7,0,0,0,0,0,0,0,0,245,2,0,2,247,9,0,0,0,0,8,0,17,0,0,0,0,0,0,0,0,0,0,0,0,0,2,0,0,2,0,228,28,0,0,0,0,0,0,0,0,0,0,0,0,0,0,0,0,256,143,865
Rajasthan,Gangapur City,0,0,0,0,0,28,0,0,0,0,0,28,26,36,0,0,62,3,0,0,3,55,49,0,49,6,0,0,55,6,0,0,6,0,0,0,0,0,0,0,0,140,64,64,0,204,0,0,0,0,0,58,0,58,0,0,0,0,0,0,0,0,0,0,0,0,0,1,0,0,1,0,114,37,0,0,0,0,0,0,0,0,0,0,0,0,0,0,0,0,151,43,611
Rajasthan,Anupgarh,0,0,0,0,0,15,0,0,0,0,0,15,46,2,0,0,48,1,0,0,1,75,55,0,55,20,0,0,75,2,0,0,2,1,0,0,0,1,0,2,0,365,173,118,55,538,0,0,0,0,1,12,0,13,0,0,0,0,0,0,0,0,0,0,0,0,0,0,0,0,0,0,306,3,0,0,0,0,0,0,0,0,0,0,0,0,0,0,0,3,312,33,1039
Rajasthan,Dudu,0,0,0,0,0,11,0,0,0,0,0,11,10,4,0,0,14,0,0,0,0,7,7,0,7,0,0,0,7,1,0,0,1,0,0,0,0,31,0,31,0,41,10,10,0,51,0,0,0,0,0,6,0,6,0,0,0,0,0,0,0,0,0,0,0,0,0,1,0,0,1,0,3,16,0,0,0,0,0,0,0,0,0,0,0,3,0,1,0,0,23,0,145
Rajasthan,Khairtal-Tijara,0,0,0,0,0,19,0,0,0,0,0,19,24,3,0,0,27,0,0,0,0,51,41,0,41,10,4,0,55,2,0,0,2,0,0,0,0,33,0,33,0,205,4,4,0,209,4,0,0,0,0,87,0,91,0,0,0,0,0,0,0,0,0,0,0,0,0,7,0,0,7,0,109,67,0,0,0,0,0,0,0,0,0,0,0,1,0,0,0,15,192,47,682
Rajasthan,Kotputli-Behror,0,0,0,0,0,26,1,0,0,2,0,29,32,25,0,0,57,0,0,0,0,107,103,0,103,4,4,3,114,16,2,0,18,0,0,0,0,135,0,135,0,355,38,23,15,393,0,0,0,0,18,274,0,292,0,0,0,0,0,0,0,0,0,0,0,0,0,2,0,0,2,0,113,101,0,0,0,0,0,0,1,1,0,0,0,13,0,0,0,1,230,16,1286
Rajasthan,Balotra,0,1,0,0,1,19,4,0,0,0,0,23,20,17,0,0,37,6,0,0,6,23,11,0,11,12,4,0,27,3,2,0,5,0,0,0,0,69,0,69,0,195,56,43,13,251,0,0,0,0,14,15,0,29,0,0,0,0,0,0,0,0,0,0,0,0,0,1,0,0,1,0,20,2,0,0,0,0,0,0,0,0,0,0,0,2,0,0,0,0,24,13,486
Rajasthan,Phalodi,0,0,0,0,0,21,0,0,0,0,0,21,13,8,0,0,21,3,0,0,3,27,13,0,13,14,0,18,45,10,0,0,10,0,0,0,0,3,0,3,0,146,95,0,95,241,1,0,0,0,22,22,0,45,1,2,0,0,3,0,0,0,0,0,0,0,0,1,0,0,1,0,38,34,0,1,0,0,0,0,0,0,0,0,0,2,0,0,0,0,75,6,474
Rajasthan,Jodhpur Crime,0,0,0,0,0,0,0,0,0,0,0,0,0,0,0,0,0,0,0,0,0,0,0,0,0,0,0,0,0,1,0,0,1,0,0,0,0,0,0,0,0,0,0,0,0,0,0,0,0,0,0,0,0,0,0,0,0,0,0,0,0,0,0,0,0,0,0,0,0,0,0,0,0,0,0,0,0,0,0,0,0,0,0,0,0,0,0,0,0,0,0,0,1
Rajasthan,Sanchore,0,0,0,0,0,20,0,0,0,0,0,20,27,10,0,0,37,1,0,0,1,17,17,0,17,0,7,0,24,6,1,0,7,0,0,0,0,0,0,0,0,195,81,0,81,276,0,0,0,0,0,9,0,9,0,0,0,0,0,0,0,0,0,0,0,0,0,0,0,0,0,0,33,0,0,0,0,0,0,0,0,0,0,0,0,0,0,0,0,0,33,10,417
Rajasthan,Neem Ka Thana,0,0,0,0,0,22,0,0,0,0,0,22,17,10,0,0,27,1,0,0,1,45,41,0,41,4,1,0,46,4,0,0,4,0,0,0,0,55,0,55,0,334,41,38,3,375,0,0,0,0,0,52,0,52,0,0,0,0,0,0,0,0,0,0,0,0,0,6,0,0,6,0,90,75,0,0,0,0,0,0,0,0,0,0,0,0,0,0,0,0,165,155,908
Rajasthan,Salumbar,0,0,0,0,0,19,6,0,0,0,0,25,1,7,0,0,8,1,0,0,1,35,2,0,2,33,0,0,35,2,0,0,2,0,0,0,0,21,0,21,0,301,14,6,8,315,0,0,0,0,46,1,0,47,0,0,0,0,0,0,0,0,0,0,0,0,0,1,0,0,1,0,2,1,0,0,0,0,0,0,0,0,0,0,0,0,0,0,0,17,20,0,475
Sikkim,Gangtok (East),0,0,0,0,0,17,0,0,0,0,0,17,1,0,0,0,1,0,0,0,0,1,1,1,0,0,0,0,1,15,0,0,15,0,0,0,0,0,0,0,0,0,9,2,7,9,0,0,0,0,0,0,0,0,0,0,0,0,0,0,0,0,0,0,0,0,0,0,0,0,0,0,0,0,0,3,1,0,1,0,0,0,0,0,0,4,0,0,0,11,19,0,62
Sikkim,Mangan (North),0,0,0,0,0,5,0,0,0,0,0,5,0,0,0,0,0,0,0,0,0,0,0,0,0,0,0,0,0,0,0,0,0,0,0,0,0,0,0,0,0,0,0,0,0,0,0,0,0,0,0,0,0,0,0,0,0,0,0,0,0,0,0,0,0,0,0,0,0,0,0,0,0,0,0,0,0,0,0,0,0,0,0,0,0,0,0,0,0,1,1,0,6
Sikkim,Namchi (South),0,0,0,0,0,28,0,0,0,0,0,28,0,0,0,0,0,0,0,0,0,0,0,0,0,0,0,0,0,0,0,0,0,0,0,0,0,0,0,0,0,0,11,10,1,11,0,0,0,0,0,0,0,0,0,0,0,0,0,0,0,0,0,0,0,0,0,0,0,0,0,0,0,0,0,0,0,0,0,0,0,0,0,0,0,0,0,0,0,9,9,0,48
Sikkim,Soreng (West),0,0,0,0,0,9,0,0,0,0,0,9,0,0,0,0,0,0,0,0,0,0,0,0,0,0,0,0,0,0,0,0,0,0,0,0,0,0,0,0,0,0,2,0,2,2,0,0,0,0,0,0,0,0,0,0,0,0,0,0,0,0,0,0,0,0,0,0,0,0,0,0,0,0,0,0,0,0,0,0,0,0,0,0,0,0,0,0,0,3,3,2,16
Sikkim,Cid,0,0,0,0,0,0,0,0,0,0,0,0,0,0,0,0,0,0,0,0,0,0,0,0,0,0,0,0,0,0,0,0,0,0,0,0,0,0,0,0,0,0,0,0,0,0,0,0,0,0,0,0,0,0,0,0,0,0,0,0,0,0,0,0,0,0,0,0,0,0,0,0,0,0,0,0,0,0,0,0,0,0,0,0,0,0,0,0,0,0,0,0,0
Sikkim,Pakyong (East),0,0,0,0,0,9,0,0,0,0,0,9,0,0,0,0,0,0,0,0,0,1,1,0,1,0,0,0,1,0,0,0,0,0,0,0,0,0,0,0,4,0,9,1,8,13,0,0,0,0,0,0,0,0,0,0,0,0,0,0,0,0,0,0,0,0,0,0,0,0,0,0,0,0,0,0,0,0,0,0,0,0,0,0,0,1,0,0,0,17,18,0,41
Sikkim,Gyalshing (West),0,0,0,0,0,9,0,0,0,0,0,9,0,0,0,0,0,0,0,0,0,0,0,0,0,0,0,0,0,0,0,0,0,0,0,0,0,0,0,0,0,0,2,2,0,2,0,0,0,0,0,0,0,0,0,0,0,0,0,0,0,0,0,0,0,0,0,0,0,0,0,0,0,0,0,0,0,0,0,0,0,0,0,0,0,0,0,0,0,0,0,0,11
Tamil Nadu,Ariyalur,1,1,0,0,2,153,3,33,0,0,0,189,0,0,0,0,0,19,0,0,19,6,3,2,1,3,0,4,10,4,1,0,5,14,0,0,0,114,0,128,1351,0,51,51,0,1402,0,0,0,0,357,0,0,357,1,0,0,0,1,0,0,0,0,0,0,0,0,0,0,0,0,0,22,1,0,0,0,0,0,0,0,0,0,0,0,0,0,0,0,332,355,38,2506
Tamil Nadu,Chennai,9,111,0,0,120,448,5,6,0,10,0,469,19,0,0,0,19,88,1,0,89,30,2,1,1,28,2,3,35,48,1,0,49,99,7,0,0,11,0,117,3977,0,1489,721,768,5466,1,0,0,5,2544,0,0,2550,1,146,10,0,157,0,0,0,1,0,0,0,1,1,0,0,1,0,66,0,0,6,3,0,0,3,0,0,0,1,0,5,0,1,20089,653,20824,104,30001
Tamil Nadu,Coimbatore,1,43,0,0,44,266,3,7,0,1,0,277,0,0,0,0,0,12,0,0,12,1,0,0,0,1,0,5,6,155,0,0,155,825,0,0,0,79,0,904,4043,0,374,369,5,4417,0,0,0,0,957,0,0,957,2,0,0,0,2,0,0,0,0,0,0,0,0,0,0,0,0,0,290,0,0,0,0,0,0,0,0,0,0,0,0,3,0,0,0,298,591,66,7431
Tamil Nadu,Coimbatore City,0,76,0,0,76,190,3,1,0,4,0,198,0,0,0,0,0,23,0,0,23,3,0,0,0,3,0,1,4,3,9,0,12,141,1,0,0,4,0,146,954,0,285,280,5,1239,0,0,0,0,659,0,0,659,1,3,0,0,4,0,0,0,0,0,0,0,0,0,0,0,0,0,105,0,0,0,0,0,0,0,0,0,0,0,0,25,0,0,219,228,577,160,3098
Tamil Nadu,Cuddalore,0,4,0,0,4,261,11,24,0,1,0,297,6,0,0,0,6,43,0,0,43,0,0,0,0,0,0,2,2,208,0,0,208,224,1,0,0,230,0,455,6443,0,227,0,227,6670,0,0,0,0,722,0,0,722,0,0,0,0,0,1,0,1,1,0,0,0,1,0,0,0,0,0,151,0,0,0,0,0,0,0,0,0,0,0,2,0,0,0,0,309,462,493,9364
Tamil Nadu,Dharmapuri,0,3,0,0,3,218,0,5,1,1,0,225,4,0,0,0,4,8,0,0,8,8,8,0,8,0,0,0,8,37,1,0,38,199,0,0,0,79,0,278,3119,0,151,151,0,3270,0,0,0,0,323,0,0,323,0,0,0,0,0,0,0,0,0,0,0,0,0,0,0,0,0,0,164,2,0,1,0,0,0,0,0,0,0,0,0,0,0,0,0,177,344,37,4538
Tamil Nadu,Dindigul,0,8,0,0,8,248,0,10,0,0,0,258,0,0,0,0,0,12,0,0,12,65,4,0,4,61,3,6,74,62,0,0,62,172,0,0,0,23,0,195,4040,0,306,0,306,4346,0,0,0,0,527,0,0,527,0,0,0,0,0,0,0,0,0,0,0,0,0,0,0,0,0,0,170,0,0,0,0,0,0,0,0,0,0,0,0,0,0,0,608,877,1655,132,7269
Tamil Nadu,Erode,1,30,0,0,31,274,9,18,0,2,0,303,3,0,0,0,3,2,0,0,2,9,9,0,9,0,0,18,27,60,1,0,61,259,0,0,0,32,0,291,3284,0,294,290,4,3578,0,0,0,0,761,0,0,761,5,0,0,0,5,0,0,0,0,0,0,0,0,0,0,0,0,0,163,0,0,0,0,0,0,0,0,0,0,0,0,0,0,0,0,187,350,120,5532
Tamil Nadu,Kanchipuram,1,3,0,0,4,49,0,3,0,0,0,52,0,0,0,0,0,10,0,0,10,0,0,0,0,0,1,0,1,85,0,0,85,41,0,0,0,80,0,121,1172,0,100,29,71,1272,0,0,0,0,318,0,0,318,1,0,0,0,1,0,0,0,0,0,0,0,0,0,0,0,0,0,42,0,0,0,0,0,0,0,0,0,0,0,0,0,0,0,0,239,281,0,2145
Tamil Nadu,Kanyakumari,14,12,0,0,26,111,3,1,0,0,0,115,1,1,0,0,2,27,0,0,27,4,0,0,0,4,5,0,9,60,0,0,60,56,0,0,0,113,0,169,2870,0,126,126,0,2996,0,0,0,0,570,0,0,570,0,1,0,0,1,0,0,0,0,0,0,0,0,0,0,0,0,0,73,0,0,0,0,0,0,0,0,0,0,0,0,0,0,1713,319,259,2364,26,6365
Tamil Nadu,Karur,2,6,1,0,9,68,0,3,0,0,0,71,0,0,0,0,0,5,0,0,5,7,2,0,2,5,0,1,8,25,0,0,25,394,0,0,0,93,0,487,3696,0,150,149,1,3846,0,0,0,0,402,0,0,402,2,0,0,0,2,0,0,0,0,0,0,0,0,0,0,0,0,0,321,0,0,2,1,1,0,0,0,0,0,0,0,0,0,0,176,263,763,0,5618
Tamil Nadu,Krishnagiri,0,31,0,0,31,130,2,24,2,0,0,158,3,0,0,0,3,17,0,0,17,19,10,0,10,9,17,2,38,134,0,0,134,339,0,0,0,104,0,443,5600,0,263,263,0,5863,0,0,0,0,1188,0,0,1188,1,0,0,0,1,0,0,0,0,0,0,0,0,0,0,0,0,0,171,1,0,0,1,0,0,1,0,0,0,0,0,6,0,128,20,267,594,138,8608
Tamil Nadu,Madurai,5,4,0,0,9,184,0,11,0,0,0,195,0,0,0,0,0,24,0,0,24,89,0,0,0,89,4,4,97,109,1,0,110,41,0,0,0,38,0,79,3179,0,394,385,9,3573,0,0,0,0,445,0,0,445,1,0,0,0,1,0,0,0,0,0,0,0,0,0,0,0,0,0,142,0,0,0,0,0,0,0,0,44,0,0,0,27,0,0,0,413,626,71,5230
Tamil Nadu,Madurai City,0,27,0,0,27,116,0,3,0,0,0,119,2,0,0,0,2,13,0,0,13,276,1,0,1,275,0,2,278,85,1,0,86,47,0,0,0,0,0,47,1144,0,448,448,0,1592,0,0,0,0,373,0,0,373,0,0,0,0,0,0,0,0,0,0,0,0,0,0,0,0,0,0,28,0,0,0,0,0,0,0,0,106,0,0,0,0,0,0,9121,12,9267,0,11804
Tamil Nadu,Nagapattinam,0,1,0,0,1,84,0,6,0,0,0,90,0,0,0,0,0,6,0,0,6,49,0,0,0,49,0,1,50,9,0,0,9,81,0,0,0,29,0,110,2860,0,62,57,5,2922,0,0,0,0,179,0,0,179,0,0,0,0,0,0,0,0,0,0,0,0,0,1,0,0,1,0,24,0,0,0,0,0,0,0,0,0,0,0,0,1,0,0,0,127,152,4,3524
Tamil Nadu,Namakkal,3,7,0,0,10,110,0,8,0,0,0,118,3,0,0,0,3,16,0,0,16,7,7,0,7,0,0,0,7,55,0,0,55,294,0,0,0,63,0,357,2224,0,100,100,0,2324,0,0,0,0,403,0,0,403,0,2,0,0,2,0,0,0,0,0,0,0,0,0,0,0,0,0,55,1,0,0,0,0,0,0,0,0,0,0,0,2,0,0,60,137,255,68,3618
Tamil Nadu,Nilgiris,1,3,0,0,4,72,0,0,0,0,0,72,1,0,0,0,1,1,0,0,1,4,4,0,4,0,3,0,7,51,0,0,51,138,0,0,0,2,0,140,1067,0,245,245,0,1312,0,0,0,0,446,0,0,446,5,0,0,0,5,0,0,0,0,0,0,0,0,0,0,0,0,0,53,0,0,0,0,0,0,0,0,0,0,0,0,0,0,0,170,110,333,29,2401
Tamil Nadu,Perambalur,1,1,0,0,2,147,0,22,0,0,0,169,0,0,0,0,0,6,0,0,6,2,2,0,2,0,0,1,3,16,0,0,16,32,0,0,0,73,0,105,1064,0,75,74,1,1139,0,0,0,0,327,0,0,327,0,0,0,0,0,0,0,0,0,0,0,0,0,0,0,0,0,0,50,0,0,0,0,0,0,0,0,0,0,0,0,0,0,0,0,76,126,0,1893
Tamil Nadu,Pudukottai,2,3,0,0,5,95,0,5,0,1,0,101,0,0,0,0,0,8,0,0,8,93,0,0,0,93,1,1,95,24,4,0,28,209,0,0,0,328,0,537,2724,0,137,52,85,2861,0,0,0,0,531,0,0,531,0,0,0,0,0,0,0,0,0,0,0,0,0,0,0,0,0,0,147,0,0,0,0,0,0,0,0,0,0,0,0,16,0,0,0,157,320,125,4611
Tamil Nadu,Ramnathapuram,6,4,0,0,10,132,3,2,0,0,0,137,0,0,0,0,0,17,0,0,17,70,0,0,0,70,0,6,76,19,0,0,19,48,0,0,0,159,0,207,3623,0,147,145,2,3770,0,1,0,4,346,0,0,351,9,5,0,0,14,0,0,0,0,0,0,0,0,0,0,0,0,0,60,0,0,0,0,0,0,0,0,0,0,0,0,1,0,0,0,555,616,33,5250
Tamil Nadu,Railway Chennai,0,0,0,0,0,2,0,0,0,0,0,2,0,0,0,0,0,0,0,0,0,1,0,0,0,1,0,0,1,0,0,0,0,0,0,0,0,0,0,0,0,0,0,0,0,0,0,0,0,0,2,0,0,2,0,0,0,0,0,11,0,11,0,0,0,0,0,0,0,0,0,0,0,0,0,0,0,0,0,0,0,0,0,0,0,0,0,0,0,23,23,0,39
Tamil Nadu,Railway Trichy,0,0,0,0,0,4,0,0,0,0,0,4,0,0,0,0,0,0,0,0,0,0,0,0,0,0,0,0,0,0,0,0,0,1,0,0,0,0,0,1,49,0,1,1,0,50,0,0,0,0,3,0,0,3,0,0,0,0,0,7,0,7,0,0,0,0,0,0,0,0,0,0,0,0,0,0,0,0,0,0,0,0,0,0,0,0,0,0,1,8,9,1,75
Tamil Nadu,Salem,0,2,0,0,2,168,0,9,0,0,0,177,0,0,0,0,0,28,0,0,28,3,3,0,3,0,0,6,9,59,0,0,59,351,0,0,0,48,0,399,5941,0,84,84,0,6025,0,0,0,0,665,0,0,665,0,0,0,0,0,0,0,0,0,0,0,0,0,0,0,0,0,0,172,0,0,0,0,0,0,0,0,0,0,0,0,0,0,0,0,177,349,51,7764
Tamil Nadu,Salem City,2,8,0,0,10,78,3,8,0,3,0,92,5,0,0,0,5,9,0,0,9,5,3,0,3,2,2,0,7,42,3,0,45,197,0,0,0,0,0,197,7134,0,167,167,0,7301,0,0,0,0,232,0,0,232,0,0,0,0,0,0,0,0,0,0,0,0,0,0,0,0,0,0,48,0,0,0,0,0,0,0,0,12,0,0,0,0,0,0,1651,107,1818,1,9717
Tamil Nadu,Sivagangai,2,4,3,0,9,99,0,2,0,1,0,102,1,0,0,0,1,21,0,0,21,176,0,0,0,176,0,3,179,47,1,0,48,125,0,0,0,95,0,220,2385,0,105,105,0,2490,0,0,0,0,646,0,0,646,0,0,0,0,0,0,0,0,0,0,0,0,0,0,0,0,0,0,153,0,0,0,1,0,0,1,0,0,0,0,0,214,0,0,91,285,744,95,4555
Tamil Nadu,Thanjavur,2,7,0,0,9,173,2,7,0,2,0,184,0,0,0,0,0,26,0,0,26,229,0,0,0,229,8,1,238,66,0,0,66,376,0,0,0,862,0,1238,12478,0,243,182,61,12721,0,0,0,0,900,0,0,900,0,2,0,0,2,0,0,0,0,0,0,0,0,0,0,0,0,0,157,0,0,0,3,0,0,3,0,0,0,0,0,0,0,0,337,673,1170,76,16630
Tamil Nadu,Theni,0,3,0,0,3,185,0,6,0,0,0,191,1,0,0,0,1,15,0,0,15,18,8,1,7,10,2,6,26,2,0,0,2,131,0,0,0,54,0,185,3230,0,233,220,13,3463,0,0,0,0,447,0,0,447,0,0,0,0,0,0,0,0,0,0,0,0,0,0,0,0,0,0,86,0,0,0,0,0,0,0,1,0,0,0,0,1,0,0,98,173,359,86,4778
Tamil Nadu,Thirunelveli,1,3,0,0,4,232,0,3,0,1,0,236,0,0,0,0,0,162,0,0,162,4,1,0,1,3,0,8,12,52,0,0,52,19,0,0,0,89,0,108,4869,0,132,132,0,5001,0,0,0,0,329,0,0,329,0,2,0,0,2,0,0,0,0,0,0,0,0,0,0,0,0,0,94,0,0,0,0,0,0,0,0,0,0,0,0,0,0,47,0,681,822,0,6728
Tamil Nadu,Thirunelveli City,1,5,0,0,6,58,0,2,0,0,0,60,0,0,0,0,0,13,0,0,13,5,0,0,0,5,0,3,8,1,0,0,1,7,0,0,0,4,0,11,628,0,55,41,14,683,0,0,0,0,55,0,0,55,0,3,0,0,3,0,0,0,0,0,0,0,0,0,0,0,0,0,12,0,0,0,0,0,0,0,0,0,0,0,0,0,0,0,763,127,902,25,1767
Tamil Nadu,Thiruvallur,0,1,0,0,1,108,1,4,0,0,0,113,0,0,0,0,0,16,0,0,16,29,1,0,1,28,0,3,32,39,1,0,40,29,0,0,0,137,0,166,5554,0,125,117,8,5679,0,0,0,0,455,0,0,455,0,0,0,0,0,0,0,0,0,0,0,0,0,0,0,0,0,0,101,1,0,1,1,0,1,0,0,37,0,0,0,6,0,0,0,205,352,57,6911
Tamil Nadu,Thiruvannamalai,3,0,0,0,3,212,1,16,0,0,0,229,2,0,0,0,2,24,0,0,24,17,13,0,13,4,0,8,25,0,4,0,4,156,0,0,0,446,0,602,4858,0,161,161,0,5019,0,0,0,0,406,0,0,406,0,1,0,0,1,0,0,0,0,0,0,0,0,0,0,0,0,0,162,2,0,0,0,0,0,0,0,0,0,0,0,102,0,0,0,145,411,353,7079
Tamil Nadu,Thiruvarur,0,5,0,0,5,132,0,7,0,0,0,139,0,0,0,0,0,9,0,0,9,82,0,0,0,82,0,0,82,45,0,0,45,150,0,0,0,181,0,331,5087,0,208,208,0,5295,0,0,0,0,884,0,0,884,0,0,0,0,0,0,0,0,0,0,0,0,0,0,0,0,0,0,299,0,0,0,0,0,0,0,0,0,0,0,0,0,0,0,70,557,926,167,7883
Tamil Nadu,Thoothukudi,4,12,0,0,16,179,1,6,0,2,0,188,0,0,0,0,0,133,0,0,133,64,1,0,1,63,0,6,70,106,0,0,106,201,0,0,0,84,0,285,3810,0,206,169,37,4016,0,2,0,0,548,0,0,550,0,0,0,0,0,0,0,0,1,0,0,0,1,1,0,0,1,0,96,1,0,2,0,0,0,0,0,43,0,0,1,2,0,0,0,219,364,58,5788
Tamil Nadu,Tiruppur,3,26,0,0,29,160,0,6,0,0,0,166,0,0,0,0,0,14,0,0,14,3,1,0,1,2,2,0,5,63,0,0,63,184,0,0,0,44,0,228,2692,0,255,255,0,2947,0,0,0,0,918,0,0,918,4,0,0,0,4,0,0,0,0,0,0,0,0,0,0,0,0,0,247,0,0,1,0,0,0,0,0,0,0,0,1,3,1,0,0,236,489,104,4967
Tamil Nadu,Tiruppur City,1,34,0,0,35,78,0,0,0,0,0,78,0,0,0,0,0,13,0,0,13,10,0,0,0,10,0,1,11,77,0,0,77,161,0,0,0,0,0,161,1760,0,253,253,0,2013,0,0,0,0,661,0,0,661,6,0,0,0,6,0,0,0,0,0,0,0,0,0,0,0,0,0,93,0,0,0,0,0,0,0,0,0,0,0,0,0,0,0,1959,104,2156,39,5250
Tamil Nadu,Trichy,1,5,0,2,8,145,0,17,0,2,0,164,1,0,0,0,1,11,0,0,11,66,9,0,9,57,1,3,70,5,0,0,5,211,0,0,0,204,0,415,2103,0,111,110,1,2214,0,0,0,0,421,0,0,421,0,1,0,0,1,1,0,1,0,0,0,0,0,0,0,0,0,0,130,0,0,0,2,0,0,2,0,50,0,0,0,1,0,0,0,267,450,1,3762
Tamil Nadu,Trichy City,2,10,0,0,12,50,1,7,0,3,0,61,0,0,0,0,0,6,0,0,6,10,2,0,2,8,0,1,11,55,0,0,55,319,0,0,0,29,0,348,1331,0,286,253,33,1617,0,0,0,0,213,0,0,213,2,193,1,0,196,0,0,0,0,0,0,0,0,0,0,0,0,0,40,0,0,0,0,0,0,0,0,0,0,1,0,0,0,0,6608,137,6786,52,9357
Tamil Nadu,Vellore,0,11,0,0,11,111,0,16,0,0,0,127,1,0,0,0,1,27,0,0,27,11,8,0,8,3,5,0,16,90,1,0,91,66,0,0,0,321,0,387,3077,0,262,262,0,3339,0,0,0,0,319,0,0,319,0,1,0,0,1,0,0,0,0,0,0,0,0,0,0,0,0,0,228,0,0,0,0,0,0,0,0,0,0,0,0,15,0,0,0,272,515,73,4907
Tamil Nadu,Villupuram,0,5,0,0,5,250,0,12,0,0,0,262,0,0,0,0,0,44,0,0,44,12,4,0,4,8,9,9,30,93,0,0,93,118,2,0,0,189,0,309,11993,0,151,151,0,12144,0,0,0,0,589,0,0,589,1,0,0,0,1,0,0,0,0,0,0,0,0,0,0,0,0,0,209,15,0,0,0,0,0,0,0,0,0,0,2,0,0,0,0,433,659,66,14202
Tamil Nadu,Virudhunagar,7,12,0,0,19,265,4,5,0,0,0,274,0,0,0,0,0,24,0,0,24,15,2,1,1,13,389,11,415,46,0,0,46,198,0,0,0,71,0,269,4168,0,349,349,0,4517,0,0,0,0,1958,11,0,1969,0,0,0,0,0,0,0,0,0,0,0,0,0,0,0,0,0,0,458,0,0,2,0,0,0,0,0,0,0,0,1,9,0,0,288,711,1469,115,9117
Tamil Nadu,Cyber Cell,0,0,0,0,0,0,0,0,0,0,0,0,0,0,0,0,0,0,0,0,0,0,0,0,0,0,0,0,0,0,0,0,0,0,0,0,0,0,0,0,0,0,0,0,0,0,0,0,0,0,0,0,0,0,1,0,0,0,1,0,0,0,0,0,0,0,0,0,0,0,0,0,0,0,0,0,0,0,0,0,0,0,0,0,0,0,0,0,0,0,0,0,1
Tamil Nadu,Other Units,0,0,0,0,0,0,0,0,0,0,0,0,0,0,0,0,0,0,0,0,0,0,0,0,0,0,0,0,0,5,0,0,5,0,0,0,0,0,0,0,0,0,411,2,409,411,0,0,0,0,0,0,0,0,0,0,0,0,0,0,0,0,0,0,0,0,0,0,0,0,0,0,0,0,0,0,0,0,0,0,0,0,0,0,0,0,0,0,0,0,0,0,416
Tamil Nadu,Chengalpattu,1,2,0,0,3,65,3,2,0,0,0,70,7,0,0,0,7,36,0,0,36,19,1,0,1,18,0,2,21,139,0,0,139,40,0,0,0,41,0,81,3135,0,123,73,50,3258,0,0,0,0,275,0,0,275,0,0,0,0,0,0,0,0,0,0,0,0,0,0,0,0,0,0,36,0,0,0,0,0,0,0,0,0,0,0,0,0,0,0,0,292,328,35,4253
Tamil Nadu,Kallakurichi,8,5,0,0,13,161,0,15,0,0,0,176,0,0,0,0,0,24,0,0,24,18,17,0,17,1,9,2,29,64,2,0,66,23,0,0,0,125,0,148,4414,0,91,90,1,4505,0,0,0,0,329,0,0,329,0,0,0,0,0,0,0,0,0,0,0,0,0,0,0,0,0,0,78,0,0,0,0,0,0,0,0,6,0,0,0,0,0,0,0,115,199,7,5496
Tamil Nadu,Ranipet,6,3,0,0,9,76,0,22,0,0,0,98,0,0,0,0,0,13,0,0,13,2,1,0,1,1,0,0,2,48,0,0,48,2,0,0,0,86,0,88,2575,0,242,198,44,2817,0,0,0,0,317,0,0,317,0,0,0,0,0,0,0,0,0,0,0,0,0,0,0,0,0,0,301,0,0,0,1,0,1,0,0,0,0,0,0,0,0,0,0,124,426,105,3923
Tamil Nadu,Tiruppattur,0,10,0,0,10,111,0,36,0,0,0,147,0,0,0,0,0,42,0,0,42,7,7,0,7,0,5,1,13,0,1,0,1,55,0,0,0,155,0,210,4963,0,111,111,0,5074,0,0,0,0,318,0,0,318,0,0,0,0,0,0,0,0,0,0,0,0,0,0,0,0,0,0,172,0,0,0,0,0,0,0,0,0,0,0,0,4,0,0,0,258,434,12,6261
Tamil Nadu,Tenkasi,3,8,1,0,12,163,0,1,0,0,0,164,0,0,0,0,0,32,0,0,32,11,1,1,0,10,6,3,20,8,0,0,8,291,0,0,0,61,0,352,4229,0,167,167,0,4396,0,0,0,0,424,0,0,424,0,0,0,0,0,0,0,0,0,0,0,0,0,0,0,0,0,0,103,0,0,0,0,0,0,0,0,32,0,0,0,4,1,0,0,281,421,2,5831
Tamil Nadu,Mayiladuthurai,1,0,0,1,2,73,0,1,0,0,0,74,0,0,0,0,0,8,0,0,8,30,0,0,0,30,3,3,36,7,0,0,7,57,0,0,0,69,0,126,3528,0,272,272,0,3800,0,0,0,0,413,0,0,413,0,0,0,0,0,0,0,0,0,0,0,0,0,0,0,0,0,0,37,0,0,0,0,0,0,0,0,0,0,0,0,0,0,0,0,179,216,38,4720
Tamil Nadu,Avadi,7,32,0,0,39,151,2,4,0,0,0,157,1,0,0,0,1,40,0,0,40,3,0,0,0,3,2,0,5,9,1,0,10,50,0,0,0,27,0,77,2285,0,397,100,297,2682,0,0,0,0,851,0,0,851,0,0,0,0,0,1,0,1,0,0,0,0,0,0,0,0,0,0,64,1,0,0,0,0,0,0,0,15,0,0,0,7,0,0,4968,163,5218,2,9083
Tamil Nadu,Tambaram,4,7,0,0,11,124,4,2,0,0,0,130,0,0,0,0,0,16,0,1,17,0,0,0,0,0,0,2,2,0,2,0,2,41,3,0,0,14,0,58,1670,0,412,116,296,2082,0,0,0,0,495,0,0,495,1,1,0,0,2,0,0,0,0,0,0,0,0,0,0,0,0,0,38,0,0,0,0,0,0,0,0,0,0,0,0,3,1,1,3414,225,3682,58,6539
Telangana,Cyberabad Commissionerate,0,7,0,0,7,420,602,6,0,12,0,1040,29,1,0,0,30,6,0,0,6,8,4,0,4,4,0,25,33,34,2,0,36,0,0,0,0,0,0,0,1,1716,461,403,58,2178,0,0,0,0,0,0,0,0,2,0,0,0,2,0,0,0,0,0,0,0,0,46,0,1,47,0,296,0,0,0,1,0,0,1,0,0,0,0,0,47,29,0,1,0,374,32,3785
Telangana,Hyderabad Commissionerate,0,90,0,0,90,349,24,9,0,31,0,413,11,1,0,0,12,40,0,0,40,39,0,0,0,39,8,0,47,61,40,4,105,0,1,0,0,0,0,1,0,598,347,16,331,945,0,0,27,0,376,0,0,403,0,0,0,0,0,0,0,0,0,0,0,0,0,11,0,0,11,0,464,0,0,5,0,0,0,0,2,0,0,0,0,18,69,0,0,0,558,653,3278
Telangana,Karimnagar Commissionerate,0,3,0,0,3,39,5,1,0,0,0,45,4,0,0,0,4,0,0,0,0,0,0,0,0,0,6,4,10,7,1,0,8,0,0,0,0,0,0,0,9,362,39,39,0,410,0,0,0,0,0,0,0,0,0,0,0,0,0,0,0,0,0,0,0,0,0,0,0,0,0,0,83,0,0,0,0,0,0,0,0,0,0,0,0,13,6,0,0,0,102,0,582
Telangana,Khammam Commissionerate,0,12,0,0,12,125,6,12,0,0,0,143,0,0,0,0,0,0,0,0,0,3,3,0,3,0,0,2,5,0,0,0,0,0,0,0,0,0,0,0,133,101,37,35,2,271,0,0,0,0,0,0,0,0,0,0,0,0,0,0,0,0,0,0,0,0,0,0,0,0,0,0,191,0,0,0,0,0,0,0,0,0,0,0,0,16,4,0,0,0,211,7,649
Telangana,Nizamabad Commissionerate,0,2,0,0,2,96,1,4,0,0,0,101,0,0,0,0,0,0,0,0,0,1,0,0,0,1,0,3,4,3,0,0,3,0,0,0,0,0,0,0,0,171,23,23,0,194,0,0,0,0,0,0,0,0,0,0,0,0,0,0,0,0,0,0,0,0,0,8,0,0,8,0,579,0,0,0,0,0,0,0,0,0,0,0,0,9,6,0,0,0,594,5,911
Telangana,Rachakonda Commissionerate,0,50,0,0,50,480,0,0,0,0,0,480,5,4,0,0,9,2,0,1,3,12,0,0,0,12,86,0,98,42,24,2,68,0,8,0,0,6,0,14,0,1018,271,128,143,1289,0,0,0,0,52,0,0,52,0,0,0,0,0,0,0,0,0,0,0,0,0,62,0,0,62,0,226,0,0,0,0,0,0,0,0,0,0,0,0,0,23,0,1,0,250,779,3154
Telangana,Ramagundam Commissionerate,0,4,0,0,4,90,0,0,0,0,0,90,0,0,0,0,0,0,0,0,0,4,0,0,0,4,2,0,6,6,0,0,6,1,0,0,0,1,0,2,181,323,95,95,0,599,0,0,0,0,0,0,0,0,0,0,0,0,0,0,1,1,0,0,0,0,0,0,0,0,0,0,142,0,0,0,1,1,0,0,0,0,0,0,0,24,36,0,0,0,203,8,919
Telangana,Siddipet Commissionerate,0,4,0,0,4,84,22,0,0,0,0,106,0,0,0,0,0,0,0,0,0,0,0,0,0,0,3,0,3,0,0,0,0,0,0,0,0,0,0,0,0,407,49,41,8,456,0,0,0,0,33,0,0,33,0,0,0,0,0,0,0,0,0,0,0,0,0,12,0,0,12,0,97,0,0,0,0,0,0,0,0,0,0,0,0,19,0,0,0,0,116,46,776
Telangana,Warangal Commissionerate,6,0,0,0,6,137,3,7,0,5,0,152,1,1,0,0,2,0,0,0,0,0,0,0,0,0,4,0,4,5,0,0,5,0,0,0,0,0,0,0,157,687,151,0,151,995,0,0,0,0,0,0,0,0,0,0,0,0,0,0,0,0,0,0,0,0,0,0,0,0,0,0,179,0,0,0,0,0,0,0,0,0,0,0,0,0,15,0,0,0,194,28,1386
Telangana,Adilabad,0,5,0,0,5,51,0,0,0,0,0,51,0,0,0,0,0,0,0,0,0,0,0,0,0,0,0,0,0,0,0,0,0,0,0,0,0,0,0,0,30,207,77,0,77,314,0,0,0,0,0,0,0,0,0,0,0,0,0,0,0,0,0,0,0,0,0,0,0,0,0,0,130,0,0,0,0,0,0,0,0,0,0,0,0,22,10,0,4,0,166,13,549
Telangana,Bhadradri Kothagudem,0,1,0,0,1,108,36,8,0,0,0,152,0,0,0,0,0,0,0,0,0,0,0,0,0,0,2,0,2,0,0,0,0,0,0,0,0,0,0,0,107,194,112,64,48,413,0,0,0,0,0,0,0,0,0,0,0,0,0,0,0,0,0,0,0,0,0,0,0,0,0,0,208,0,0,0,0,0,0,0,0,0,0,0,0,69,1,0,0,0,278,10,856
Telangana,Jagityal,0,7,0,0,7,19,1,1,0,0,0,21,4,0,0,0,4,0,0,0,0,0,0,0,0,0,0,0,0,0,0,0,0,0,1,0,0,0,0,1,0,105,58,58,0,163,0,0,0,0,0,0,0,0,0,0,0,0,0,0,0,0,0,0,0,0,0,0,0,0,0,0,0,0,0,0,0,0,0,0,0,0,0,0,0,0,8,0,0,0,8,174,378
Telangana,Jayashankar Bhupalpalli,0,0,0,0,0,23,0,0,0,0,0,23,0,0,0,0,0,0,0,0,0,0,0,0,0,0,0,0,0,0,0,0,0,0,0,0,0,0,0,0,387,102,23,23,0,512,0,0,0,0,0,0,0,0,0,0,0,0,0,0,0,0,0,0,0,0,0,0,0,0,0,0,31,0,0,0,0,0,0,0,0,0,0,0,0,0,0,0,0,0,31,12,578
Telangana,Jogulamba Gadwal,0,0,0,0,0,29,0,4,0,0,0,33,0,0,0,0,0,0,0,0,0,0,0,0,0,0,1,0,1,0,0,0,0,0,0,0,0,0,0,0,0,273,6,1,5,279,0,0,0,0,0,0,0,0,0,0,0,0,0,0,0,0,0,0,0,0,0,0,0,0,0,0,38,0,0,1,0,0,0,0,0,0,0,0,0,6,0,0,0,0,45,0,358
Telangana,Kamareddy,0,0,0,0,0,47,0,0,0,0,0,47,2,0,0,0,2,0,0,0,0,2,2,0,2,0,0,1,3,1,0,0,1,0,0,0,0,0,0,0,2,227,31,31,0,260,0,0,0,0,8,0,0,8,0,0,0,0,0,0,0,0,0,0,0,0,0,0,0,0,0,0,202,0,0,3,0,0,0,0,0,0,0,0,0,12,0,0,0,0,217,91,629
Telangana,Kumaram Bheem Asifabad,0,0,0,0,0,27,0,0,0,0,0,27,0,0,0,0,0,0,0,0,0,0,0,0,0,0,0,0,0,0,0,0,0,0,0,0,0,0,0,0,236,143,41,40,1,420,0,0,0,0,0,0,0,0,0,0,0,0,0,0,0,0,0,0,0,0,0,0,0,0,0,0,160,0,0,0,0,0,0,0,0,0,0,0,0,43,4,0,0,0,207,0,654
Telangana,Mahabubabad,0,0,0,0,0,38,0,6,0,0,0,44,1,0,0,0,1,0,0,0,0,1,1,0,1,0,2,1,4,0,0,0,0,0,0,0,0,0,0,0,859,179,26,26,0,1064,0,0,0,0,0,0,0,0,0,0,0,0,0,0,0,0,0,0,0,0,0,0,0,0,0,0,16,0,0,0,0,0,0,0,0,0,0,0,0,3,3,0,0,0,22,2,1137
Telangana,Mahabubnagar,0,0,0,0,0,75,0,2,0,0,0,77,1,0,0,0,1,0,0,0,0,0,0,0,0,0,0,3,3,0,0,0,0,0,0,0,0,0,0,0,24,7,7,0,7,38,0,0,0,0,5,0,0,5,0,0,0,0,0,0,0,0,0,0,0,0,0,26,0,0,26,0,11,0,0,0,0,0,0,0,0,0,0,0,0,0,4,0,0,0,15,481,646
Telangana,Medak,0,0,0,0,0,56,7,0,0,9,0,72,0,0,1,0,1,0,0,0,0,0,0,0,0,0,0,0,0,0,0,0,0,0,0,0,0,0,0,0,0,264,8,7,1,272,0,0,0,0,0,0,0,0,0,0,0,0,0,0,0,0,0,0,0,0,0,0,0,0,0,0,39,0,0,0,0,0,0,0,0,0,0,0,0,4,6,0,0,0,49,36,430
Telangana,Nagarkurnool,0,0,0,0,0,100,0,4,0,0,1,105,0,0,0,0,0,0,0,0,0,0,0,0,0,0,0,0,0,2,0,0,2,0,0,0,0,0,0,0,28,172,8,8,0,208,0,0,0,0,0,0,0,0,0,0,0,0,0,0,0,0,0,0,0,0,0,0,0,0,0,0,32,0,0,0,0,0,0,0,0,0,0,0,0,3,0,0,0,0,35,22,372
Telangana,Nalgonda,0,1,0,0,1,75,4,1,0,0,0,80,1,0,0,0,1,0,0,0,0,2,2,0,2,0,1,1,4,4,0,0,4,0,0,0,0,0,0,0,26,537,36,27,9,599,0,0,0,0,0,0,0,0,0,0,0,0,0,0,0,0,0,0,0,0,0,0,0,0,0,0,0,0,0,0,0,0,0,0,1,0,0,0,0,45,42,0,0,0,88,59,836
Telangana,Nirmal,0,0,0,0,0,24,0,0,0,0,0,24,1,0,0,0,1,0,0,0,0,2,2,0,2,0,0,0,2,0,0,0,0,0,0,0,0,0,0,0,73,203,19,19,0,295,0,0,0,0,0,0,0,0,0,2,0,0,2,0,0,0,0,0,0,0,0,0,0,0,0,0,70,0,0,0,0,0,0,0,0,0,0,0,0,15,22,0,0,0,107,15,446
Telangana,Rajanna Siricilla,0,1,0,0,1,16,5,2,0,0,0,23,0,0,0,0,0,0,0,0,0,3,0,0,0,3,16,0,19,5,0,0,5,0,0,0,0,0,0,0,101,206,98,92,6,405,0,0,0,0,0,0,0,0,0,0,0,0,0,0,0,0,0,0,0,0,0,0,0,0,0,0,41,0,0,0,0,0,0,0,0,0,0,0,0,1,11,0,0,0,53,101,607
Telangana,Sangareddy,0,0,0,0,0,136,3,0,0,0,0,139,0,0,0,0,0,4,0,0,4,0,0,0,0,0,0,0,0,21,0,0,21,0,1,0,0,1,0,2,0,360,35,15,20,395,0,0,0,0,48,0,0,48,1,0,0,0,1,0,0,0,0,0,0,0,0,105,0,0,105,0,130,0,0,0,0,0,0,0,0,0,0,0,0,2,5,0,0,0,137,263,1115
Telangana,Suryapet,0,5,0,0,5,76,0,4,0,0,0,80,0,0,0,0,0,0,0,0,0,0,0,0,0,0,0,2,2,0,0,0,0,0,0,0,0,0,0,0,45,389,37,35,2,471,0,0,0,0,0,0,0,0,0,0,0,0,0,0,0,0,0,0,0,0,0,0,0,0,0,0,54,0,0,1,0,0,0,0,0,0,0,0,0,48,7,0,0,0,110,1,669
Telangana,Vikarabad,0,0,0,0,0,59,14,4,0,14,0,91,0,0,0,0,0,0,0,0,0,0,0,0,0,0,0,0,0,0,0,0,0,0,0,0,0,0,0,0,11,216,9,9,0,236,0,0,0,0,0,0,0,0,0,0,0,0,0,0,0,0,0,0,0,0,0,0,0,0,0,0,141,0,0,0,0,0,0,0,0,0,0,0,0,0,8,0,0,0,149,3,479
Telangana,Wanaparthy,0,1,0,0,1,45,0,0,0,0,0,45,2,0,0,0,2,0,0,0,0,0,0,0,0,0,0,0,0,0,0,0,0,0,0,0,0,0,0,0,1,0,2,2,0,3,0,0,0,0,0,0,0,0,0,0,0,0,0,0,0,0,0,0,0,0,0,0,0,0,0,0,14,0,0,0,0,0,0,0,0,0,0,0,0,0,1,0,0,0,15,166,232
Telangana,Railway Police Secunderabad,0,0,0,0,0,3,1,0,0,0,0,4,0,0,0,0,0,0,0,0,0,1,0,0,0,1,0,0,1,0,0,0,0,0,0,0,0,0,0,0,0,23,60,43,17,83,0,0,0,0,0,0,0,0,1,0,0,0,1,2,0,2,0,0,0,0,0,0,0,0,0,0,0,0,0,0,0,0,0,0,0,0,0,0,0,1,1,0,0,0,2,2,95
Telangana,Mulug,0,0,0,0,0,8,3,0,0,0,0,11,0,0,0,0,0,0,0,0,0,0,0,0,0,0,1,2,3,0,0,0,0,0,0,0,0,0,0,0,184,84,14,0,14,282,0,0,0,0,0,0,0,0,0,0,0,0,0,0,0,0,0,0,0,0,0,0,0,0,0,0,49,0,0,0,0,0,0,0,0,0,0,0,0,17,5,0,0,0,71,4,371
Telangana,Narayanpet,0,0,0,0,0,67,0,8,0,15,0,90,0,0,0,0,0,0,0,0,0,0,0,0,0,0,0,0,0,0,0,0,0,0,0,0,0,0,0,0,0,197,3,2,1,200,0,0,0,0,42,0,0,42,0,0,0,0,0,0,0,0,0,0,0,0,0,0,0,0,0,0,27,0,0,0,0,0,0,0,0,0,0,0,0,0,8,0,0,0,35,28,395
Tripura,Dhalai,0,0,0,0,0,7,0,0,0,0,0,7,0,0,0,0,0,0,0,0,0,0,0,0,0,0,0,0,0,1,0,0,1,0,0,0,0,0,0,0,0,0,41,0,41,41,0,0,0,0,0,0,0,0,0,13,0,0,13,0,0,0,0,0,0,0,0,1,0,0,1,0,0,0,0,0,0,0,0,0,0,0,0,0,0,0,0,0,0,0,0,0,63
Tripura,Gomati,0,0,0,0,0,25,0,0,0,0,0,25,0,1,0,0,1,5,0,0,5,0,0,0,0,0,0,0,0,2,0,0,2,0,0,0,0,0,0,0,0,0,16,6,10,16,0,0,0,0,0,0,0,0,0,24,0,0,24,0,0,0,0,0,0,0,0,0,0,0,0,0,0,0,0,0,0,0,0,0,0,0,0,0,0,4,0,0,0,0,4,0,77
Tripura,Grp,0,0,0,0,0,0,0,0,0,0,0,0,0,0,0,0,0,0,0,0,0,2,2,0,2,0,0,0,2,0,0,0,0,0,0,0,0,0,0,0,0,0,89,0,89,89,0,0,0,0,0,0,0,0,0,74,0,0,74,0,0,0,0,0,0,0,0,0,0,0,0,0,0,0,0,0,0,0,0,0,0,0,0,0,0,0,0,0,0,0,0,0,165
Tripura,Kowai,0,0,0,0,0,26,0,0,0,0,0,26,0,0,0,0,0,1,0,0,1,1,1,0,1,0,0,0,1,2,0,0,2,0,0,0,0,0,0,0,0,0,40,7,33,40,1,0,0,0,0,0,0,1,0,9,0,0,9,0,0,0,0,0,0,0,0,0,0,0,0,0,0,0,0,0,0,0,0,0,0,0,0,0,0,2,0,0,0,0,2,0,82
Tripura,North,0,1,0,0,1,21,0,0,0,0,0,21,0,0,0,0,0,9,0,0,9,3,3,0,3,0,0,0,3,3,0,0,3,0,0,0,0,0,1,1,0,0,56,7,49,56,0,0,0,0,0,0,0,0,2,22,0,0,24,0,0,0,0,0,0,0,0,0,0,0,0,0,0,0,0,0,0,0,0,0,0,0,0,0,0,5,0,0,0,0,5,5,128
Tripura,Sipahijala,0,0,0,0,0,8,0,3,0,0,0,11,0,0,0,0,0,2,0,0,2,2,2,0,2,0,0,0,2,2,0,0,2,0,0,0,0,0,1,1,0,0,104,0,104,104,0,0,0,0,0,0,0,0,2,36,0,0,38,0,0,0,0,0,0,0,0,0,0,0,0,0,0,0,0,0,0,0,0,0,0,0,0,0,0,2,0,0,0,0,2,0,162
Tripura,South,0,0,0,0,0,20,0,0,0,0,0,20,0,0,0,0,0,2,0,0,2,0,0,0,0,0,0,0,0,5,0,0,5,0,0,0,0,0,1,1,0,0,21,2,19,21,0,0,0,0,0,0,0,0,0,14,0,0,14,0,0,0,0,0,0,0,0,0,0,0,0,0,0,0,0,0,0,0,0,0,0,0,0,0,0,3,0,0,0,0,3,0,66
Tripura,Unakoti,0,0,0,0,0,20,0,0,0,0,0,20,0,0,0,0,0,0,0,0,0,1,1,0,1,0,0,0,1,2,0,0,2,0,0,0,0,0,0,0,0,0,17,0,17,17,0,0,0,0,0,0,0,0,0,20,0,0,20,0,0,0,0,0,0,0,0,0,0,0,0,0,0,0,0,0,0,0,0,0,0,0,0,0,0,3,0,0,0,0,3,0,63
Tripura,West,0,0,0,0,0,39,1,0,0,0,0,40,0,2,0,0,2,0,0,0,0,2,2,0,2,0,0,0,2,16,0,0,16,0,0,0,0,0,0,0,0,0,86,0,86,86,0,0,0,0,0,0,0,0,2,73,0,0,75,0,0,0,1,0,0,0,1,0,0,0,0,0,0,0,0,7,0,0,0,0,0,0,0,0,0,2,0,0,0,1,10,1,233
Tripura,Crime Branch,0,0,0,0,0,0,0,0,0,0,0,0,0,0,0,0,0,0,0,0,0,0,0,0,0,0,0,0,0,0,0,0,0,0,0,0,0,0,0,0,0,0,0,0,0,0,0,0,0,0,0,0,0,0,0,0,0,0,0,0,0,0,0,0,0,0,0,0,0,0,0,0,0,0,0,0,0,0,0,0,0,0,0,0,0,0,0,0,0,0,0,0,0
Uttar Pradesh,Agra,0,0,0,0,0,118,0,0,0,0,0,118,0,0,0,0,0,11,0,0,11,302,283,33,250,19,0,2,304,288,0,0,288,0,0,0,0,16,5,21,0,391,48,40,8,439,0,6,2,0,0,0,0,8,0,0,0,0,0,0,0,0,0,0,0,0,0,34,0,0,34,0,0,0,0,0,0,0,0,0,0,0,0,0,0,44,0,0,0,0,44,962,2229
Uttar Pradesh,Aligarh,0,0,0,0,0,152,0,0,0,0,0,152,101,0,0,0,101,7,0,0,7,557,557,1,556,0,8,0,565,165,165,0,330,0,0,0,0,0,4,4,0,1090,144,144,0,1234,34,0,0,0,0,0,0,34,0,0,0,0,0,0,0,0,0,0,0,0,0,23,0,0,23,0,575,3753,0,0,0,0,0,0,0,0,0,0,0,0,0,0,0,473,4801,0,7251
Uttar Pradesh,Prayagraj,4,2,0,1,7,83,0,0,0,0,0,83,0,0,0,0,0,40,0,3,43,187,153,4,149,34,0,177,364,551,0,0,551,0,0,0,0,8,7,15,0,567,66,66,0,633,41,0,0,0,2,0,0,43,0,1,0,0,1,1,0,1,0,0,0,0,0,6,0,0,6,0,97,5707,0,0,0,0,0,0,0,0,0,0,0,46,0,0,0,6963,12813,32,14592
Uttar Pradesh,Ambedkar Nagar,0,0,0,0,0,0,0,0,0,0,0,0,215,0,0,0,215,16,0,0,16,191,42,0,42,149,0,4,195,66,0,0,66,0,0,0,0,0,3,3,0,444,45,0,45,489,23,1,0,0,0,0,0,24,0,0,0,0,0,0,0,0,0,0,0,0,0,3,0,0,3,0,12,1486,0,0,0,0,0,0,0,0,0,0,0,1,0,0,0,46,1545,695,3251
Uttar Pradesh,Amethi,0,0,0,0,0,63,0,0,0,0,0,63,0,0,0,0,0,105,0,0,105,124,94,0,94,30,3,0,127,19,0,0,19,0,0,0,0,0,0,0,0,490,165,165,0,655,73,2,0,0,0,0,0,75,0,0,0,0,0,0,0,0,0,0,0,0,0,5,0,0,5,0,2,297,0,0,0,0,0,0,0,0,0,0,0,0,0,0,0,13,312,0,1361
Uttar Pradesh,Amroha,0,0,0,0,0,99,0,0,0,0,0,99,0,0,0,0,0,14,0,0,14,310,310,0,310,0,0,1,311,91,1,0,92,0,0,0,0,13,6,19,0,793,29,0,29,822,37,2,0,0,0,0,0,39,0,0,0,0,0,0,0,0,0,0,0,0,0,5,0,2,7,0,110,0,0,0,80,80,0,0,0,0,0,0,0,20,0,0,0,53,263,603,2269
Uttar Pradesh,Auraiya,2,0,0,0,2,77,0,0,0,0,0,77,0,0,0,0,0,0,0,0,0,231,211,0,211,20,3,0,234,57,0,0,57,0,0,0,0,1,0,1,0,572,26,24,2,598,5,2,0,0,0,0,0,7,0,0,0,0,0,0,0,0,0,0,0,0,0,6,0,0,6,0,121,1552,0,0,0,0,0,0,1,0,0,0,0,6,0,0,0,0,1680,171,2833
Uttar Pradesh,Azamgarh,0,0,0,0,0,158,0,0,0,0,0,158,0,0,0,0,0,0,0,0,0,507,382,0,382,125,2,0,509,214,0,0,214,0,0,0,0,0,6,6,0,660,66,0,66,726,15,0,0,0,0,0,0,15,0,8,0,0,8,0,0,0,0,0,0,0,0,11,0,0,11,0,32,0,0,0,0,0,0,0,0,0,0,0,0,0,0,0,0,0,32,1209,2888
Uttar Pradesh,Badaun,19,0,0,0,19,204,0,0,0,0,0,204,0,0,0,0,0,8,0,0,8,755,755,0,755,0,1,0,756,64,5,0,69,0,0,0,0,0,1,1,0,1875,84,84,0,1959,16,9,0,0,0,1,0,26,0,0,0,0,0,0,0,0,0,0,0,0,0,15,0,0,15,0,245,1,0,2,0,0,0,0,0,0,0,0,0,34,0,0,0,28,310,17,3384
Uttar Pradesh,Baghpat,0,0,0,0,0,78,0,0,0,0,0,78,0,0,0,0,0,0,0,0,0,292,292,0,292,0,31,0,323,142,0,0,142,0,0,0,0,0,3,3,0,233,25,5,20,258,0,0,0,0,0,0,0,0,0,0,0,0,0,0,0,0,0,0,0,0,0,14,0,0,14,0,73,2388,0,0,0,0,0,0,0,0,0,0,0,72,0,0,0,0,2533,193,3544
Uttar Pradesh,Bahraich,583,0,0,0,583,147,0,0,0,0,0,147,108,0,0,0,108,23,0,0,23,68,68,2,66,0,2,0,70,80,0,0,80,0,0,0,0,1,2,3,0,684,94,0,94,778,48,4,0,0,0,0,0,52,0,0,0,0,0,0,0,0,0,0,0,0,0,13,0,0,13,0,35,624,0,0,315,315,0,0,0,0,0,0,0,24,0,3,0,18,1019,0,2876
Uttar Pradesh,Ballia,6,0,0,0,6,118,0,0,0,0,0,118,0,0,0,0,0,7,0,0,7,539,539,0,539,0,1,0,540,122,0,0,122,0,0,0,0,1,5,6,0,1206,13,0,13,1219,7,0,3,0,0,0,0,10,0,0,0,0,0,1,0,1,0,0,0,0,0,7,0,0,7,0,4,1543,0,0,0,0,0,0,0,0,0,0,0,0,0,0,0,0,1547,497,4080
Uttar Pradesh,Balrampur,116,0,0,0,116,59,0,0,0,0,0,59,83,0,0,0,83,13,0,0,13,37,10,0,10,27,1,2,40,17,0,0,17,0,0,1,0,4,4,9,0,272,4,2,2,276,15,4,0,0,0,0,0,19,0,0,0,0,0,0,0,0,0,0,0,0,0,8,0,0,8,0,7,350,0,3,0,0,0,0,0,0,0,0,0,11,0,0,0,48,419,10,1069
Uttar Pradesh,Banda,0,0,0,0,0,123,0,0,0,0,0,123,0,0,0,0,0,15,0,0,15,110,110,3,107,0,0,0,110,111,0,0,111,0,0,0,0,6,3,9,0,488,61,0,61,549,3,2,0,0,0,0,0,5,0,0,0,0,0,0,0,0,0,0,0,0,0,13,0,0,13,0,42,760,0,0,0,0,0,0,0,0,0,0,0,0,0,0,0,0,802,54,1791
Uttar Pradesh,Barabanki,609,0,0,0,609,157,0,0,0,0,0,157,301,0,0,0,301,89,0,0,89,542,542,4,538,0,0,0,542,119,0,0,119,0,0,0,0,0,2,2,0,1582,296,0,296,1878,61,2,0,0,0,0,0,63,0,0,0,0,0,0,0,0,0,0,0,0,0,15,0,0,15,0,333,1845,0,0,0,0,0,0,0,0,0,0,0,0,0,0,0,0,2178,543,6496
Uttar Pradesh,Bareilly,0,0,0,0,0,325,0,0,0,0,0,325,0,0,0,0,0,0,0,0,0,508,508,0,508,0,0,1,509,372,0,0,372,0,0,0,0,2,4,6,0,736,169,111,58,905,0,0,0,0,0,0,0,0,0,0,0,0,0,0,0,0,0,0,0,0,0,28,0,0,28,0,300,3904,0,0,0,0,0,0,5,0,0,0,0,0,0,0,0,53,4262,2198,8605
Uttar Pradesh,Basti,31,0,0,0,31,35,0,0,0,0,0,35,0,0,0,0,0,11,0,0,11,54,19,0,19,35,0,3,57,94,0,0,94,0,0,0,0,0,3,3,0,393,14,0,14,407,3,0,0,0,0,0,0,3,0,0,0,0,0,0,0,0,0,0,0,0,0,15,0,0,15,0,0,1098,0,0,0,0,0,0,0,0,0,0,0,0,0,0,0,26,1124,378,2158
Uttar Pradesh,Bijnor,353,0,0,0,353,155,0,0,0,0,0,155,0,0,0,0,0,21,4,0,25,289,289,0,289,0,0,0,289,345,0,0,345,0,0,0,0,4,6,10,0,695,30,0,30,725,23,2,0,0,0,0,0,25,0,0,0,0,0,0,0,0,0,0,0,0,0,7,0,0,7,0,133,2681,0,0,0,0,0,0,0,0,0,0,0,12,0,0,0,216,3042,0,4976
Uttar Pradesh,Bulandshahar,0,1,0,0,1,231,0,4,0,0,0,235,0,0,0,0,0,12,0,0,12,1720,1720,3,1717,0,0,38,1758,192,9,0,201,0,0,0,0,0,5,5,0,2047,133,131,2,2180,11,4,0,0,0,0,0,15,0,1,0,0,1,0,0,0,0,0,0,0,0,13,0,0,13,0,816,3,0,0,0,0,0,0,0,0,0,0,0,57,0,0,0,0,876,195,5492
Uttar Pradesh,Chandoli,7,0,0,0,7,93,0,0,0,0,0,93,41,0,0,0,41,0,0,0,0,64,64,0,64,0,3,0,67,84,84,0,168,0,0,0,0,0,2,2,0,264,73,0,73,337,0,0,0,0,0,0,0,0,0,0,0,0,0,0,0,0,0,0,0,0,0,13,0,0,13,0,6,2240,0,0,0,0,0,0,0,0,0,0,0,190,0,0,0,191,2627,0,3355
Uttar Pradesh,Chitrakoot,0,0,0,0,0,78,0,1,0,0,0,79,0,0,0,0,0,2,0,0,2,81,81,0,81,0,8,0,89,43,0,0,43,0,0,0,0,8,1,9,0,444,48,0,48,492,3,0,0,0,0,0,0,3,0,0,0,0,0,0,0,0,0,0,0,0,0,0,0,0,0,0,53,759,0,0,0,0,0,0,0,0,0,0,0,5,0,0,0,20,837,95,1649
Uttar Pradesh,Deoria,0,0,0,0,0,21,0,0,0,0,0,21,158,0,0,0,158,515,0,0,515,102,102,0,102,0,0,0,102,95,0,0,95,0,0,0,0,0,3,3,0,885,14,0,14,899,0,0,0,0,0,0,0,0,0,0,0,0,0,0,0,0,0,0,0,0,0,14,0,0,14,0,4,0,0,0,0,0,0,0,0,0,0,0,0,48,0,0,0,0,52,0,1859
Uttar Pradesh,Etah,0,0,0,0,0,52,0,0,0,0,0,52,0,0,0,0,0,0,0,0,0,189,189,0,189,0,2,0,191,58,0,0,58,0,0,0,0,0,1,1,0,250,18,18,0,268,1,0,0,0,0,0,0,1,0,0,0,0,0,0,0,0,0,0,0,0,0,17,0,0,17,0,178,2319,0,0,0,0,0,0,0,0,0,0,0,0,0,0,0,1,2498,88,3174
Uttar Pradesh,Etawah,0,0,0,0,0,55,0,0,0,0,0,55,0,0,0,0,0,0,0,0,0,174,121,6,115,53,1,0,175,69,3,0,72,0,0,0,0,9,0,9,0,237,10,8,2,247,1,1,0,0,0,0,0,2,0,0,0,0,0,0,0,0,0,0,0,0,0,11,0,0,11,0,31,3473,0,0,0,0,0,0,0,0,0,0,0,6,0,0,0,44,3554,0,4125
Uttar Pradesh,Ayodhya,270,2,0,0,272,22,0,0,0,0,0,22,188,0,0,0,188,51,0,0,51,226,135,2,133,91,5,0,231,62,0,0,62,0,0,0,0,2,1,3,0,580,144,130,14,724,54,1,0,0,3,0,0,58,0,0,0,0,0,0,0,0,0,0,0,0,0,5,0,0,5,0,48,516,0,0,0,0,0,0,0,0,0,0,0,0,0,0,0,43,607,7,2230
Uttar Pradesh,Fatehgarh,0,0,0,0,0,22,0,0,0,0,0,22,0,0,0,0,0,0,0,0,0,121,121,0,121,0,0,9,130,53,0,0,53,0,0,0,0,0,1,1,0,248,3,0,3,251,0,0,0,0,0,0,0,0,0,0,0,0,0,1,0,1,0,0,0,0,0,8,0,0,8,0,190,1690,0,0,0,0,0,0,0,0,0,0,0,0,0,0,0,7,1887,230,2583
Uttar Pradesh,Fatehpur,0,0,0,0,0,132,0,0,0,0,0,132,35,0,0,0,35,20,0,0,20,136,103,3,100,33,12,0,148,99,0,0,99,0,0,0,0,6,1,7,0,484,56,56,0,540,70,4,0,0,0,0,0,74,0,0,0,0,0,0,0,0,0,0,0,0,0,6,0,0,6,0,60,1061,0,0,0,0,0,0,0,0,0,0,0,0,0,0,0,91,1212,62,2335
Uttar Pradesh,Firozabad,204,0,0,0,204,95,0,0,0,0,0,95,0,0,0,0,0,0,0,0,0,0,0,0,0,0,0,2,2,134,0,0,134,0,0,0,0,0,0,0,0,179,14,0,14,193,0,0,0,0,0,0,0,0,0,0,0,0,0,0,0,0,0,0,0,0,0,8,0,0,8,0,0,4504,0,0,0,0,0,0,0,0,0,0,0,0,0,0,0,0,4504,0,5140
Uttar Pradesh,Grp,0,0,0,0,0,1,0,0,0,0,0,1,2,0,0,0,2,0,0,0,0,224,47,0,47,177,0,0,224,6,4,0,10,0,0,0,0,0,0,0,0,493,69,22,47,562,0,0,0,0,0,0,0,0,0,0,0,0,0,18,0,18,0,0,0,0,0,0,0,0,0,0,6,0,0,0,0,0,0,0,0,0,0,0,0,0,0,0,0,4,10,38,865
Uttar Pradesh,Gautambudh Nagar,0,0,0,0,0,67,0,0,0,0,0,67,0,0,0,0,0,0,0,0,0,1227,676,0,676,551,0,13,1240,210,0,0,210,0,0,0,0,0,2,2,0,1237,535,501,34,1772,0,0,0,0,0,0,0,0,0,2,0,0,2,0,0,0,0,0,0,0,0,5,0,0,5,0,66,4457,0,0,0,0,0,0,0,0,0,0,0,0,0,0,0,0,4523,266,8087
Uttar Pradesh,Ghaziabad,9,22,0,0,31,487,1,0,9,1,0,498,0,0,0,0,0,12,0,0,12,231,167,13,154,64,66,0,297,1051,0,0,1051,0,0,0,0,9,6,15,0,337,223,89,134,560,1,2,5,1,23,16,0,48,2,0,0,0,2,0,0,0,0,0,0,0,0,7,0,1,8,0,68,0,0,3,0,0,0,0,0,0,0,0,0,50,0,0,0,0,121,260,2903
Uttar Pradesh,Ghazipur,0,1,0,0,1,67,0,0,0,0,0,67,0,0,0,0,0,3,0,0,3,168,159,0,159,9,0,0,168,126,10,0,136,0,0,0,0,0,5,5,0,409,45,0,45,454,4,2,0,0,0,0,0,6,0,0,0,0,0,2,0,2,0,0,0,0,0,10,0,0,10,0,0,0,0,0,0,0,0,0,0,0,0,0,0,0,0,0,0,0,0,325,1177
Uttar Pradesh,Gonda,421,1,0,0,422,153,0,0,0,0,0,153,10,0,0,0,10,47,0,0,47,206,56,0,56,150,0,14,220,77,0,0,77,0,0,4,0,2,5,11,0,538,67,47,20,605,3,4,0,0,0,0,0,7,1,0,0,0,1,0,0,0,0,0,0,0,0,13,0,0,13,0,3,724,0,0,0,0,0,0,1,0,0,0,0,14,0,0,0,113,855,358,2779
Uttar Pradesh,Gorakhpur,0,0,0,0,0,239,0,0,0,0,0,239,0,0,0,0,0,0,41,0,41,83,83,0,83,0,0,0,83,0,0,0,0,0,0,0,0,0,7,7,0,355,37,0,37,392,0,0,0,0,0,0,0,0,0,19,0,0,19,0,0,0,0,0,0,0,0,1,0,0,1,0,4,1227,0,0,0,0,0,0,0,0,0,0,0,24,0,0,0,0,1255,1827,3864
Uttar Pradesh,Hamirpur,0,0,0,0,0,79,0,0,0,0,0,79,0,0,0,0,0,0,0,0,0,152,152,0,152,0,4,0,156,55,0,0,55,0,0,0,0,21,1,22,0,539,74,0,74,613,0,0,0,0,0,0,0,0,0,0,0,0,0,0,0,0,0,0,0,0,0,6,0,0,6,0,129,3661,0,0,0,0,0,0,0,0,0,0,0,2,0,0,0,0,3792,0,4723
Uttar Pradesh,Hapur,0,0,0,0,0,92,0,0,0,0,0,92,0,0,0,0,0,0,0,0,0,571,0,0,0,571,0,13,584,114,0,0,114,0,0,0,0,3,5,8,0,388,5,0,5,393,6,2,0,0,0,0,0,8,0,0,0,0,0,1,0,1,0,0,0,0,0,2,0,0,2,0,107,1889,0,0,0,0,0,0,0,0,0,0,0,0,0,0,0,0,1996,0,3198
Uttar Pradesh,Hardoi,0,0,0,0,0,157,0,0,0,0,0,157,93,0,0,0,93,0,0,0,0,446,446,0,446,0,6,0,452,65,0,0,65,0,0,0,0,0,0,0,0,2643,42,42,0,2685,0,0,0,0,0,0,0,0,0,0,0,0,0,0,0,0,0,0,0,0,0,16,0,0,16,0,130,1786,0,0,0,0,0,0,0,0,0,0,0,0,0,0,0,0,1916,213,5597
Uttar Pradesh,Hathras,0,0,0,0,0,37,0,0,0,0,0,37,0,0,0,0,0,7,0,0,7,150,150,1,149,0,5,0,155,53,0,0,53,0,0,0,0,0,4,4,0,423,45,45,0,468,33,2,0,0,0,0,0,35,0,0,0,0,0,0,0,0,0,0,0,0,0,19,0,0,19,0,70,3569,0,0,0,0,0,0,0,0,0,0,0,12,0,0,0,0,3651,36,4465
Uttar Pradesh,Jalaun,0,0,0,0,0,70,0,0,0,0,0,70,0,0,0,0,0,5,0,0,5,226,177,0,177,49,6,0,232,54,1,0,55,0,0,0,0,7,2,9,0,699,46,0,46,745,1,1,0,0,0,0,0,2,0,0,0,0,0,0,0,0,0,0,0,0,0,12,0,0,12,0,175,0,0,0,0,0,0,0,0,0,0,0,0,10,0,0,0,27,212,28,1370
Uttar Pradesh,Jaunpur,2,0,0,0,2,161,0,0,0,0,0,161,0,0,0,0,0,3,0,0,3,270,215,1,214,55,0,22,292,85,13,0,98,0,0,0,0,0,0,0,0,596,137,0,137,733,8,2,3,0,0,0,0,13,0,0,0,0,0,2,0,2,0,0,0,0,0,16,0,0,16,0,12,1591,0,0,0,0,0,0,0,0,0,0,0,0,0,0,0,55,1658,430,3408
Uttar Pradesh,Jhansi,0,0,0,0,0,86,0,0,0,0,0,86,103,0,0,0,103,21,0,0,21,264,254,0,254,10,3,0,267,75,4,0,79,0,0,0,0,2,7,9,0,2104,55,0,55,2159,0,3,0,0,0,0,0,3,0,0,0,0,0,0,0,0,0,0,0,0,0,9,0,0,9,0,259,0,0,0,0,0,0,0,0,0,0,0,0,7,0,0,0,25,291,242,3269
Uttar Pradesh,Kannauj,0,0,0,0,0,139,0,0,0,0,0,139,0,0,0,0,0,10,0,0,10,135,133,1,132,2,0,2,137,57,0,0,57,0,0,0,0,0,2,2,0,403,0,0,0,403,1,3,0,0,0,0,0,4,0,0,0,0,0,0,0,0,0,0,0,0,0,6,0,0,6,0,35,0,0,0,0,0,0,0,0,0,0,0,0,9,0,26,0,0,70,242,1070
Uttar Pradesh,Kanpur Dehat,0,0,0,0,0,78,0,0,0,0,0,78,0,0,0,0,0,9,0,0,9,97,87,0,87,10,0,0,97,64,0,0,64,0,0,0,0,16,1,17,0,362,12,12,0,374,19,1,0,0,0,0,0,20,0,0,0,0,0,0,0,0,0,0,0,0,0,11,0,0,11,0,41,2001,0,0,0,0,0,0,0,0,0,0,0,11,0,0,0,0,2053,6,2729
Uttar Pradesh,Kanpur Commissionarate,0,6,0,0,6,205,0,0,0,0,0,205,0,0,0,0,0,0,0,0,0,272,0,0,0,272,0,11,283,449,12,0,461,0,0,0,0,0,7,7,0,866,118,0,118,984,8,0,0,0,0,0,0,8,0,0,0,0,0,0,0,0,0,0,0,0,0,18,0,0,18,0,251,0,0,0,0,0,0,0,0,0,0,0,0,0,0,0,0,0,251,203,2426
Uttar Pradesh,Kasganj,7,0,0,0,7,101,0,0,0,0,0,101,0,0,0,0,0,0,0,0,0,171,168,4,164,3,3,0,174,45,4,0,49,0,0,0,0,0,0,0,0,411,26,26,0,437,9,1,0,0,0,0,0,10,0,0,0,0,0,0,0,0,0,0,0,0,0,19,0,0,19,0,143,2014,0,0,0,0,0,0,0,0,0,0,0,5,0,0,0,0,2162,57,3016
Uttar Pradesh,Kaushambi,0,0,0,0,0,40,0,0,0,0,0,40,0,0,0,0,0,14,0,0,14,64,0,0,0,64,12,0,76,45,0,0,45,0,0,0,0,6,0,6,0,531,0,0,0,531,14,4,0,0,0,0,0,18,0,0,0,0,0,0,0,0,0,0,0,0,0,5,0,0,5,0,52,1323,0,0,0,0,0,0,0,0,0,0,0,0,0,0,0,0,1375,1671,3781
Uttar Pradesh,Khiri,0,1,0,0,1,98,0,0,0,0,0,98,156,0,0,0,156,0,0,0,0,577,0,0,0,577,7,0,584,56,0,0,56,0,0,0,0,0,1,1,0,3148,135,135,0,3283,0,0,0,0,0,0,0,0,0,0,0,0,0,0,0,0,0,0,0,0,0,12,0,0,12,0,221,881,0,0,0,0,0,0,0,0,0,0,0,0,0,0,0,141,1243,0,5434
Uttar Pradesh,Kushi Nagar,0,1,0,0,1,86,0,0,0,0,0,86,0,0,0,0,0,4,0,0,4,70,70,0,70,0,0,9,79,168,8,0,176,0,0,0,0,0,5,5,0,865,27,0,27,892,1,5,0,0,0,0,0,6,0,0,0,0,0,0,0,0,0,0,0,0,0,21,0,0,21,0,38,664,0,0,0,0,0,0,0,0,0,0,0,122,0,0,0,0,824,1015,3109
Uttar Pradesh,Lalitpur,0,0,0,0,0,0,0,0,0,0,0,0,118,0,0,0,118,3,0,0,3,63,63,0,63,0,3,0,66,64,0,0,64,0,0,0,0,6,2,8,0,1162,21,21,0,1183,3,2,0,0,0,0,0,5,0,0,0,0,0,2,0,2,0,0,0,0,0,20,0,0,20,0,44,2181,0,0,123,123,0,0,0,0,0,0,0,0,0,0,0,0,2348,30,3847
Uttar Pradesh,Lucknow Commissionarate,48,1,0,0,49,249,0,0,0,0,0,249,151,0,0,0,151,63,0,0,63,130,119,18,101,11,2,6,138,1292,0,0,1292,0,0,1,0,0,5,6,0,221,50,50,0,271,0,0,0,0,0,0,0,0,0,4,0,0,4,0,0,0,0,0,0,0,0,26,0,0,26,0,63,12385,0,0,0,0,0,0,0,0,0,0,0,0,0,0,0,0,12448,2257,16954
Uttar Pradesh,Maharajganj,0,0,0,0,0,108,0,0,0,0,0,108,0,0,0,0,0,24,0,0,24,40,40,0,40,0,9,0,49,76,0,0,76,0,0,0,0,3,0,3,0,1353,47,0,47,1400,7,0,0,0,0,0,0,7,7,0,0,0,7,0,0,0,0,0,0,0,0,3,0,0,3,0,7,606,0,0,0,0,0,0,0,0,0,0,0,11,0,0,0,34,658,36,2371
Uttar Pradesh,Mahoba,6,0,0,0,6,80,0,0,0,0,0,80,0,0,0,0,0,2,0,0,2,357,349,0,349,8,0,1,358,16,0,0,16,0,0,0,0,6,5,11,0,1016,82,80,2,1098,0,0,0,0,0,0,0,0,0,0,0,0,0,1,0,1,0,0,0,0,0,2,0,0,2,0,272,1363,0,0,0,0,0,0,0,0,0,0,0,11,0,0,0,19,1665,3,3242
Uttar Pradesh,Mainpuri,111,1,0,0,112,65,0,0,0,0,0,65,0,0,0,0,0,9,0,0,9,349,349,0,349,0,2,0,351,37,2,1,40,0,0,0,0,0,0,0,0,947,23,0,23,970,1,5,0,1,0,0,0,7,0,0,0,0,0,0,0,0,0,0,0,0,0,7,2,0,9,0,142,2403,0,0,0,0,0,0,0,0,0,0,0,5,0,0,0,65,2615,150,4328
Uttar Pradesh,Mathura,0,0,0,0,0,140,0,0,0,0,0,140,0,0,0,0,0,0,0,0,0,869,869,0,869,0,2,0,871,142,0,0,142,0,0,0,0,0,2,2,0,1218,261,0,261,1479,0,0,0,0,0,0,0,0,0,0,0,0,0,0,0,0,0,0,0,0,0,8,0,0,8,0,320,0,0,0,0,0,0,0,0,0,0,0,0,0,0,0,0,0,320,226,3188
Uttar Pradesh,Mau,201,0,0,0,201,78,0,0,0,0,0,78,0,0,0,0,0,5,0,0,5,130,130,0,130,0,1,0,131,10,0,0,10,0,0,0,0,0,0,0,0,166,17,0,17,183,5,3,0,0,0,0,0,8,0,0,0,0,0,0,0,0,0,0,0,0,0,3,0,0,3,0,5,1968,0,0,0,0,0,0,0,0,0,0,0,9,0,0,0,47,2029,250,2898
Uttar Pradesh,Meerut,0,2,1,0,3,217,0,0,0,0,0,217,0,0,0,0,0,4,27,0,31,648,517,1,516,131,0,47,695,214,17,0,231,0,0,0,0,0,13,13,0,789,76,76,0,865,19,5,1,0,2,0,0,27,0,0,0,0,0,2,0,2,0,0,0,0,0,22,0,0,22,0,378,4636,0,2,0,0,0,0,1,0,0,0,0,24,0,0,0,180,5221,178,7505
Uttar Pradesh,Mirzapur,0,0,0,0,0,28,0,0,0,0,0,28,0,0,0,0,0,27,0,0,27,204,69,2,67,135,3,0,207,78,0,0,78,0,0,0,0,1,2,3,0,768,96,73,23,864,3,0,0,0,0,0,0,3,0,0,0,0,0,0,0,0,0,0,0,0,0,4,0,0,4,0,28,1186,0,0,0,0,0,0,0,0,0,0,0,35,0,0,0,33,1282,324,2820
Uttar Pradesh,Moradabad,0,1,0,0,1,56,0,0,0,0,0,56,0,0,0,0,0,0,0,0,0,969,0,0,0,969,0,0,969,24,0,0,24,0,0,0,0,19,7,26,0,0,252,0,252,252,0,0,0,0,0,0,0,0,0,0,0,0,0,0,0,0,0,0,0,0,0,19,0,0,19,0,0,1435,0,0,0,0,0,0,0,0,0,0,0,34,0,0,0,0,1469,170,2986
Uttar Pradesh,Muzaffarnagar,0,0,0,0,0,90,0,0,0,0,0,90,54,0,0,0,54,4,0,0,4,604,604,3,601,0,0,19,623,137,0,0,137,0,0,0,0,0,3,3,0,378,54,0,54,432,3,2,0,0,0,0,0,5,0,0,0,0,0,0,0,0,0,0,0,0,0,12,0,0,12,0,68,0,0,0,0,0,0,0,0,0,0,0,0,11,0,0,0,0,79,242,1681
Uttar Pradesh,Pilibhit,0,1,0,0,1,91,0,1,0,0,0,92,0,0,0,0,0,22,0,0,22,169,169,5,164,0,2,0,171,65,0,0,65,0,0,0,0,0,4,4,0,417,19,0,19,436,22,0,0,0,0,0,0,22,0,0,0,0,0,1,0,1,0,0,0,0,0,7,0,0,7,0,36,780,0,0,0,0,0,0,0,0,0,0,0,14,0,0,0,0,830,218,1869
Uttar Pradesh,Pratapgarh,0,0,0,0,0,70,0,0,0,0,0,70,0,0,0,0,0,19,0,0,19,363,363,0,363,0,0,0,363,91,8,0,99,0,0,0,0,0,0,0,0,265,37,0,37,302,48,3,0,0,0,0,0,51,0,0,0,0,0,0,0,0,0,0,0,0,0,8,0,0,8,0,11,0,0,0,0,0,0,0,0,0,0,0,0,14,0,0,0,65,90,360,1362
Uttar Pradesh,Raibareilly,0,0,0,0,0,133,0,0,0,0,0,133,68,0,0,0,68,53,0,0,53,343,343,0,343,0,4,0,347,57,0,0,57,0,0,0,0,0,0,0,0,1434,171,171,0,1605,0,2,0,0,0,0,0,2,0,0,0,0,0,0,0,0,0,0,0,0,0,5,0,0,5,0,36,1076,0,0,0,0,0,0,0,0,0,0,0,0,0,0,0,0,1112,283,3665
Uttar Pradesh,Rampur,459,1,0,0,460,101,0,0,0,0,0,101,0,0,0,0,0,17,0,0,17,455,234,0,234,221,0,0,455,49,4,0,53,0,0,0,0,12,8,20,0,574,94,94,0,668,22,4,1,0,0,0,0,27,0,1,0,0,1,0,0,0,0,0,0,0,0,9,0,0,9,0,187,4541,0,0,0,0,0,0,0,0,0,0,0,10,0,0,0,69,4807,74,6692
Uttar Pradesh,Saharanpur,348,0,0,0,348,166,0,0,0,0,0,166,0,0,0,0,0,18,0,0,18,458,400,0,400,58,3,0,461,259,0,0,259,0,0,0,0,0,2,2,0,598,300,0,300,898,2,2,0,0,0,0,0,4,0,0,0,0,0,1,0,1,0,0,0,0,0,13,0,0,13,0,54,4,0,0,0,0,0,0,0,0,0,0,0,0,0,0,0,0,58,361,2589
Uttar Pradesh,Sambhal,13,1,0,0,14,106,0,1,3,1,0,111,0,0,0,0,0,11,0,0,11,249,170,0,170,79,1,0,250,24,5,0,29,0,0,0,0,3,0,3,13,578,31,31,0,622,10,1,4,0,0,0,0,15,0,2,0,0,2,0,0,0,0,0,0,0,0,19,0,0,19,0,96,3840,0,3,1,0,0,1,0,0,0,0,0,14,0,0,0,53,4007,175,5258
Uttar Pradesh,Sant Kabirnagar,0,3,0,0,3,56,0,0,0,0,0,56,0,0,0,0,0,0,0,0,0,90,90,0,90,0,6,0,96,46,0,0,46,0,0,0,0,0,3,3,0,528,22,0,22,550,0,0,0,0,0,0,0,0,0,0,0,0,0,0,0,0,0,0,0,0,0,10,0,0,10,0,8,456,0,0,0,0,0,0,0,0,0,0,0,0,0,0,0,0,464,246,1474
Uttar Pradesh,Shahjahanpur,0,0,0,0,0,70,0,0,0,0,0,70,111,0,0,0,111,40,0,0,40,971,971,2,969,0,0,7,978,83,0,0,83,0,0,0,0,0,2,2,0,4508,79,79,0,4587,1,2,0,0,0,0,0,3,0,0,0,0,0,0,0,0,0,0,0,0,0,11,0,0,11,0,345,3397,0,0,0,0,0,0,0,0,0,0,0,27,0,0,0,0,3769,812,10466
Uttar Pradesh,Shamli,0,0,0,0,0,88,0,0,0,0,0,88,17,0,0,0,17,2,0,0,2,249,249,5,244,0,6,0,255,80,0,0,80,0,0,0,0,0,0,0,0,326,96,0,96,422,2,1,0,0,0,0,0,3,0,0,0,0,0,0,0,0,0,0,0,0,0,2,0,0,2,0,85,0,0,0,0,0,0,0,0,0,0,0,0,7,0,0,0,0,92,232,1193
Uttar Pradesh,Shrawasti,124,0,0,0,124,21,0,0,0,0,0,21,63,0,0,0,63,7,0,0,7,119,25,0,25,94,0,0,119,22,0,0,22,0,0,0,0,1,0,1,0,265,23,0,23,288,29,1,0,0,0,0,0,30,0,0,0,0,0,0,0,0,0,0,0,0,0,4,0,0,4,0,7,231,0,0,0,0,0,0,0,0,0,0,0,3,0,0,0,18,259,10,948
Uttar Pradesh,Sidharthnagar,115,0,0,0,115,19,0,0,0,0,0,19,0,0,0,0,0,10,0,0,10,189,189,1,188,0,0,10,199,32,0,0,32,0,0,0,0,0,1,1,0,906,58,55,3,964,1,1,0,0,0,0,0,2,0,0,0,0,0,0,0,0,0,0,0,0,0,20,0,0,20,0,4,0,0,0,0,0,0,0,0,0,0,0,0,3,0,0,0,0,7,387,1756
Uttar Pradesh,Sitapur,0,0,0,0,0,129,0,0,0,0,0,129,331,0,0,0,331,0,0,0,0,450,450,0,450,0,4,0,454,70,0,0,70,0,0,0,0,0,0,0,0,2017,0,0,0,2017,1,5,0,0,0,0,0,6,0,0,0,0,0,0,0,0,0,0,0,0,0,13,0,0,13,0,58,0,0,0,0,0,0,0,0,0,0,0,0,0,0,0,0,0,58,169,3247
Uttar Pradesh,Sonbhadra,137,0,0,0,137,105,0,0,0,0,0,105,172,4,0,0,176,10,0,0,10,57,57,0,57,0,6,0,63,74,2,0,76,0,0,0,0,114,1,115,0,964,201,0,201,1165,6,0,0,0,0,0,0,6,0,0,0,0,0,0,0,0,0,0,0,0,0,12,0,0,12,0,4,1394,0,0,0,0,0,0,0,0,0,0,0,13,0,0,0,0,1411,130,3406
Uttar Pradesh,Bhadohi,72,0,0,0,72,28,0,0,0,1,0,29,72,0,0,0,72,3,0,0,3,70,43,0,43,27,2,1,73,32,3,0,35,0,0,2,0,1,0,3,0,122,36,0,36,158,2,0,0,0,0,0,0,2,0,0,0,0,0,0,0,0,0,0,0,0,0,5,0,0,5,0,5,927,0,0,0,0,0,0,0,0,0,0,0,10,0,0,0,0,942,51,1445
Uttar Pradesh,Sultanpur,205,0,0,0,205,82,0,0,0,0,0,82,0,0,0,0,0,57,0,0,57,195,153,0,153,42,3,0,198,97,0,0,97,0,0,0,0,0,0,0,0,403,77,77,0,480,40,1,0,0,0,0,0,41,0,0,0,0,0,0,0,0,0,0,0,0,0,5,0,0,5,0,2,2,0,0,0,0,0,0,0,0,0,0,0,8,0,0,0,27,39,27,1231
Uttar Pradesh,Unnao,0,0,0,0,0,210,0,0,0,0,0,210,0,0,0,0,0,9,0,0,9,41,41,0,41,0,17,0,58,52,0,0,52,0,0,0,0,0,1,1,0,779,14,12,2,793,4,0,0,0,0,0,0,4,0,0,0,0,0,0,0,0,0,0,0,0,0,12,0,0,12,0,80,1243,0,0,0,0,0,0,0,0,0,0,0,16,0,0,0,687,2026,207,3372
Uttar Pradesh,Varanasi Commissionarate,0,1,0,0,1,106,0,0,0,0,0,106,0,0,0,0,0,5,0,0,5,98,88,0,88,10,12,0,110,248,0,0,248,0,0,0,0,1,3,4,0,367,114,0,114,481,13,0,0,0,0,0,0,13,0,0,0,0,0,0,0,0,0,0,0,0,0,30,0,0,30,0,43,1,0,0,0,0,0,0,0,0,0,0,0,0,0,0,0,0,44,147,1189
Uttarakhand,Almora,0,0,0,0,0,28,0,1,0,0,0,29,0,0,0,0,0,0,0,0,0,1,0,0,0,1,0,0,1,0,0,0,0,0,0,0,0,0,0,0,0,85,42,0,42,127,6,0,0,0,0,0,0,6,0,0,0,0,0,0,0,0,0,0,0,0,0,0,0,0,0,4,1,5,0,1,0,0,0,0,0,0,0,0,0,4,0,0,0,1,16,0,179
Uttarakhand,Bageshwar,2,0,0,0,2,4,0,0,0,0,0,4,1,0,0,0,1,0,0,0,0,4,4,0,4,0,0,0,4,6,0,0,6,0,0,0,0,0,0,0,0,35,14,14,0,49,2,0,0,0,0,0,0,2,0,0,0,0,0,0,0,0,0,0,0,0,0,0,0,0,0,0,0,0,0,0,0,0,0,0,0,0,0,0,0,0,0,0,0,0,0,0,68
Uttarakhand,Chamoli,1,0,0,0,1,17,0,0,0,0,0,17,0,1,0,0,1,0,0,0,0,1,1,1,0,0,0,0,1,6,0,0,6,0,0,0,0,0,0,0,0,65,13,12,1,78,2,2,0,0,0,0,0,4,1,0,0,0,1,0,0,0,0,0,0,0,0,0,0,0,0,0,3,12,0,0,0,0,0,0,0,0,0,0,0,0,0,0,0,1,16,3,128
Uttarakhand,Champawat,6,0,0,0,6,29,0,0,0,0,0,29,0,1,0,0,1,0,0,0,0,8,8,0,8,0,1,0,9,12,0,0,12,0,0,0,0,0,0,0,0,74,61,0,61,135,3,1,0,0,0,0,0,4,0,1,0,0,1,0,0,0,0,0,0,0,0,0,0,0,0,0,0,3,0,0,0,0,0,0,0,0,0,0,0,2,0,0,0,0,5,1,203
Uttarakhand,Dehradun,199,3,0,1,203,185,1,1,0,38,0,225,16,2,0,0,18,5,0,0,5,371,56,0,56,315,0,2,373,169,6,0,175,0,0,0,0,1,4,5,0,571,253,253,0,824,3,1,0,0,0,0,0,4,10,0,0,0,10,1,0,1,0,3,0,0,3,1,0,0,1,6,18,116,0,0,0,0,0,0,0,0,0,0,0,26,0,0,0,18,184,0,2031
Uttarakhand,Haridwar,155,1,0,0,156,276,6,1,0,5,0,288,61,0,0,0,61,0,0,0,0,486,486,7,479,0,1,0,487,34,8,0,42,0,0,0,0,0,0,0,0,1033,291,270,21,1324,0,2,0,0,0,0,0,2,0,4,0,0,4,0,0,0,0,0,0,0,0,4,0,0,4,0,210,3534,0,0,0,0,0,0,0,0,0,0,0,63,0,0,0,0,3807,299,6474
Uttarakhand,Nainital,31,3,0,0,34,76,0,0,0,3,0,79,0,0,0,0,0,6,3,0,9,73,0,0,0,73,0,0,73,29,1,0,30,0,0,0,0,0,0,0,0,585,167,150,17,752,3,0,0,0,0,0,0,3,1,0,0,0,1,0,0,0,0,0,0,0,0,5,0,0,5,0,111,50,0,0,0,0,0,0,0,0,0,0,0,0,0,0,0,0,161,6,1153
Uttarakhand,Pauri Garhwal,12,0,0,0,12,27,0,0,0,0,0,27,0,0,0,0,0,0,0,0,0,4,3,0,3,1,0,0,4,16,0,0,16,0,0,0,0,0,0,0,0,106,39,35,4,145,0,0,0,0,0,0,0,0,0,0,0,0,0,0,0,0,0,0,0,0,0,0,0,0,0,0,9,1,0,0,0,0,0,0,0,0,0,0,0,4,0,0,0,0,14,0,218
Uttarakhand,Pithoragarh,2,0,0,0,2,29,1,0,0,0,0,30,0,0,0,0,0,2,0,0,2,0,0,0,0,0,0,0,0,19,0,0,19,0,0,0,0,0,0,0,0,183,22,0,22,205,2,0,0,0,0,0,0,2,2,0,0,0,2,0,0,0,0,0,0,0,0,0,0,0,0,0,18,4,0,0,0,0,0,0,0,0,0,0,0,6,0,0,0,1,29,6,297
Uttarakhand,Rudra Prayag,0,0,0,0,0,5,0,0,0,0,0,5,2,0,0,0,2,1,0,0,1,1,0,0,0,1,0,0,1,6,0,0,6,0,0,0,0,0,2,2,0,128,1,1,0,129,2,0,0,0,0,0,0,2,0,0,0,0,0,0,0,0,0,0,0,0,0,0,0,0,0,0,0,0,0,0,0,0,0,0,0,0,0,0,0,0,0,0,0,0,0,3,151
Uttarakhand,Tehri Garhwal,0,0,0,0,0,33,0,0,0,0,0,33,0,0,0,0,0,0,0,0,0,7,3,0,3,4,0,0,7,8,1,0,9,0,0,0,0,0,0,0,0,147,28,0,28,175,9,0,0,0,0,0,0,9,4,0,0,0,4,0,0,0,0,0,0,0,0,0,0,0,0,0,1,18,0,0,0,0,0,0,0,0,0,0,0,0,0,0,0,1,20,0,257
Uttarakhand,Udhamsingh Nagar,151,7,0,0,158,223,2,5,0,7,0,237,0,2,0,0,2,5,0,0,5,403,198,15,183,205,0,0,403,94,1,0,95,0,0,0,0,0,0,0,0,1307,198,160,38,1505,4,3,0,0,0,0,0,7,0,0,0,0,0,0,0,0,0,0,0,0,0,3,0,0,3,0,61,1075,0,0,0,0,0,0,0,0,0,0,0,5,0,0,0,0,1141,174,3730
Uttarakhand,Uttarkashi,5,0,0,0,5,17,0,0,0,0,0,17,1,0,0,0,1,0,0,0,0,1,1,0,1,0,0,0,1,1,0,0,1,0,1,0,0,0,0,1,0,50,30,0,30,80,2,2,0,0,0,0,0,4,1,0,0,0,1,0,0,0,0,0,0,0,0,0,0,0,0,0,0,35,0,0,0,0,0,0,0,0,0,0,0,1,0,0,0,0,36,0,147
Uttarakhand,Grp,0,0,0,0,0,1,0,0,0,0,0,1,0,0,0,0,0,0,0,0,0,14,0,0,0,14,0,0,14,0,0,0,0,0,0,0,0,0,0,0,0,5,3,0,3,8,0,0,0,0,0,0,0,0,0,0,0,0,0,0,0,0,0,0,0,0,0,0,0,0,0,0,0,0,0,0,0,0,0,0,0,0,0,0,0,0,0,0,0,0,0,0,23
Uttarakhand,Cyber Cell,0,0,0,0,0,0,0,0,0,0,0,0,0,0,0,0,0,0,0,0,0,0,0,0,0,0,0,0,0,112,0,0,112,0,0,0,0,0,0,0,0,0,0,0,0,0,0,0,0,0,0,0,0,0,0,0,0,0,0,0,0,0,0,0,0,0,0,0,0,0,0,0,0,0,0,0,0,0,0,0,0,0,0,0,0,0,0,0,0,0,0,0,112
West Bengal,Alipurduar,0,3,0,0,3,87,1,1,0,1,0,90,0,1,0,0,1,0,0,0,0,7,7,0,7,0,0,0,7,1,4,0,5,7,0,0,0,1,0,8,0,67,70,0,70,137,0,0,0,0,2,0,0,2,2,0,0,0,2,0,0,0,0,0,0,0,0,10,0,0,10,0,2,74,0,0,0,0,0,0,0,0,0,0,0,0,0,0,0,0,76,34,375
West Bengal,Asansol-Durgapur Pc,0,0,0,0,0,66,0,0,0,0,0,66,0,0,0,0,0,0,0,1,1,48,48,0,48,0,0,0,48,6,0,0,6,0,0,0,0,0,0,0,0,284,20,20,0,304,0,0,0,0,0,0,0,0,0,0,0,0,0,0,0,0,0,0,0,0,0,0,0,0,0,0,10,208,0,0,0,0,0,0,0,0,0,0,0,0,0,0,0,0,218,10,653
West Bengal,Bankura,0,0,0,0,0,47,0,2,0,0,0,49,0,3,0,0,3,0,0,0,0,23,23,0,23,0,0,1,24,0,0,0,0,0,0,0,0,0,0,0,0,109,4,4,0,113,0,1,0,0,0,0,0,1,0,0,0,0,0,0,0,0,0,0,0,0,0,0,0,0,0,0,3,177,0,0,0,0,0,0,0,0,0,0,0,0,0,0,0,0,180,13,383
West Bengal,Barrackpur Pc,0,2,0,0,2,81,19,0,0,0,0,100,0,0,0,0,0,0,0,0,0,78,78,0,78,0,0,21,99,2,17,0,19,0,0,0,0,0,0,0,0,220,8,0,8,228,0,0,0,0,4,0,0,4,5,0,0,0,5,0,0,0,0,0,0,0,0,3,0,1,4,0,37,164,0,0,0,0,0,0,0,0,0,0,0,0,0,0,0,0,201,24,686
West Bengal,Bidhannagar Pc,0,3,0,0,3,49,2,1,0,0,0,52,2,0,0,0,2,0,0,0,0,30,30,0,30,0,0,0,30,11,1,0,12,0,0,0,0,0,0,0,0,39,13,0,13,52,0,0,0,0,0,0,0,0,6,0,0,0,6,0,0,0,0,0,0,0,0,0,0,0,0,0,9,32,0,0,0,0,0,0,0,0,0,0,0,0,0,0,0,0,41,48,246
West Bengal,Birbhum,0,2,0,0,2,52,1,0,0,0,0,53,0,0,0,0,0,0,0,0,0,76,0,0,0,76,0,4,80,0,1,0,1,0,0,0,0,11,0,11,0,0,15,0,15,15,0,0,0,0,0,0,0,0,0,0,0,0,0,0,0,0,0,0,0,0,0,0,0,0,0,0,1,353,0,0,0,0,0,0,0,0,0,0,0,0,0,0,0,0,354,11,527
West Bengal,Coochbehar,0,3,0,0,3,119,2,9,0,0,0,130,0,0,0,0,0,145,0,0,145,45,45,0,45,0,0,5,50,0,3,0,3,0,0,0,0,36,0,36,0,35,86,0,86,121,1,1,0,0,0,0,0,2,66,15,0,0,81,0,0,0,0,0,0,0,0,17,0,0,17,0,24,98,0,0,0,0,0,0,0,0,0,0,0,0,0,0,0,0,122,147,857
West Bengal,Dakshin Dinajpur,0,0,0,0,0,39,0,3,0,0,0,42,0,0,0,0,0,17,0,0,17,3,3,0,3,0,0,1,4,0,0,0,0,0,0,0,0,0,0,0,0,22,54,0,54,76,0,0,0,0,0,0,0,0,22,0,0,0,22,0,0,0,0,0,0,0,0,3,0,0,3,0,2,221,0,0,0,0,0,0,0,0,0,0,0,1,0,0,0,0,224,12,400
West Bengal,Darjeeling,0,0,0,0,0,49,1,3,0,0,0,53,4,2,0,0,6,17,0,0,17,6,6,0,6,0,0,0,6,0,0,0,0,0,0,0,0,46,0,46,0,25,67,67,0,92,0,0,0,0,0,0,0,0,8,0,0,0,8,0,0,0,0,0,0,0,0,0,0,0,0,0,1,35,0,0,0,0,0,0,0,0,0,0,0,0,0,0,0,0,36,33,297
West Bengal,Hooghly Rural Police,0,0,0,0,0,85,0,0,0,0,0,85,2,4,0,0,6,0,0,0,0,27,27,0,27,0,0,4,31,0,0,0,0,0,0,0,0,0,0,0,0,263,2,2,0,265,0,1,0,0,0,0,0,1,0,0,0,0,0,0,0,0,0,0,0,0,0,0,0,0,0,0,51,193,0,0,0,0,0,0,0,0,0,0,0,0,0,0,0,0,244,2,634
West Bengal,Howrah Grp,0,2,0,0,2,0,0,0,0,0,0,0,0,0,0,0,0,0,0,0,0,3,3,0,3,0,0,0,3,0,0,0,0,0,0,0,0,0,0,0,0,125,5,5,0,130,0,5,0,0,0,0,0,5,0,0,0,0,0,0,0,0,0,0,0,0,0,0,0,0,0,0,0,0,0,0,0,0,0,0,0,0,0,0,0,0,0,0,0,0,0,0,140
West Bengal,Howrah Pc,0,1,0,0,1,83,0,1,0,0,0,84,2,0,0,0,2,0,0,0,0,58,58,0,58,0,0,0,58,0,3,0,3,0,0,0,0,0,0,0,0,184,13,0,13,197,0,0,0,0,0,0,0,0,3,0,0,0,3,0,0,0,0,0,0,0,0,3,0,0,3,0,47,268,0,0,0,0,0,0,0,0,0,0,0,0,0,0,0,0,315,39,705
West Bengal,Howrah Rural,0,0,0,0,0,86,1,2,0,0,0,89,0,0,0,0,0,2,0,0,2,12,12,0,12,0,0,0,12,0,3,1,4,3,0,0,0,6,0,9,0,263,1,1,0,264,0,0,0,1,0,1,0,2,3,0,0,0,3,0,0,0,0,0,0,0,0,0,0,0,0,0,7,158,0,1,0,0,0,0,0,0,0,0,0,0,0,0,0,0,166,21,572
West Bengal,Jalpaiguri,0,0,0,0,0,99,4,8,0,0,0,111,1,1,0,0,2,3,0,0,3,5,5,0,5,0,0,0,5,0,2,0,2,0,0,0,0,247,0,247,0,0,25,25,0,25,0,1,0,0,0,0,0,1,15,0,0,0,15,0,0,0,0,0,0,0,0,7,0,0,7,0,2,158,0,0,0,0,0,0,0,0,0,0,0,0,0,0,0,0,160,20,598
West Bengal,Jhargram,0,0,0,0,0,27,0,2,0,0,0,29,0,0,0,0,0,0,0,0,0,0,0,0,0,0,0,0,0,0,0,0,0,0,0,0,0,12,0,12,0,63,7,7,0,70,0,2,0,0,0,0,0,2,0,0,0,0,0,0,0,0,0,0,0,0,0,1,0,0,1,0,5,96,0,0,0,0,0,0,0,0,0,0,0,0,0,0,0,0,101,0,215
West Bengal,Kharagpur Grp,0,0,0,0,0,0,0,0,0,0,0,0,0,1,0,0,1,0,0,0,0,0,0,0,0,0,0,0,0,0,0,0,0,0,0,0,0,0,0,0,0,32,34,34,0,66,0,7,0,0,0,0,0,7,0,0,0,0,0,0,0,0,0,0,0,0,0,0,0,0,0,0,0,0,0,0,0,0,0,0,0,0,0,0,0,0,0,0,0,0,0,0,74
West Bengal,Kolkata,0,4,0,0,4,194,6,7,0,0,0,207,4,0,0,0,4,34,0,0,34,54,54,0,54,0,0,16,70,8,75,7,90,0,0,0,0,0,2,2,0,26,20,0,20,46,0,7,0,0,0,0,0,7,10,2,0,0,12,0,0,0,0,0,0,0,0,13,0,0,13,0,13,410,0,0,0,0,0,0,0,0,0,1,0,0,0,0,0,0,424,442,1355
West Bengal,Malda,0,1,0,0,1,255,0,10,0,0,0,265,1,0,0,0,1,0,0,0,0,43,43,0,43,0,0,11,54,0,1,0,1,0,0,0,0,2,0,2,0,231,105,0,105,336,0,1,0,0,0,0,0,1,16,0,0,0,16,0,0,0,0,0,0,0,0,0,0,0,0,0,36,551,0,0,0,0,0,0,0,0,0,0,0,0,0,0,0,0,587,19,1283
West Bengal,Murshidabad Police District,0,1,0,0,1,189,1,15,0,0,0,205,0,0,0,0,0,7,0,0,7,111,111,0,111,0,0,6,117,0,1,0,1,0,0,0,0,28,0,28,0,23,102,0,102,125,0,1,0,1,0,0,0,2,42,10,0,0,52,0,0,0,1,0,0,0,1,6,0,0,6,0,82,165,0,3,0,0,0,0,0,0,0,0,0,15,0,0,0,0,265,63,873
West Bengal,Paschim Medinipur,0,1,0,0,1,100,0,2,0,0,0,102,0,0,0,0,0,0,0,0,0,7,7,0,7,0,0,0,7,2,0,0,2,0,0,0,0,0,0,0,0,0,10,10,0,10,0,0,0,0,0,0,0,0,0,0,0,0,0,0,0,0,0,0,0,0,0,1,0,0,1,0,11,917,0,0,0,0,0,0,0,0,0,0,0,0,0,0,0,0,928,20,1071
West Bengal,Purab Medinipur,0,3,0,0,3,77,5,6,0,0,0,88,2,0,0,0,2,0,0,0,0,16,16,0,16,0,0,0,16,3,3,0,6,0,0,0,0,14,0,14,0,46,15,0,15,61,0,0,38,0,0,0,0,38,3,0,0,0,3,0,0,0,0,0,0,0,0,2,0,0,2,0,55,177,0,0,0,0,0,0,0,0,0,0,0,0,0,0,0,0,232,12,477
West Bengal,Purulia,0,0,0,0,0,45,0,1,0,0,0,46,1,1,0,0,2,0,0,0,0,9,9,0,9,0,0,0,9,1,0,0,1,0,0,0,0,0,0,0,0,425,4,0,4,429,0,1,0,0,0,0,0,1,0,0,0,0,0,0,0,0,0,0,0,0,0,0,0,0,0,0,5,550,0,0,0,0,0,0,0,0,0,0,0,0,0,0,0,0,555,4,1047
West Bengal,Sealdah Grp,0,0,0,0,0,3,0,0,0,0,0,3,0,0,0,0,0,0,0,0,0,1,1,0,1,0,0,0,1,0,0,0,0,0,0,0,0,0,0,0,0,23,15,15,0,38,0,0,0,0,0,0,0,0,19,0,0,0,19,0,0,0,0,0,0,0,0,0,0,0,0,0,0,0,0,0,0,0,0,0,0,0,0,0,0,0,0,0,0,0,0,0,61
West Bengal,Siliguri Grp,0,0,0,0,0,1,0,0,0,0,0,1,0,0,0,0,0,0,0,0,0,1,1,0,1,0,0,0,1,0,0,0,0,0,0,0,0,0,0,0,0,33,54,0,54,87,0,1,0,0,0,0,0,1,4,0,0,0,4,1,0,1,0,0,0,0,0,0,0,0,0,0,0,0,0,0,0,0,0,0,0,0,0,0,0,0,0,0,0,0,0,0,95
West Bengal,Siliguri Pc,0,3,0,0,3,67,0,0,0,0,0,67,2,3,0,0,5,10,0,0,10,37,37,0,37,0,0,0,37,2,10,0,12,0,0,0,0,37,0,37,0,230,53,0,53,283,0,0,0,0,1,0,0,1,4,0,0,0,4,0,0,0,3,0,0,0,3,8,0,0,8,0,5,116,0,0,0,0,0,0,0,0,0,0,0,25,0,0,0,0,146,624,1240
West Bengal,Baruipur Police,0,0,0,0,0,172,0,13,0,0,0,185,0,1,0,0,1,0,0,0,0,61,61,0,61,0,0,5,66,5,18,0,23,0,0,0,0,0,0,0,0,219,20,0,20,239,0,1,0,0,0,0,0,1,14,0,0,0,14,0,0,0,0,0,0,0,0,16,0,0,16,0,41,298,0,0,0,0,0,0,0,0,0,0,0,0,0,0,0,0,339,39,923
West Bengal,Chandannagar Pc,0,0,0,0,0,19,0,0,0,0,0,19,0,0,0,0,0,0,0,0,0,30,30,0,30,0,0,0,30,0,0,0,0,0,0,0,0,0,0,0,0,192,3,0,3,195,0,0,0,0,0,0,0,0,0,0,0,0,0,0,0,0,0,0,0,0,0,0,0,0,0,0,66,138,0,0,0,0,0,0,0,0,0,0,0,0,0,0,0,0,204,37,485
West Bengal,Diamond Harbour Police,0,0,0,0,0,65,0,3,0,0,0,68,0,0,0,0,0,0,0,0,0,53,53,0,53,0,0,0,53,0,5,0,5,0,0,0,0,0,0,0,0,213,7,0,7,220,0,1,0,0,0,0,0,1,0,0,0,0,0,0,0,0,0,0,0,0,0,2,0,0,2,0,4,315,0,1,0,0,0,0,0,0,0,0,0,0,0,0,0,0,320,49,718
West Bengal,Kalimpong,0,0,0,0,0,25,2,0,0,0,0,27,5,2,0,0,7,1,0,0,1,6,0,0,0,6,0,0,6,0,0,0,0,0,0,0,0,0,0,0,0,23,21,21,0,44,1,1,0,0,0,0,0,2,0,0,0,0,0,0,0,0,0,0,0,0,0,0,0,0,0,0,1,9,0,0,0,0,0,0,0,0,0,0,0,0,0,1,0,0,11,4,102
West Bengal,Purba Bardhaman,0,2,0,0,2,115,2,2,0,0,0,119,0,0,0,0,0,0,0,0,0,63,63,0,63,0,0,1,64,4,6,0,10,0,0,0,0,0,0,0,0,691,8,8,0,699,0,1,0,0,0,0,0,1,2,0,0,0,2,0,0,0,0,0,0,0,0,5,0,0,5,0,16,423,0,0,0,0,0,0,0,0,0,0,0,0,0,0,0,0,439,8,1349
West Bengal,Sundarban Police,0,1,0,0,1,81,1,7,0,0,0,89,0,0,0,0,0,0,0,0,0,23,23,0,23,0,0,1,24,0,0,0,0,0,0,0,0,0,0,0,0,85,1,0,1,86,2,0,0,0,0,0,0,2,2,0,0,0,2,0,0,0,0,0,0,0,0,2,0,0,2,0,0,147,0,0,0,0,0,0,0,0,0,0,0,4,0,0,0,0,151,32,389
West Bengal,Barasat,0,0,0,0,0,87,0,3,0,0,0,90,0,1,0,0,1,0,0,0,0,40,40,0,40,0,0,2,42,4,9,0,13,0,0,0,0,0,0,0,0,99,14,0,14,113,0,1,0,0,0,0,0,1,7,0,0,0,7,0,0,0,0,0,0,0,0,1,0,0,1,0,8,95,0,0,0,0,0,0,0,0,0,0,0,0,0,0,0,0,103,20,391
West Bengal,Basirhat,0,0,0,2,2,57,0,7,0,0,0,64,3,0,0,0,3,3,0,0,3,67,67,0,67,0,0,2,69,0,6,0,6,0,0,0,0,0,0,0,0,168,28,28,0,196,0,4,0,0,0,0,0,4,316,68,0,0,384,0,0,0,0,0,0,0,0,0,0,0,0,0,18,30,0,0,0,0,0,0,0,0,0,0,0,0,0,0,0,0,48,6,785
West Bengal,Bangaon,0,1,0,0,1,38,4,5,0,0,0,47,0,2,0,0,2,10,0,0,10,35,35,0,35,0,0,1,36,20,6,0,26,0,0,0,0,0,0,0,0,31,20,0,20,51,0,2,0,0,0,0,0,2,271,1,0,0,272,0,0,0,0,0,0,0,0,16,0,0,16,0,2,178,0,0,0,0,0,0,0,0,0,0,0,0,0,0,0,0,180,20,663
West Bengal,Islampur,0,1,0,0,1,23,0,1,0,0,0,24,0,1,0,0,1,0,0,0,0,24,24,0,24,0,5,0,29,0,2,0,2,0,0,0,0,151,0,151,0,42,16,0,16,58,0,0,0,0,0,0,0,0,7,0,0,0,7,0,0,0,0,0,0,0,0,4,0,0,4,0,4,100,0,0,0,0,0,0,0,0,0,1,0,0,0,0,0,0,105,0,382
West Bengal,Jangipur Police District,0,2,0,0,2,42,0,0,0,0,0,42,0,0,0,0,0,4,0,0,4,28,28,0,28,0,0,16,44,0,3,0,3,4,0,0,0,21,0,25,0,118,29,29,0,147,0,1,0,0,0,0,0,1,18,4,0,0,22,0,0,0,0,0,0,0,0,16,0,1,17,0,24,145,0,0,0,0,0,0,0,0,0,0,0,0,0,0,0,0,169,9,485
West Bengal,Krishnagar,0,2,0,0,2,50,2,8,0,0,0,60,0,0,0,0,0,0,0,0,0,34,34,0,34,0,0,2,36,0,1,0,1,0,0,0,0,0,0,0,0,96,64,0,64,160,0,2,0,0,0,0,0,2,19,3,0,0,22,0,0,0,0,0,0,0,0,17,0,0,17,0,26,70,0,0,0,0,0,0,0,0,0,0,0,0,0,0,0,0,96,0,396
West Bengal,Raiganj,0,0,0,0,0,53,0,0,0,0,0,53,3,2,0,0,5,0,0,0,0,19,19,0,19,0,0,0,19,0,2,0,2,0,0,0,0,17,0,17,0,113,15,15,0,128,0,0,0,0,0,0,0,0,0,0,0,0,0,0,0,0,0,0,0,0,0,2,0,0,2,0,0,155,0,0,0,0,0,0,0,0,0,0,0,0,0,0,0,0,155,114,495
West Bengal,Ranaghat,0,0,0,0,0,72,1,10,0,0,0,83,0,0,0,0,0,0,0,0,0,51,51,0,51,0,0,2,53,0,0,0,0,0,0,0,0,0,0,0,0,9,11,0,11,20,0,2,0,0,0,0,0,2,21,2,0,0,23,0,0,0,0,0,0,0,0,7,0,0,7,0,65,179,0,0,0,0,0,0,0,0,0,0,0,0,0,0,0,0,244,3,435
A&N Islands,South Andaman,0,1,0,0,1,46,0,0,0,0,0,46,0,1,0,0,1,0,0,2,2,0,0,0,0,0,0,0,0,5,0,0,5,1,0,0,0,0,0,1,0,508,52,24,28,560,0,0,0,0,0,0,0,0,14,0,0,0,14,0,0,0,0,0,0,0,0,0,0,0,0,0,0,0,0,0,0,0,0,0,0,0,0,0,0,0,0,0,0,0,0,1,631
A&N Islands,North & Middle Andaman,0,0,0,0,0,19,2,0,0,0,0,21,0,0,0,0,0,0,0,0,0,0,0,0,0,0,0,1,1,5,0,0,5,0,0,0,0,0,0,0,3,368,17,9,8,388,0,0,0,0,0,0,0,0,0,0,0,0,0,0,0,0,0,0,0,0,0,0,0,0,0,0,0,0,0,0,0,0,0,0,0,0,0,0,0,0,0,0,0,1,1,0,416
A&N Islands,Nicobar,0,0,0,0,0,26,0,0,0,0,0,26,0,0,0,0,0,0,0,0,0,0,0,0,0,0,0,0,0,1,0,0,1,0,0,0,0,0,0,0,0,97,4,1,3,101,0,0,0,0,0,0,0,0,0,0,0,0,0,0,0,0,0,0,0,0,0,0,0,0,0,0,0,0,0,0,0,0,0,0,0,0,0,0,0,0,0,0,0,0,0,0,128
Chandigarh,Chandigarh,0,2,0,0,2,8,1,0,0,0,0,9,5,0,0,0,5,0,3,0,3,69,11,1,10,58,0,1,70,12,1,0,13,0,2,0,0,0,2,4,0,110,90,0,90,200,0,0,0,0,3,0,0,3,0,0,0,0,0,0,0,0,0,0,0,0,0,0,0,0,0,0,28,1,0,0,0,0,0,0,0,0,0,0,0,0,0,0,0,110,139,0,448
D&N Haveli And Daman & Diu,D&N Haveli,0,1,0,0,1,23,0,0,0,0,0,23,0,0,0,0,0,0,0,0,0,0,0,0,0,0,0,0,0,2,1,0,3,0,0,0,0,0,0,0,0,1,4,3,1,5,0,0,0,0,0,0,0,0,0,0,0,0,0,0,0,0,0,0,0,0,0,1,0,0,1,0,2,0,0,0,0,0,0,0,0,0,0,0,0,1,0,0,0,0,3,1,37
D&N Haveli And Daman & Diu,Daman,0,0,0,0,0,4,0,0,0,0,0,4,1,0,0,0,1,2,0,0,2,0,0,0,0,0,0,0,0,2,0,0,2,0,0,0,0,0,0,0,0,0,1,1,0,1,0,0,0,0,0,0,0,0,1,0,0,0,1,0,0,0,0,0,0,0,0,0,0,0,0,0,0,0,0,0,0,0,0,0,0,0,0,0,0,1,0,0,0,0,1,0,12
D&N Haveli And Daman & Diu,Diu,0,0,0,0,0,2,0,0,0,0,0,2,0,0,0,0,0,0,0,0,0,0,0,0,0,0,0,0,0,0,0,0,0,0,0,0,0,0,0,0,0,0,0,0,0,0,0,0,0,0,0,0,0,0,0,0,0,0,0,0,0,0,0,0,0,0,0,0,0,0,0,0,0,0,0,0,0,0,0,0,0,0,0,0,0,0,0,0,0,0,0,1,3
Delhi,Central,0,4,0,0,4,86,1,0,0,2,0,89,1,0,0,0,1,0,0,0,0,140,18,0,18,122,0,12,152,10,6,32,48,0,0,0,0,0,0,0,0,186,68,62,6,254,0,2,0,0,2,0,0,4,0,0,0,0,0,0,0,0,0,0,0,0,0,0,0,0,0,0,154,34,0,0,0,0,0,0,0,169,0,0,0,0,0,0,0,0,357,1,910
Delhi,Crime Branch,0,3,0,0,3,0,0,0,0,0,0,0,0,0,0,0,0,0,0,0,0,88,88,0,88,0,8,0,96,0,5,0,5,0,0,0,0,0,0,0,0,1,76,0,76,77,0,0,0,0,4,0,0,4,0,0,0,0,0,0,0,0,0,0,0,0,0,0,0,0,0,1,2,0,0,0,0,0,0,0,0,0,2,0,0,0,0,0,0,0,5,2,192
Delhi,East,0,5,0,0,5,94,11,0,0,0,0,105,0,0,0,0,0,0,0,0,0,120,22,0,22,98,0,0,120,16,1,0,17,0,0,0,0,0,0,0,0,160,144,108,36,304,0,0,0,0,0,0,0,0,1,0,0,0,1,0,0,0,0,0,0,0,0,0,0,0,0,0,165,38,0,0,0,0,0,0,0,126,0,0,0,2,0,0,0,0,331,17,900
Delhi,Eow,0,0,0,0,0,0,0,0,0,0,0,0,0,0,0,0,0,0,0,0,0,0,0,0,0,0,0,0,0,0,0,0,0,0,0,0,0,0,0,0,0,0,0,0,0,0,0,0,0,0,0,0,0,0,0,0,0,0,0,0,0,0,0,0,0,0,0,0,0,0,0,0,0,0,0,0,0,0,0,0,0,0,0,0,0,0,0,0,0,0,0,0,0
Delhi,Igi Airport,0,0,0,0,0,0,0,0,0,0,0,0,0,0,0,0,0,1,0,0,1,165,0,0,0,165,0,0,165,0,0,0,0,0,0,0,0,0,0,0,0,0,0,0,0,0,0,4,0,0,0,0,0,4,0,8,0,0,8,0,0,0,0,0,0,0,0,0,0,0,0,0,0,0,0,0,0,0,0,0,0,1,0,0,0,0,0,0,0,0,1,485,664
Delhi,Metro,0,0,0,0,0,1,0,0,0,0,0,1,0,0,0,0,0,0,0,0,0,15,6,0,6,9,0,0,15,0,0,0,0,0,0,0,0,0,0,0,0,0,1,0,1,1,0,0,0,0,0,0,0,0,0,0,0,0,0,0,0,0,0,0,0,0,0,0,0,0,0,0,0,0,0,0,0,0,0,0,0,12,0,0,0,0,0,0,0,0,12,2,31
Delhi,New Delhi,0,0,0,0,0,8,0,0,0,0,0,8,3,0,0,0,3,0,0,0,0,8,6,0,6,2,0,0,8,1,0,0,1,0,0,0,0,0,0,0,0,9,3,0,3,12,0,0,0,0,0,0,0,0,0,0,0,0,0,0,0,0,0,0,0,0,0,0,0,0,0,0,5,0,0,0,0,0,0,0,0,22,0,0,0,0,0,0,0,0,27,6,65
Delhi,North,1,0,0,0,1,78,0,0,0,6,0,84,4,0,0,0,4,0,0,0,0,144,19,0,19,125,0,0,144,0,60,1,61,0,0,0,0,0,0,0,0,266,106,86,20,372,0,0,0,0,1,0,0,1,2,0,0,0,2,0,0,0,0,0,0,0,0,0,0,0,0,0,117,75,0,0,6,0,0,6,0,136,0,0,0,3,0,0,0,0,337,53,1059
Delhi,North-East,3,1,1,0,5,138,7,0,1,3,0,149,2,2,0,0,4,0,0,0,0,422,58,0,58,364,0,0,422,2,14,0,16,0,0,0,0,0,0,0,0,262,142,110,32,404,0,0,0,0,0,0,0,0,0,0,0,0,0,0,0,0,0,0,0,0,0,1,0,0,1,1,303,234,0,0,0,0,0,0,0,167,0,0,0,0,0,0,0,0,705,13,1719
Delhi,North-West,0,0,0,0,0,100,3,0,1,1,0,105,3,0,0,0,3,1,0,0,1,285,43,0,43,242,0,0,285,24,15,0,39,0,0,0,0,0,0,0,0,463,148,148,0,611,0,0,0,0,0,0,0,0,1,0,0,0,1,0,0,0,0,0,0,0,0,1,0,0,1,0,383,41,0,0,1,0,0,1,0,236,0,0,0,0,0,0,0,0,661,11,1718
Delhi,Outer,2,2,0,0,4,138,4,0,1,0,0,143,6,0,0,0,6,0,0,0,0,310,71,0,71,239,14,0,324,17,29,10,56,0,0,0,0,0,0,0,0,712,95,64,31,807,0,0,1,0,0,0,0,1,49,0,0,0,49,0,0,0,0,0,0,0,0,3,0,0,3,0,527,52,0,0,0,0,0,0,1,106,0,0,0,0,0,0,0,0,686,2,2081
Delhi,Railway,0,0,0,0,0,1,0,0,0,0,0,1,0,0,0,0,0,0,0,0,0,0,0,0,0,0,0,0,0,0,0,0,0,0,0,0,0,0,0,0,0,33,8,0,8,41,0,0,0,0,0,0,0,0,0,0,0,0,0,0,0,0,0,0,0,0,0,0,0,0,0,0,1,0,0,0,0,0,0,0,0,1,0,0,0,0,0,0,0,0,2,124,168
Delhi,South,1,0,0,0,1,153,1,2,0,4,0,160,10,1,0,0,11,0,0,0,0,221,80,0,80,141,8,0,229,39,4,0,43,0,0,0,0,0,0,0,0,459,123,119,4,582,0,0,0,0,0,0,0,0,4,0,1,0,5,0,0,0,0,0,0,0,0,0,0,0,0,0,155,70,0,0,0,0,0,0,0,167,0,0,0,0,0,0,0,0,392,165,1588
Delhi,South-East,6,1,0,0,7,135,6,1,1,8,0,151,12,0,0,0,12,1,0,0,1,309,70,0,70,239,16,0,325,21,5,0,26,0,0,0,0,0,0,0,0,568,128,121,7,696,0,1,0,0,0,0,0,1,1,0,14,0,15,0,0,0,0,0,0,0,0,1,0,0,1,0,303,67,0,0,0,0,0,0,0,290,0,0,0,12,0,0,0,0,672,81,1988
Delhi,South-West,1,7,0,0,8,86,15,0,0,1,0,102,2,0,0,0,2,1,0,0,1,138,50,0,50,88,8,5,151,12,8,2,22,0,0,0,0,0,0,0,0,430,137,98,39,567,0,1,0,0,0,0,0,1,4,0,0,0,4,0,0,0,0,0,0,0,0,0,0,0,0,0,88,2,0,0,0,0,0,0,0,118,0,0,0,3,0,0,0,0,211,70,1139
Delhi,Spl Cell,0,0,0,0,0,1,0,0,0,0,0,1,0,0,0,0,0,0,4,2,6,99,99,0,99,0,0,1,100,8,0,0,8,0,0,0,0,0,0,0,0,0,20,0,20,20,0,0,0,0,0,0,0,0,0,0,0,0,0,0,0,0,0,0,0,0,0,0,0,0,0,0,0,0,0,0,0,0,0,0,0,0,0,0,0,0,0,0,0,0,0,1,136
Delhi,Spuwac,0,0,0,0,0,0,0,0,0,0,0,0,0,0,0,0,0,0,0,0,0,0,0,0,0,0,0,0,0,0,0,0,0,0,0,0,0,0,0,0,0,0,0,0,0,0,0,0,0,0,0,0,0,0,0,0,0,0,0,0,0,0,0,0,0,0,0,0,0,0,0,0,0,0,0,0,0,0,0,0,0,0,0,0,0,0,0,0,0,0,0,0,0
Delhi,Vigilance,0,0,0,0,0,0,0,0,0,0,0,0,0,0,0,0,0,0,0,0,0,0,0,0,0,0,0,0,0,0,0,0,0,0,0,0,0,0,8,8,0,0,0,0,0,0,0,0,0,0,0,0,0,0,0,0,0,0,0,0,0,0,0,0,0,0,0,0,0,0,0,0,0,0,0,0,0,0,0,0,0,0,0,0,0,0,0,0,0,0,0,0,8
Delhi,West,2,8,0,0,10,77,4,0,0,14,0,95,1,0,0,0,1,0,0,0,0,303,35,0,35,268,2,0,305,31,2,1,34,0,0,0,0,0,0,0,0,552,74,70,4,626,0,0,0,0,0,0,0,0,0,0,0,0,0,0,0,0,0,0,0,0,0,1,0,0,1,0,322,15,0,0,0,0,0,0,0,347,0,0,0,0,0,0,0,0,684,6,1762
Delhi,Rohini,0,0,0,0,0,103,11,0,0,0,0,114,12,0,0,0,12,0,0,0,0,213,48,0,48,165,0,0,213,12,12,5,29,0,0,0,0,0,0,0,0,522,65,45,20,587,0,0,0,0,0,0,0,0,0,0,0,0,0,0,0,0,0,0,0,0,0,0,0,0,0,1,299,76,0,0,0,0,0,0,0,207,0,0,0,0,0,0,0,0,583,24,1562
Delhi,Shahdara,0,5,0,0,5,71,1,0,0,0,0,72,6,0,0,0,6,0,0,0,0,149,46,0,46,103,1,0,150,3,21,5,29,0,0,0,0,0,0,0,0,253,209,204,5,462,0,0,0,0,0,0,0,0,0,0,0,0,0,0,0,0,0,0,0,0,0,0,0,0,0,1,201,61,0,0,0,0,0,0,0,174,0,0,0,1,0,0,0,0,438,17,1179
Delhi,Dwarka,0,0,0,0,0,130,4,1,0,10,0,145,11,0,0,0,11,0,0,0,0,205,110,0,110,95,0,0,205,27,9,1,37,0,0,0,0,0,0,0,0,847,142,48,94,989,0,0,0,0,0,0,0,0,1,0,0,0,1,0,0,0,0,0,0,0,0,0,0,0,0,0,170,9,0,0,0,0,0,0,0,68,0,0,0,0,0,0,0,0,247,6,1641
Delhi,Outer North,0,1,0,0,1,153,5,0,0,0,0,158,16,0,0,0,16,0,0,0,0,192,95,0,95,97,3,0,195,20,10,11,41,0,0,0,0,0,0,0,0,720,100,48,52,820,0,0,0,0,0,0,0,0,0,0,0,0,0,0,0,0,0,0,0,0,0,0,0,0,0,2,361,18,0,0,0,0,0,0,1,118,0,0,0,14,0,0,0,0,514,9,1754
Jammu & Kashmir,Anantnag,6,2,0,0,8,15,0,0,0,0,0,15,0,0,0,0,0,0,7,0,7,11,0,0,0,11,0,1,12,1,0,0,1,0,0,0,0,0,0,0,0,18,85,0,85,103,1,0,0,0,0,0,0,1,0,0,0,0,0,0,0,0,0,0,0,0,0,1,0,0,1,0,20,0,0,0,0,0,0,0,0,0,0,0,0,0,0,0,0,0,20,0,168
Jammu & Kashmir,Awantipora,0,0,0,0,0,5,0,0,0,0,0,5,0,0,0,0,0,0,12,0,12,2,2,0,2,0,0,0,2,0,0,0,0,0,0,0,0,0,0,0,0,5,73,0,73,78,0,0,0,0,0,0,0,0,0,0,0,0,0,0,0,0,0,0,0,0,0,0,0,0,0,0,2,0,0,0,0,0,0,0,0,0,0,0,0,0,0,0,0,0,2,4,103
Jammu & Kashmir,Bandipora,0,0,0,0,0,11,0,0,0,0,0,11,0,0,0,0,0,0,15,0,15,0,0,0,0,0,0,1,1,2,0,0,2,0,0,0,0,0,0,0,0,1,77,0,77,78,21,0,0,0,0,0,0,21,0,0,0,0,0,0,0,0,0,0,0,0,0,3,0,0,3,0,23,0,0,0,0,0,0,0,0,0,0,0,0,0,0,0,0,0,23,3,157
Jammu & Kashmir,Baramulla,0,2,0,0,2,19,0,0,0,0,0,19,0,0,0,0,0,0,6,0,6,12,0,0,0,12,0,1,13,0,0,0,0,0,0,0,0,0,0,0,0,1,146,146,0,147,0,0,0,0,0,0,0,0,0,0,0,0,0,0,0,0,0,0,0,0,0,5,0,0,5,0,24,0,0,0,0,0,0,0,0,0,0,0,0,0,0,0,0,0,24,1,217
Jammu & Kashmir,Budgam,0,0,0,0,0,20,0,0,0,0,0,20,0,0,0,0,0,0,11,0,11,3,3,0,3,0,0,0,3,0,0,0,0,0,0,0,0,0,0,0,0,2,56,54,2,58,0,0,0,0,0,0,0,0,1,1,0,0,2,0,0,0,0,0,0,0,0,0,0,0,0,0,7,0,0,0,0,0,0,0,0,0,0,0,0,0,0,0,0,0,7,47,148
Jammu & Kashmir,Special Crime Wing Jammu,0,0,0,0,0,0,0,0,0,0,0,0,0,0,0,0,0,0,0,0,0,0,0,0,0,0,0,0,0,0,0,0,0,0,0,0,0,0,5,5,0,0,0,0,0,0,0,0,0,0,0,0,0,0,0,0,0,0,0,0,0,0,0,0,0,0,0,0,0,0,0,0,0,0,0,0,0,0,0,0,0,0,0,0,0,0,0,0,0,0,0,0,5
Jammu & Kashmir,Special Crime Wing Kashmir,0,0,0,0,0,0,0,0,0,0,0,0,0,0,0,0,0,0,0,0,0,0,0,0,0,0,0,0,0,0,0,0,0,0,0,0,0,0,2,2,0,0,0,0,0,0,0,0,0,0,0,0,0,0,0,0,0,0,0,0,0,0,0,0,0,0,0,0,0,0,0,0,0,0,0,0,0,0,0,0,0,0,0,0,0,0,0,0,0,0,0,0,2
Jammu & Kashmir,Doda,0,0,0,0,0,13,0,0,0,0,0,13,0,0,0,0,0,0,11,0,11,2,0,0,0,2,1,0,3,0,0,0,0,0,0,0,0,0,0,0,0,32,18,18,0,50,0,0,0,0,0,0,0,0,0,0,0,0,0,0,0,0,0,0,0,0,0,1,0,0,1,0,0,0,0,0,0,0,0,0,0,0,0,0,0,0,0,0,0,0,0,6,84
Jammu & Kashmir,Ganderbal,3,0,0,0,3,12,0,0,0,0,0,12,0,0,0,0,0,0,9,0,9,1,1,1,0,0,0,0,1,0,0,0,0,0,0,0,0,46,0,46,0,1,30,0,30,31,3,0,0,0,0,0,0,3,0,0,0,0,0,0,0,0,0,0,0,0,0,1,0,0,1,0,7,1,0,0,0,0,0,0,0,0,0,0,0,0,0,0,0,0,8,0,114
Jammu & Kashmir,Handwara,0,0,0,0,0,7,0,0,0,0,0,7,0,0,0,0,0,0,10,0,10,0,0,0,0,0,0,0,0,0,0,0,0,0,0,0,0,0,0,0,0,0,30,0,30,30,0,0,0,0,0,0,0,0,0,0,0,0,0,0,0,0,0,0,0,0,0,1,0,0,1,0,2,0,0,0,0,0,0,0,0,0,0,0,0,0,0,0,0,0,2,14,64
Jammu & Kashmir,Jammu,0,0,0,0,0,26,0,0,0,0,0,26,3,0,0,0,3,0,1,2,3,32,0,0,0,32,0,1,33,0,11,1,12,0,0,0,0,14,1,15,0,74,200,65,135,274,4,1,0,0,0,0,0,5,17,0,0,0,17,0,0,0,0,0,0,0,0,3,0,0,3,0,6,0,0,0,0,0,0,0,0,0,0,0,0,0,0,0,0,0,6,34,431
Jammu & Kashmir,Kathua,0,0,0,0,0,16,0,1,0,0,0,17,1,0,0,0,1,1,8,1,10,5,0,0,0,5,1,0,6,3,0,0,3,0,0,0,0,7,0,7,0,51,55,10,45,106,0,0,0,0,0,0,0,0,0,0,0,0,0,0,0,0,0,0,0,0,0,0,0,0,0,0,0,0,0,4,0,0,0,0,0,0,0,0,0,0,0,0,0,0,4,2,156
Jammu & Kashmir,Kishtwar,0,0,0,0,0,9,0,1,0,0,0,10,2,0,0,0,2,0,6,0,6,1,0,0,0,1,0,2,3,0,0,0,0,0,0,0,0,0,0,0,0,29,12,6,6,41,5,0,0,0,0,0,0,5,0,0,0,0,0,0,0,0,0,0,0,0,0,0,0,0,0,0,0,0,0,0,0,0,0,0,0,0,0,0,0,0,0,0,0,0,0,0,67
Jammu & Kashmir,Kulgam,0,0,0,0,0,13,0,0,0,0,0,13,0,0,0,0,0,0,10,0,10,7,7,0,7,0,1,0,8,0,0,0,0,0,0,0,0,0,0,0,0,3,123,40,83,126,0,0,0,0,0,0,0,0,0,0,0,0,0,0,0,0,0,0,0,0,0,3,0,0,3,0,14,0,0,0,0,0,0,0,0,0,0,0,0,0,0,0,0,0,14,134,308
Jammu & Kashmir,Kupwara,0,0,0,0,0,16,0,0,0,0,0,16,0,0,0,0,0,0,33,0,33,3,0,0,0,3,0,0,3,0,0,0,0,0,0,0,0,0,0,0,0,7,66,66,0,73,0,0,0,0,0,0,0,0,4,0,0,0,4,0,0,0,0,0,0,0,0,0,0,0,0,0,1,0,0,0,0,0,0,0,0,0,0,0,0,0,0,0,0,0,1,0,130
Jammu & Kashmir,Poonch,0,0,0,0,0,13,0,1,0,0,0,14,0,0,0,0,0,5,13,0,18,3,3,0,3,0,0,1,4,2,0,0,2,0,0,0,0,0,0,0,0,10,27,11,16,37,1,0,0,0,0,0,0,1,0,0,0,0,0,0,0,0,0,0,0,0,0,1,0,0,1,0,0,0,0,0,0,0,0,0,0,0,0,0,0,0,0,0,0,0,0,5,82
Jammu & Kashmir,Pulwama,0,0,0,0,0,6,0,0,0,0,0,6,0,0,0,0,0,35,8,0,43,1,0,0,0,1,0,0,1,0,0,0,0,0,0,0,0,0,0,0,0,3,73,0,73,76,0,0,0,0,0,0,0,0,0,0,0,0,0,0,0,0,0,0,0,0,0,0,0,0,0,0,10,0,0,0,0,0,0,0,0,0,0,0,0,0,0,0,0,0,10,0,136
Jammu & Kashmir,Railways Jammu,0,0,0,0,0,0,0,0,0,0,0,0,0,0,0,0,0,0,0,0,0,0,0,0,0,0,0,0,0,0,0,0,0,0,0,0,0,0,0,0,0,11,12,11,1,23,0,0,0,0,0,0,0,0,0,0,0,0,0,0,0,0,0,0,0,0,0,0,0,0,0,0,0,0,0,0,0,0,0,0,0,0,0,0,0,0,0,0,0,0,0,0,23
Jammu & Kashmir,Railways Kashmir,0,0,0,0,0,0,0,0,0,0,0,0,0,0,0,0,0,0,0,0,0,0,0,0,0,0,0,0,0,0,0,0,0,0,0,0,0,0,0,0,0,0,3,3,0,3,0,0,0,0,0,0,0,0,0,0,0,0,0,0,0,0,0,0,0,0,0,0,0,0,0,0,0,0,0,0,0,0,0,0,0,0,0,0,0,0,0,0,0,0,0,0,3
Jammu & Kashmir,Railways Katra,0,0,0,0,0,0,0,0,0,0,0,0,0,0,0,0,0,0,0,0,0,0,0,0,0,0,0,0,0,0,0,0,0,0,0,0,0,0,0,0,0,0,2,0,2,2,0,0,0,0,0,0,0,0,0,0,0,0,0,0,0,0,0,0,0,0,0,0,0,0,0,0,0,0,0,0,0,0,0,0,0,0,0,0,0,0,0,0,0,0,0,0,2
Jammu & Kashmir,Rajouri,0,0,0,0,0,24,1,1,0,0,0,26,2,1,0,0,3,3,8,0,11,3,0,0,0,3,0,3,6,6,0,0,6,0,0,0,0,0,0,0,0,24,36,5,31,60,6,0,0,0,0,0,0,6,0,0,0,0,0,0,0,0,0,0,0,0,0,0,0,0,0,0,0,0,0,0,0,0,0,0,0,0,0,0,0,146,0,0,0,0,146,6,270
Jammu & Kashmir,Ramban,0,0,0,0,0,9,0,0,0,0,0,9,1,0,0,0,1,0,4,0,4,2,0,0,0,2,1,0,3,0,0,0,0,0,0,0,0,0,0,0,0,21,43,13,30,64,0,0,0,0,0,0,0,0,1,0,0,0,1,0,0,0,0,0,0,0,0,1,0,0,1,0,0,0,0,0,0,0,0,0,0,0,0,0,0,0,0,0,0,0,0,0,83
Jammu & Kashmir,Reasi,0,0,0,0,0,19,1,0,0,0,0,20,0,0,0,0,0,0,3,0,3,3,0,0,0,3,0,0,3,0,0,0,0,0,0,0,0,2,0,2,0,50,43,29,14,93,1,0,0,0,0,0,0,1,0,0,0,0,0,0,0,0,0,0,0,0,0,1,0,0,1,0,0,0,0,1,0,0,0,0,1,0,0,0,0,0,0,0,0,0,2,0,125
Jammu & Kashmir,Samba,0,0,0,0,0,9,0,0,0,0,0,9,0,0,0,0,0,2,0,0,2,13,0,0,0,13,0,0,13,0,0,0,0,0,0,0,0,0,0,0,0,18,44,16,28,62,0,0,0,0,0,0,0,0,2,0,0,0,2,0,0,0,0,0,0,0,0,4,0,0,4,0,0,0,0,0,0,0,0,0,0,0,0,0,0,0,0,0,0,0,0,0,92
Jammu & Kashmir,Shopian,0,0,0,0,0,5,0,0,0,0,0,5,0,0,0,0,0,0,6,0,6,2,0,0,0,2,0,0,2,0,0,0,0,0,0,0,0,0,0,0,0,2,56,0,56,58,0,0,0,0,0,0,0,0,0,0,0,0,0,0,0,0,0,0,0,0,0,6,0,0,6,0,2,0,0,0,0,0,0,0,0,0,0,0,0,0,0,0,0,0,2,4,83
Jammu & Kashmir,Sopore,0,0,0,0,0,11,0,0,0,0,0,11,0,0,0,0,0,0,9,0,9,12,12,0,12,0,0,1,13,2,0,0,2,0,0,0,0,0,0,0,0,3,56,0,56,59,0,0,0,0,0,0,0,0,0,0,0,0,0,0,0,0,0,0,0,0,0,3,0,0,3,0,13,0,0,0,0,0,0,0,0,0,0,0,0,0,0,0,0,0,13,0,110
Jammu & Kashmir,Srinagar,0,0,0,0,0,16,0,0,0,0,0,16,0,0,0,0,0,0,21,0,21,1,1,0,1,0,0,0,1,2,0,0,2,0,0,0,0,0,0,0,0,6,95,0,95,101,0,0,0,0,0,0,0,0,1,0,0,0,1,0,0,0,0,0,0,0,0,1,0,0,1,0,60,0,0,0,0,0,0,0,0,0,0,0,0,0,0,0,0,0,60,128,331
Jammu & Kashmir,Udhampur,0,0,0,0,0,14,0,0,0,0,0,14,5,0,0,0,5,0,4,2,6,1,0,0,0,1,0,0,1,5,1,0,6,0,0,0,0,0,0,0,0,85,78,0,78,163,2,0,0,0,0,0,0,2,1,0,0,0,1,0,0,0,0,0,0,0,0,1,0,0,1,0,1,0,0,2,0,0,0,0,0,0,0,0,0,0,0,0,0,0,3,1,203
Jammu & Kashmir,Cyber Crime Jammu,0,0,0,0,0,0,0,0,0,0,0,0,0,0,0,0,0,0,0,0,0,0,0,0,0,0,0,0,0,25,0,0,25,0,0,0,0,0,0,0,0,0,0,0,0,0,0,0,0,0,0,0,0,0,0,0,0,0,0,0,0,0,0,0,0,0,0,0,0,0,0,0,0,0,0,0,0,0,0,0,0,0,0,0,0,0,0,0,0,0,0,0,25
Jammu & Kashmir,Cyber Crime Kashmir,0,0,0,0,0,0,0,0,0,0,0,0,0,0,0,0,0,0,0,0,0,0,0,0,0,0,0,0,0,30,0,0,30,0,0,0,0,0,0,0,0,0,0,0,0,0,0,0,0,0,0,0,0,0,0,0,0,0,0,0,0,0,0,0,0,0,0,0,0,0,0,0,0,0,0,0,0,0,0,0,0,0,0,0,0,0,0,0,0,0,0,0,30
Jammu & Kashmir,Anti Narcotic Task Force Jammu,0,0,0,0,0,0,0,0,0,0,0,0,0,0,0,0,0,0,0,0,0,0,0,0,0,0,0,0,0,0,0,0,0,0,0,0,0,0,0,0,0,0,9,1,8,9,0,0,0,0,0,0,0,0,0,0,0,0,0,0,0,0,0,0,0,0,0,0,0,0,0,0,0,0,0,0,0,0,0,0,0,0,0,0,0,0,0,0,0,0,0,0,9
Jammu & Kashmir,Anti Narcotic Task Force Kashmir,0,0,0,0,0,0,0,0,0,0,0,0,0,0,0,0,0,0,0,0,0,0,0,0,0,0,0,0,0,0,0,0,0,0,0,0,0,0,0,0,0,0,2,0,2,2,0,0,0,0,0,0,0,0,0,0,0,0,0,0,0,0,0,0,0,0,0,0,0,0,0,0,0,0,0,0,0,0,0,0,0,0,0,0,0,0,0,0,0,0,0,0,2
Jammu & Kashmir,Eow Jammu,0,0,0,0,0,0,0,0,0,0,0,0,0,0,0,0,0,0,0,0,0,0,0,0,0,0,0,0,0,3,0,0,3,0,0,0,0,0,1,1,0,0,0,0,0,0,0,0,0,0,0,0,0,0,0,0,0,0,0,0,0,0,0,0,0,0,0,0,0,0,0,0,0,0,0,0,0,0,0,0,0,0,0,0,0,0,0,0,0,0,0,0,4
Jammu & Kashmir,Eow Kashmir,0,0,0,0,0,0,0,0,0,0,0,0,0,0,0,0,0,0,0,0,0,0,0,0,0,0,0,0,0,1,0,0,1,0,0,0,0,0,2,2,0,0,0,0,0,0,0,0,0,0,0,0,0,0,0,0,0,0,0,0,0,0,0,0,0,0,0,0,0,0,0,0,0,0,0,0,0,0,0,0,0,0,0,0,0,0,0,0,0,0,0,0,3
Jammu & Kashmir,Cice Jammu,0,0,0,0,0,0,0,0,0,0,0,0,0,0,0,0,0,0,0,0,0,0,0,0,0,0,0,0,0,10,0,0,10,0,0,0,0,0,0,0,0,0,0,0,0,0,0,0,0,0,0,0,0,0,0,0,0,0,0,0,0,0,0,0,0,0,0,0,0,0,0,0,0,0,0,0,0,0,0,0,0,0,0,0,0,0,0,0,0,0,0,0,10
Jammu & Kashmir,Cice Kashmir,0,0,0,0,0,0,0,0,0,0,0,0,0,0,0,0,0,0,0,0,0,0,0,0,0,0,0,0,0,5,0,0,5,0,0,0,0,0,0,0,0,0,0,0,0,0,0,0,0,0,0,0,0,0,0,0,0,0,0,0,0,0,0,0,0,0,0,0,0,0,0,0,0,0,0,0,0,0,0,0,0,0,0,0,0,0,0,0,0,0,0,0,5
Ladakh,Kargil,0,0,1,0,1,3,0,0,0,0,0,3,0,0,0,0,0,0,0,0,0,0,0,0,0,0,0,0,0,1,0,0,1,0,0,0,0,0,0,0,0,1,6,6,0,7,0,0,0,0,0,0,0,0,0,0,0,0,0,0,0,0,0,0,0,0,0,0,0,0,0,0,1,0,0,0,0,0,0,0,0,0,0,0,0,0,0,0,0,0,1,0,13
Ladakh,Leh,0,0,0,0,0,3,1,0,0,0,0,4,0,0,0,0,0,2,0,1,3,2,0,0,0,2,0,0,2,0,0,0,0,0,0,0,0,0,0,0,0,39,15,13,2,54,0,0,0,0,0,0,0,0,0,0,0,0,0,0,0,0,0,0,0,0,0,0,0,0,0,0,1,0,0,0,0,0,0,0,0,0,0,0,0,3,0,0,0,0,4,1,68
Lakshadweep,Lakshadweep,0,0,0,0,0,6,0,0,0,0,0,6,0,0,0,0,0,0,0,0,0,0,0,0,0,0,0,0,0,0,0,0,0,0,0,0,0,0,0,0,14,0,12,12,0,26,0,0,0,0,0,0,0,0,0,0,0,0,0,0,0,0,0,0,0,0,0,0,0,0,0,0,0,0,0,0,0,0,0,0,0,0,0,0,0,0,0,0,0,0,0,5,37
Puducherry,Karaikal,0,0,0,0,0,22,0,1,0,0,0,23,1,0,0,0,1,0,0,0,0,6,0,0,0,6,0,0,6,6,0,0,6,3,0,0,0,0,0,3,0,0,9,9,0,9,0,0,0,0,18,0,0,18,0,0,0,0,0,0,0,0,0,0,0,0,0,1,0,0,1,0,3,0,0,0,0,0,0,0,0,0,0,0,0,0,0,0,0,179,182,77,326
Puducherry,Puducherry,13,5,0,0,18,115,0,0,0,4,0,119,0,0,0,0,0,6,0,0,6,29,0,0,0,29,0,4,33,136,0,0,136,22,0,0,0,0,0,22,0,0,112,107,5,112,0,0,0,0,159,0,0,159,0,0,0,0,0,0,0,0,0,0,0,0,0,11,0,0,11,0,8,0,0,0,0,0,0,0,0,55,0,0,0,0,0,0,0,934,997,44,1657
