state,district,women_rape_sec_64_6870_71_bnssec376_ipc_rape_total_ab,women_a_women_18_years_and_above,women_b_girls_below_18_years,women_sexual_intercourse_by_employing_deceitful_means_sec_69_bns,women_murder_with_rapegang_rape_sec_103_rw_sec_64_6870_71_bns_sec_302_rw_376_ipc,women_attempt_to_commit_rape_sec_64_rw_62_bnssec376_rw_511_ipc_attempt_to_commit_rape_total_ab,women_assault_on_women_with_intent_to_outrage_her_modesty_sec_74_bnssec354_ipc_assault_on_women_with_intent_to_outrage_her_modesty_total_ab,women_sexual_harassment_sec_75_bnssec354a_ipc_sexual_harassment_total_ab,women_assault_or_use_of_criminal_force_with_intent_to_disrobe_sec_76_bnssec_354b_ipc_assault_or_use_of_criminal_force_with_intent_to_disrobe_total_ab,women_voyeurism_sec_77_bnssec_354c_ipc_voyeurism_total_ab,women_stalking_sec_78_bnssec_354d_ipc_stalking_total_ab,women_insult_to_the_modesty_of_women_sec_79_bnssec_509_ipc_insult_to_the_modesty_of_women_total_ab,women_dowry_deaths_sec_80_bns_sec_304b_ipc,women_cruelty_by_husband_or_his_relatives_sec_85_bnssec_498_a_ipc,women_kidnapping_or_abducting_or_inducing_women_to_compel_her_for_marriage_sec_87_bnssec_366_ipc_kidnapping_or_abducting_or_inducing_women_to_compel_her_for_marriage_total_ab,women_miscarriage_sec_88_to_90_bnssec_313_and_314_ipc,women_procuration_of_minor_girls_sec_96_bnssec_366a_ipc,women_selling_of_girls_for_prostitution_sec_98_bnssec_372_ipc,women_buying_of_girls_for_prostitution_sec_99_bnssec_373_ipc,women_abetment_to_suicides_of_women_us_107108_bnssec_305306_ipc,women_acid_attack_sec_1241_bnssec_326a_ipc,women_attempt_to_acid_attack_sec_1242_bnssec_326b_ipc,women_kidnapping_abduction_of_women_kidnapping_abduction_of_women_total_abcde,women_a_k_a_sec137_138_bnssec_363_ipc,women_kidnapping_abduction_of_women_b_k_a_in_order_to_murder_sec1401_bnssec_364_ipc,women_c_kidnapping_for_ransom_sec_1402_bnssec_364a_ipc,women_d_importation_of_girls_from_foreign_country_sec_141_bnssec_366_b_ipc,women_kidnapping_abduction_of_women_e_ka_of_women_others_sec_1403_1404142_bnssec_365_367_368_ipc,women_total_ipcbns_crimes_against_women,women_dowry_prohibition_act_1961,women_immoral_traffic_prevention_act_1956_women_victim_cases_only_immoral_traffic_prevention_act_total_abcde,women_a_procuring_inducing_children_for_the_sake_of_prostitution_sec_5,women_b_detaining_a_person_in_premises_where_prostitution_is_carried_onsec_6,women_immoral_traffic_prevention_act_1956_women_victim_cases_only_c_prostitution_in_or_in_the_vicinity_of_public_places_sec_7,women_d_seducing_or_soliciting_for_purpose_of_prostitution_sec_8,women_e_other_sections_under_itp_act,women_protection_of_women_from_domestic_violence_act_2005,women_cyber_crimesinformation_technology_act_women_centric_crimes_only_cyber_crimesinformation_technology_act_total_ab,women_a_publishing_or_transmitting_of_sexually_explicit_material_sec_67a67bgirls_it_act,women_b_other_women_centric_cyber_crimes_ex_blackmailingdefamationmorphingfake_profile,women_protection_of_children_from_sexual_violence_act_girl_child_victims_only_pocso_act_total_abcde,women_a_pocso_act_sec_4_6,women_b_pocso_act_sec_8_10,women_protection_of_children_from_sexual_violence_act_girl_child_victims_only_c_pocso_act_sec_12,women_d_pocso_act_sec_14_15,women_e_pocso_act_sec_17_22,women_indecent_representation_of_women_prohibition_act_1986,women_total_sll_crimes_against_women,women_total_crime_against_women_ipcbns_sll_crimes
Andhra Pradesh,Alluri Sitharama Raju,18,0,0,3,1,0,5,11,0,0,2,2,0,46,0,0,0,0,0,3,0,0,2,2,0,0,0,0,93,0,0,0,0,0,0,0,0,0,0,0,14,14,0,0,0,0,0,14,107
Andhra Pradesh,Anakapalli,15,0,0,0,0,2,76,29,9,4,20,33,0,149,0,0,0,0,0,10,0,0,15,14,0,0,0,1,362,0,1,0,0,1,0,0,0,0,0,0,27,19,2,6,0,0,0,28,390
Andhra Pradesh,Anantapuramu,11,6,3,1,0,4,86,29,7,2,55,25,3,420,9,0,6,0,0,23,0,0,4,4,0,0,0,0,685,0,0,0,0,0,0,0,0,1,1,0,61,28,9,24,0,0,0,62,747
Andhra Pradesh,Annamayya,5,1,9,0,0,0,14,16,1,2,20,57,3,185,10,0,1,0,0,6,0,1,2,2,0,0,0,0,323,0,0,0,0,0,0,0,0,0,0,0,18,13,0,5,0,0,0,18,341
Andhra Pradesh,Bapatla,11,0,1,3,0,5,86,35,1,9,19,95,3,347,1,0,0,0,0,9,0,0,1,1,0,0,0,0,625,0,0,0,0,0,0,0,0,1,0,1,61,31,11,19,0,0,0,62,687
Andhra Pradesh,Chittoor,8,6,1,0,1,9,87,34,6,1,15,10,4,277,7,0,0,0,0,10,0,0,11,11,0,0,0,0,480,0,4,0,0,0,0,4,0,0,0,0,40,31,0,9,0,0,0,44,524
Andhra Pradesh,Dr Br Ambedkar Konaseema,27,0,4,1,0,4,97,33,6,8,19,46,1,332,4,0,3,0,0,4,0,0,22,19,0,0,0,3,607,0,1,0,0,0,0,1,0,0,0,0,60,39,14,6,1,0,0,61,668
Andhra Pradesh,East Godavari,31,1,2,0,1,2,81,58,7,6,55,68,4,382,3,0,1,0,0,8,0,0,19,16,0,0,0,3,726,0,0,0,0,0,0,0,0,0,0,0,65,31,31,3,0,0,0,65,791
Andhra Pradesh,Eluru,16,0,4,9,0,5,113,38,28,2,71,132,2,462,4,0,0,0,0,10,0,0,15,15,0,0,0,0,907,0,1,0,0,0,0,1,0,9,2,7,158,62,26,70,0,0,0,168,1075
Andhra Pradesh,Guntakal Railway,0,0,0,0,0,0,1,3,0,1,0,1,0,0,0,0,0,0,0,0,0,0,0,0,0,0,0,0,6,0,0,0,0,0,0,0,0,0,0,0,1,0,1,0,0,0,0,1,7
Andhra Pradesh,Guntur,27,1,9,6,0,6,136,53,4,13,53,522,4,673,10,0,5,0,0,19,0,1,30,24,0,0,0,6,1562,0,7,0,0,0,0,7,0,0,0,0,114,52,55,5,2,0,0,121,1683
Andhra Pradesh,Kakinada,22,1,13,3,0,9,118,33,2,3,23,66,4,395,14,0,0,0,0,6,0,0,8,0,0,0,0,8,706,0,0,0,0,0,0,0,0,9,8,1,77,43,29,1,0,4,0,86,792
Andhra Pradesh,Krishna,25,0,8,3,0,3,108,46,13,8,56,179,1,469,8,0,0,0,0,22,0,0,114,114,0,0,0,0,1055,0,0,0,0,0,0,0,0,4,4,0,104,53,48,3,0,0,0,108,1163
Andhra Pradesh,Kurnool,11,6,0,0,0,4,96,26,10,4,33,169,0,424,6,0,2,0,0,5,0,0,1,1,0,0,0,0,791,0,0,0,0,0,0,0,0,3,3,0,64,31,12,12,9,0,0,67,858
Andhra Pradesh,Nandyal,0,1,2,3,0,3,110,28,8,3,27,283,1,287,3,1,3,0,0,14,0,0,3,1,0,1,0,1,777,1,0,0,0,0,0,0,0,4,4,0,63,31,2,30,0,0,0,68,845
Andhra Pradesh,Ntr,25,0,0,1,0,0,78,65,7,14,156,208,5,821,0,0,0,0,0,22,0,0,3,3,0,0,0,0,1405,2,40,40,0,0,0,0,0,0,0,0,209,73,24,112,0,0,0,251,1656
Andhra Pradesh,Palnadu,14,0,1,0,0,0,72,25,2,3,19,220,0,298,1,0,0,0,0,13,0,0,3,3,0,0,0,0,670,0,4,0,0,0,0,4,0,1,0,1,20,10,2,3,5,0,0,25,695
Andhra Pradesh,Parvathipuram Manyam,8,0,0,2,0,1,36,5,0,0,8,27,1,81,0,1,0,0,0,2,0,0,1,1,0,0,0,0,173,0,0,0,0,0,0,0,0,0,0,0,16,10,5,1,0,0,0,16,189
Andhra Pradesh,Prakasam,14,2,1,0,0,3,136,61,4,8,31,5,7,446,3,3,0,0,0,10,0,0,6,6,0,0,0,0,737,0,0,0,0,0,0,0,0,0,0,0,89,45,16,27,0,1,0,89,826
Andhra Pradesh,Sri Potti Sriramulu Nellore,14,1,7,3,0,9,156,24,6,10,52,98,2,421,8,0,0,0,0,13,1,0,0,0,0,0,0,0,817,1,0,0,0,0,0,0,0,0,0,0,51,49,2,0,0,0,0,52,869
Andhra Pradesh,Sri Sathya Sai,12,0,11,0,0,13,119,38,6,6,25,65,3,220,11,0,4,0,0,12,0,0,2,1,0,0,0,1,536,0,0,0,0,0,0,0,0,0,0,0,39,28,10,1,0,0,0,39,575
Andhra Pradesh,Srikakulam,15,0,0,0,0,1,100,16,7,3,20,4,3,308,0,0,0,0,0,7,0,0,2,1,0,0,0,1,486,0,0,0,0,0,0,0,0,1,1,0,44,28,2,14,0,0,0,45,531
Andhra Pradesh,Tirupati,16,2,0,2,3,4,163,51,9,10,28,319,7,370,2,0,2,0,0,15,0,0,8,8,0,0,0,0,1009,0,4,4,0,0,0,0,0,6,5,1,58,40,18,0,0,0,0,68,1077
Andhra Pradesh,Viiayawada Railway,0,0,0,0,0,0,4,1,0,0,0,1,1,0,0,0,0,0,0,0,0,0,0,0,0,0,0,0,7,0,0,0,0,0,0,0,0,0,0,0,0,0,0,0,0,0,0,0,7
Andhra Pradesh,Visakhapatnam,45,0,3,4,0,0,136,18,4,8,79,77,6,646,3,1,0,0,0,10,0,0,12,10,0,0,0,2,1049,0,4,0,0,0,0,4,0,3,0,3,126,81,35,10,0,0,0,133,1182
Andhra Pradesh,Vizianagaram,22,0,0,1,0,1,55,20,9,0,20,64,1,240,0,0,0,0,0,3,0,0,5,5,0,0,0,0,441,0,13,0,0,0,0,13,0,1,1,0,54,35,5,12,0,2,0,68,509
Andhra Pradesh,West Godavari,24,0,0,1,0,10,65,30,30,5,54,59,2,189,0,0,0,0,0,11,0,0,0,0,0,0,0,0,480,0,0,0,0,0,0,0,0,0,0,0,98,39,13,46,0,0,0,98,578
Andhra Pradesh,Ysr,5,2,1,2,1,4,55,17,3,1,17,121,4,277,3,0,0,0,0,13,0,0,0,0,0,0,0,0,523,10,0,0,0,0,0,0,0,0,0,0,47,23,23,1,0,0,0,57,580
Arunachal Pradesh,Anjaw,0,0,0,0,0,0,0,0,0,0,0,0,0,1,0,0,0,0,0,0,0,0,0,0,0,0,0,0,1,0,0,0,0,0,0,0,0,0,0,0,2,0,2,0,0,0,0,2,3
Arunachal Pradesh,Changlang,2,0,0,0,0,1,3,0,0,0,0,1,0,0,0,0,0,0,0,0,0,0,1,1,0,0,0,0,8,0,0,0,0,0,0,0,0,0,0,0,0,0,0,0,0,0,0,0,8
Arunachal Pradesh,Crime Branch,0,0,0,0,0,0,0,0,0,0,0,0,0,0,0,0,0,0,0,0,0,0,0,0,0,0,0,0,0,0,0,0,0,0,0,0,0,5,5,0,0,0,0,0,0,0,0,5,5
Arunachal Pradesh,Dibang Valley,0,0,0,0,0,0,0,0,0,0,0,0,0,0,0,0,0,0,0,0,0,0,0,0,0,0,0,0,0,0,0,0,0,0,0,0,0,0,0,0,0,0,0,0,0,0,0,0,0
Arunachal Pradesh,Kameng East,10,0,0,0,0,0,7,0,0,0,0,4,0,5,0,0,0,0,0,0,0,0,1,1,0,0,0,0,27,0,0,0,0,0,0,0,0,0,0,0,5,5,0,0,0,0,0,5,32
Arunachal Pradesh,Kameng West,6,0,0,0,0,0,1,0,0,0,0,2,0,0,0,0,0,0,0,0,0,0,0,0,0,0,0,0,9,0,0,0,0,0,0,0,0,0,0,0,0,0,0,0,0,0,0,0,9
Arunachal Pradesh,Kurung Kumey,0,0,0,0,0,0,1,0,0,0,0,0,0,0,0,0,0,0,0,0,0,0,0,0,0,0,0,0,1,0,0,0,0,0,0,0,0,0,0,0,0,0,0,0,0,0,0,0,1
Arunachal Pradesh,Lohit,3,0,0,0,0,0,4,0,0,0,0,0,0,0,0,0,0,0,0,0,0,0,3,3,0,0,0,0,10,0,0,0,0,0,0,0,0,0,0,0,0,0,0,0,0,0,0,0,10
Arunachal Pradesh,Longding,2,0,0,1,0,0,0,1,0,0,0,0,0,0,0,0,0,0,0,1,0,0,1,0,0,0,0,1,6,0,0,0,0,0,0,0,0,0,0,0,10,10,0,0,0,0,0,10,16
Arunachal Pradesh,Lower Dibang Valley,4,0,0,0,0,0,0,6,0,0,0,5,0,2,0,0,0,0,0,0,0,0,1,0,0,0,0,1,18,0,0,0,0,0,0,0,0,0,0,0,0,0,0,0,0,0,0,0,18
Arunachal Pradesh,Papum Pare City,10,0,0,4,1,1,15,2,3,0,2,9,0,29,0,0,0,0,0,2,0,0,16,16,0,0,0,0,94,0,0,0,0,0,0,0,0,0,0,0,7,4,3,0,0,0,0,7,101
Arunachal Pradesh,Papum Pare Rural,0,0,0,0,0,0,1,0,0,0,0,0,0,0,0,0,0,0,0,0,0,0,2,2,0,0,0,0,3,0,0,0,0,0,0,0,0,0,0,0,0,0,0,0,0,0,0,0,3
Arunachal Pradesh,Siang East,13,0,0,1,0,1,2,1,0,0,0,2,0,3,0,0,0,0,0,0,0,0,0,0,0,0,0,0,23,0,0,0,0,0,0,0,0,0,0,0,0,0,0,0,0,0,0,0,23
Arunachal Pradesh,Siang Upper,2,0,0,0,0,0,1,0,0,0,0,0,0,0,0,0,0,0,0,0,0,0,0,0,0,0,0,0,3,0,0,0,0,0,0,0,0,0,0,0,1,1,0,0,0,0,0,1,4
Arunachal Pradesh,Siang West,5,1,0,0,0,2,1,3,0,0,1,1,0,7,1,0,0,0,0,1,0,0,0,0,0,0,0,0,22,0,0,0,0,0,0,0,0,0,0,0,1,1,0,0,0,0,0,1,23
Arunachal Pradesh,Subansiri Lower,0,0,0,0,0,0,0,0,0,0,0,0,0,2,0,0,0,1,0,0,0,0,0,0,0,0,0,0,3,0,0,0,0,0,0,0,0,0,0,0,2,2,0,0,0,0,0,2,5
Arunachal Pradesh,Subansiri Upper,5,0,0,0,0,0,4,0,0,1,0,0,0,4,0,0,0,0,0,0,0,0,1,1,0,0,0,0,15,0,0,0,0,0,0,0,0,0,0,0,0,0,0,0,0,0,0,0,15
Arunachal Pradesh,Tawang,1,0,0,0,0,0,0,0,0,1,0,0,0,0,0,0,0,0,0,0,0,0,0,0,0,0,0,0,2,0,0,0,0,0,0,0,0,0,0,0,0,0,0,0,0,0,1,1,3
Arunachal Pradesh,Tirap,0,0,0,0,0,1,1,0,0,0,0,0,0,0,0,0,0,0,0,0,0,0,0,0,0,0,0,0,2,0,0,0,0,0,0,0,0,0,0,0,0,0,0,0,0,0,0,0,2
Arunachal Pradesh,Namsai,5,0,0,0,0,0,1,0,0,0,0,0,1,1,0,0,0,0,0,0,0,0,3,3,0,0,0,0,11,0,0,0,0,0,0,0,0,0,0,0,0,0,0,0,0,0,0,0,11
Arunachal Pradesh,Siang,3,0,0,0,0,0,0,0,0,0,0,0,0,0,0,0,0,0,0,0,0,0,0,0,0,0,0,0,3,0,0,0,0,0,0,0,0,0,0,0,0,0,0,0,0,0,0,0,3
Arunachal Pradesh,Kamle,2,0,0,0,0,0,1,0,0,1,0,0,0,0,0,0,0,0,0,0,0,0,1,1,0,0,0,0,5,0,0,0,0,0,0,0,0,0,0,0,0,0,0,0,0,0,0,0,5
Arunachal Pradesh,Kra Dadi,0,0,0,0,0,0,1,0,0,1,0,0,0,0,0,0,0,0,0,0,0,0,1,0,0,0,0,1,3,0,0,0,0,0,0,0,0,0,0,0,1,0,0,1,0,0,0,1,4
Arunachal Pradesh,Lower Siang,2,0,0,0,0,1,2,3,0,0,0,0,0,0,0,0,0,0,0,0,0,0,1,1,0,0,0,0,9,0,0,0,0,0,0,0,0,0,0,0,0,0,0,0,0,0,0,0,9
Arunachal Pradesh,Leparada,0,0,0,0,0,1,2,1,0,0,0,0,0,0,0,0,0,0,0,0,0,0,1,1,0,0,0,0,5,0,0,0,0,0,0,0,0,0,0,0,1,0,1,0,0,0,0,1,6
Arunachal Pradesh,Shiyomi,0,0,0,0,0,0,0,0,0,0,0,0,0,0,0,0,0,0,0,0,0,0,1,1,0,0,0,0,1,0,0,0,0,0,0,0,0,0,0,0,0,0,0,0,0,0,0,0,1
Arunachal Pradesh,Pakkessang,1,0,0,0,0,0,0,0,0,0,0,0,0,0,0,0,0,0,0,0,0,0,0,0,0,0,0,0,1,0,0,0,0,0,0,0,0,0,0,0,0,0,0,0,0,0,0,0,1
Assam,Bieo,0,0,0,0,0,0,0,0,0,0,0,0,0,0,0,0,0,0,0,0,0,0,0,0,0,0,0,0,0,0,0,0,0,0,0,0,0,0,0,0,0,0,0,0,0,0,0,0,0
Assam,Barpeta,26,20,0,0,0,1,0,28,39,1,4,0,10,27,20,0,11,0,0,0,0,0,45,0,0,0,0,45,212,0,0,0,0,0,0,0,0,0,0,0,86,69,17,0,0,0,0,86,298
Assam,Baksa,5,3,19,1,0,0,12,3,3,1,2,1,2,4,22,0,0,0,0,3,0,0,22,17,0,0,0,5,81,2,0,0,0,0,0,0,0,9,9,0,44,33,11,0,0,0,0,55,136
Assam,Bongaigaon,55,18,4,0,0,2,25,5,11,0,4,0,0,13,22,0,0,0,0,0,0,0,77,6,0,0,0,71,214,0,0,0,0,0,0,0,0,3,3,0,118,89,20,8,1,0,0,121,335
Assam,Cid,0,0,0,0,0,0,0,0,0,0,0,0,0,0,0,0,0,0,0,0,0,0,0,0,0,0,0,0,0,0,0,0,0,0,0,0,0,0,0,0,0,0,0,0,0,0,0,0,0
Assam,Cachar,39,176,0,0,0,4,73,1,12,0,0,7,5,104,176,0,110,0,0,0,0,0,90,24,0,0,0,66,621,17,0,0,0,0,0,0,0,0,0,0,111,74,27,8,2,0,0,128,749
Assam,Chirang,15,2,11,0,0,5,17,10,4,1,0,0,3,16,13,0,4,0,0,3,0,0,16,14,0,0,0,2,107,0,0,0,0,0,0,0,0,0,0,0,72,59,5,8,0,0,0,72,179
Assam,Darrang,23,5,42,2,1,9,24,2,3,0,0,0,0,25,47,0,0,0,0,9,1,0,10,5,0,0,0,5,156,2,0,0,0,0,0,0,0,13,13,0,122,87,13,19,3,0,0,137,293
Assam,Dhemaji,13,2,49,7,0,1,13,4,1,0,1,0,1,17,51,0,0,0,0,2,0,0,10,5,0,0,0,5,121,1,0,0,0,0,0,0,0,1,1,0,43,26,16,1,0,0,0,45,166
Assam,Dhubri,78,18,0,4,0,15,34,3,25,1,1,4,3,30,18,0,1,0,0,0,0,0,115,21,0,0,0,94,332,2,4,0,0,0,0,4,0,2,2,0,276,209,53,12,1,1,0,284,616
Assam,Dibrugarh,18,26,0,4,0,0,18,8,7,2,4,0,2,51,26,0,0,0,0,8,0,0,31,28,0,0,0,3,179,14,0,0,0,0,0,0,0,0,0,0,97,71,23,3,0,0,0,111,290
Assam,Grp,0,2,2,0,0,0,5,5,0,0,2,2,1,0,4,0,0,0,0,0,0,0,0,0,0,0,0,0,19,0,0,0,0,0,0,0,0,0,0,0,1,1,0,0,0,0,0,1,20
Assam,Goalpara,32,19,0,1,0,0,32,0,0,0,0,0,10,41,19,0,0,0,0,2,0,0,28,9,0,1,0,18,165,3,0,0,0,0,0,0,0,0,0,0,73,52,10,3,1,7,0,76,241
Assam,Golaghat,23,75,0,1,0,17,11,0,1,0,1,0,4,8,75,0,0,0,0,0,0,0,20,4,0,0,0,16,161,5,1,0,0,0,0,1,0,0,0,0,72,54,15,3,0,0,0,78,239
Assam,Guwahati City,69,16,114,0,0,9,36,45,20,7,20,0,1,125,130,2,32,0,0,10,0,0,117,57,0,0,0,60,623,11,3,0,3,0,0,0,0,13,13,0,189,107,54,25,3,0,0,216,839
Assam,Hailakandi,28,26,0,2,0,0,14,1,10,0,1,1,3,29,26,0,1,0,0,0,0,0,0,0,0,0,0,0,116,0,0,0,0,0,0,0,0,0,0,0,75,75,0,0,0,0,0,75,191
Assam,Hamren,5,3,7,0,0,0,6,3,1,0,0,0,0,2,10,0,0,0,0,0,0,0,3,2,0,0,0,1,30,0,0,0,0,0,0,0,0,1,1,0,10,7,1,0,2,0,0,11,41
Assam,Jorhat,17,2,0,0,0,2,23,3,5,6,7,0,4,27,2,0,15,0,0,0,0,0,28,26,0,0,0,2,139,0,0,0,0,0,0,0,0,0,0,0,83,50,27,4,2,0,0,83,222
Assam,Kamrup,49,100,0,3,5,14,50,52,6,3,7,16,11,171,100,2,3,0,0,1,1,0,92,66,0,0,0,26,586,29,0,0,0,0,0,0,0,0,0,0,127,86,19,14,2,6,0,156,742
Assam,Karbi Anglong,4,2,19,0,1,3,1,2,0,0,0,0,1,9,21,0,0,0,0,0,0,0,35,22,0,0,0,13,77,0,0,0,0,0,0,0,0,0,0,0,48,38,9,1,0,0,0,48,125
Assam,Karimganj,49,20,49,1,0,7,6,9,4,0,2,0,6,217,69,0,19,0,0,0,0,0,25,19,0,0,0,6,414,0,0,0,0,0,0,0,0,0,0,0,58,42,11,5,0,0,0,58,472
Assam,Kokrajhar,24,0,0,0,0,5,28,3,0,0,0,4,1,21,0,0,0,0,0,3,0,0,53,53,0,0,0,0,142,5,0,0,0,0,0,0,0,0,0,0,70,70,0,0,0,0,0,75,217
Assam,Lakhimpur,28,7,41,0,0,0,23,0,0,0,2,0,1,50,48,0,3,0,0,1,0,0,60,0,0,0,0,60,216,0,0,0,0,0,0,0,0,8,8,0,108,80,28,0,0,0,0,116,332
Assam,Morigaon,49,9,15,6,0,4,44,6,8,0,1,2,3,42,24,0,3,0,0,3,0,0,151,24,0,0,0,127,346,2,0,0,0,0,0,0,0,0,0,0,133,114,9,6,1,3,0,135,481
Assam,Dima Hasao,1,4,2,1,0,0,1,0,0,0,0,0,0,0,6,0,1,0,0,0,0,0,0,0,0,0,0,0,10,0,0,0,0,0,0,0,0,1,1,0,6,3,1,1,0,1,0,7,17
Assam,Nagaon,59,82,0,5,0,11,77,36,10,0,4,0,7,160,82,0,10,0,0,5,1,1,167,161,0,1,0,5,635,3,6,0,0,0,0,6,0,3,3,0,150,125,19,6,0,0,0,162,797
Assam,Nalbari,25,12,14,0,0,3,42,4,37,1,1,13,3,24,26,0,1,0,0,3,0,0,30,27,0,1,0,2,213,10,0,0,0,0,0,0,0,0,0,0,52,29,10,13,0,0,0,62,275
Assam,Rpo,0,0,0,0,0,0,0,0,0,0,0,0,0,0,0,0,0,0,0,0,0,0,0,0,0,0,0,0,0,0,0,0,0,0,0,0,0,0,0,0,0,0,0,0,0,0,0,0,0
Assam,Sou,0,0,0,0,0,0,0,0,0,0,0,0,0,0,0,0,0,0,0,0,0,0,0,0,0,0,0,0,0,0,0,0,0,0,0,0,0,0,0,0,0,0,0,0,0,0,0,0,0
Assam,Stf,0,0,0,0,0,0,0,0,0,0,0,0,0,0,0,0,0,0,0,0,0,0,0,0,0,0,0,0,0,0,0,0,0,0,0,0,0,0,0,0,0,0,0,0,0,0,0,0,0
Assam,Sibsagar,6,0,0,0,0,4,7,0,2,0,0,0,0,6,0,0,0,0,0,3,0,0,6,6,0,0,0,0,34,0,0,0,0,0,0,0,0,4,4,0,53,38,12,3,0,0,0,57,91
Assam,Sonitpur,42,59,0,2,0,21,22,5,5,0,2,0,0,65,59,1,18,0,0,0,0,0,13,2,0,1,0,10,255,2,2,0,0,0,0,2,0,0,0,0,136,105,18,13,0,0,0,140,395
Assam,Tinsukia,17,19,0,2,0,1,9,7,7,2,0,0,2,21,19,1,0,0,0,6,0,0,79,79,0,0,0,0,173,0,0,0,0,0,0,0,0,0,0,0,79,76,3,0,0,0,0,79,252
Assam,Udalguri,24,32,0,0,0,1,12,5,5,1,1,0,2,10,32,0,1,0,0,3,0,0,49,4,1,0,0,44,146,5,0,0,0,0,0,0,0,0,0,0,46,46,0,0,0,0,0,51,197
Assam,Sadia,3,0,0,0,0,0,0,0,0,0,0,0,0,4,0,0,1,0,0,0,0,0,9,4,0,0,0,5,17,3,0,0,0,0,0,0,0,0,0,0,19,15,4,0,0,0,0,22,39
Assam,Majuli,3,26,0,0,0,0,7,0,0,2,2,0,0,2,26,0,0,0,0,0,0,0,0,0,0,0,0,0,42,0,0,0,0,0,0,0,0,0,0,0,17,14,3,0,0,0,0,17,59
Assam,Biswanath,18,8,36,4,0,0,21,0,0,0,0,0,1,16,44,0,15,0,0,3,0,0,41,17,0,0,0,24,163,0,0,0,0,0,0,0,0,0,0,0,80,59,16,5,0,0,0,80,243
Assam,Hojai,36,43,92,0,0,9,8,9,11,0,3,0,3,49,135,0,33,0,0,1,0,0,22,11,0,0,0,11,319,1,2,0,0,0,0,2,0,14,14,0,96,68,22,6,0,0,0,113,432
Assam,South Salmara,17,4,4,0,0,5,1,1,11,0,0,0,2,11,8,0,42,0,0,2,1,0,13,8,0,0,0,5,114,3,0,0,0,0,0,0,0,4,4,0,57,42,12,3,0,0,0,64,178
Assam,Charaideo,7,12,0,0,0,0,9,0,10,0,0,0,0,5,12,0,0,0,0,0,0,0,16,16,0,0,0,0,59,0,0,0,0,0,0,0,0,0,0,0,37,26,9,2,0,0,0,37,96
Assam,Bajali,7,5,0,3,0,0,2,0,1,0,0,0,0,29,5,0,5,0,0,4,0,0,7,2,0,0,0,5,63,0,0,0,0,0,0,0,0,4,4,0,19,16,2,1,0,0,0,23,86
Assam,Tamulpur,13,6,0,1,0,2,30,2,2,0,0,1,2,10,6,0,0,0,0,7,0,0,44,39,0,0,0,5,120,0,0,0,0,0,0,0,0,1,1,0,44,32,7,4,0,1,0,45,165
Bihar,Araria,46,108,164,0,1,0,0,0,0,0,0,0,31,34,272,0,0,1,2,0,0,0,26,18,0,0,0,8,413,119,2,2,0,0,0,0,0,0,0,0,42,36,3,3,0,0,0,163,576
Bihar,Arwal,7,29,34,0,0,0,0,0,1,0,0,0,12,11,63,0,0,0,0,0,0,0,20,17,0,0,0,3,114,35,0,0,0,0,0,0,0,0,0,0,22,5,12,5,0,0,0,57,171
Bihar,Aurangabad,23,193,60,0,0,0,13,0,0,0,0,0,26,62,253,0,0,0,0,0,0,0,65,65,0,0,0,0,442,123,2,0,0,2,0,0,0,0,0,0,98,18,49,19,12,0,0,223,665
Bihar,Bagaha,16,70,69,0,1,0,1,0,0,0,0,0,18,23,139,0,0,0,0,0,0,0,7,7,0,0,0,0,205,36,0,0,0,0,0,0,0,2,2,0,31,11,12,8,0,0,0,69,274
Bihar,Banka,10,40,41,0,0,0,1,0,2,0,0,0,15,18,81,0,0,0,0,0,0,0,23,17,0,0,0,6,150,51,0,0,0,0,0,0,0,0,0,0,99,18,10,0,71,0,0,150,300
Bihar,Begusarai,31,351,84,0,0,0,5,0,0,0,0,0,22,23,435,0,0,0,0,0,0,0,130,40,0,0,0,90,646,91,0,0,0,0,0,0,0,2,2,0,35,27,8,0,0,0,0,128,774
Bihar,Bettiah,43,108,46,0,0,0,1,0,0,0,0,5,26,55,154,0,0,0,0,0,4,0,144,19,0,0,0,125,432,125,0,0,0,0,0,0,0,0,0,0,167,34,129,4,0,0,0,292,724
Bihar,Kaimur(Bhabhua),24,86,108,0,0,0,17,0,0,0,0,0,18,27,194,0,0,0,0,0,0,0,87,84,0,0,0,3,367,46,0,0,0,0,0,0,0,0,0,0,38,20,10,8,0,0,0,84,451
Bihar,Bhagalpur,39,215,270,0,0,0,6,0,0,0,0,0,25,69,485,0,0,0,0,0,0,0,1,0,0,1,0,0,625,123,0,0,0,0,0,0,0,0,0,0,128,40,69,19,0,0,0,251,876
Bihar,Bhojpur,21,136,89,0,1,0,8,5,4,4,5,0,28,51,225,0,0,0,0,0,2,0,112,67,0,0,0,45,466,93,0,0,0,0,0,0,0,9,0,9,48,15,30,3,0,0,0,150,616
Bihar,Buxar,13,67,117,0,0,0,0,7,0,0,0,0,16,26,184,0,0,0,0,0,0,0,21,4,0,0,0,17,267,79,0,0,0,0,0,0,0,0,0,0,37,17,20,0,0,0,0,116,383
Bihar,Darbhanga,39,116,314,0,0,0,2,0,0,0,0,0,19,65,430,0,0,0,0,0,0,0,93,55,0,0,0,38,648,177,0,0,0,0,0,0,0,21,0,21,47,30,10,7,0,0,0,245,893
Bihar,Gaya,82,161,231,0,0,0,5,23,0,0,0,5,44,89,392,0,0,0,0,0,0,0,192,107,0,0,0,85,832,169,2,0,0,0,2,0,0,0,0,0,122,25,84,13,0,0,0,293,1125
Bihar,Gopalganj,8,63,267,0,0,0,0,0,0,0,0,0,29,25,330,0,0,0,0,0,0,0,55,17,0,0,0,38,447,68,4,0,0,0,0,4,0,0,0,0,33,19,14,0,0,0,0,105,552
Bihar,Jamalpur Railway,0,0,0,0,0,0,1,0,0,0,0,0,0,0,0,0,0,0,0,0,0,0,1,1,0,0,0,0,2,0,0,0,0,0,0,0,0,0,0,0,0,0,0,0,0,0,0,0,2
Bihar,Jamui,17,89,54,0,0,1,0,0,11,0,0,0,18,21,143,0,0,0,0,0,0,0,47,15,0,0,0,32,258,55,0,0,0,0,0,0,0,0,0,0,38,23,15,0,0,0,0,93,351
Bihar,Jehanabad,1,30,85,1,0,4,10,2,20,0,0,0,20,44,115,0,0,0,0,0,0,0,53,23,0,0,0,30,270,53,0,0,0,0,0,0,0,0,0,0,36,12,19,5,0,0,0,89,359
Bihar,Katihar,51,203,70,0,1,0,9,0,0,0,21,0,18,49,273,0,0,0,0,0,0,0,49,22,0,0,0,27,471,93,0,0,0,0,0,0,0,0,0,0,51,32,14,5,0,0,0,144,615
Bihar,Katihar Railway,0,2,0,0,0,0,0,0,0,0,0,0,0,0,2,0,0,0,0,0,0,0,3,1,0,0,0,2,5,0,0,0,0,0,0,0,0,0,0,0,1,1,0,0,0,0,0,1,6
Bihar,Khagaria,13,217,17,0,0,0,1,0,0,0,0,0,12,26,234,0,0,0,0,0,0,0,45,25,0,0,0,20,331,69,0,0,0,0,0,0,0,0,0,0,28,16,12,0,0,0,0,97,428
Bihar,Kishanganj,50,27,45,0,1,0,1,3,0,0,0,0,20,36,72,0,0,0,0,0,0,0,61,31,0,0,0,30,244,119,3,0,3,0,0,0,0,0,0,0,53,47,6,0,0,0,0,175,419
Bihar,Lakhisarai,5,52,132,0,0,0,0,0,0,0,0,0,16,17,184,0,0,0,0,0,1,0,67,43,0,0,0,24,290,68,0,0,0,0,0,0,0,0,0,0,23,10,8,5,0,0,0,91,381
Bihar,Madhepura,14,121,149,0,0,1,0,0,0,0,0,0,16,35,270,0,0,0,0,0,0,0,0,0,0,0,0,0,336,48,0,0,0,0,0,0,0,4,0,4,36,23,6,7,0,0,0,88,424
Bihar,Madhubani,41,187,231,0,0,2,5,0,0,0,0,0,19,38,418,0,0,0,0,0,0,0,27,15,0,0,0,12,550,91,0,0,0,0,0,0,0,0,0,0,51,29,21,1,0,0,0,142,692
Bihar,Motihari,35,385,134,0,0,0,10,0,0,0,0,0,66,71,519,0,0,0,0,0,1,0,71,52,0,0,0,19,773,118,0,0,0,0,0,0,0,0,0,0,151,42,27,0,82,0,0,269,1042
Bihar,Munger,23,111,148,0,0,0,7,0,0,0,0,0,8,45,259,0,0,0,0,4,1,0,2,2,0,0,0,0,349,60,0,0,0,0,0,0,0,0,0,0,24,6,12,6,0,0,0,84,433
Bihar,Muzaffarpur,64,411,371,0,2,0,0,4,0,0,2,6,80,44,782,0,0,0,0,0,0,0,215,116,0,0,0,99,1199,140,0,0,0,0,0,0,0,0,0,0,74,21,46,6,1,0,0,214,1413
Bihar,Muzaffarpur Railway,0,2,2,0,0,0,4,0,0,0,0,0,0,0,4,0,0,0,0,0,0,0,0,0,0,0,0,0,8,0,0,0,0,0,0,0,0,0,0,0,1,1,0,0,0,0,0,1,9
Bihar,Nalanda,20,78,248,0,0,0,8,0,0,0,2,0,49,73,326,0,0,0,0,0,1,0,172,91,1,0,0,80,651,104,0,0,0,0,0,0,0,23,0,23,106,55,44,6,1,0,0,233,884
Bihar,Naugachia,11,40,59,0,0,0,0,4,2,0,0,0,9,11,99,0,0,0,0,0,0,0,69,41,1,0,0,27,205,33,0,0,0,0,0,0,0,4,4,0,22,10,9,2,0,1,0,59,264
Bihar,Nawadah,22,148,97,0,0,0,2,0,0,0,4,0,15,39,245,0,0,0,0,0,0,0,177,91,0,0,0,86,504,38,0,0,0,0,0,0,0,0,0,0,49,15,34,0,0,0,0,87,591
Bihar,Patna,110,407,526,0,0,0,43,0,7,0,14,4,89,241,933,0,0,0,0,0,0,0,982,230,0,1,0,751,2423,338,6,0,6,0,0,0,0,27,2,25,180,69,102,9,0,0,0,551,2974
Bihar,Patna Railway,1,1,0,0,0,1,6,0,0,0,0,0,2,0,1,0,0,0,0,1,0,0,9,1,0,0,0,8,21,0,0,0,0,0,0,0,0,0,0,0,1,1,0,0,0,0,0,1,22
Bihar,Purnea,85,175,241,1,2,5,3,0,0,0,0,0,27,38,416,0,0,2,0,0,0,0,82,49,0,0,0,33,661,121,5,5,0,0,0,0,0,0,0,0,109,76,20,10,0,3,0,235,896
Bihar,Rohtas,38,185,174,0,0,0,28,0,0,0,0,0,32,76,359,0,0,0,0,0,0,0,192,84,0,0,0,108,725,105,0,0,0,0,0,0,0,0,0,0,79,29,32,11,7,0,0,184,909
Bihar,Saharsa,7,63,110,0,0,0,0,0,0,0,4,0,10,14,173,0,0,0,0,0,0,0,41,9,0,0,0,32,249,35,1,1,0,0,0,0,0,0,0,0,19,7,12,0,0,0,0,55,304
Bihar,Samastipur,30,148,280,0,0,0,1,0,0,0,0,0,40,24,428,0,0,0,0,0,0,0,60,35,0,0,0,25,583,71,1,0,0,0,1,0,0,3,0,3,75,35,26,11,3,0,0,150,733
Bihar,Saran,16,673,0,0,0,0,16,0,0,0,0,0,42,84,673,0,0,0,0,0,0,0,83,43,3,0,0,37,914,131,10,10,0,0,0,0,0,0,0,0,59,33,24,2,0,0,0,200,1114
Bihar,Sheikhpura,3,22,36,0,0,0,4,0,0,0,0,0,6,6,58,0,0,0,0,0,0,0,31,27,0,0,0,4,108,28,0,0,0,0,0,0,0,0,0,0,30,12,18,0,0,0,0,58,166
Bihar,Sheohar,6,52,34,0,0,0,0,0,0,0,0,0,4,7,86,0,0,0,0,0,0,0,1,1,0,0,0,0,104,38,0,0,0,0,0,0,0,0,0,0,14,8,6,0,0,0,0,52,156
Bihar,Sitamarhi,39,223,244,7,0,5,4,0,0,0,4,0,29,41,467,0,5,0,0,1,0,0,40,28,0,0,0,12,642,128,2,1,1,0,0,0,0,17,0,17,52,31,20,1,0,0,0,199,841
Bihar,Siwan,22,291,211,0,0,0,3,1,23,0,1,0,21,67,502,0,0,0,0,0,0,0,78,43,0,0,0,35,718,147,0,0,0,0,0,0,0,0,0,0,39,14,25,0,0,0,0,186,904
Bihar,Supaul,13,19,108,0,0,0,0,0,0,0,0,0,23,33,127,0,0,0,0,0,0,0,117,38,0,0,0,79,313,71,1,0,1,0,0,0,0,10,2,8,36,24,11,1,0,0,0,118,431
Bihar,Vaishali,26,119,514,0,0,26,0,13,0,0,0,0,58,83,633,0,0,0,0,0,0,0,151,107,0,0,0,44,990,143,3,0,3,0,0,0,0,0,0,0,79,31,35,13,0,0,0,225,1215
Bihar,Economic Offences Unit,0,0,0,0,0,0,0,0,0,0,0,0,0,0,0,0,0,0,0,0,0,0,0,0,0,0,0,0,0,0,0,0,0,0,0,0,0,0,0,0,1,0,0,0,1,0,0,1,1
Bihar,Anti Terrorist Squad,0,0,0,0,0,0,0,0,0,0,0,0,0,0,0,0,0,0,0,0,0,0,0,0,0,0,0,0,0,0,0,0,0,0,0,0,0,0,0,0,0,0,0,0,0,0,0,0,0
Chhattisgarh,Balod,21,0,0,4,0,2,8,0,7,0,3,2,0,6,0,0,0,0,0,3,0,0,45,44,0,1,0,0,101,0,0,0,0,0,0,0,0,7,7,0,52,44,8,0,0,0,0,59,160
Chhattisgarh,Balodbazar,29,0,0,0,0,0,30,9,0,1,5,6,0,26,0,0,0,0,0,6,0,0,128,128,0,0,0,0,240,0,0,0,0,0,0,0,0,17,17,0,129,109,17,3,0,0,0,146,386
Chhattisgarh,Balrampur,65,0,0,0,3,0,32,0,0,0,1,2,2,15,0,0,0,0,0,6,0,0,56,56,0,0,0,0,182,0,0,0,0,0,0,0,0,0,0,0,108,98,10,0,0,0,0,108,290
Chhattisgarh,Bemetra,14,0,0,0,0,0,17,2,0,0,2,3,0,18,0,0,0,0,0,5,0,0,52,52,0,0,0,0,113,0,0,0,0,0,0,0,0,1,1,0,73,59,13,1,0,0,0,74,187
Chhattisgarh,Bilaspur,110,0,0,0,0,0,114,0,0,0,0,37,4,99,0,0,0,0,0,15,0,0,402,402,0,0,0,0,781,0,0,0,0,0,0,0,0,0,0,0,190,148,41,1,0,0,0,190,971
Chhattisgarh,Bizapur,11,0,0,0,0,0,1,0,0,0,0,0,0,0,0,0,0,0,0,0,0,0,11,11,0,0,0,0,23,0,0,0,0,0,0,0,0,0,0,0,13,13,0,0,0,0,0,13,36
Chhattisgarh,Dantewara,8,0,0,0,0,0,2,1,2,0,1,1,0,1,0,0,0,0,0,2,0,0,2,2,0,0,0,0,20,0,0,0,0,0,0,0,0,0,0,0,12,9,2,1,0,0,0,12,32
Chhattisgarh,Dhamtari,15,0,0,4,0,0,16,3,1,0,1,7,1,6,0,0,0,0,0,2,0,0,40,40,0,0,0,0,96,0,1,0,0,1,0,0,0,3,2,1,73,62,10,1,0,0,0,77,173
Chhattisgarh,Durg,69,0,2,0,0,0,44,11,5,2,7,25,4,49,2,0,0,0,0,5,0,0,236,234,0,0,0,2,459,0,1,0,0,0,0,1,0,5,5,0,96,63,33,0,0,0,0,102,561
Chhattisgarh,Gariyaband,17,0,0,1,1,0,9,1,0,0,3,2,2,20,0,0,0,0,0,3,0,0,24,24,0,0,0,0,83,0,0,0,0,0,0,0,0,2,2,0,53,48,5,0,0,0,0,55,138
Chhattisgarh,Grp Raipur,2,0,0,0,0,0,3,0,0,0,0,2,0,0,0,0,0,0,0,0,0,0,2,2,0,0,0,0,9,0,0,0,0,0,0,0,0,0,0,0,3,3,0,0,0,0,0,3,12
Chhattisgarh,Jagdalpur,39,0,0,0,0,0,24,0,0,0,0,7,0,10,0,0,0,0,0,4,0,0,32,31,0,0,0,1,116,0,0,0,0,0,0,0,0,2,2,0,66,56,10,0,0,0,0,68,184
Chhattisgarh,Janjgir,38,0,0,0,0,1,52,0,0,0,0,9,3,40,0,0,0,0,0,2,0,0,151,151,0,0,0,0,296,0,0,0,0,0,0,0,0,33,33,0,113,84,26,3,0,0,0,146,442
Chhattisgarh,Jashpur,55,0,0,0,0,0,14,0,0,0,0,7,1,4,0,0,0,0,0,8,0,0,57,57,0,0,0,0,146,0,0,0,0,0,0,0,0,15,15,0,91,88,3,0,0,0,0,106,252
Chhattisgarh,Kabirdham,10,0,3,1,0,0,28,2,2,0,1,3,2,36,3,0,0,0,0,4,0,0,100,100,0,0,0,0,192,0,0,0,0,0,0,0,0,8,8,0,45,27,18,0,0,0,0,53,245
Chhattisgarh,Kanker,22,0,0,1,0,0,6,3,2,0,2,7,1,6,0,0,0,0,0,2,0,0,41,41,0,0,0,0,93,0,0,0,0,0,0,0,0,1,1,0,75,65,10,0,0,0,0,76,169
Chhattisgarh,Kondagaon,31,0,0,0,0,0,8,0,0,0,0,1,2,3,0,0,0,0,0,1,0,0,39,39,0,0,0,0,85,0,0,0,0,0,0,0,0,1,1,0,32,28,2,2,0,0,0,33,118
Chhattisgarh,Korba,94,0,0,12,0,0,52,17,1,0,9,38,3,30,0,0,0,0,0,4,0,0,153,153,0,0,0,0,413,0,0,0,0,0,0,0,0,17,17,0,120,88,28,3,0,1,0,137,550
Chhattisgarh,Koriya,15,0,0,0,0,0,8,2,0,0,1,3,1,6,0,0,0,0,0,0,0,0,26,26,0,0,0,0,62,0,0,0,0,0,0,0,0,2,1,1,45,33,11,1,0,0,0,47,109
Chhattisgarh,Mahasamund,49,0,0,0,0,0,39,0,0,0,0,11,4,12,0,0,0,0,0,0,0,0,112,112,0,0,0,0,227,0,0,0,0,0,0,0,0,1,1,0,74,63,0,11,0,0,0,75,302
Chhattisgarh,Mungali,12,0,0,0,0,0,9,2,0,0,2,2,1,9,0,0,0,0,0,1,0,0,57,57,0,0,0,0,95,0,0,0,0,0,0,0,0,27,27,0,51,42,9,0,0,0,0,78,173
Chhattisgarh,Narayanpur,7,0,0,0,0,0,1,0,0,0,0,0,0,1,0,0,0,0,0,2,0,0,8,7,0,0,0,1,19,0,0,0,0,0,0,0,0,0,0,0,20,18,2,0,0,0,0,20,39
Chhattisgarh,Raigarh,53,0,0,7,0,0,40,2,3,1,0,7,3,13,0,0,2,0,0,12,0,0,88,88,0,0,0,0,231,0,0,0,0,0,0,0,0,3,3,0,115,87,21,5,0,2,0,118,349
Chhattisgarh,Raipur,114,0,0,0,0,0,66,13,0,0,2,21,6,99,0,0,0,0,0,8,0,0,410,410,0,0,0,0,739,0,1,0,0,1,0,0,0,52,52,0,183,133,50,0,0,0,0,236,975
Chhattisgarh,Rajnandgaon,27,0,0,0,0,0,12,6,0,0,9,9,3,12,0,0,0,0,0,5,0,0,82,82,0,0,0,0,165,0,0,0,0,0,0,0,0,0,0,0,62,50,12,0,0,0,0,62,227
Chhattisgarh,Sarguja,96,0,0,2,0,0,41,23,0,0,1,12,4,20,0,0,0,0,0,2,1,0,105,105,0,0,0,0,307,1,0,0,0,0,0,0,0,37,37,0,39,31,8,0,0,0,0,77,384
Chhattisgarh,Sukma,8,0,2,0,0,1,7,0,0,0,0,1,0,1,2,0,0,0,0,0,0,0,9,4,0,0,0,5,29,0,0,0,0,0,0,0,0,0,0,0,12,10,2,0,0,0,0,12,41
Chhattisgarh,Surajpur,28,0,0,1,1,0,14,5,2,0,2,9,0,20,0,0,0,0,0,8,0,0,42,42,0,0,0,0,132,0,0,0,0,0,0,0,0,16,16,0,69,51,18,0,0,0,0,85,217
Chhattisgarh,Gaurela-Pendra-Marwari,17,0,0,3,0,1,6,2,2,1,4,4,1,15,0,0,0,0,0,1,0,0,41,41,0,0,0,0,98,0,0,0,0,0,0,0,0,1,1,0,37,27,10,0,0,0,0,38,136
Chhattisgarh,Khairagarh - Chhuikhadan-Gandai,10,0,0,1,0,0,11,4,3,0,2,5,2,8,0,1,0,0,0,1,0,0,42,42,0,0,0,0,90,0,0,0,0,0,0,0,0,0,0,0,25,20,4,1,0,0,0,25,115
Chhattisgarh,Manendragarh-Chirmiri-Bharatpur,36,0,0,0,0,0,8,4,7,0,1,1,0,12,0,0,0,0,0,1,0,0,44,44,0,0,0,0,114,0,0,0,0,0,0,0,0,16,16,0,41,34,6,1,0,0,0,57,171
Chhattisgarh,Mohla-Manpur-Ambagarh Chouki,6,0,0,0,0,0,1,0,0,0,0,0,0,1,0,1,0,0,0,0,0,0,15,15,0,0,0,0,24,0,0,0,0,0,0,0,0,2,2,0,8,8,0,0,0,0,0,10,34
Chhattisgarh,Sakti,19,0,0,0,0,0,43,0,0,0,0,4,3,25,0,0,0,0,0,2,0,0,104,103,0,1,0,0,200,0,0,0,0,0,0,0,0,18,18,0,45,30,15,0,0,0,0,63,263
Chhattisgarh,Sarangarh-Bilaigarh,24,0,4,0,0,0,15,3,1,1,1,1,1,0,4,0,0,0,0,3,0,0,66,66,0,0,0,0,120,0,0,0,0,0,0,0,0,5,5,0,35,35,0,0,0,0,0,40,160
Goa,North Goa,55,0,0,2,0,0,24,29,4,6,12,31,1,2,0,0,0,0,0,1,0,0,46,39,0,0,0,7,213,0,2,0,0,2,0,0,0,1,1,0,0,0,0,0,0,0,0,3,216
Goa,South Goa,42,0,0,0,1,1,15,8,0,1,7,13,1,1,0,0,0,0,0,1,0,0,25,22,0,0,0,3,116,0,0,0,0,0,0,0,0,1,1,0,0,0,0,0,0,0,0,1,117
Goa,Cid,8,0,0,1,0,0,3,4,0,0,0,3,0,0,0,0,0,0,0,0,0,0,0,0,0,0,0,0,19,0,0,0,0,0,0,0,0,4,4,0,0,0,0,0,0,0,0,4,23
Gujarat,Ahmedabad City,62,0,26,4,0,0,31,23,9,6,33,3,2,386,26,1,0,0,0,29,2,0,110,102,0,0,0,8,727,0,10,0,0,10,0,0,1,23,17,6,298,258,38,1,1,0,0,332,1059
Gujarat,Ahmedabad Rural,11,0,5,0,0,0,6,5,1,0,3,1,1,4,5,0,0,0,0,7,0,1,14,14,0,0,0,0,59,0,0,0,0,0,0,0,0,2,0,2,74,67,7,0,0,0,0,76,135
Gujarat,Amreli,15,2,17,0,0,0,6,4,4,1,3,0,0,62,19,0,0,0,0,4,0,0,4,2,0,0,0,2,122,0,2,0,0,1,0,1,0,3,3,0,73,70,3,0,0,0,0,78,200
Gujarat,Anand,13,0,9,0,0,0,4,6,1,1,6,0,0,25,9,0,0,0,0,2,0,0,21,20,0,0,0,1,88,0,2,2,0,0,0,0,0,0,0,0,80,79,1,0,0,0,0,82,170
Gujarat,Arvalli,11,0,18,0,1,0,5,12,1,1,1,1,0,14,18,0,0,0,0,6,0,0,11,9,0,0,0,2,82,0,0,0,0,0,0,0,0,1,1,0,58,57,1,0,0,0,0,59,141
Gujarat,Banaskantha,51,6,21,0,0,0,15,13,0,0,0,0,2,79,27,0,0,0,0,0,0,0,20,16,0,0,0,4,207,0,0,0,0,0,0,0,0,0,0,0,120,115,5,0,0,0,0,120,327
Gujarat,Bharuch,14,4,10,0,0,0,6,14,0,0,0,0,0,31,14,0,0,0,0,0,0,0,8,6,0,0,0,2,87,0,0,0,0,0,0,0,0,1,1,0,80,77,2,1,0,0,0,81,168
Gujarat,Bhavnagar,15,0,26,0,0,0,6,4,0,0,4,0,1,54,26,0,0,0,0,9,0,0,10,9,0,0,0,1,129,0,0,0,0,0,0,0,0,2,1,1,64,60,3,0,0,1,0,66,195
Gujarat,Botad,8,2,2,0,0,0,1,0,1,0,0,0,0,11,4,0,0,0,0,7,0,0,3,2,0,1,0,0,35,0,0,0,0,0,0,0,0,0,0,0,45,41,4,0,0,0,0,45,80
Gujarat,Chhotaudepur,8,0,19,0,0,0,1,2,2,1,0,0,0,2,19,0,0,0,0,6,0,0,5,5,0,0,0,0,46,0,0,0,0,0,0,0,0,1,1,0,62,59,3,0,0,0,0,63,109
Gujarat,Cid Crime,0,0,0,0,0,0,0,0,0,0,0,0,0,0,0,0,0,0,0,0,0,0,0,0,0,0,0,0,0,0,6,0,0,0,0,6,0,0,0,0,0,0,0,0,0,0,0,6,6
Gujarat,Dahod,11,0,44,1,0,0,6,1,0,0,1,0,1,18,44,0,0,0,0,6,0,0,2,1,0,0,0,1,91,0,0,0,0,0,0,0,0,3,3,0,118,112,6,0,0,0,0,121,212
Gujarat,Dang,2,0,0,0,0,0,1,0,2,0,0,0,0,2,0,0,0,0,0,1,0,0,0,0,0,0,0,0,8,0,0,0,0,0,0,0,0,0,0,0,5,3,2,0,0,0,0,5,13
Gujarat,Devbhumi Dwarka,7,0,9,0,0,0,4,1,3,2,3,3,0,29,9,0,0,0,0,3,0,0,2,2,0,0,0,0,66,0,0,0,0,0,0,0,0,2,2,0,19,18,0,0,1,0,0,21,87
Gujarat,Gandhinagar,16,0,21,1,0,0,2,16,0,0,0,0,0,37,21,0,0,0,0,4,0,0,14,13,0,0,0,1,111,0,0,0,0,0,0,0,0,0,0,0,59,56,0,3,0,0,0,59,170
Gujarat,Gir Somnath,16,0,4,0,0,0,2,5,1,0,0,1,0,46,4,0,0,0,0,1,0,0,0,0,0,0,0,0,76,0,0,0,0,0,0,0,0,1,0,1,31,27,4,0,0,0,0,32,108
Gujarat,Jamnagar,19,10,6,0,0,0,7,3,0,0,3,0,1,57,16,0,0,0,0,10,0,0,15,12,0,0,0,3,131,0,0,0,0,0,0,0,0,0,0,0,50,39,11,0,0,0,0,50,181
Gujarat,Junagadh,22,0,17,0,0,0,9,8,1,0,2,0,1,113,17,0,0,0,0,6,0,0,21,17,0,0,0,4,200,0,0,0,0,0,0,0,0,3,2,1,66,59,4,3,0,0,1,70,270
Gujarat,Kachchh East(G),19,0,33,0,0,0,2,9,0,2,1,0,0,47,33,0,0,0,0,9,0,0,25,24,0,0,0,1,147,0,7,0,0,7,0,0,0,0,0,0,23,14,9,0,0,0,0,30,177
Gujarat,Kachchh West(B),16,0,10,0,0,0,4,6,1,2,3,1,0,38,10,0,0,0,0,12,1,0,9,9,0,0,0,0,103,0,0,0,0,0,0,0,0,1,1,0,29,26,3,0,0,0,0,30,133
Gujarat,Kheda,19,0,10,1,0,0,16,8,0,0,0,1,0,42,10,0,0,0,0,15,0,0,17,16,0,0,0,1,129,0,0,0,0,0,0,0,0,0,0,0,90,82,0,8,0,0,0,90,219
Gujarat,Mahisagar,8,0,8,0,0,0,2,5,0,0,0,0,0,9,8,0,0,0,0,5,1,0,8,8,0,0,0,0,46,0,0,0,0,0,0,0,0,1,1,0,37,37,0,0,0,0,0,38,84
Gujarat,Mehsana,11,10,5,2,0,0,4,15,4,0,9,0,0,32,15,0,0,0,0,5,0,0,50,49,0,0,0,1,147,0,0,0,0,0,0,0,0,1,1,0,87,83,0,4,0,0,0,88,235
Gujarat,Morbi,6,0,6,1,0,0,0,2,2,0,2,0,0,5,6,0,0,0,0,6,0,0,4,4,0,0,0,0,34,0,5,0,5,0,0,0,0,1,1,0,51,50,1,0,0,0,0,57,91
Gujarat,Narmada,5,0,7,0,0,0,0,2,0,2,0,0,0,7,7,0,0,0,0,1,0,0,1,0,0,0,0,1,25,0,0,0,0,0,0,0,0,0,0,0,26,25,0,0,0,1,0,26,51
Gujarat,Navsari,7,0,2,0,0,0,0,0,1,0,2,0,0,9,2,0,0,0,0,2,0,0,1,1,0,0,0,0,24,0,0,0,0,0,0,0,0,0,0,0,25,20,5,0,0,0,0,25,49
Gujarat,Panchmahal,14,0,31,2,0,0,3,21,0,0,5,0,0,58,31,0,0,0,0,14,1,0,8,7,0,0,0,1,157,0,0,0,0,0,0,0,0,1,1,0,78,77,1,0,0,0,0,79,236
Gujarat,Patan,18,1,0,0,0,0,5,0,6,2,5,2,1,39,1,0,0,0,0,1,0,0,8,8,0,0,0,0,88,0,0,0,0,0,0,0,0,0,0,0,84,79,5,0,0,0,0,84,172
Gujarat,Porbandar,4,1,1,0,0,0,3,1,3,0,2,2,0,7,2,0,0,0,0,5,0,0,2,1,0,1,0,0,31,0,0,0,0,0,0,0,0,1,1,0,28,25,3,0,0,0,0,29,60
Gujarat,Rajkot City,37,12,0,1,0,0,1,20,0,0,0,0,0,102,12,0,0,0,0,11,0,0,57,57,0,0,0,0,241,0,0,0,0,0,0,0,0,5,5,0,88,78,8,2,0,0,0,93,334
Gujarat,Rajkot Rural,15,0,8,0,0,0,4,8,1,0,1,0,1,61,8,0,0,0,0,8,0,0,7,5,0,0,0,2,114,0,0,0,0,0,0,0,0,1,1,0,66,61,3,2,0,0,0,67,181
Gujarat,Sabarkantha,8,1,8,0,0,0,8,9,2,0,1,0,0,32,9,0,0,0,0,7,0,0,13,12,0,0,0,1,89,0,0,0,0,0,0,0,0,1,1,0,75,72,3,0,0,0,0,76,165
Gujarat,Surat City,85,12,6,1,0,0,40,28,0,0,0,1,2,341,18,0,0,0,0,17,0,0,148,133,0,0,0,15,681,0,0,0,0,0,0,0,0,3,3,0,261,214,47,0,0,0,0,264,945
Gujarat,Surat Rural,16,2,2,1,3,0,3,6,0,1,0,0,2,14,4,2,0,0,0,6,0,0,19,17,0,1,0,1,77,0,3,0,0,0,3,0,0,0,0,0,51,44,7,0,0,0,0,54,131
Gujarat,Surendranagar,8,0,15,0,0,0,3,11,1,2,6,0,0,17,15,0,0,0,0,8,0,0,5,5,0,0,0,0,76,0,0,0,0,0,0,0,0,1,1,0,72,64,8,0,0,0,0,73,149
Gujarat,Tapi,2,0,3,1,0,0,0,4,2,0,0,0,0,2,3,0,0,0,0,1,0,0,1,0,0,0,0,1,16,0,0,0,0,0,0,0,0,0,0,0,15,13,1,1,0,0,0,15,31
Gujarat,Vadodara City,38,1,1,0,0,0,10,25,1,1,7,0,1,76,2,1,0,0,0,3,0,0,31,22,0,1,0,8,196,1,1,0,0,1,0,0,0,10,9,1,78,72,3,3,0,0,0,90,286
Gujarat,Vadodara Rural,15,0,8,0,0,0,2,2,1,0,4,0,0,12,8,0,0,0,0,4,0,0,4,4,0,0,0,0,52,0,0,0,0,0,0,0,0,1,0,1,67,66,1,0,0,0,0,68,120
Gujarat,Valsad,9,0,3,0,1,0,1,3,0,0,0,0,0,6,3,0,0,0,0,7,0,0,37,37,0,0,0,0,67,0,0,0,0,0,0,0,0,2,2,0,35,33,0,2,0,0,0,37,104
Gujarat,W Rly Ahmedabad,0,0,0,0,0,0,2,0,0,0,0,0,0,0,0,0,0,0,0,0,0,0,0,0,0,0,0,0,2,0,0,0,0,0,0,0,0,0,0,0,1,0,0,1,0,0,0,1,3
Gujarat,W Rly Vadodara,0,0,1,0,0,0,2,9,0,0,1,0,0,0,1,0,0,0,0,0,0,0,0,0,0,0,0,0,13,0,0,0,0,0,0,0,0,0,0,0,3,3,0,0,0,0,0,3,16
Gujarat,Cyber Ahmedabad Range,0,0,0,0,0,0,0,0,0,0,0,0,0,0,0,0,0,0,0,0,0,0,0,0,0,0,0,0,0,0,0,0,0,0,0,0,0,0,0,0,0,0,0,0,0,0,0,0,0
Gujarat,Cyber Bhavnagar Range,0,0,0,0,0,0,0,0,0,0,0,0,0,0,0,0,0,0,0,0,0,0,0,0,0,0,0,0,0,0,0,0,0,0,0,0,0,0,0,0,0,0,0,0,0,0,0,0,0
Gujarat,Cyber Border Range,0,0,0,0,0,0,0,0,0,0,0,0,0,0,0,0,0,0,0,0,0,0,0,0,0,0,0,0,0,0,0,0,0,0,0,0,0,0,0,0,1,1,0,0,0,0,0,1,1
Gujarat,Cyber Gandhinagar Range,0,0,0,0,0,0,0,0,0,0,0,0,0,0,0,0,0,0,0,0,0,0,0,0,0,0,0,0,0,0,0,0,0,0,0,0,0,0,0,0,0,0,0,0,0,0,0,0,0
Gujarat,Cyber Junagadh Range,0,0,0,0,0,0,0,0,0,0,0,0,0,0,0,0,0,0,0,0,0,0,0,0,0,0,0,0,0,0,0,0,0,0,0,0,0,1,1,0,0,0,0,0,0,0,0,1,1
Gujarat,Cyber Panchmahal Range,0,0,0,0,0,0,0,0,0,0,0,0,0,0,0,0,0,0,0,0,0,0,0,0,0,0,0,0,0,0,0,0,0,0,0,0,0,1,1,0,0,0,0,0,0,0,0,1,1
Gujarat,Cyber Rajkot Range,0,0,0,0,0,0,0,0,0,0,0,0,0,0,0,0,0,0,0,0,0,0,0,0,0,0,0,0,0,0,0,0,0,0,0,0,0,0,0,0,0,0,0,0,0,0,0,0,0
Gujarat,Cyber Surat Range,0,0,0,0,0,0,0,0,0,0,0,0,0,0,0,0,0,0,0,0,0,0,0,0,0,0,0,0,0,0,0,0,0,0,0,0,0,0,0,0,0,0,0,0,0,0,0,0,0
Gujarat,Cyber Vadodara Range,0,0,0,0,0,0,0,0,0,0,0,0,0,0,0,0,0,0,0,0,0,0,0,0,0,0,0,0,0,0,0,0,0,0,0,0,0,0,0,0,0,0,0,0,0,0,0,0,0
Haryana,Ambala,51,37,4,5,0,0,27,10,8,4,8,17,4,198,41,1,44,0,0,5,1,0,71,2,0,0,0,69,495,0,0,0,0,0,0,0,0,5,5,0,63,36,18,7,0,2,0,68,563
Haryana,Bhiwani,26,5,12,3,0,0,6,10,8,4,20,7,8,260,17,1,27,0,0,9,0,0,4,1,0,0,0,3,410,0,0,0,0,0,0,0,0,1,0,1,52,46,6,0,0,0,0,53,463
Haryana,Faridabad,104,9,4,3,0,5,14,37,7,4,15,26,24,384,13,1,49,0,0,11,0,0,371,9,0,0,0,362,1068,1,4,2,0,2,0,0,0,3,1,2,265,201,45,16,2,1,0,273,1341
Haryana,Fatehabad,31,2,42,2,1,0,4,13,10,2,12,7,4,82,44,0,1,0,0,10,0,0,26,16,0,0,0,10,249,1,0,0,0,0,0,0,0,0,0,0,64,43,16,5,0,0,1,66,315
Haryana,Grp,0,0,0,0,3,0,3,1,0,0,0,3,1,0,0,0,0,0,0,5,0,0,4,2,0,0,0,2,20,0,0,0,0,0,0,0,0,0,0,0,3,3,0,0,0,0,0,3,23
Haryana,Gurugram,189,16,26,13,2,2,38,21,13,5,41,107,15,361,42,1,63,0,0,10,1,0,248,228,0,1,0,19,1172,1,0,0,0,0,0,0,0,20,20,0,184,149,25,10,0,0,0,205,1377
Haryana,Hissar,60,17,38,8,2,3,22,9,25,5,31,14,8,143,55,1,31,0,0,5,0,0,44,2,0,0,0,42,466,0,0,0,0,0,0,0,0,11,11,0,99,71,26,1,0,1,0,110,576
Haryana,Jhajjar,40,9,5,3,0,12,21,7,11,3,13,16,8,140,14,1,36,0,0,6,0,0,94,7,0,0,0,87,425,0,0,0,0,0,0,0,0,4,4,0,60,48,12,0,0,0,0,64,489
Haryana,Jind,55,25,0,0,0,2,19,17,17,1,12,2,5,182,25,0,41,0,0,10,0,0,10,5,0,0,0,5,398,0,3,0,0,3,0,0,0,2,1,1,72,45,27,0,0,0,0,77,475
Haryana,Kaithal,42,71,0,1,0,5,18,6,8,4,4,6,4,71,71,4,30,0,0,4,0,0,35,0,0,0,0,35,313,0,2,0,0,0,0,2,0,1,0,1,50,37,8,4,1,0,0,53,366
Haryana,Karnal,93,52,0,8,0,17,64,8,16,3,32,24,10,278,52,4,44,0,0,10,0,0,161,0,0,0,0,161,824,0,0,0,0,0,0,0,0,6,6,0,148,114,27,7,0,0,0,154,978
Haryana,Kurukshetra,48,61,11,2,0,7,24,14,18,5,22,23,1,282,72,0,25,0,0,8,1,0,77,2,0,0,0,75,629,1,0,0,0,0,0,0,0,12,12,0,75,43,32,0,0,0,0,88,717
Haryana,Mahendergarh,23,5,0,1,0,1,7,9,14,0,11,5,5,91,5,0,20,0,0,3,0,0,16,10,0,1,0,5,211,0,0,0,0,0,0,0,0,0,0,0,27,20,5,2,0,0,0,27,238
Haryana,Nuh,52,28,5,3,1,3,7,8,21,0,0,4,11,135,33,1,26,0,0,10,0,0,13,5,0,0,0,8,328,0,0,0,0,0,0,0,0,0,0,0,57,43,13,1,0,0,0,57,385
Haryana,Palwal,62,16,0,0,0,7,7,6,15,2,6,1,16,219,16,1,41,0,0,8,1,0,42,33,0,1,0,8,450,1,0,0,0,0,0,0,0,1,1,0,70,60,10,0,0,0,0,72,522
Haryana,Panchkula,28,0,20,1,0,2,11,7,1,4,7,18,0,132,20,0,5,0,0,0,0,0,92,2,0,0,0,90,328,0,0,0,0,0,0,0,0,0,0,0,68,52,12,3,1,0,0,68,396
Haryana,Panipat,104,85,34,0,0,8,45,5,4,6,7,10,11,235,119,1,16,0,0,10,1,0,238,3,1,0,0,234,820,0,2,2,0,0,0,0,0,3,2,1,177,133,37,7,0,0,0,182,1002
Haryana,Rewari,85,6,9,9,0,3,12,16,8,3,30,18,5,194,15,2,33,0,0,6,0,0,72,70,0,0,0,2,511,0,0,0,0,0,0,0,0,6,6,0,44,26,16,2,0,0,0,50,561
Haryana,Rohtak,80,10,17,2,0,6,13,18,16,2,27,15,7,242,27,1,15,0,0,5,0,0,128,0,0,0,0,128,604,2,1,1,0,0,0,0,0,7,7,0,79,65,12,1,1,0,0,89,693
Haryana,Sirsa,34,10,0,0,0,3,9,13,4,2,5,8,4,100,10,0,68,0,0,4,0,0,6,0,0,0,0,6,270,0,3,3,0,0,0,0,0,3,3,0,76,56,19,1,0,0,0,82,352
Haryana,Sonipat,80,25,0,0,0,7,43,27,12,1,17,23,17,198,25,0,44,0,0,5,0,0,207,1,0,0,0,206,706,0,0,0,0,0,0,0,0,0,0,0,112,66,36,10,0,0,0,112,818
Haryana,Yamunanagar,62,66,13,10,2,8,15,5,13,4,22,11,4,285,79,2,13,0,0,5,0,0,113,0,0,0,0,113,653,0,7,0,0,0,0,7,1,10,10,0,98,59,27,12,0,0,0,116,769
Haryana,Irrigation & Power,0,0,0,0,0,0,0,0,0,0,0,0,0,0,0,0,0,0,0,0,0,0,0,0,0,0,0,0,0,0,0,0,0,0,0,0,0,0,0,0,0,0,0,0,0,0,0,0,0
Haryana,Charkhi Dadri,16,0,0,1,1,8,8,4,8,1,4,12,2,104,0,1,18,0,0,3,0,0,8,0,0,0,0,8,199,0,0,0,0,0,0,0,0,2,2,0,27,20,7,0,0,0,0,29,228
Haryana,Hansi,18,2,1,0,0,0,2,10,10,0,8,10,3,74,3,1,10,0,0,3,0,0,2,0,0,0,0,2,154,0,0,0,0,0,0,0,0,1,0,1,29,23,5,1,0,0,0,30,184
Haryana,Dabwali,8,3,0,0,0,1,1,1,0,0,0,3,0,32,3,0,36,0,0,1,0,0,0,0,0,0,0,0,86,0,0,0,0,0,0,0,0,1,1,0,27,17,9,0,0,1,0,28,114
Himachal Pradesh,Baddi,23,0,3,0,0,2,7,5,1,0,4,0,0,12,3,0,0,0,0,4,0,0,32,31,0,0,0,1,93,0,3,0,0,0,0,3,0,2,2,0,0,0,0,0,0,0,0,5,98
Himachal Pradesh,Bilaspur,12,2,0,1,0,0,14,10,0,1,5,10,0,22,2,0,0,0,0,3,0,0,17,17,0,0,0,0,97,0,0,0,0,0,0,0,0,1,1,0,0,0,0,0,0,0,0,1,98
Himachal Pradesh,Chamba,26,3,7,0,1,0,19,12,0,3,3,4,0,7,10,0,0,0,0,2,0,0,23,23,0,0,0,0,110,0,1,0,0,0,0,1,0,0,0,0,0,0,0,0,0,0,0,1,111
Himachal Pradesh,Cid,0,0,0,0,0,0,0,0,0,0,0,0,0,0,0,0,0,0,0,0,0,0,0,0,0,0,0,0,0,0,0,0,0,0,0,0,0,0,0,0,0,0,0,0,0,0,0,0,0
Himachal Pradesh,Grp,0,0,0,0,0,0,0,0,0,0,0,0,0,0,0,0,0,0,0,0,0,0,0,0,0,0,0,0,0,0,0,0,0,0,0,0,0,0,0,0,0,0,0,0,0,0,0,0,0
Himachal Pradesh,Hamirpur,7,0,10,0,0,0,11,17,1,0,5,12,0,9,10,0,0,0,0,2,0,0,14,14,0,0,0,0,88,0,0,0,0,0,0,0,0,0,0,0,0,0,0,0,0,0,0,0,88
Himachal Pradesh,Kangra,37,0,0,4,0,1,28,12,1,1,14,13,0,23,0,0,0,0,0,9,0,0,42,42,0,0,0,0,185,0,0,0,0,0,0,0,0,3,3,0,0,0,0,0,0,0,0,3,188
Himachal Pradesh,Kinnaur,6,0,0,0,0,1,1,1,0,0,1,0,0,1,0,0,0,0,0,0,0,0,7,7,0,0,0,0,18,0,0,0,0,0,0,0,0,2,2,0,0,0,0,0,0,0,0,2,20
Himachal Pradesh,Kullu,17,1,0,1,0,0,18,8,1,0,3,9,0,11,1,0,0,0,0,1,0,0,23,23,0,0,0,0,93,0,0,0,0,0,0,0,0,1,1,0,0,0,0,0,0,0,0,1,94
Himachal Pradesh,Lahaul & Spiti,0,0,0,0,0,0,0,1,0,0,0,0,0,0,0,0,0,0,0,0,0,0,0,0,0,0,0,0,1,0,0,0,0,0,0,0,0,0,0,0,0,0,0,0,0,0,0,0,1
Himachal Pradesh,Mandi,54,1,40,0,0,0,29,27,7,3,12,20,0,28,41,0,0,0,0,13,0,0,27,27,0,0,0,0,261,0,0,0,0,0,0,0,1,2,2,0,1,0,0,1,0,0,0,4,265
Himachal Pradesh,Shimla,46,0,28,0,0,0,11,40,0,0,5,6,0,16,28,0,0,0,0,4,0,0,9,9,0,0,0,0,165,0,0,0,0,0,0,0,0,0,0,0,11,11,0,0,0,0,0,11,176
Himachal Pradesh,Sirmaur,49,0,0,0,0,0,44,12,0,2,4,8,0,12,0,0,0,0,0,2,0,0,28,27,0,0,0,1,161,0,0,0,0,0,0,0,0,1,1,0,0,0,0,0,0,0,0,1,162
Himachal Pradesh,Solan,24,0,0,0,3,0,17,10,0,1,16,6,0,10,0,0,0,0,0,3,0,0,40,40,0,0,0,0,130,0,1,0,0,0,0,1,0,0,0,0,0,0,0,0,0,0,0,1,131
Himachal Pradesh,Una,15,0,2,0,0,0,9,3,1,0,4,7,0,27,2,0,0,0,0,6,0,0,25,25,0,0,0,0,99,0,0,0,0,0,0,0,0,2,2,0,2,0,2,0,0,0,0,4,103
Himachal Pradesh,Cyber,0,0,0,0,0,0,0,0,0,0,0,0,0,0,0,0,0,0,0,0,0,0,0,0,0,0,0,0,0,0,0,0,0,0,0,0,0,0,0,0,0,0,0,0,0,0,0,0,0
Himachal Pradesh,Nurpur,8,0,0,0,0,0,6,14,0,0,8,3,0,6,0,0,0,0,0,2,0,0,19,19,0,0,0,0,66,0,0,0,0,0,0,0,0,2,2,0,1,0,0,1,0,0,1,4,70
Jharkhand,Bokaro,25,0,0,0,0,0,55,35,0,0,20,0,7,0,0,0,0,0,0,0,0,0,64,26,0,0,0,38,206,0,0,0,0,0,0,0,0,0,0,0,8,8,0,0,0,0,0,8,214
Jharkhand,Chaibasa,64,0,0,2,2,0,8,5,1,0,2,5,1,7,0,0,1,0,0,1,0,0,13,9,4,0,0,0,112,6,0,0,0,0,0,0,0,4,4,0,0,0,0,0,0,0,0,10,122
Jharkhand,Chatra,39,15,5,0,1,1,12,8,0,0,0,0,11,8,20,0,0,0,0,0,0,0,17,6,0,0,0,11,117,48,1,0,0,0,1,0,0,0,0,0,36,18,18,0,0,0,0,85,202
Jharkhand,Deoghar,37,36,1,0,0,4,17,29,3,0,0,0,18,20,37,0,54,1,0,0,0,0,5,5,0,0,0,0,225,59,0,0,0,0,0,0,0,0,0,0,16,15,1,0,0,0,0,75,300
Jharkhand,Dhanbad,56,52,4,0,0,0,44,57,18,0,28,3,15,34,56,0,0,0,0,0,0,0,0,0,0,0,0,0,311,111,0,0,0,0,0,0,0,0,0,0,87,37,35,15,0,0,0,198,509
Jharkhand,Dhanbad Railway,0,0,0,0,0,0,0,2,0,0,0,0,0,0,0,0,0,0,0,0,0,0,0,0,0,0,0,0,2,0,0,0,0,0,0,0,0,0,0,0,0,0,0,0,0,0,0,0,2
Jharkhand,Dumka,32,1,5,0,0,1,14,5,13,1,2,0,8,11,6,0,34,0,0,0,0,0,0,0,0,0,0,0,127,26,0,0,0,0,0,0,0,0,0,0,38,38,0,0,0,0,0,64,191
Jharkhand,Garhwa,50,40,0,0,0,6,50,8,20,2,3,0,15,46,40,4,43,0,0,7,0,0,0,0,0,0,0,0,294,67,0,0,0,0,0,0,0,1,1,0,67,48,13,6,0,0,0,135,429
Jharkhand,Giridih,47,23,49,5,0,0,20,0,84,7,2,2,26,29,72,0,4,0,0,0,0,0,0,0,0,0,0,0,298,32,0,0,0,0,0,0,0,0,0,0,82,22,60,0,0,0,0,114,412
Jharkhand,Godda,30,79,6,0,2,5,11,0,45,0,3,0,3,20,85,0,0,0,0,5,0,0,8,6,2,0,0,0,217,39,0,0,0,0,0,0,0,0,0,0,41,18,23,0,0,0,0,80,297
Jharkhand,Gumla,35,9,15,0,0,0,13,0,0,0,0,0,0,0,24,0,0,0,0,3,0,0,11,0,0,0,0,11,86,19,0,0,0,0,0,0,5,1,1,0,28,28,0,0,0,0,0,53,139
Jharkhand,Hazaribagh,67,38,0,11,0,27,7,0,5,0,5,4,15,44,38,0,22,0,0,3,0,0,6,6,0,0,0,0,254,129,1,1,0,0,0,0,0,0,0,0,21,11,7,0,3,0,0,151,405
Jharkhand,Jamshedpur,58,60,0,0,0,18,73,0,0,0,0,0,2,67,60,0,0,0,0,6,0,0,38,38,0,0,0,0,322,109,0,0,0,0,0,0,0,0,0,0,58,58,0,0,0,0,0,167,489
Jharkhand,Jamshedpur Railway,0,1,0,0,0,0,1,0,0,0,0,1,0,1,1,0,0,0,0,0,0,0,0,0,0,0,0,0,4,0,0,0,0,0,0,0,0,0,0,0,1,1,0,0,0,0,0,1,5
Jharkhand,Jamtara,21,13,0,0,0,2,6,1,12,0,0,1,4,16,13,2,8,0,0,0,0,0,0,0,0,0,0,0,86,24,0,0,0,0,0,0,0,0,0,0,30,18,12,0,0,0,0,54,140
Jharkhand,Khunti,17,0,0,0,0,1,2,0,0,0,0,0,0,2,0,0,0,0,0,0,0,0,7,0,0,0,0,7,29,11,0,0,0,0,0,0,0,1,1,0,16,11,5,0,0,0,0,28,57
Jharkhand,Koderma,14,5,0,0,0,1,3,3,1,0,0,0,4,20,5,0,31,0,0,0,0,0,11,6,0,0,0,5,93,36,0,0,0,0,0,0,0,0,0,0,26,18,8,0,0,0,0,62,155
Jharkhand,Latehar,40,2,0,2,0,1,25,3,2,0,1,0,6,16,2,0,20,0,0,5,0,0,15,12,0,1,0,2,138,26,0,0,0,0,0,0,0,0,0,0,8,8,0,0,0,0,0,34,172
Jharkhand,Lohardagga,41,11,0,0,0,0,4,0,0,0,0,0,0,0,11,0,0,0,0,0,0,0,11,0,0,0,0,11,67,6,0,0,0,0,0,0,0,0,0,0,0,0,0,0,0,0,0,6,73
Jharkhand,Pakur,42,19,0,0,0,0,3,9,0,0,0,0,3,36,19,0,8,0,0,0,0,0,9,0,0,0,0,9,129,0,0,0,0,0,0,0,0,0,0,0,9,9,0,0,0,0,0,9,138
Jharkhand,Palamu,64,5,12,3,3,13,18,11,32,0,1,5,28,32,17,1,48,2,0,2,0,0,53,50,0,0,0,3,333,88,0,0,0,0,0,0,81,4,4,0,58,40,13,4,0,1,0,231,564
Jharkhand,Ramgarh,29,76,0,0,0,0,13,0,0,0,0,0,10,10,76,0,0,0,0,0,0,0,0,0,0,0,0,0,138,25,0,0,0,0,0,0,0,0,0,0,24,10,4,0,10,0,0,49,187
Jharkhand,Ranchi,163,34,0,0,0,0,15,54,0,0,0,0,16,95,34,0,0,0,0,0,0,0,28,0,0,0,0,28,405,101,0,0,0,0,0,0,0,0,0,0,73,50,23,0,0,0,0,174,579
Jharkhand,Sahebganj,42,12,0,0,0,12,26,0,0,0,0,0,6,38,12,0,17,0,0,0,1,0,8,8,0,0,0,0,162,93,0,0,0,0,0,0,0,0,0,0,53,53,0,0,0,0,0,146,308
Jharkhand,Saraikela,14,9,0,7,0,1,16,1,5,1,1,1,7,13,9,0,17,0,0,3,0,0,9,9,0,0,0,0,105,33,0,0,0,0,0,0,0,0,0,0,16,15,0,1,0,0,0,49,154
Jharkhand,Simdega,46,19,0,0,0,0,0,0,0,0,0,0,1,17,19,0,0,0,0,0,0,0,0,0,0,0,0,0,83,13,0,0,0,0,0,0,0,0,0,0,28,28,0,0,0,0,0,41,124
Karnataka,Bagalkot,9,0,0,0,0,0,44,0,106,0,3,2,2,35,0,0,0,0,0,10,1,0,42,42,0,0,0,0,254,20,0,0,0,0,0,0,0,0,0,0,66,56,5,5,0,0,0,86,340
Karnataka,Bengaluru City,168,1,2,16,2,1,897,180,66,29,109,97,25,619,3,3,0,0,0,47,0,1,802,792,0,2,0,8,3065,878,173,79,37,48,0,9,0,44,42,2,588,435,120,32,0,1,0,1683,4748
Karnataka,Bengaluru District,22,0,0,0,0,2,198,11,19,0,7,10,5,153,0,4,0,0,0,14,1,0,221,221,0,0,0,0,667,46,4,0,0,0,0,4,0,1,1,0,137,107,30,0,0,0,0,188,855
Karnataka,Belagavi District,16,4,0,0,0,1,83,7,99,0,9,3,3,117,4,0,1,0,0,18,0,0,84,84,0,0,0,0,445,14,4,4,0,0,0,0,0,7,7,0,135,111,13,11,0,0,0,160,605
Karnataka,Ballari,8,0,0,0,0,0,22,6,43,0,5,1,2,108,0,0,0,0,0,8,0,0,30,30,0,0,0,0,233,17,4,0,0,0,0,4,0,3,3,0,62,42,20,0,0,0,0,86,319
Karnataka,Bidar,11,0,0,0,0,0,44,5,2,0,0,2,2,116,0,0,0,0,0,6,0,0,39,35,4,0,0,0,227,23,3,0,2,0,0,1,0,0,0,0,59,40,0,19,0,0,0,85,312
Karnataka,Vijayapura,27,0,0,0,2,0,119,5,6,0,1,1,2,103,0,0,0,0,0,2,0,0,57,55,0,0,0,2,325,8,0,0,0,0,0,0,0,0,0,0,107,81,8,18,0,0,0,115,440
Karnataka,Chikkaballapura,18,0,0,0,0,0,70,3,50,2,5,1,2,53,0,0,0,0,0,9,0,0,42,41,0,1,0,0,255,11,7,7,0,0,0,0,0,0,0,0,186,166,0,20,0,0,0,204,459
Karnataka,Chamarajnagar,11,0,0,0,0,0,111,9,64,0,12,3,3,24,0,0,0,0,0,1,0,0,21,21,0,0,0,0,259,18,0,0,0,0,0,0,0,2,2,0,95,69,0,26,0,0,0,115,374
Karnataka,Chikkamagaluru,10,0,0,0,0,0,120,10,33,0,1,3,1,72,0,0,0,0,0,6,0,0,61,61,0,0,0,0,317,11,0,0,0,0,0,0,0,4,4,0,122,102,16,1,1,2,0,137,454
Karnataka,Chitradurga,18,0,0,0,0,0,241,10,121,14,22,3,4,121,0,0,0,0,0,8,0,0,17,6,0,0,0,11,579,53,0,0,0,0,0,0,0,0,0,0,152,115,37,0,0,0,0,205,784
Karnataka,Dakshina Kannada,9,0,0,0,0,0,41,14,4,7,7,4,0,30,0,0,0,0,0,2,2,0,18,18,0,0,0,0,138,4,1,1,0,0,0,0,0,3,3,0,67,38,13,14,2,0,0,75,213
Karnataka,Davanagere,20,0,0,0,0,2,97,14,90,0,4,0,6,59,0,1,0,0,0,4,0,0,109,75,0,5,0,29,406,76,8,0,0,0,0,8,0,2,2,0,113,100,1,12,0,0,0,199,605
Karnataka,Dharwad,5,0,0,0,0,0,24,4,6,0,0,1,1,24,0,0,0,0,0,4,0,0,14,12,0,2,0,0,83,1,0,0,0,0,0,0,0,3,3,0,51,41,4,5,0,1,0,55,138
Karnataka,Gadag,7,0,0,0,0,1,45,6,0,0,2,1,1,23,0,0,0,0,0,2,0,0,21,21,0,0,0,0,109,8,2,0,0,0,0,2,0,3,3,0,37,33,4,0,0,0,0,50,159
Karnataka,Kalaburgi,15,0,0,2,0,0,82,3,3,0,0,0,4,84,0,0,0,0,0,4,0,0,58,58,0,0,0,0,255,40,0,0,0,0,0,0,0,1,1,0,64,48,13,3,0,0,0,105,360
Karnataka,Hassan,22,0,0,1,0,1,170,21,44,0,6,2,6,90,0,0,0,0,0,9,0,0,71,71,0,0,0,0,443,69,2,0,0,0,0,2,0,12,12,0,163,138,25,0,0,0,0,246,689
Karnataka,Haveri,17,0,0,0,0,0,54,19,48,1,0,1,2,33,0,0,0,0,0,2,0,0,37,34,0,0,0,3,214,24,4,0,0,0,0,4,0,0,0,0,125,110,0,15,0,0,0,153,367
Karnataka,Hubballi Dharwad City,13,0,0,0,0,0,52,1,6,1,20,5,4,97,0,0,1,0,0,4,0,0,39,37,0,0,0,2,243,0,1,1,0,0,0,0,0,3,3,0,71,47,17,7,0,0,0,75,318
Karnataka,Kgf,4,0,0,0,0,1,30,4,6,0,4,1,1,8,0,0,0,0,0,6,0,0,22,22,0,0,0,0,87,18,2,0,2,0,0,0,0,4,4,0,48,38,4,6,0,0,0,72,159
Karnataka,Kodagu,4,0,0,0,0,0,39,9,5,0,7,5,0,21,0,1,1,0,0,6,0,0,29,29,0,0,0,0,127,6,1,0,0,0,0,1,0,1,1,0,80,59,21,0,0,0,0,88,215
Karnataka,Kolar,4,0,1,0,1,0,65,12,29,0,2,1,5,26,1,0,1,0,0,7,0,0,60,59,0,0,0,1,214,17,1,1,0,0,0,0,0,3,3,0,104,90,7,4,3,0,0,125,339
Karnataka,Koppal,12,0,0,0,0,0,119,0,0,0,0,0,2,58,0,0,0,0,0,4,0,0,19,18,0,0,0,1,214,0,0,0,0,0,0,0,0,2,2,0,72,59,0,13,0,0,0,74,288
Karnataka,Mandya,5,0,0,1,0,0,106,17,108,0,4,1,4,62,0,3,0,0,0,15,0,0,67,67,0,0,0,0,393,42,0,0,0,0,0,0,0,9,9,0,162,129,31,2,0,0,0,213,606
Karnataka,Mangaluru City,25,0,0,0,1,0,47,23,3,4,13,5,0,20,0,0,0,0,0,0,0,0,28,28,0,0,0,0,169,39,0,0,0,0,0,0,0,7,7,0,65,36,22,5,2,0,0,111,280
Karnataka,Mysuru City,23,0,1,0,0,0,35,11,7,0,10,2,5,17,1,0,0,0,0,5,0,0,44,44,0,0,0,0,160,119,14,14,0,0,0,0,0,1,1,0,69,52,17,0,0,0,0,203,363
Karnataka,Mysuru District,12,0,0,0,0,0,155,22,72,0,4,1,3,106,0,0,0,0,0,0,0,0,70,70,0,0,0,0,445,16,0,0,0,0,0,0,0,0,0,0,141,125,16,0,0,0,0,157,602
Karnataka,Raichur,19,0,0,0,0,0,159,12,11,1,1,1,2,117,0,1,1,0,0,2,0,0,35,34,0,1,0,0,362,67,0,0,0,0,0,0,0,0,0,0,94,83,11,0,0,0,0,161,523
Karnataka,Krailways,0,0,0,0,0,0,4,2,0,0,0,0,0,0,0,1,0,0,0,2,0,0,4,4,0,0,0,0,13,0,0,0,0,0,0,0,0,0,0,0,5,1,4,0,0,0,0,5,18
Karnataka,Ramanagara,9,0,0,1,0,0,157,13,36,3,5,3,1,49,0,1,0,0,0,0,0,0,80,80,0,0,0,0,358,40,3,0,0,0,0,3,0,6,6,0,119,97,22,0,0,0,0,168,526
Karnataka,Shimoga,18,0,0,0,0,0,216,19,43,3,10,6,2,88,0,0,0,0,0,9,0,0,76,74,0,0,0,2,490,100,0,0,0,0,0,0,0,2,2,0,225,178,27,18,0,2,0,327,817
Karnataka,Tumakuru,30,0,0,0,0,0,251,26,65,0,6,4,5,51,0,1,0,0,0,3,0,0,121,118,0,0,0,3,563,104,4,3,0,0,0,1,0,0,0,0,187,185,2,0,0,0,0,295,858
Karnataka,Udupi,14,0,0,0,0,0,66,4,0,0,3,3,0,64,0,0,0,0,0,7,0,0,13,10,0,0,0,3,174,12,3,0,3,0,0,0,0,0,0,0,59,37,12,8,1,1,0,74,248
Karnataka,Uttara Kannada,12,0,0,0,0,0,158,16,40,1,11,8,0,43,0,0,0,0,0,3,0,0,43,43,0,0,0,0,335,18,1,0,0,0,0,1,0,7,7,0,81,60,19,2,0,0,0,107,442
Karnataka,Yadgiri,15,0,0,0,1,0,124,12,0,0,0,2,0,46,0,1,0,0,0,2,0,0,27,26,0,0,0,1,230,18,0,0,0,0,0,0,0,0,0,0,53,45,7,1,0,0,0,71,301
Karnataka,Belagavi City,12,0,0,1,0,1,45,7,2,0,7,3,3,63,0,0,0,0,0,3,0,0,36,34,0,1,0,1,183,3,4,0,0,0,0,4,0,4,4,0,29,17,5,5,2,0,0,40,223
Karnataka,Kalaburgi City,19,0,0,0,0,0,56,0,0,0,0,1,2,76,0,0,0,1,0,3,0,0,36,36,0,0,0,0,194,36,6,0,6,0,0,0,0,1,1,0,26,24,2,0,0,0,0,69,263
Karnataka,Vijayanagara,8,0,0,0,1,0,81,1,30,0,4,1,2,71,0,0,0,0,0,4,0,0,39,31,8,0,0,0,242,15,0,0,0,0,0,0,0,0,0,0,79,75,1,3,0,0,0,94,336
Kerala,Alapuzha,53,1,0,3,0,2,245,39,7,7,19,47,0,257,1,1,0,0,0,4,0,0,8,5,0,0,0,3,693,0,0,0,0,0,0,0,48,19,19,0,309,111,139,56,0,3,0,376,1069
Kerala,Ernakulam Commr,109,0,0,1,0,1,89,130,4,8,44,56,0,156,0,0,0,0,0,2,0,0,7,4,0,0,0,3,607,1,0,0,0,0,0,0,26,2,2,0,147,63,64,18,2,0,0,176,783
Kerala,Ernakulam Rural,74,1,0,0,0,4,179,115,5,9,29,98,0,275,1,0,0,0,0,2,0,1,9,8,0,0,0,1,801,0,1,0,0,0,0,1,64,3,3,0,234,100,98,31,2,3,1,303,1104
Kerala,Idukki,23,1,0,0,0,3,71,88,22,2,11,34,1,64,1,0,1,0,0,0,0,0,6,6,0,0,0,0,327,0,0,0,0,0,0,0,22,3,1,2,206,124,58,22,2,0,0,231,558
Kerala,Kannur City,24,0,0,0,0,1,52,18,4,2,13,24,0,169,0,0,1,0,0,2,1,0,0,0,0,0,0,0,311,0,0,0,0,0,0,0,3,3,3,0,98,39,45,14,0,0,0,104,415
Kerala,Kasargod,18,0,0,0,0,0,34,45,4,1,10,25,0,108,0,0,0,0,0,3,0,0,5,5,0,0,0,0,253,0,0,0,0,0,0,0,8,4,4,0,135,47,78,8,2,0,0,147,400
Kerala,Kollam Commr,35,0,1,1,0,6,164,26,5,4,15,27,0,191,1,0,0,0,0,7,1,0,6,6,0,0,0,0,489,1,2,1,1,0,0,0,23,11,11,0,182,92,62,22,5,1,0,219,708
Kerala,Kollam Rural,40,0,0,0,0,1,156,37,19,5,23,27,0,132,0,0,0,0,0,2,1,0,1,1,0,0,0,0,444,0,0,0,0,0,0,0,29,1,1,0,198,112,62,22,1,1,0,228,672
Kerala,Kottayam,45,1,1,0,0,3,262,27,0,4,16,34,0,200,2,0,0,0,0,1,0,0,4,4,0,0,0,0,598,0,0,0,0,0,0,0,29,3,3,0,223,97,87,32,6,1,0,255,853
Kerala,Kozhikode Commr,51,0,0,4,0,0,53,61,4,2,14,29,0,297,0,0,0,0,0,1,0,0,8,8,0,0,0,0,524,0,0,0,0,0,0,0,8,0,0,0,133,59,64,10,0,0,0,141,665
Kerala,Kozhikode Rural,35,1,0,1,1,2,79,93,3,4,19,36,0,375,1,0,0,0,0,1,0,0,8,8,0,0,0,0,658,0,0,0,0,0,0,0,18,1,1,0,220,79,116,24,1,0,0,239,897
Kerala,Malappuram,73,0,1,4,0,1,103,85,15,9,40,42,0,703,1,0,0,0,0,5,0,0,7,4,0,0,0,3,1088,0,0,0,0,0,0,0,17,4,4,0,383,167,165,49,0,2,0,404,1492
Kerala,Palakkad,40,1,0,4,0,0,46,70,1,10,21,14,0,281,1,0,0,0,0,2,1,0,5,5,0,0,0,0,496,0,0,0,0,0,0,0,21,12,12,0,235,119,114,2,0,0,0,268,764
Kerala,Pathanamthitta,32,0,0,0,0,7,98,31,7,8,23,21,0,101,0,0,0,0,0,7,0,0,8,7,0,0,0,1,343,3,0,0,0,0,0,0,12,4,4,0,170,100,48,18,4,0,0,189,532
Kerala,Railways,2,0,0,0,0,0,29,27,0,1,1,13,0,0,0,0,0,0,0,0,0,0,0,0,0,0,0,0,73,0,0,0,0,0,0,0,0,0,0,0,10,5,4,1,0,0,0,10,83
Kerala,Thrissur Commr,58,0,0,3,0,5,65,49,1,4,17,23,0,257,0,0,0,0,0,2,0,0,4,2,1,0,0,1,488,0,1,0,0,0,0,1,40,0,0,0,154,61,68,25,0,0,0,195,683
Kerala,Thrissur Rural,35,0,0,5,0,1,78,53,3,4,18,39,0,221,0,0,0,0,0,2,0,0,1,1,0,0,0,0,460,0,0,0,0,0,0,0,24,14,14,0,165,74,73,17,1,0,0,203,663
Kerala,Trivandrum Commr,68,0,1,0,0,4,175,50,6,4,21,32,0,111,1,0,0,0,0,1,0,0,3,0,0,0,0,3,476,12,1,0,1,0,0,0,34,14,9,5,176,80,80,15,1,0,0,237,713
Kerala,Trivandrum Rural,88,1,0,1,2,6,262,69,7,4,22,43,0,305,1,0,0,0,0,4,0,0,6,6,0,0,0,0,820,0,0,0,0,0,0,0,58,3,3,0,320,157,127,33,3,0,0,381,1201
Kerala,Wayanadu,20,0,0,0,0,0,92,16,1,0,6,10,0,123,0,0,0,0,0,0,0,0,1,1,0,0,0,0,269,0,0,0,0,0,0,0,6,0,0,0,176,115,56,3,1,1,0,182,451
Kerala,Crime Branch,0,0,0,0,0,0,0,0,0,0,0,0,0,0,0,0,0,0,0,0,0,0,0,0,0,0,0,0,0,0,0,0,0,0,0,0,0,0,0,0,1,0,1,0,0,0,0,1,1
Kerala,Kannur Rural,17,0,0,3,0,0,35,31,0,3,3,17,0,132,0,0,0,0,0,0,1,0,6,6,0,0,0,0,248,0,0,0,0,0,0,0,6,0,0,0,76,38,27,11,0,0,0,82,330
Madhya Pradesh,Agar,21,0,0,0,0,0,0,21,0,4,9,2,0,14,0,0,0,0,0,3,0,0,16,16,0,0,0,0,90,0,0,0,0,0,0,0,0,0,0,0,41,26,15,0,0,0,0,41,131
Madhya Pradesh,Alirajpur,39,0,61,0,0,2,20,12,0,0,5,3,0,7,61,0,0,0,0,21,0,0,35,35,0,0,0,0,205,0,0,0,0,0,0,0,0,0,0,0,24,24,0,0,0,0,0,24,229
Madhya Pradesh,Anuppur,33,0,1,2,2,0,34,3,2,0,8,1,6,73,1,0,7,0,0,5,0,0,130,130,0,0,0,0,307,0,0,0,0,0,0,0,0,0,0,0,74,47,27,0,0,0,0,74,381
Madhya Pradesh,Ashok Nagar,16,2,0,1,1,1,43,18,0,2,6,5,8,113,2,0,0,0,0,12,1,0,46,45,0,1,0,0,275,0,0,0,0,0,0,0,0,0,0,0,119,87,32,0,0,0,0,119,394
Madhya Pradesh,Balaghat,36,0,0,2,0,0,16,19,1,1,23,6,6,96,0,0,0,0,0,2,0,0,176,176,0,0,0,0,384,1,0,0,0,0,0,0,0,0,0,0,93,60,33,0,0,0,0,94,478
Madhya Pradesh,Barwani,36,0,0,0,0,0,51,32,0,0,3,4,1,48,0,0,0,0,0,14,0,0,111,110,0,0,0,1,300,0,0,0,0,0,0,0,0,0,0,0,85,67,18,0,0,0,0,85,385
Madhya Pradesh,Betul,63,0,0,13,0,1,38,32,0,7,23,4,6,127,0,0,0,0,0,11,0,0,218,218,0,0,0,0,543,2,0,0,0,0,0,0,0,0,0,0,100,48,48,0,4,0,0,102,645
Madhya Pradesh,Bhind,31,0,0,2,0,1,21,30,0,0,0,3,20,116,0,0,0,0,0,0,0,0,115,113,0,0,0,2,339,0,0,0,0,0,0,0,0,0,0,0,60,16,44,0,0,0,0,60,399
Madhya Pradesh,Bhopal Commissionarate,184,2,3,25,2,2,159,38,4,6,68,24,15,501,5,0,1,1,0,15,0,1,414,382,0,0,0,32,1465,2,0,0,0,0,0,0,0,2,1,1,278,182,83,8,0,5,0,282,1747
Madhya Pradesh,Bhopal Railway,3,0,0,0,0,0,7,4,0,0,0,0,1,0,0,0,0,0,0,0,0,0,5,3,0,2,0,0,20,0,0,0,0,0,0,0,0,0,0,0,1,0,1,0,0,0,0,1,21
Madhya Pradesh,Burhanpur,17,0,4,0,2,1,27,2,0,1,2,1,0,45,4,0,0,0,0,8,0,0,64,64,0,0,0,0,174,0,0,0,0,0,0,0,0,0,0,0,48,29,19,0,0,0,0,48,222
Madhya Pradesh,Chhatarpur,74,0,0,5,8,1,64,42,0,3,14,1,21,230,0,0,0,0,0,9,0,0,241,240,0,0,0,1,713,2,0,0,0,0,0,0,0,5,5,0,69,33,34,2,0,0,0,76,789
Madhya Pradesh,Chhindwara,67,0,0,0,3,0,45,29,0,0,0,0,10,128,0,0,0,0,0,8,0,0,248,248,0,0,0,0,538,1,0,0,0,0,0,0,0,0,0,0,74,59,15,0,0,0,0,75,613
Madhya Pradesh,Damoh,36,0,0,0,0,0,31,3,0,11,13,2,9,48,0,0,0,0,0,10,0,0,169,169,0,0,0,0,332,0,0,0,0,0,0,0,0,0,0,0,34,11,23,0,0,0,0,34,366
Madhya Pradesh,Datia,36,0,0,0,0,0,44,5,0,0,0,0,6,95,0,0,0,0,0,6,0,0,81,79,0,0,0,2,273,1,1,0,0,0,0,1,0,4,4,0,33,9,24,0,0,0,0,39,312
Madhya Pradesh,Dewas,91,3,13,0,0,0,44,45,6,2,25,14,5,191,16,2,0,0,0,15,1,0,130,130,0,0,0,0,587,0,0,0,0,0,0,0,11,0,0,0,156,83,65,8,0,0,0,167,754
Madhya Pradesh,Dhar,89,0,3,4,0,0,27,38,1,1,30,12,9,111,3,0,0,0,0,26,0,0,314,312,0,0,0,2,665,0,0,0,0,0,0,0,0,0,0,0,250,195,51,0,1,3,0,250,915
Madhya Pradesh,Dindori,40,1,0,0,0,1,50,0,0,0,0,3,1,108,1,0,0,0,0,7,0,0,152,152,0,0,0,0,363,0,0,0,0,0,0,0,0,0,0,0,79,59,20,0,0,0,0,79,442
Madhya Pradesh,Guna,61,0,0,0,0,0,58,2,0,3,11,8,0,153,0,0,0,0,0,15,0,0,102,102,0,0,0,0,413,0,0,0,0,0,0,0,0,0,0,0,30,30,0,0,0,0,0,30,443
Madhya Pradesh,Gwalior,126,1,9,3,3,2,57,49,6,2,28,9,19,582,10,0,0,0,0,17,0,0,211,209,0,0,0,2,1124,0,0,0,0,0,0,0,0,16,2,14,73,49,24,0,0,0,0,89,1213
Madhya Pradesh,Harda,19,0,0,0,0,0,20,5,0,0,4,2,0,48,0,0,0,0,0,4,0,0,83,82,0,0,0,1,185,0,0,0,0,0,0,0,0,1,1,0,87,75,12,0,0,0,0,88,273
Madhya Pradesh,Narmadapuram,53,0,6,0,0,0,64,18,1,3,23,8,5,112,6,0,0,0,0,7,0,0,184,184,0,0,0,0,484,0,0,0,0,0,0,0,0,0,0,0,105,67,38,0,0,0,0,105,589
Madhya Pradesh,Indore Commissionarate,195,1,23,18,0,0,56,74,12,12,103,22,14,474,24,0,0,0,0,32,2,1,528,526,0,0,0,2,1567,0,2,0,0,2,0,0,0,5,4,1,310,203,104,3,0,0,0,317,1884
Madhya Pradesh,Indore Railway,1,0,0,0,1,0,4,1,0,0,0,0,0,1,0,0,0,0,0,0,0,0,0,0,0,0,0,0,8,0,0,0,0,0,0,0,0,0,0,0,4,2,2,0,0,0,0,4,12
Madhya Pradesh,Jabalpur,122,0,0,3,3,1,71,62,0,1,38,8,15,264,0,0,0,0,0,20,0,0,387,387,0,0,0,0,995,2,0,0,0,0,0,0,1,0,0,0,156,71,85,0,0,0,0,159,1154
Madhya Pradesh,Jabalpur Railway,3,0,0,0,0,0,6,0,0,0,0,1,0,1,0,0,0,0,0,1,0,0,10,10,0,0,0,0,22,0,0,0,0,0,0,0,0,0,0,0,5,4,1,0,0,0,0,5,27
Madhya Pradesh,Jhabua,58,0,0,0,0,1,47,3,0,0,1,1,0,18,0,0,0,0,0,13,0,0,244,244,0,0,0,0,386,0,0,0,0,0,0,0,0,0,0,0,34,22,10,2,0,0,0,34,420
Madhya Pradesh,Katni,21,0,0,1,0,0,16,16,1,5,6,0,11,59,0,0,0,0,0,5,0,0,222,222,0,0,0,0,363,0,0,0,0,0,0,0,0,1,1,0,41,16,25,0,0,0,0,42,405
Madhya Pradesh,Khandwa,40,0,0,1,0,0,64,22,0,2,11,4,2,50,0,0,3,0,0,8,0,0,120,120,0,0,0,0,327,0,0,0,0,0,0,0,0,0,0,0,172,111,46,15,0,0,0,172,499
Madhya Pradesh,Khargone,55,0,0,0,0,1,56,41,0,0,12,9,2,91,0,0,0,0,0,14,0,0,182,179,0,0,0,3,463,0,1,1,0,0,0,0,0,3,3,0,264,212,44,2,0,6,0,268,731
Madhya Pradesh,Mandla,38,0,1,3,0,0,14,13,0,1,9,0,3,77,1,0,1,0,0,4,0,0,187,187,0,0,0,0,351,2,0,0,0,0,0,0,0,0,0,0,70,53,17,0,0,0,0,72,423
Madhya Pradesh,Mandsaur,30,0,0,0,2,1,78,1,0,0,4,2,0,98,0,0,0,0,0,9,0,0,90,90,0,0,0,0,315,0,0,0,0,0,0,0,0,0,0,0,44,15,18,9,0,2,0,44,359
Madhya Pradesh,Morena,47,0,0,2,1,0,35,6,2,6,19,0,25,94,0,0,0,0,0,16,2,1,63,59,0,0,0,4,319,0,0,0,0,0,0,0,0,0,0,0,111,66,45,0,0,0,0,111,430
Madhya Pradesh,Narsinghpur,41,1,6,0,0,0,13,82,2,1,30,12,6,138,7,0,0,1,0,13,0,0,156,156,0,0,0,0,502,0,0,0,0,0,0,0,0,6,6,0,56,20,16,20,0,0,0,62,564
Madhya Pradesh,Neemuch,20,0,0,0,0,0,22,20,0,0,1,0,3,86,0,0,0,0,0,11,0,0,68,67,0,0,0,1,231,0,0,0,0,0,0,0,0,0,0,0,66,44,22,0,0,0,0,66,297
Madhya Pradesh,Panna,21,0,0,1,0,0,22,39,1,0,14,2,8,141,0,0,0,0,0,12,0,0,160,160,0,0,0,0,421,1,0,0,0,0,0,0,0,1,1,0,70,24,46,0,0,0,0,72,493
Madhya Pradesh,Raisen,35,0,4,0,0,0,42,62,1,7,0,2,2,85,4,0,0,0,0,11,0,0,169,169,0,0,0,0,420,0,0,0,0,0,0,0,0,3,3,0,206,149,41,6,0,10,0,209,629
Madhya Pradesh,Rajgarh,82,0,60,0,0,0,74,32,0,1,9,11,11,288,60,1,0,0,0,20,0,0,84,84,0,0,0,0,673,0,0,0,0,0,0,0,0,6,5,1,108,23,85,0,0,0,0,114,787
Madhya Pradesh,Ratlam,82,1,2,4,1,0,45,20,1,4,36,6,1,184,3,0,0,0,0,14,0,0,289,287,0,0,0,2,690,0,0,0,0,0,0,0,0,2,0,2,232,156,69,4,0,3,0,234,924
Madhya Pradesh,Rewa,63,7,0,0,2,1,63,7,3,4,2,13,23,184,7,0,0,0,0,13,0,0,344,342,0,0,0,2,729,5,0,0,0,0,0,0,0,7,7,0,61,40,21,0,0,0,0,73,802
Madhya Pradesh,Sagar,104,0,167,2,6,0,185,38,0,0,29,1,18,413,167,0,0,0,0,19,1,0,182,182,0,0,0,0,1165,0,0,0,0,0,0,0,0,0,0,0,214,136,78,0,0,0,0,214,1379
Madhya Pradesh,Satna,42,0,144,3,0,6,52,9,0,1,3,4,23,71,144,0,0,0,0,11,0,0,121,121,0,0,0,0,490,3,0,0,0,0,0,0,0,0,0,0,68,33,34,1,0,0,0,71,561
Madhya Pradesh,Seoni,39,0,117,0,0,0,65,0,0,0,0,4,8,151,117,0,0,0,0,13,0,0,101,101,0,0,0,0,498,0,0,0,0,0,0,0,0,0,0,0,67,30,37,0,0,0,0,67,565
Madhya Pradesh,Shahdol,65,1,3,5,4,1,37,26,3,1,19,3,5,170,4,0,1,0,0,13,0,0,198,198,0,0,0,0,555,0,0,0,0,0,0,0,0,0,0,0,121,88,33,0,0,0,0,121,676
Madhya Pradesh,Shajapur,45,1,0,7,1,0,59,27,2,1,21,8,8,102,1,0,0,0,0,4,2,0,153,153,0,0,0,0,441,0,0,0,0,0,0,0,0,0,0,0,102,57,28,17,0,0,0,102,543
Madhya Pradesh,Sheopur,16,0,1,0,0,0,21,9,0,0,0,0,4,37,1,0,0,0,0,5,0,0,47,47,0,0,0,0,140,0,0,0,0,0,0,0,0,0,0,0,31,21,9,1,0,0,0,31,171
Madhya Pradesh,Shivpuri,93,0,0,0,0,0,85,5,0,4,19,1,8,151,0,0,0,0,0,20,0,0,150,150,0,0,0,0,536,0,0,0,0,0,0,0,0,0,0,0,101,76,25,0,0,0,0,101,637
Madhya Pradesh,Sidhi,35,0,0,1,0,0,41,0,0,0,0,0,19,65,0,0,0,0,0,17,0,0,156,156,0,0,0,0,334,0,0,0,0,0,0,0,0,0,0,0,57,31,22,2,2,0,0,57,391
Madhya Pradesh,Sehore,83,1,68,3,0,0,38,21,2,3,47,4,8,146,69,0,0,0,0,15,0,0,2,2,0,0,0,0,441,0,0,0,0,0,0,0,0,0,0,0,192,117,55,0,20,0,0,192,633
Madhya Pradesh,Singrauli,85,4,1,3,0,0,49,16,0,1,12,8,18,198,5,3,0,0,0,21,0,0,161,161,0,0,0,0,580,1,0,0,0,0,0,0,0,0,0,0,136,94,42,0,0,0,0,137,717
Madhya Pradesh,Tikamgarh,45,0,6,2,2,0,63,0,0,0,3,2,6,19,6,0,0,0,0,6,0,0,95,95,0,0,0,0,249,0,0,0,0,0,0,0,0,2,0,2,94,67,26,0,1,0,0,96,345
Madhya Pradesh,Ujjain,87,6,4,3,0,1,55,69,4,11,39,11,13,218,10,0,0,0,0,10,0,0,217,216,0,0,0,1,748,0,3,1,0,2,0,0,0,0,0,0,129,102,4,23,0,0,0,132,880
Madhya Pradesh,Umaria,25,1,0,0,4,0,30,0,0,0,0,1,0,39,1,0,0,0,0,4,0,0,116,116,0,0,0,0,220,0,0,0,0,0,0,0,0,0,0,0,57,41,16,0,0,0,0,57,277
Madhya Pradesh,Vidisha,60,2,14,0,1,0,149,9,3,0,40,4,11,139,16,0,0,0,1,22,0,0,220,220,0,0,0,0,675,0,0,0,0,0,0,0,0,0,0,0,177,81,93,3,0,0,0,177,852
Madhya Pradesh,Cyber Crime Cell,0,0,0,0,0,0,0,0,0,0,0,0,0,0,0,0,0,0,0,0,0,0,0,0,0,0,0,0,0,0,0,0,0,0,0,0,0,54,54,0,0,0,0,0,0,0,0,54,54
Madhya Pradesh,Niwari,15,0,0,0,0,1,5,23,0,0,2,0,2,60,0,0,0,0,0,9,0,0,33,33,0,0,0,0,150,0,0,0,0,0,0,0,0,0,0,0,41,26,15,0,0,0,0,41,191
Madhya Pradesh,Bhopal Rural,13,0,0,0,0,0,29,9,0,0,0,2,7,34,0,0,0,0,0,5,0,0,47,43,0,0,0,4,146,0,0,0,0,0,0,0,0,0,0,0,62,41,16,4,1,0,0,62,208
Madhya Pradesh,Indore Rural,46,0,7,6,0,0,44,6,0,1,18,4,4,128,7,0,0,0,0,11,0,0,155,153,0,0,0,2,430,0,0,0,0,0,0,0,0,0,0,0,132,96,36,0,0,0,0,132,562
Madhya Pradesh,Pandhurna,2,0,0,0,0,0,4,1,0,0,2,0,0,13,0,0,0,0,0,4,0,0,40,40,0,0,0,0,66,0,0,0,0,0,0,0,0,0,0,0,9,4,5,0,0,0,0,9,75
Madhya Pradesh,Maihar,13,0,0,2,1,0,30,0,0,0,0,0,5,40,0,0,0,0,0,2,0,0,106,106,0,0,0,0,199,0,0,0,0,0,0,0,0,0,0,0,53,33,20,0,0,0,0,53,252
Madhya Pradesh,Mauganj,23,0,0,1,0,0,25,22,0,0,0,2,9,41,0,0,0,0,0,4,0,0,96,96,0,0,0,0,223,0,0,0,0,0,0,0,0,0,0,0,59,37,19,3,0,0,0,59,282
Maharashtra,Ahilyanagar,121,10,0,0,1,0,500,64,16,3,90,18,6,420,10,0,1,0,0,42,1,0,481,479,1,1,0,0,1774,0,15,0,15,0,0,0,0,2,2,0,368,184,184,0,0,0,0,385,2159
Maharashtra,Akola,35,0,4,0,0,0,90,74,5,9,43,5,9,264,4,0,0,0,0,5,0,0,107,107,0,0,0,0,650,0,0,0,0,0,0,0,0,0,0,0,178,70,108,0,0,0,0,178,828
Maharashtra,Amravati Commr,47,0,3,2,0,0,49,36,3,2,69,9,1,150,3,1,0,0,0,1,0,1,86,86,0,0,0,0,460,5,0,0,0,0,0,0,0,0,0,0,128,43,84,1,0,0,0,133,593
Maharashtra,Amravati Rural,42,1,0,4,0,0,54,64,6,1,67,18,2,238,1,1,0,0,0,7,0,0,181,181,0,0,0,0,686,0,0,0,0,0,0,0,0,1,0,1,177,80,96,0,0,1,0,178,864
Maharashtra,Chhatrapati Sambhajinagar Commr,92,3,0,5,0,0,170,60,6,1,85,10,11,266,3,5,1,0,0,12,1,0,175,173,0,0,0,2,903,0,9,6,3,0,0,0,0,0,0,0,152,69,83,0,0,0,0,161,1064
Maharashtra,Chhatrapati Sambhajinagar Rural,47,1,0,0,1,0,134,88,9,1,31,9,6,337,1,4,0,0,0,23,0,0,136,135,0,1,0,0,827,0,9,0,0,0,0,9,0,0,0,0,179,94,83,2,0,0,0,188,1015
Maharashtra,Beed,79,8,0,1,0,0,153,107,33,3,68,15,5,551,8,6,0,0,0,51,1,0,163,149,0,3,0,11,1244,0,6,0,0,0,0,6,0,0,0,0,171,91,80,0,0,0,0,177,1421
Maharashtra,Bhandara,19,0,0,1,0,0,25,29,5,0,17,5,0,25,0,0,0,0,0,2,0,0,66,66,0,0,0,0,194,0,1,1,0,0,0,0,0,1,1,0,83,51,31,1,0,0,0,85,279
Maharashtra,Buldhana,52,2,5,0,0,0,96,140,22,1,54,18,6,208,7,0,0,0,0,20,0,0,152,149,0,0,0,3,776,1,2,0,0,0,0,2,0,4,0,4,186,71,112,3,0,0,0,193,969
Maharashtra,Chandrapur,46,1,0,0,0,0,57,69,11,6,31,28,1,144,1,0,0,0,0,6,0,0,154,154,0,0,0,0,554,0,0,0,0,0,0,0,0,1,1,0,209,121,65,23,0,0,0,210,764
Maharashtra,Dhule,14,7,0,0,0,0,26,38,51,0,5,9,0,431,7,2,0,0,0,13,0,0,168,168,0,0,0,0,764,0,0,0,0,0,0,0,0,0,0,0,61,44,17,0,0,0,0,61,825
Maharashtra,Gadchiroli,11,0,2,1,0,0,8,14,4,1,8,2,0,10,2,0,1,0,0,2,0,0,59,59,0,0,0,0,123,0,0,0,0,0,0,0,0,0,0,0,88,71,16,1,0,0,0,88,211
Maharashtra,Gondia,30,1,0,2,1,0,25,15,9,5,30,16,0,32,1,0,0,0,0,4,1,0,117,117,0,0,0,0,288,2,0,0,0,0,0,0,0,0,0,0,104,80,24,0,0,0,0,106,394
Maharashtra,Hingoli,13,3,0,4,0,0,59,36,8,0,10,3,2,166,3,3,3,0,0,4,0,0,43,43,0,0,0,0,357,0,0,0,0,0,0,0,0,0,0,0,54,32,21,1,0,0,0,54,411
Maharashtra,Jalgaon,52,0,0,4,3,0,130,48,12,7,34,12,1,444,0,0,0,0,0,18,0,0,295,295,0,0,0,0,1060,0,4,1,0,3,0,0,0,4,3,1,184,95,87,2,0,0,0,192,1252
Maharashtra,Jalna,53,1,0,0,0,0,203,79,15,8,28,4,5,447,1,5,0,0,0,9,0,0,164,160,0,4,0,0,1021,0,0,0,0,0,0,0,0,0,0,0,120,55,65,0,0,0,0,120,1141
Maharashtra,Kolhapur,58,0,0,1,1,0,143,50,8,3,34,10,6,132,0,3,0,0,0,17,0,0,203,202,0,0,0,1,669,0,20,0,0,20,0,0,1,0,0,0,226,128,11,87,0,0,0,247,916
Maharashtra,Latur,41,0,5,3,1,0,132,34,8,7,22,5,2,389,5,2,5,0,0,16,0,0,175,174,0,0,0,1,847,0,0,0,0,0,0,0,0,8,7,1,106,61,45,0,0,0,0,114,961
Maharashtra,Mumbai Commr,411,4,1,32,1,0,857,286,37,71,467,676,8,855,5,7,2,0,0,31,2,0,1224,1222,0,0,0,2,4972,0,33,0,0,0,33,0,1,21,5,16,1331,610,684,35,1,1,0,1386,6358
Maharashtra,Mumbai Railway,2,0,0,0,0,0,42,31,0,0,10,9,0,0,0,0,0,0,0,2,0,0,25,25,0,0,0,0,121,0,0,0,0,0,0,0,0,0,0,0,22,5,7,9,0,1,0,22,143
Maharashtra,Nagpur Commr,136,3,0,19,0,0,146,96,14,11,101,24,3,294,3,0,0,0,0,16,0,0,359,356,0,2,0,1,1222,1,16,0,0,16,0,0,0,1,1,0,273,142,131,0,0,0,0,291,1513
Maharashtra,Nagpur Railway,2,0,0,0,0,0,5,2,0,0,1,1,0,0,0,0,0,0,0,2,0,0,0,0,0,0,0,0,13,0,0,0,0,0,0,0,0,0,0,0,6,1,5,0,0,0,0,6,19
Maharashtra,Nagpur Rural,34,2,0,8,1,0,44,34,7,5,34,16,2,38,2,1,0,0,0,10,0,0,161,153,0,0,0,8,397,1,0,0,0,0,0,0,0,5,0,5,155,86,14,55,0,0,0,161,558
Maharashtra,Nanded,38,1,0,0,1,0,206,27,6,5,21,9,4,366,1,0,0,0,0,20,0,0,181,179,0,0,0,2,885,0,1,0,0,0,0,1,1,0,0,0,182,103,77,2,0,0,0,184,1069
Maharashtra,Nandurbar,15,0,0,2,1,0,31,8,3,1,7,9,0,96,0,0,0,0,0,13,0,0,79,76,2,1,0,0,265,0,0,0,0,0,0,0,0,0,0,0,55,32,23,0,0,0,0,55,320
Maharashtra,Nasik Commr,62,0,0,0,0,0,169,0,0,0,7,11,2,169,0,0,0,0,0,11,0,0,255,254,0,0,0,1,686,0,4,0,0,0,0,4,0,2,2,0,121,58,63,0,0,0,0,127,813
Maharashtra,Nasik Rural,48,1,0,1,0,0,127,65,24,0,32,13,3,548,1,5,0,0,0,25,1,1,474,433,0,4,0,37,1368,1,3,0,0,2,1,0,0,3,2,1,251,144,97,10,0,0,0,258,1626
Maharashtra,Navi Mumbai,88,0,0,0,1,0,94,20,4,3,30,51,3,152,0,1,0,0,0,16,0,0,317,316,0,0,0,1,780,0,0,0,0,0,0,0,0,1,1,0,166,92,72,2,0,0,0,167,947
Maharashtra,Dharashiv,42,0,4,4,0,0,94,46,5,0,14,8,2,140,4,0,0,0,0,14,0,0,106,104,0,0,0,2,479,0,3,3,0,0,0,0,0,2,1,1,72,34,36,1,0,1,0,77,556
Maharashtra,Palghar,25,0,0,0,2,0,50,4,3,3,14,14,0,36,0,1,0,0,0,3,0,0,135,134,0,1,0,0,290,0,0,0,0,0,0,0,0,0,0,0,30,23,7,0,0,0,0,30,320
Maharashtra,Parbhani,33,2,0,0,0,0,52,39,6,1,24,4,5,220,2,0,0,0,0,12,0,0,73,72,0,0,0,1,471,0,0,0,0,0,0,0,0,3,3,0,128,61,34,32,1,0,0,131,602
Maharashtra,Pune Commr,244,3,0,0,1,0,222,159,18,24,165,64,4,514,3,6,0,0,0,29,1,0,602,602,0,0,0,0,2056,0,0,0,0,0,0,0,0,0,0,0,575,262,177,136,0,0,0,575,2631
Maharashtra,Pune Railway,0,0,0,0,0,0,2,2,0,0,0,0,0,0,0,0,0,0,0,0,0,0,3,3,0,0,0,0,7,0,0,0,0,0,0,0,0,0,0,0,0,0,0,0,0,0,0,0,7
Maharashtra,Pune Rural,103,2,2,8,1,0,291,58,33,5,87,27,5,215,4,1,0,0,0,28,0,0,379,379,0,0,0,0,1245,0,12,9,0,0,3,0,2,0,0,0,417,207,202,7,0,1,0,431,1676
Maharashtra,Raigad,27,0,1,4,0,0,64,18,1,5,29,21,1,44,1,0,0,0,0,9,0,0,103,103,0,0,0,0,327,0,0,0,0,0,0,0,1,0,0,0,119,76,40,1,2,0,0,120,447
Maharashtra,Ratnagiri,23,0,0,1,0,0,35,25,1,2,21,29,0,11,0,0,0,0,0,3,0,0,54,54,0,0,0,0,205,0,0,0,0,0,0,0,0,5,5,0,71,40,10,13,8,0,0,76,281
Maharashtra,Sangli,53,9,0,2,1,0,67,54,17,6,36,12,4,113,9,5,1,0,0,19,0,0,201,188,0,2,0,11,600,0,0,0,0,0,0,0,0,4,4,0,142,80,14,47,0,1,0,146,746
Maharashtra,Satara,46,0,2,1,0,0,138,62,20,7,52,20,0,150,2,1,2,0,0,16,0,0,222,220,0,0,0,2,739,0,0,0,0,0,0,0,0,1,0,1,222,120,56,45,1,0,0,223,962
Maharashtra,Sindhudurg,9,0,0,0,0,0,18,20,5,3,11,2,0,5,0,0,0,0,0,0,0,0,18,18,0,0,0,0,91,0,1,1,0,0,0,0,0,0,0,0,42,32,9,1,0,0,0,43,134
Maharashtra,Solapur Commr,45,0,1,0,0,0,67,10,6,2,36,11,0,161,1,0,1,0,0,6,0,0,67,67,0,0,0,0,413,0,0,0,0,0,0,0,0,0,0,0,109,43,66,0,0,0,0,109,522
Maharashtra,Solapur Rural,85,0,6,8,0,0,136,105,74,1,76,17,11,155,6,4,1,0,0,33,2,1,220,220,0,0,0,0,935,0,2,0,2,0,0,0,1,0,0,0,242,142,100,0,0,0,0,245,1180
Maharashtra,Thane Commr,203,1,0,0,3,0,280,65,11,15,95,89,6,463,1,9,0,0,0,24,1,0,794,793,0,0,0,1,2059,0,2,0,0,0,0,2,0,10,10,0,534,265,260,9,0,0,0,546,2605
Maharashtra,Thane Rural,52,0,0,1,1,0,64,24,3,0,12,9,2,47,0,0,0,0,0,3,0,0,131,128,0,0,0,3,349,0,0,0,0,0,0,0,0,0,0,0,121,68,51,2,0,0,0,121,470
Maharashtra,Wardha,18,0,0,0,0,0,25,38,5,3,16,6,0,63,0,0,0,0,0,5,0,0,120,120,0,0,0,0,299,0,0,0,0,0,0,0,0,3,2,1,110,59,51,0,0,0,0,113,412
Maharashtra,Washim,21,0,2,0,1,0,57,33,2,3,18,3,1,196,2,0,0,0,0,10,0,0,53,32,0,0,0,21,400,0,0,0,0,0,0,0,0,0,0,0,86,50,36,0,0,0,0,86,486
Maharashtra,Yavatmal,62,0,6,4,1,0,83,137,16,2,54,7,10,306,6,3,0,0,0,14,0,0,242,240,1,1,0,0,947,1,3,0,3,0,0,0,0,0,0,0,217,107,19,91,0,0,0,221,1168
Maharashtra,Pimpri Chinchwad Commr,108,0,0,9,0,0,102,57,11,3,87,26,3,204,0,12,0,0,0,34,0,0,397,397,0,0,0,0,1053,0,43,0,0,0,43,0,0,2,1,1,290,139,65,83,0,3,0,335,1388
Maharashtra,Chhatrapati Sambhajinagar Railway,2,0,0,0,0,0,12,10,0,0,0,3,0,0,0,0,0,0,0,0,0,0,5,5,0,0,0,0,32,0,0,0,0,0,0,0,0,0,0,0,3,2,0,1,0,0,0,3,35
Maharashtra,Mira Bhayandar Vasai Virar Commr,202,1,0,6,0,0,223,61,5,9,79,78,1,323,1,4,4,1,0,10,0,0,502,496,0,5,0,1,1509,0,0,0,0,0,0,0,0,5,4,1,379,199,139,38,2,1,0,384,1893
Manipur,Bishnupur,0,0,0,0,0,0,1,0,0,0,0,1,0,1,0,0,1,0,0,1,0,0,1,1,0,0,0,0,6,0,0,0,0,0,0,0,0,0,0,0,7,5,2,0,0,0,0,7,13
Manipur,Chandel,0,0,0,0,0,0,0,0,0,0,0,0,0,0,0,0,0,0,0,0,0,0,0,0,0,0,0,0,0,0,0,0,0,0,0,0,0,0,0,0,1,1,0,0,0,0,0,1,1
Manipur,Churachandpur,1,0,0,0,0,0,0,0,0,0,0,0,0,0,0,0,0,0,0,0,0,0,0,0,0,0,0,0,1,0,0,0,0,0,0,0,0,0,0,0,4,2,2,0,0,0,0,4,5
Manipur,Cid,0,0,0,0,0,0,0,0,0,0,1,0,0,0,0,0,0,0,0,0,0,0,0,0,0,0,0,0,1,0,0,0,0,0,0,0,0,4,4,0,0,0,0,0,0,0,0,4,5
Manipur,Imphal East,5,4,0,0,0,0,10,0,1,1,0,1,0,4,4,0,0,0,0,1,0,0,0,0,0,0,0,0,27,0,0,0,0,0,0,0,0,0,0,0,15,13,2,0,0,0,0,15,42
Manipur,Imphal West,8,2,0,1,0,0,32,0,1,4,0,2,0,2,2,0,9,0,0,2,1,0,3,1,0,0,1,1,67,0,0,0,0,0,0,0,0,1,1,0,7,6,1,0,0,0,0,8,75
Manipur,Senapati,1,0,0,0,0,0,1,0,0,0,0,0,0,0,0,0,0,0,0,0,0,0,0,0,0,0,0,0,2,0,0,0,0,0,0,0,0,0,0,0,2,2,0,0,0,0,0,2,4
Manipur,Tamenglong,0,0,0,0,0,0,0,0,0,0,0,0,0,0,0,0,0,0,0,0,0,0,0,0,0,0,0,0,0,0,0,0,0,0,0,0,0,0,0,0,1,1,0,0,0,0,0,1,1
Manipur,Thoubal,2,1,0,0,0,0,4,0,0,0,0,0,0,4,1,0,1,0,0,0,0,0,2,1,0,0,0,1,14,0,0,0,0,0,0,0,0,0,0,0,6,5,1,0,0,0,0,6,20
Manipur,Ukhrul,0,0,0,0,0,0,0,0,0,0,0,0,0,0,0,0,0,0,0,0,0,0,0,0,0,0,0,0,0,0,0,0,0,0,0,0,0,0,0,0,14,10,4,0,0,0,0,14,14
Manipur,Kakching,0,0,0,0,0,0,1,0,0,0,0,0,0,0,0,0,0,0,0,0,0,0,1,1,0,0,0,0,2,0,0,0,0,0,0,0,0,0,0,0,5,4,1,0,0,0,0,5,7
Manipur,Kamjong,0,0,0,0,0,0,0,0,0,0,0,0,0,0,0,0,0,0,0,0,0,0,0,0,0,0,0,0,0,0,0,0,0,0,0,0,0,0,0,0,0,0,0,0,0,0,0,0,0
Manipur,Kangpokpi,0,0,0,0,0,0,0,0,0,0,0,0,0,0,0,0,0,0,0,0,0,0,0,0,0,0,0,0,0,0,0,0,0,0,0,0,0,0,0,0,0,0,0,0,0,0,0,0,0
Manipur,Jiribam,0,0,0,0,0,0,2,0,0,0,0,0,0,0,0,0,1,0,0,0,0,0,0,0,0,0,0,0,3,0,0,0,0,0,0,0,0,0,0,0,0,0,0,0,0,0,0,0,3
Manipur,Noney,0,0,0,0,0,0,0,0,0,0,0,0,0,0,0,0,0,0,0,0,0,0,0,0,0,0,0,0,0,0,0,0,0,0,0,0,0,0,0,0,0,0,0,0,0,0,0,0,0
Manipur,Pherzawl,0,0,0,0,0,0,0,0,0,0,0,0,0,0,0,0,0,0,0,0,0,0,0,0,0,0,0,0,0,0,0,0,0,0,0,0,0,0,0,0,0,0,0,0,0,0,0,0,0
Manipur,Tengnoupal,2,0,0,0,0,0,1,0,0,0,0,0,0,1,0,0,0,0,0,0,0,0,0,0,0,0,0,0,4,0,0,0,0,0,0,0,0,0,0,0,1,1,0,0,0,0,0,1,5
Manipur,Narcotic,0,0,0,0,0,0,0,0,0,0,0,0,0,0,0,0,0,0,0,0,0,0,0,0,0,0,0,0,0,0,0,0,0,0,0,0,0,0,0,0,0,0,0,0,0,0,0,0,0
Meghalaya,Garo Hills East,2,0,2,0,0,1,1,0,0,0,0,1,0,1,2,0,1,0,0,0,0,0,1,1,0,0,0,0,10,0,0,0,0,0,0,0,0,0,0,0,12,10,2,0,0,0,0,12,22
Meghalaya,Garo Hills North,1,0,0,0,0,0,4,0,0,0,0,0,0,1,0,0,1,0,0,0,0,0,2,1,0,0,0,1,9,0,0,0,0,0,0,0,0,0,0,0,18,17,1,0,0,0,0,18,27
Meghalaya,Garo Hills South,2,0,0,0,0,0,1,0,0,0,0,0,0,1,0,0,0,0,0,0,0,0,0,0,0,0,0,0,4,0,0,0,0,0,0,0,0,0,0,0,14,9,4,0,0,1,0,14,18
Meghalaya,Garo Hills South West,1,0,0,0,0,0,2,0,0,0,0,2,0,1,0,0,1,0,0,0,0,0,1,1,0,0,0,0,8,1,0,0,0,0,0,0,0,0,0,0,13,13,0,0,0,0,0,14,22
Meghalaya,Garo Hills West,8,0,0,3,0,1,6,0,0,0,0,7,0,1,0,0,0,0,0,1,0,0,29,28,0,0,0,1,56,2,0,0,0,0,0,0,0,15,15,0,65,50,7,2,6,0,0,82,138
Meghalaya,Jaintia Hills West,3,0,0,0,0,0,1,0,0,0,0,0,0,0,0,0,0,0,0,0,0,0,0,0,0,0,0,0,4,0,0,0,0,0,0,0,0,0,0,0,34,31,3,0,0,0,0,34,38
Meghalaya,Jaintia Hills East,8,2,0,0,0,0,0,0,0,0,0,0,0,0,2,0,0,0,0,0,0,0,2,2,0,0,0,0,12,0,0,0,0,0,0,0,0,0,0,0,43,34,8,0,0,1,0,43,55
Meghalaya,Khasi Hills East,14,0,0,3,0,1,15,16,2,0,2,10,0,3,0,0,0,0,0,1,0,0,16,12,0,2,0,2,83,0,0,0,0,0,0,0,0,1,1,0,105,75,23,2,5,0,0,106,189
Meghalaya,Khasi Hills South West,0,0,0,0,0,0,0,0,0,0,0,1,0,0,0,0,0,0,0,0,0,0,0,0,0,0,0,0,1,0,0,0,0,0,0,0,0,3,3,0,11,9,2,0,0,0,0,14,15
Meghalaya,Khasi Hills West,1,0,0,0,0,0,0,0,0,0,0,0,0,1,0,0,0,0,0,0,0,0,1,0,0,0,0,1,3,0,0,0,0,0,0,0,0,0,0,0,37,34,3,0,0,0,0,37,40
Meghalaya,Ri-Bhoi,11,0,0,0,0,0,1,0,0,0,1,2,0,1,0,0,0,0,0,0,0,0,4,0,0,0,0,4,20,0,0,0,0,0,0,0,0,0,0,0,50,48,2,0,0,0,0,50,70
Meghalaya,Cyber Cell,0,0,0,0,0,0,0,0,0,0,0,0,0,0,0,0,0,0,0,0,0,0,0,0,0,0,0,0,0,0,0,0,0,0,0,0,0,0,0,0,0,0,0,0,0,0,0,0,0
Meghalaya,Khasi Hills Eastern West,6,0,0,0,0,0,0,0,0,0,0,0,0,0,0,0,0,0,0,0,0,0,0,0,0,0,0,0,6,0,0,0,0,0,0,0,0,0,0,0,18,15,2,0,1,0,0,18,24
Mizoram,Aizawl,12,0,0,1,0,1,9,9,0,4,0,1,0,0,0,0,0,0,0,0,0,0,0,0,0,0,0,0,37,0,0,0,0,0,0,0,0,0,0,0,65,39,25,1,0,0,0,65,102
Mizoram,Champhai,2,0,0,0,0,0,14,14,0,0,0,0,0,4,0,0,0,0,0,0,0,0,0,0,0,0,0,0,34,0,0,0,0,0,0,0,0,7,7,0,10,4,6,0,0,0,0,17,51
Mizoram,Kolasib,0,0,0,0,0,0,1,1,0,0,0,0,0,0,0,0,0,0,0,0,0,0,0,0,0,0,0,0,2,0,0,0,0,0,0,0,0,0,0,0,15,11,3,1,0,0,0,15,17
Mizoram,Lawngtlai,1,0,0,0,0,0,2,0,0,0,0,0,0,0,0,0,0,0,0,0,0,0,0,0,0,0,0,0,3,0,0,0,0,0,0,0,0,0,0,0,11,11,0,0,0,0,0,11,14
Mizoram,Lunglei,0,0,0,0,0,0,1,0,0,0,1,0,0,0,0,0,0,0,0,0,0,0,0,0,0,0,0,0,2,0,0,0,0,0,0,0,0,1,1,0,10,6,4,0,0,0,0,11,13
Mizoram,Mamit,1,0,0,0,0,0,0,2,0,0,0,0,0,2,0,0,0,0,0,0,0,0,0,0,0,0,0,0,5,0,0,0,0,0,0,0,0,0,0,0,19,18,1,0,0,0,0,19,24
Mizoram,Saiha,2,0,0,0,0,0,3,0,0,0,0,0,0,0,0,0,0,0,0,0,0,0,0,0,0,0,0,0,5,0,0,0,0,0,0,0,0,0,0,0,3,3,0,0,0,0,0,3,8
Mizoram,Serchhip,1,0,0,0,0,0,0,0,0,0,0,0,0,1,0,0,0,0,0,0,0,0,0,0,0,0,0,0,2,0,0,0,0,0,0,0,0,0,0,0,5,4,1,0,0,0,0,5,7
Mizoram,Spl Narcotic,0,0,0,0,0,0,0,0,0,0,0,0,0,0,0,0,0,0,0,0,0,0,0,0,0,0,0,0,0,0,0,0,0,0,0,0,0,0,0,0,0,0,0,0,0,0,0,0,0
Mizoram,Hnahthial,0,0,0,0,0,0,0,0,0,0,0,0,0,0,0,0,0,0,0,0,0,0,0,0,0,0,0,0,0,0,0,0,0,0,0,0,0,0,0,0,3,1,2,0,0,0,0,3,3
Mizoram,Khawzawl,1,0,0,0,0,0,0,0,0,0,0,0,0,1,0,0,0,0,0,0,0,0,0,0,0,0,0,0,2,0,0,0,0,0,0,0,0,0,0,0,0,0,0,0,0,0,0,0,2
Mizoram,Saitual,0,0,0,0,0,0,0,0,1,0,0,0,0,0,0,0,0,0,0,0,0,0,0,0,0,0,0,0,1,0,0,0,0,0,0,0,0,0,0,0,7,3,4,0,0,0,0,7,8
Mizoram,Cyber,0,0,0,0,0,0,0,0,0,0,0,0,0,0,0,0,0,0,0,0,0,0,0,0,0,0,0,0,0,0,0,0,0,0,0,0,0,10,10,0,0,0,0,0,0,0,0,10,10
Mizoram,Crime And Eou,0,0,0,0,0,0,0,0,0,0,0,0,0,0,0,0,0,0,0,0,0,0,0,0,0,0,0,0,0,0,0,0,0,0,0,0,0,0,0,0,0,0,0,0,0,0,0,0,0
Nagaland,Dimapur,2,0,0,0,0,0,6,4,1,0,0,0,0,2,0,0,0,0,0,0,0,0,1,1,0,0,0,0,16,0,0,0,0,0,0,0,0,0,0,0,4,2,1,1,0,0,0,4,20
Nagaland,Kiphire,1,0,0,0,0,0,0,0,0,0,0,0,0,0,0,0,0,0,0,0,0,0,0,0,0,0,0,0,1,0,0,0,0,0,0,0,0,0,0,0,0,0,0,0,0,0,0,0,1
Nagaland,Kohima,7,0,0,0,0,0,2,0,0,0,0,0,0,1,0,0,0,0,0,0,0,0,0,0,0,0,0,0,10,0,0,0,0,0,0,0,0,0,0,0,0,0,0,0,0,0,0,0,10
Nagaland,Longleng,0,0,0,0,0,0,0,0,0,0,0,0,0,0,0,0,0,0,0,0,0,0,0,0,0,0,0,0,0,0,0,0,0,0,0,0,0,0,0,0,0,0,0,0,0,0,0,0,0
Nagaland,Mokokchung,1,0,0,0,0,0,0,0,0,0,0,0,0,0,0,0,0,0,0,0,0,0,0,0,0,0,0,0,1,0,0,0,0,0,0,0,0,0,0,0,2,2,0,0,0,0,0,2,3
Nagaland,Mon,0,0,0,0,0,0,0,0,0,0,0,0,0,1,0,0,0,0,0,0,0,0,1,1,0,0,0,0,2,0,0,0,0,0,0,0,0,0,0,0,6,6,0,0,0,0,0,6,8
Nagaland,Peren,2,0,0,0,0,0,0,0,0,0,0,0,0,0,0,0,0,0,0,0,0,0,0,0,0,0,0,0,2,0,0,0,0,0,0,0,0,0,0,0,0,0,0,0,0,0,0,0,2
Nagaland,Phek,0,0,0,0,0,0,0,0,0,0,0,0,0,0,0,0,0,0,0,0,0,0,0,0,0,0,0,0,0,0,0,0,0,0,0,0,0,0,0,0,1,1,0,0,0,0,0,1,1
Nagaland,Tuensang,0,0,0,0,0,0,0,0,2,0,0,0,0,0,0,0,0,0,0,0,0,0,1,0,0,0,0,1,3,0,0,0,0,0,0,0,0,0,0,0,2,0,2,0,0,0,0,2,5
Nagaland,Wokha,0,0,0,0,0,0,0,0,0,0,0,0,0,0,0,0,0,0,0,0,0,0,0,0,0,0,0,0,0,0,0,0,0,0,0,0,0,0,0,0,0,0,0,0,0,0,0,0,0
Nagaland,Zunheboto,0,0,0,0,0,1,1,0,0,0,0,0,0,0,0,0,0,0,0,0,0,0,0,0,0,0,0,0,2,0,0,0,0,0,0,0,0,0,0,0,0,0,0,0,0,0,0,0,2
Nagaland,Noklak,1,0,0,0,0,0,0,0,0,0,0,0,0,0,0,0,0,0,0,0,0,0,0,0,0,0,0,0,1,0,0,0,0,0,0,0,0,0,0,0,0,0,0,0,0,0,0,0,1
Nagaland,Shamator,0,0,0,0,0,0,0,0,0,0,0,0,0,0,0,0,0,0,0,0,0,0,0,0,0,0,0,0,0,0,0,0,0,0,0,0,0,0,0,0,0,0,0,0,0,0,0,0,0
Nagaland,Tseminyu,0,0,0,0,0,0,0,0,0,0,0,0,0,0,0,0,0,0,0,0,0,0,0,0,0,0,0,0,0,0,0,0,0,0,0,0,0,0,0,0,1,0,0,1,0,0,0,1,1
Nagaland,Crime,0,0,0,0,0,0,0,0,0,0,0,0,0,0,0,0,0,0,0,0,0,0,0,0,0,0,0,0,0,0,0,0,0,0,0,0,0,0,0,0,0,0,0,0,0,0,0,0,0
Nagaland,Cyber Security,0,0,0,0,0,0,0,0,0,0,0,0,0,0,0,0,0,0,0,0,0,0,0,0,0,0,0,0,0,0,0,0,0,0,0,0,0,2,2,0,0,0,0,0,0,0,0,2,2
Nagaland,Narcotics,0,0,0,0,0,0,0,0,0,0,0,0,0,0,0,0,0,0,0,0,0,0,0,0,0,0,0,0,0,0,0,0,0,0,0,0,0,0,0,0,0,0,0,0,0,0,0,0,0
Odisha,Angul,37,0,0,0,1,6,176,49,81,6,12,13,4,256,0,7,0,0,0,0,1,0,124,124,0,0,0,0,773,0,5,0,0,0,0,5,0,12,12,0,52,51,1,0,0,0,0,69,842
Odisha,Balasore,56,0,0,0,1,4,8,34,84,0,9,5,13,158,0,0,0,0,0,0,0,0,533,533,0,0,0,0,905,0,0,0,0,0,0,0,0,39,25,14,115,90,25,0,0,0,0,154,1059
Odisha,Baragarh,38,0,0,0,1,6,73,22,46,2,11,16,3,82,0,0,0,0,0,0,0,0,151,151,0,0,0,0,451,0,0,0,0,0,0,0,0,20,14,6,45,28,17,0,0,0,0,65,516
Odisha,Berhampur,43,0,0,0,2,2,241,27,78,5,15,18,4,196,0,0,0,0,0,0,0,0,141,141,0,0,0,0,772,0,3,0,0,0,0,3,0,13,9,4,71,41,30,0,0,0,1,88,860
Odisha,Bhadrak,44,0,0,0,0,2,169,54,127,2,8,17,26,183,0,0,0,0,0,0,0,0,464,464,0,0,0,0,1096,0,1,0,0,0,1,0,0,53,35,18,60,44,16,0,0,0,0,114,1210
Odisha,Bolangir,13,0,0,1,1,8,57,15,33,3,17,21,2,144,0,0,0,0,0,0,0,0,238,238,0,0,0,0,553,0,1,0,0,0,0,1,0,38,0,38,69,53,16,0,0,0,0,108,661
Odisha,Boudh,4,0,0,0,0,0,10,7,44,0,5,7,4,44,0,0,0,0,0,0,0,0,57,57,0,0,0,0,182,0,0,0,0,0,0,0,0,3,2,1,12,9,3,0,0,0,0,15,197
Odisha,Cuttack,30,0,0,0,0,3,376,42,98,10,11,24,24,118,0,0,0,0,0,0,0,0,241,241,0,0,0,0,977,0,1,0,0,0,0,1,0,28,14,14,108,68,40,0,0,0,0,137,1114
Odisha,Dcp Bbsr,72,0,0,0,0,2,5,10,6,3,12,0,0,28,0,0,0,0,0,0,2,0,201,201,0,0,0,0,341,0,1,0,0,0,0,1,0,59,44,15,140,77,63,0,0,0,0,200,541
Odisha,Dcp Ctc,27,0,0,0,0,1,385,72,57,9,27,21,4,189,0,0,0,0,0,0,0,0,143,143,0,0,0,0,935,0,0,0,0,0,0,0,0,30,27,3,90,76,14,0,0,0,0,120,1055
Odisha,Deogarh,24,0,0,0,0,0,80,4,19,0,8,2,0,109,0,0,0,0,0,0,0,0,43,43,0,0,0,0,289,0,0,0,0,0,0,0,0,9,9,0,17,15,2,0,0,0,0,26,315
Odisha,Dhenkanal,39,0,0,0,1,5,484,50,97,5,27,64,6,247,0,0,0,0,0,0,0,0,181,181,0,0,0,0,1206,0,1,0,0,0,0,1,0,18,7,11,51,37,14,0,0,0,3,73,1279
Odisha,Gajapati,23,0,0,0,0,0,77,6,32,0,5,8,1,38,0,0,0,0,0,0,0,0,33,33,0,0,0,0,223,0,0,0,0,0,0,0,0,2,0,2,55,51,4,0,0,0,0,57,280
Odisha,Ganjam,96,0,0,0,0,2,683,64,137,5,20,50,10,698,0,0,0,0,0,0,0,0,252,252,0,0,0,0,2017,0,2,0,0,0,0,2,0,38,30,8,97,56,41,0,0,0,0,137,2154
Odisha,Jagatsinghpur,52,0,0,0,0,12,499,67,91,6,20,33,16,137,0,0,0,0,0,0,0,0,200,200,0,0,0,0,1133,0,2,0,0,0,0,2,0,48,13,35,88,46,42,0,0,0,1,139,1272
Odisha,Jajpur,73,0,0,0,0,5,857,110,80,5,13,43,8,259,0,0,0,0,0,0,0,1,417,417,0,0,0,0,1871,0,0,0,0,0,0,0,0,44,44,0,185,95,90,0,0,0,0,229,2100
Odisha,Jharsuguda,13,0,0,1,0,0,13,17,9,3,10,3,4,48,0,0,0,0,0,0,0,0,85,85,0,0,0,0,206,0,0,0,0,0,0,0,0,11,8,3,33,22,11,0,0,0,0,44,250
Odisha,Kalahandi,58,0,0,0,0,3,94,39,35,7,10,28,0,179,0,0,0,0,0,0,0,0,152,152,0,0,0,0,605,0,0,0,0,0,0,0,0,20,14,6,98,79,19,0,0,0,0,118,723
Odisha,Kandhamal,43,0,0,0,1,0,208,22,89,0,8,16,4,142,0,0,0,0,0,0,0,1,104,104,0,0,0,0,638,0,1,0,0,0,0,1,0,4,2,2,70,70,0,0,0,0,0,75,713
Odisha,Kendrapara,40,0,0,0,1,19,144,63,157,7,12,25,17,174,0,0,0,0,0,0,0,0,292,292,0,0,0,0,951,0,2,0,0,0,0,2,0,42,19,23,88,47,41,0,0,0,0,132,1083
Odisha,Keonjhar,53,0,0,0,1,7,396,22,35,1,12,27,3,217,0,0,0,0,0,0,0,0,279,279,0,0,0,0,1053,0,0,0,0,0,0,0,0,17,7,10,116,108,8,0,0,0,0,133,1186
Odisha,Khurda,25,0,0,0,0,1,581,21,88,4,3,18,4,137,0,0,0,0,0,0,0,0,194,194,0,0,0,0,1076,0,0,0,0,0,0,0,0,11,10,1,65,41,24,0,0,0,0,76,1152
Odisha,Koraput,83,0,0,0,1,1,217,26,37,3,12,5,2,155,0,0,0,0,0,0,0,0,121,121,0,0,0,0,663,0,0,0,0,0,0,0,0,8,8,0,91,64,27,0,0,0,0,99,762
Odisha,Malkangiri,18,0,0,0,1,3,73,23,5,5,17,4,1,53,0,0,0,0,0,0,0,0,130,130,0,0,0,0,333,0,0,0,0,0,0,0,0,33,29,4,74,65,9,0,0,0,0,107,440
Odisha,Mayurbhanj,61,0,0,0,2,8,484,56,65,4,5,12,8,276,0,0,0,0,0,0,0,0,352,352,0,0,0,0,1333,0,3,0,0,0,0,3,0,20,13,7,126,104,22,0,0,0,0,149,1482
Odisha,Nayagarh,33,0,0,0,0,4,2,0,1,0,2,0,7,72,0,0,0,0,0,0,0,1,149,149,0,0,0,0,271,0,0,0,0,0,0,0,0,27,14,13,67,46,21,0,0,0,2,96,367
Odisha,Nabarangpur,20,0,0,0,0,3,198,22,33,1,5,19,1,100,0,0,0,0,0,0,0,0,106,106,0,0,0,0,508,0,0,0,0,0,0,0,0,13,11,2,55,42,13,0,0,0,0,68,576
Odisha,Nuapada,8,0,0,0,0,0,44,7,8,0,4,9,0,42,0,0,0,0,0,0,0,0,80,80,0,0,0,0,202,0,0,0,0,0,0,0,0,6,2,4,24,19,5,0,0,0,0,30,232
Odisha,Puri,46,0,0,0,0,0,45,40,70,4,2,9,14,117,0,0,0,0,0,0,1,0,302,302,0,0,0,0,650,0,0,0,0,0,0,0,0,16,14,2,76,44,32,0,0,0,0,92,742
Odisha,Rayagada,13,0,0,0,1,2,26,10,13,1,8,1,2,99,0,0,0,0,0,0,0,0,54,54,0,0,0,0,230,0,0,0,0,0,0,0,0,1,0,1,54,42,12,0,0,0,0,55,285
Odisha,Rourkela,33,0,0,0,1,1,211,21,10,3,15,18,1,148,0,0,0,0,0,0,0,0,120,120,0,0,0,0,582,0,0,0,0,0,0,0,0,15,6,9,63,61,2,0,0,0,0,78,660
Odisha,Sambalpur,19,0,0,0,0,0,161,39,26,3,10,21,3,144,0,0,0,0,0,0,0,0,127,127,0,0,0,0,553,1,0,0,0,0,0,0,0,14,7,7,65,46,19,0,0,0,0,80,633
Odisha,Sonepur,8,0,0,0,0,4,107,3,30,1,6,17,2,32,0,0,0,0,0,0,0,0,56,56,0,0,0,0,266,0,0,0,0,0,0,0,0,3,1,2,22,19,3,0,0,0,0,25,291
Odisha,Srp(Cuttack),1,0,0,0,0,0,0,1,1,0,0,1,0,0,0,0,0,0,0,0,0,0,2,2,0,0,0,0,6,0,0,0,0,0,0,0,0,0,0,0,1,1,0,0,0,0,0,1,7
Odisha,Srp(Rourkela),0,0,0,0,0,1,3,0,0,0,0,0,0,0,0,0,0,0,0,0,0,0,3,3,0,0,0,0,7,0,0,0,0,0,0,0,0,0,0,0,1,0,1,0,0,0,0,1,8
Odisha,Sundargarh,21,0,0,0,1,3,112,17,17,3,4,7,2,88,0,0,0,0,0,0,0,0,80,80,0,0,0,0,355,1,0,0,0,0,0,0,0,4,2,2,39,29,10,0,0,0,2,46,401
Odisha,Cid Cb,1,0,0,0,0,0,0,0,0,0,0,0,0,0,0,0,0,0,0,0,0,0,0,0,0,0,0,0,1,0,0,0,0,0,0,0,0,0,0,0,0,0,0,0,0,0,0,0,1
Punjab,Amritsar Rural,19,46,51,0,0,1,46,1,0,0,0,0,3,27,97,0,0,0,0,0,1,0,0,0,0,0,0,0,195,0,0,0,0,0,0,0,0,1,1,0,24,24,0,0,0,0,0,25,220
Punjab,Barnala,8,0,0,0,0,0,0,6,5,6,0,0,4,12,0,0,24,0,0,2,0,0,9,9,0,0,0,0,76,0,0,0,0,0,0,0,0,0,0,0,5,5,0,0,0,0,0,5,81
Punjab,Batala,9,7,45,0,0,1,6,5,2,0,5,0,2,33,52,0,0,0,0,12,0,0,2,0,0,1,0,1,129,0,0,0,0,0,0,0,0,1,1,0,20,17,3,0,0,0,0,21,150
Punjab,Bathinda,14,8,58,0,0,0,7,5,3,2,2,2,2,25,66,0,0,0,0,11,0,0,2,0,0,0,0,2,141,0,0,0,0,0,0,0,0,1,0,1,34,31,2,1,0,0,0,35,176
Punjab,Cp Amritsar,37,17,64,0,0,0,23,0,0,0,0,1,1,73,81,0,0,0,0,10,0,0,0,0,0,0,0,0,226,0,0,0,0,0,0,0,0,2,0,2,28,14,14,0,0,0,0,30,256
Punjab,Cp Jalandhar,11,4,74,0,0,2,21,4,2,2,4,0,4,147,78,0,0,0,0,7,1,0,9,6,0,0,0,3,292,0,0,0,0,0,0,0,0,2,1,1,25,25,0,0,0,0,0,27,319
Punjab,Cp Ludhiana,32,2,218,0,0,0,28,16,1,1,7,4,6,101,220,0,0,0,0,0,0,0,6,0,0,0,0,6,422,1,0,0,0,0,0,0,0,0,0,0,79,66,13,0,0,0,0,80,502
Punjab,Faridkot,10,0,24,0,0,1,8,7,5,0,4,1,0,14,24,0,0,0,0,9,1,0,0,0,0,0,0,0,84,0,0,0,0,0,0,0,0,0,0,0,16,10,5,0,1,0,0,16,100
Punjab,Fatehgarh Sahib,4,2,28,0,0,0,13,0,0,0,0,1,1,54,30,0,0,0,0,4,0,0,0,0,0,0,0,0,107,0,0,0,0,0,0,0,0,0,0,0,10,8,2,0,0,0,0,10,117
Punjab,Fazilka,41,0,65,0,0,0,3,15,2,1,1,1,0,39,65,0,0,0,0,10,0,0,2,0,0,0,0,2,180,0,0,0,0,0,0,0,0,0,0,0,42,33,9,0,0,0,0,42,222
Punjab,Ferozepur,22,5,47,0,0,0,14,0,0,0,0,5,0,44,52,0,0,0,0,7,0,0,0,0,0,0,0,0,144,0,0,0,0,0,0,0,1,0,0,0,14,14,0,0,0,0,0,15,159
Punjab,Grp,1,0,0,0,1,0,3,1,0,0,0,0,0,0,0,0,0,0,0,4,0,0,1,1,0,0,0,0,11,0,0,0,0,0,0,0,0,0,0,0,1,1,0,0,0,0,0,1,12
Punjab,Gurdaspur,13,1,21,0,0,1,5,1,0,0,1,1,0,38,22,0,0,0,0,1,0,0,2,0,0,0,0,2,85,0,0,0,0,0,0,0,0,2,2,0,19,11,8,0,0,0,0,21,106
Punjab,Hoshiarpur,14,0,50,0,1,0,24,6,3,2,3,3,0,109,50,0,0,0,0,12,0,0,1,0,0,0,0,1,228,0,0,0,0,0,0,0,0,5,1,4,37,30,6,0,0,1,0,42,270
Punjab,Jalandhar Rural,10,1,36,0,0,3,16,7,4,2,0,1,1,49,37,0,5,0,0,2,0,0,1,1,0,0,0,0,138,1,2,2,0,0,0,0,0,0,0,0,20,20,0,0,0,0,0,23,161
Punjab,Kapurthala,14,1,34,0,0,2,23,3,5,1,1,1,0,39,35,0,0,0,0,3,0,0,0,0,0,0,0,0,127,0,0,0,0,0,0,0,0,0,0,0,15,15,0,0,0,0,0,15,142
Punjab,Khanna,8,0,49,0,0,0,10,5,0,0,2,0,0,21,49,0,0,0,0,4,0,0,0,0,0,0,0,0,99,0,0,0,0,0,0,0,0,1,0,1,11,11,0,0,0,0,0,12,111
Punjab,Ludhiana Rural,14,0,27,0,0,0,19,0,0,0,2,1,2,28,27,0,0,0,0,4,0,0,8,8,0,0,0,0,105,0,0,0,0,0,0,0,0,1,1,0,15,15,0,0,0,0,0,16,121
Punjab,Mansa,9,0,27,0,0,0,5,2,1,0,3,0,1,36,27,1,0,0,0,9,0,0,0,0,0,0,0,0,94,0,0,0,0,0,0,0,0,0,0,0,19,14,5,0,0,0,0,19,113
Punjab,Moga,18,1,34,0,0,0,13,6,4,0,3,1,2,33,35,0,0,0,0,6,0,0,3,2,0,0,0,1,124,0,0,0,0,0,0,0,0,3,3,0,24,24,0,0,0,0,0,27,151
Punjab,Muktsar,7,0,39,0,0,0,9,2,0,0,3,3,1,13,39,0,0,0,0,3,0,0,0,0,0,0,0,0,80,2,2,0,0,0,0,2,0,0,0,0,17,12,4,0,1,0,0,21,101
Punjab,Pathankot,5,4,24,0,0,0,6,1,2,0,0,0,1,31,28,0,0,0,0,3,0,0,1,0,0,0,0,1,78,0,0,0,0,0,0,0,0,3,3,0,14,9,5,0,0,0,0,17,95
Punjab,Patiala,33,0,71,0,1,3,14,7,3,0,5,0,1,147,71,0,0,0,0,12,0,0,2,0,0,0,0,2,299,2,1,0,0,1,0,0,0,7,7,0,32,24,8,0,0,0,0,42,341
Punjab,Ropar,8,6,25,0,1,3,4,13,0,0,1,0,1,28,31,0,0,0,0,6,0,0,0,0,0,0,0,0,96,0,0,0,0,0,0,0,0,1,1,0,11,11,0,0,0,0,0,12,108
Punjab,Sangrur,19,5,56,0,0,1,16,2,5,0,1,1,0,45,61,1,0,0,0,8,0,0,0,0,0,0,0,0,160,0,0,0,0,0,0,0,0,0,0,0,33,31,2,0,0,0,0,33,193
Punjab,Sas Nagar,68,88,76,0,0,1,25,0,0,0,0,0,1,174,164,0,0,0,0,0,1,0,3,0,0,0,0,3,437,1,0,0,0,0,0,0,0,0,0,0,42,42,0,0,0,0,0,43,480
Punjab,Sbs Nagar,8,0,39,0,1,0,3,8,0,0,4,0,1,50,39,0,0,0,0,3,0,0,0,0,0,0,0,0,117,0,0,0,0,0,0,0,0,0,0,0,9,9,0,0,0,0,0,9,126
Punjab,Tarn Taran,10,2,60,0,0,1,23,0,0,0,2,0,3,36,62,0,0,0,0,4,0,0,0,0,0,0,0,0,141,0,0,0,0,0,0,0,0,3,3,0,17,9,8,0,0,0,0,20,161
Punjab,Bureau Of Investigation,1,0,0,0,0,0,0,0,0,0,1,0,0,0,0,0,0,0,0,0,0,0,0,0,0,0,0,0,2,0,0,0,0,0,0,0,0,0,0,0,0,0,0,0,0,0,0,0,2
Punjab,Intelligence Wing,0,0,0,0,0,0,0,0,0,0,0,0,0,0,0,0,0,0,0,0,0,0,0,0,0,0,0,0,0,0,0,0,0,0,0,0,0,0,0,0,0,0,0,0,0,0,0,0,0
Punjab,Nri Wing,4,0,0,0,0,0,0,0,0,0,0,1,0,174,0,0,0,0,0,0,0,0,0,0,0,0,0,0,179,0,0,0,0,0,0,0,0,0,0,0,0,0,0,0,0,0,0,0,179
Punjab,Special Task Force,0,0,0,0,0,0,0,0,0,0,0,0,0,0,0,0,0,0,0,0,0,0,0,0,0,0,0,0,0,0,0,0,0,0,0,0,0,0,0,0,0,0,0,0,0,0,0,0,0
Punjab,Malerkotla,4,0,14,0,1,0,3,3,0,0,0,0,1,22,14,1,3,0,0,0,0,0,7,6,0,0,0,1,59,0,0,0,0,0,0,0,0,0,0,0,11,7,3,1,0,0,0,11,70
Punjab,Cyber Crime Wing,0,0,0,0,0,0,0,0,0,0,0,1,0,0,0,0,0,0,0,0,0,0,0,0,0,0,0,0,1,0,0,0,0,0,0,0,0,1,1,0,1,0,0,0,1,0,0,2,3
Rajasthan,Ajmer,105,14,0,0,0,10,211,13,36,3,9,8,4,273,14,8,16,0,0,2,1,0,115,102,0,1,0,12,828,9,0,0,0,0,0,0,0,4,4,0,62,44,17,0,1,0,0,75,903
Rajasthan,Alwar,242,97,0,3,1,47,745,7,27,3,6,11,16,295,97,10,0,0,0,2,1,0,104,90,3,1,0,10,1617,0,0,0,0,0,0,0,0,0,0,0,100,69,15,0,16,0,0,100,1717
Rajasthan,Banswara,90,92,0,0,2,8,59,3,31,1,2,2,3,135,92,0,1,0,0,1,0,0,130,126,1,0,0,3,560,2,2,2,0,0,0,0,0,0,0,0,50,43,5,1,1,0,0,54,614
Rajasthan,Baran,93,17,4,0,0,5,62,16,9,0,17,0,4,284,21,0,0,0,0,1,0,0,80,77,1,0,0,2,592,0,0,0,0,0,0,0,0,0,0,0,61,41,15,0,5,0,0,61,653
Rajasthan,Barmer,91,10,5,0,4,24,126,1,44,0,11,5,6,122,15,0,0,0,0,3,0,0,36,28,0,0,0,8,488,0,0,0,0,0,0,0,0,4,4,0,52,40,12,0,0,0,0,56,544
Rajasthan,Bharatpur,122,7,0,0,1,54,459,301,6,2,19,0,25,361,7,0,0,0,0,1,0,0,154,56,0,0,0,98,1512,0,0,0,0,0,0,0,0,0,0,0,44,24,17,0,0,3,0,44,1556
Rajasthan,Bhilwara,132,42,6,0,1,13,165,1,0,1,15,3,6,310,48,2,0,0,0,2,0,0,211,187,1,1,0,22,910,1,0,0,0,0,0,0,0,2,1,1,53,38,15,0,0,0,0,56,966
Rajasthan,Bikaner,144,75,0,0,1,13,129,90,0,0,0,4,13,390,75,0,0,0,0,7,0,0,38,0,0,0,0,38,904,0,0,0,0,0,0,0,0,0,0,0,95,76,19,0,0,0,0,95,999
Rajasthan,Bundi,69,6,0,0,1,0,81,19,0,2,8,30,1,272,6,0,0,0,0,1,0,0,99,64,0,0,0,35,589,0,0,0,0,0,0,0,0,0,0,0,50,31,19,0,0,0,0,50,639
Rajasthan,Chittorgarh,84,21,0,0,1,8,136,6,45,0,1,3,4,248,21,1,0,0,0,5,0,0,138,137,0,0,0,1,701,3,0,0,0,0,0,0,0,0,0,0,33,22,9,0,0,2,0,36,737
Rajasthan,Churu,80,7,1,0,2,12,56,105,14,1,7,4,12,317,8,6,1,0,0,4,0,0,56,48,0,0,0,8,685,6,0,0,0,0,0,0,0,6,6,0,60,51,8,0,1,0,0,72,757
Rajasthan,Dausa,128,46,0,0,2,0,517,0,0,0,0,0,11,203,46,0,0,0,0,0,0,0,76,7,0,0,0,69,983,0,0,0,0,0,0,0,0,4,4,0,63,45,5,0,13,0,0,67,1050
Rajasthan,Dholpur,121,62,2,0,1,45,235,6,8,2,6,0,26,169,64,0,0,0,0,3,0,0,64,24,0,1,0,39,750,0,0,0,0,0,0,0,0,4,4,0,88,24,48,0,0,16,0,92,842
Rajasthan,Dungarpur,58,22,161,0,0,0,89,0,0,0,0,0,5,116,183,0,0,0,0,0,0,0,71,71,0,0,0,0,522,0,0,0,0,0,0,0,0,0,0,0,39,34,5,0,0,0,0,39,561
Rajasthan,Grp Ajmer,2,0,0,0,0,0,3,1,0,0,1,1,0,0,0,0,0,0,0,0,0,0,4,4,0,0,0,0,12,0,0,0,0,0,0,0,0,0,0,0,1,1,0,0,0,0,0,1,13
Rajasthan,Grp Jodhpur,0,0,0,0,0,0,4,1,0,0,0,0,0,0,0,0,0,0,0,0,0,0,7,7,0,0,0,0,12,0,0,0,0,0,0,0,0,0,0,0,0,0,0,0,0,0,0,0,12
Rajasthan,Ganganagar,147,1,4,1,0,11,133,6,25,1,9,1,6,293,5,0,0,0,0,2,0,0,103,85,0,0,0,18,743,3,7,7,0,0,0,0,0,3,3,0,53,42,11,0,0,0,0,66,809
Rajasthan,Hanumangarh,150,15,2,0,1,19,161,2,12,0,5,1,7,363,17,5,0,0,0,2,0,0,90,72,1,0,0,17,835,0,2,1,1,0,0,0,0,0,0,0,48,39,9,0,0,0,0,50,885
Rajasthan,Jaipur East,163,7,0,0,0,11,146,50,5,3,15,8,7,189,7,0,0,0,0,3,0,0,178,174,0,0,0,4,785,13,1,0,0,0,0,1,0,6,6,0,42,26,16,0,0,0,0,62,847
Rajasthan,Jaipur North,73,12,0,0,0,2,110,5,18,0,1,0,3,205,12,0,0,0,0,2,0,0,43,0,0,0,0,43,474,0,1,0,0,0,0,1,0,0,0,0,28,19,9,0,0,0,0,29,503
Rajasthan,Jaipur Rural,90,9,0,0,0,12,212,11,7,1,3,43,8,139,9,1,0,0,0,0,0,0,53,52,0,0,0,1,589,0,1,0,0,1,0,0,0,11,11,0,42,29,13,0,0,0,0,54,643
Rajasthan,Jaipur South,132,7,0,3,1,9,203,10,27,2,3,6,5,190,7,11,0,0,0,3,0,0,65,62,0,0,0,3,677,13,0,0,0,0,0,0,0,3,3,0,37,25,12,0,0,0,0,53,730
Rajasthan,Jaipur West,129,17,0,0,0,9,170,8,42,1,6,7,10,301,17,0,0,0,0,3,0,0,68,51,0,0,0,17,771,1,0,0,0,0,0,0,0,0,0,0,41,33,8,0,0,0,0,42,813
Rajasthan,Jaisalmer,18,9,9,0,1,4,71,4,2,0,4,3,10,38,18,0,0,0,0,0,0,0,10,10,0,0,0,0,183,0,0,0,0,0,0,0,0,0,0,0,11,6,4,0,1,0,0,11,194
Rajasthan,Jalore,39,47,0,0,1,3,72,0,27,0,0,0,4,76,47,0,0,0,0,0,0,0,3,3,0,0,0,0,272,0,0,0,0,0,0,0,0,0,0,0,14,8,6,0,0,0,0,14,286
Rajasthan,Jhalawar,118,17,2,0,0,18,149,5,18,5,12,2,6,375,19,3,0,0,0,2,0,0,98,95,0,1,0,2,830,0,0,0,0,0,0,0,0,1,1,0,82,48,33,1,0,0,0,83,913
Rajasthan,Jhunjhunu,84,27,48,0,0,8,139,0,9,1,18,0,8,275,75,0,0,0,0,0,0,0,45,45,0,0,0,0,662,0,0,0,0,0,0,0,0,6,0,6,28,25,3,0,0,0,0,34,696
Rajasthan,Jodhpur East,62,0,4,0,0,2,175,2,0,1,3,0,3,126,4,0,0,0,0,1,0,0,34,34,0,0,0,0,413,0,0,0,0,0,0,0,0,11,9,2,21,15,6,0,0,0,0,32,445
Rajasthan,Jodhpur West,84,1,0,0,0,4,128,1,3,1,12,7,3,103,1,0,0,0,0,2,0,0,52,49,0,0,0,3,401,0,2,0,0,0,0,2,0,17,17,0,42,31,11,0,0,0,0,61,462
Rajasthan,Jodhpur Rural,58,32,0,0,1,19,171,2,17,1,2,4,6,77,32,0,13,0,0,0,0,0,37,31,0,0,0,6,440,0,0,0,0,0,0,0,0,3,3,0,32,26,5,0,1,0,0,35,475
Rajasthan,Karauli,81,65,0,0,0,32,136,0,282,0,2,1,9,132,65,1,1,0,0,3,0,0,26,23,0,1,0,2,771,1,0,0,0,0,0,0,0,3,3,0,33,25,7,1,0,0,0,37,808
Rajasthan,Kota City,109,5,2,1,0,5,82,1,6,3,6,6,6,214,7,1,0,0,0,0,0,1,132,126,0,1,0,5,580,0,2,0,0,2,0,0,0,0,0,0,66,37,27,1,1,0,0,68,648
Rajasthan,Kota Rural,48,0,5,0,0,0,39,2,9,0,4,3,4,152,5,0,0,0,0,1,0,0,60,53,0,0,0,7,327,0,0,0,0,0,0,0,3,0,0,0,33,20,11,2,0,0,0,36,363
Rajasthan,Nagaur,106,37,1,0,0,22,217,1,9,3,11,0,9,183,38,0,0,0,0,0,0,0,51,42,0,0,0,9,650,0,0,0,0,0,0,0,0,3,3,0,47,27,12,7,1,0,0,50,700
Rajasthan,Pali,78,19,13,0,0,19,242,2,36,2,8,9,5,361,32,6,0,0,0,3,1,2,89,67,1,1,0,20,895,0,0,0,0,0,0,0,0,13,13,0,41,30,11,0,0,0,0,54,949
Rajasthan,Pratapgarh,102,14,0,0,1,38,46,32,48,2,7,0,4,132,14,0,0,0,0,7,0,0,129,122,0,0,0,7,562,0,0,0,0,0,0,0,0,0,0,0,38,34,4,0,0,0,0,38,600
Rajasthan,Rajsamand,71,2,1,0,0,6,109,2,31,1,5,3,10,180,3,0,0,0,0,2,0,0,209,205,0,0,0,4,632,2,0,0,0,0,0,0,0,0,0,0,35,21,12,1,1,0,0,37,669
Rajasthan,Sawai Madhopur,46,53,16,0,1,19,65,31,40,25,39,41,3,116,69,0,5,0,0,3,0,0,18,9,0,0,0,9,521,0,0,0,0,0,0,0,0,0,0,0,32,27,5,0,0,0,0,32,553
Rajasthan,Sikar,119,24,0,0,2,29,132,3,47,2,7,9,14,302,24,11,0,0,0,2,0,0,67,23,0,1,0,43,770,1,0,0,0,0,0,0,0,0,0,0,48,39,9,0,0,0,0,49,819
Rajasthan,Sirohi,74,0,0,0,0,15,86,7,3,2,10,0,3,157,0,0,0,0,0,0,0,0,65,54,0,0,0,11,422,0,0,0,0,0,0,0,0,4,4,0,42,35,7,0,0,0,0,46,468
Rajasthan,Tonk,64,42,9,0,0,6,286,0,0,0,0,1,8,217,51,0,0,0,0,0,0,0,56,56,0,0,0,0,689,0,0,0,0,0,0,0,0,3,3,0,39,28,0,0,11,0,0,42,731
Rajasthan,Udaipur,162,27,2,0,0,14,140,10,49,3,13,9,7,352,29,0,0,0,0,4,0,0,203,192,0,0,0,11,995,1,0,0,0,0,0,0,0,1,1,0,87,53,20,2,2,10,0,89,1084
Rajasthan,Jaipur Metro,0,0,0,0,0,0,0,0,0,0,0,0,0,0,0,0,0,0,0,0,0,0,0,0,0,0,0,0,0,0,0,0,0,0,0,0,0,0,0,0,1,1,0,0,0,0,0,1,1
Rajasthan,Scrb,0,0,0,0,0,0,0,0,0,0,0,0,0,0,0,0,0,0,0,0,0,0,0,0,0,0,0,0,0,0,0,0,0,0,0,0,0,0,0,0,0,0,0,0,0,0,0,0,0
Rajasthan,Ats & Sog,0,0,0,0,0,0,0,0,0,0,0,0,0,0,0,0,0,0,0,0,0,0,0,0,0,0,0,0,0,0,0,0,0,0,0,0,0,0,0,0,0,0,0,0,0,0,0,0,0
Rajasthan,Ssb,0,0,0,0,0,0,0,0,0,0,0,0,0,0,0,0,0,0,0,0,0,0,0,0,0,0,0,0,0,0,0,0,0,0,0,0,0,0,0,0,0,0,0,0,0,0,0,0,0
Rajasthan,Jaipur Crime,0,0,0,0,0,0,0,0,0,0,0,0,0,0,0,0,0,0,0,0,0,0,0,0,0,0,0,0,0,0,0,0,0,0,0,0,0,0,0,0,0,0,0,0,0,0,0,0,0
Rajasthan,Bhiwadi,79,10,1,0,0,0,63,52,0,0,0,0,4,48,11,0,26,0,0,0,0,0,71,70,0,0,0,1,354,0,0,0,0,0,0,0,0,1,1,0,25,25,0,0,0,0,0,26,380
Rajasthan,Beawar,100,0,0,0,2,3,70,124,0,0,2,0,6,261,0,0,0,0,0,0,1,0,131,108,0,0,0,23,700,0,0,0,0,0,0,0,0,22,22,0,25,19,6,0,0,0,0,47,747
Rajasthan,Didwana-Kuchaman,73,16,0,1,1,31,123,2,11,0,4,2,3,233,16,1,0,0,0,2,0,0,32,29,0,0,0,3,535,10,0,0,0,0,0,0,0,0,0,0,32,25,6,1,0,0,0,42,577
Rajasthan,Kekri,34,6,2,0,0,10,101,5,8,0,0,1,1,117,8,4,0,0,0,2,0,0,44,43,0,0,0,1,335,1,0,0,0,0,0,0,0,1,1,0,17,12,4,1,0,0,0,19,354
Rajasthan,Shahpura,34,16,6,0,0,6,97,2,28,0,3,3,2,101,22,0,7,0,0,2,0,0,48,30,1,0,0,17,355,1,0,0,0,0,0,0,0,0,0,0,15,11,4,0,0,0,0,16,371
Rajasthan,Deeg,124,2,0,0,1,34,296,243,8,0,4,0,13,165,2,0,0,0,0,3,0,0,90,24,0,0,0,66,983,0,0,0,0,0,0,0,0,0,0,0,44,38,6,0,0,0,0,44,1027
Rajasthan,Gangapur City,49,22,11,0,1,45,196,18,10,8,14,4,12,97,33,0,0,0,0,1,0,0,13,13,0,0,0,0,501,0,0,0,0,0,0,0,0,3,3,0,28,23,5,0,0,0,0,31,532
Rajasthan,Anupgarh,75,1,0,0,0,8,41,38,0,0,0,0,6,157,1,0,0,0,0,0,0,0,53,45,0,0,0,8,379,0,0,0,0,0,0,0,0,0,0,0,15,10,5,0,0,0,0,15,394
Rajasthan,Dudu,18,3,0,0,0,6,20,0,0,0,2,5,1,32,3,0,0,0,0,0,0,0,10,5,0,0,0,5,97,0,0,0,0,0,0,0,0,1,1,0,11,3,8,0,0,0,0,12,109
Rajasthan,Khairtal-Tijara,36,20,1,0,1,8,74,45,4,0,3,0,4,62,21,0,0,0,0,1,0,0,35,31,0,0,0,4,294,0,0,0,0,0,0,0,0,1,1,0,19,11,4,0,4,0,0,20,314
Rajasthan,Kotputli-Behror,78,14,4,0,2,13,167,59,25,2,5,11,10,192,18,3,0,0,0,1,0,0,50,39,0,1,0,10,636,0,0,0,0,0,0,0,0,6,6,0,26,21,4,1,0,0,0,32,668
Rajasthan,Balotra,51,12,0,0,0,7,83,0,8,0,2,2,6,84,12,0,0,0,0,2,0,0,18,6,0,0,0,12,275,0,0,0,0,0,0,0,0,0,0,0,19,15,4,0,0,0,0,19,294
Rajasthan,Phalodi,25,7,0,0,0,9,78,1,6,0,1,1,5,26,7,0,2,0,0,1,0,0,12,8,0,2,0,2,174,0,0,0,0,0,0,0,0,0,0,0,21,16,4,0,1,0,0,21,195
Rajasthan,Jodhpur Crime,0,0,0,0,0,0,0,0,0,0,0,0,0,0,0,0,0,0,0,0,0,0,0,0,0,0,0,0,0,0,0,0,0,0,0,0,0,0,0,0,0,0,0,0,0,0,0,0,0
Rajasthan,Sanchore,42,30,0,0,1,8,36,0,52,0,0,0,5,62,30,0,0,0,0,2,0,0,0,0,0,0,0,0,238,0,0,0,0,0,0,0,0,0,0,0,20,19,1,0,0,0,0,20,258
Rajasthan,Neem Ka Thana,57,32,8,0,1,15,114,2,18,1,4,13,3,149,40,0,0,0,0,0,0,0,28,28,0,0,0,0,445,0,0,0,0,0,0,0,0,0,0,0,22,19,3,0,0,0,0,22,467
Rajasthan,Salumbar,28,11,0,0,2,0,20,23,15,0,1,10,1,49,11,0,0,0,0,0,0,0,40,40,0,0,0,0,200,0,0,0,0,0,0,0,0,0,0,0,19,13,4,2,0,0,0,19,219
Sikkim,Gangtok (East),3,0,0,0,0,0,1,2,0,0,0,3,0,1,0,0,0,0,0,0,0,0,8,8,0,0,0,0,18,0,0,0,0,0,0,0,0,3,3,0,17,10,6,1,0,0,0,20,38
Sikkim,Mangan (North),0,0,0,0,0,0,0,0,0,0,0,0,0,0,0,0,0,0,0,0,0,0,0,0,0,0,0,0,0,0,0,0,0,0,0,0,0,0,0,0,5,3,1,1,0,0,0,5,5
Sikkim,Namchi (South),2,0,0,0,0,0,4,2,0,0,0,3,0,0,0,0,0,0,0,0,0,0,6,6,0,0,0,0,17,0,0,0,0,0,0,0,0,0,0,0,27,19,5,3,0,0,0,27,44
Sikkim,Soreng (West),0,0,0,0,0,0,1,0,0,0,0,0,0,0,0,1,0,0,0,0,0,0,3,3,0,0,0,0,5,0,0,0,0,0,0,0,0,0,0,0,9,7,2,0,0,0,0,9,14
Sikkim,Cid,0,0,0,0,0,0,0,0,0,0,0,0,0,0,0,0,0,0,0,0,0,0,0,0,0,0,0,0,0,0,0,0,0,0,0,0,0,0,0,0,0,0,0,0,0,0,0,0,0
Sikkim,Pakyong (East),0,0,0,0,0,0,1,0,0,0,0,0,0,0,0,0,0,0,0,0,0,0,3,3,0,0,0,0,4,0,0,0,0,0,0,0,0,0,0,0,9,6,3,0,0,0,0,9,13
Sikkim,Gyalshing (West),2,0,0,0,0,0,1,0,0,0,1,0,0,1,0,0,0,0,0,0,0,0,3,3,0,0,0,0,8,0,0,0,0,0,0,0,0,0,0,0,9,9,0,0,0,0,0,9,17
Tamil Nadu,Ariyalur,7,0,1,0,0,3,17,4,0,0,2,1,0,0,1,0,0,0,0,1,0,0,3,2,0,0,0,1,39,1,1,0,0,0,0,1,0,2,2,0,152,101,26,23,0,2,0,156,195
Tamil Nadu,Chennai,44,1,0,12,3,1,121,99,10,25,37,42,0,104,1,0,0,0,0,14,0,1,6,4,0,0,0,2,520,9,111,84,2,24,0,1,0,16,2,14,437,264,116,53,1,3,0,573,1093
Tamil Nadu,Coimbatore,8,0,1,0,0,0,11,0,0,0,0,0,0,13,1,0,0,0,0,6,0,0,0,0,0,0,0,0,39,1,43,0,0,0,0,43,0,1,1,0,259,202,44,13,0,0,0,304,343
Tamil Nadu,Coimbatore City,19,0,0,1,0,2,27,9,0,2,7,4,0,38,0,0,0,0,0,3,0,0,2,2,0,0,0,0,114,0,76,0,0,0,0,76,0,0,0,0,187,139,33,15,0,0,0,263,377
Tamil Nadu,Cuddalore,17,3,0,0,0,0,95,0,0,0,0,0,3,46,3,0,0,0,0,0,0,0,4,4,0,0,0,0,168,0,4,0,0,0,0,4,0,0,0,0,261,213,48,0,0,0,0,265,433
Tamil Nadu,Dharmapuri,3,0,3,0,0,1,19,4,0,0,2,1,0,8,3,0,0,0,0,3,0,0,0,0,0,0,0,0,44,0,3,0,0,0,0,3,0,1,1,0,218,192,20,6,0,0,0,222,266
Tamil Nadu,Dindigul,15,0,0,0,0,0,20,19,0,0,0,0,0,32,0,0,1,0,0,3,0,0,1,1,0,0,0,0,91,0,8,0,0,0,0,8,0,0,0,0,248,182,45,17,4,0,0,256,347
Tamil Nadu,Erode,5,0,1,0,0,0,17,10,0,1,0,0,0,10,1,0,0,0,0,0,0,0,0,0,0,0,0,0,44,1,30,0,0,0,30,0,0,1,1,0,271,228,43,0,0,0,0,303,347
Tamil Nadu,Kanchipuram,9,0,0,0,0,0,5,9,1,2,0,0,0,5,0,0,0,0,0,0,0,0,1,1,0,0,0,0,32,1,3,0,3,0,0,0,0,2,2,0,48,31,15,2,0,0,0,54,86
Tamil Nadu,Kanyakumari,6,0,0,0,0,0,10,0,0,0,0,0,0,1,0,0,1,0,0,2,1,0,4,4,0,0,0,0,25,14,12,0,0,12,0,0,0,8,8,0,107,66,26,9,2,4,0,141,166
Tamil Nadu,Karur,9,1,0,0,0,0,3,0,1,0,1,0,0,9,1,0,0,0,0,2,0,0,1,1,0,0,0,0,27,2,6,5,0,1,0,0,1,0,0,0,68,51,11,5,1,0,0,77,104
Tamil Nadu,Krishnagiri,6,9,13,0,0,0,24,4,0,0,2,0,0,38,22,0,0,0,0,16,0,0,5,5,0,0,0,0,117,0,31,31,0,0,0,0,0,0,0,0,130,107,16,6,1,0,0,161,278
Tamil Nadu,Madurai,15,2,0,0,0,6,19,19,0,3,2,0,0,27,2,0,0,0,0,0,0,0,0,0,0,0,0,0,93,5,4,0,0,4,0,0,0,3,3,0,180,149,25,4,2,0,0,192,285
Tamil Nadu,Madurai City,2,0,0,0,0,0,2,39,0,0,0,2,1,37,0,0,0,0,0,1,0,0,3,1,0,0,0,2,87,0,27,27,0,0,0,0,0,5,5,0,114,85,29,0,0,0,0,146,233
Tamil Nadu,Nagapattinam,6,1,0,0,0,0,18,5,2,0,1,0,0,2,1,0,0,0,0,2,0,0,0,0,0,0,0,0,37,0,1,0,0,0,0,1,0,1,1,0,82,63,15,4,0,0,0,84,121
Tamil Nadu,Namakkal,6,1,1,0,0,0,28,0,0,0,0,2,0,2,2,0,0,0,0,3,0,0,0,0,0,0,0,0,43,3,7,0,0,0,0,7,0,0,0,0,105,89,13,3,0,0,0,115,158
Tamil Nadu,Nilgiris,2,0,0,0,0,0,6,0,0,0,0,0,0,4,0,0,0,0,0,1,0,0,0,0,0,0,0,0,13,1,3,0,3,0,0,0,0,2,2,0,72,61,11,0,0,0,0,78,91
Tamil Nadu,Perambalur,3,0,0,0,0,2,68,3,0,0,1,0,0,13,0,0,0,0,0,3,0,0,0,0,0,0,0,0,93,1,0,0,0,0,0,0,0,2,2,0,147,111,29,6,0,1,0,150,243
Tamil Nadu,Pudukottai,1,0,0,0,0,1,18,0,0,0,0,0,0,12,0,0,0,0,0,3,0,0,2,0,0,2,0,0,37,2,3,0,0,0,0,3,0,0,0,0,93,75,16,1,0,1,0,98,135
Tamil Nadu,Ramnathapuram,3,0,1,0,0,0,31,0,2,3,3,0,0,10,1,0,0,0,0,6,0,0,11,11,0,0,0,0,70,6,4,0,0,4,0,0,0,0,0,0,131,100,24,0,7,0,0,141,211
Tamil Nadu,Railway Chennai,0,0,0,0,0,0,1,0,0,0,0,0,0,0,0,0,0,0,0,0,0,0,2,2,0,0,0,0,3,0,0,0,0,0,0,0,0,0,0,0,2,0,1,1,0,0,0,2,5
Tamil Nadu,Railway Trichy,0,0,0,0,0,0,1,0,0,0,0,0,0,0,0,0,0,0,0,0,0,0,0,0,0,0,0,0,1,0,0,0,0,0,0,0,0,0,0,0,3,0,2,1,0,0,0,3,4
Tamil Nadu,Salem,6,5,3,0,0,0,46,0,0,0,0,0,0,2,8,0,0,0,0,2,0,0,0,0,0,0,0,0,64,0,2,0,0,2,0,0,0,0,0,0,168,131,31,5,0,1,0,170,234
Tamil Nadu,Salem City,4,1,6,0,0,0,25,0,0,0,0,0,1,5,7,0,0,0,0,0,0,0,0,0,0,0,0,0,42,2,8,8,0,0,0,0,0,0,0,0,75,56,18,1,0,0,0,85,127
Tamil Nadu,Sivagangai,5,0,0,1,1,1,18,4,1,1,3,0,0,9,0,0,0,0,0,3,0,0,2,0,0,0,0,2,49,2,4,0,0,0,0,4,3,4,1,3,99,72,16,4,1,6,0,112,161
Tamil Nadu,Thanjavur,10,3,0,0,0,0,121,9,2,1,3,5,0,45,3,0,0,0,0,12,0,0,2,1,0,0,0,1,213,2,7,0,7,0,0,0,0,3,3,0,167,127,30,10,0,0,0,179,392
Tamil Nadu,Theni,7,0,1,1,0,1,10,9,4,3,10,0,0,37,1,0,0,0,0,7,0,0,1,1,0,0,0,0,91,0,3,3,0,0,0,0,0,0,0,0,179,144,29,6,0,0,0,182,273
Tamil Nadu,Thirunelveli,15,1,3,0,0,1,20,51,1,3,2,0,0,13,4,0,0,0,0,0,0,0,3,0,0,0,0,3,113,1,3,0,3,0,0,0,0,5,5,0,229,185,33,11,0,0,0,238,351
Tamil Nadu,Thirunelveli City,2,1,0,4,0,0,5,6,1,1,6,0,0,19,1,0,0,0,0,0,0,0,0,0,0,0,0,0,45,1,5,4,0,1,0,0,0,0,0,0,54,30,14,10,0,0,0,60,105
Tamil Nadu,Thiruvallur,9,1,0,0,1,0,4,7,5,1,1,0,0,12,1,0,0,0,0,3,0,0,0,0,0,0,0,0,44,0,1,0,0,0,0,1,0,2,2,0,108,78,18,12,0,0,0,111,155
Tamil Nadu,Thiruvannamalai,13,0,0,0,0,1,10,8,6,2,4,0,0,13,0,0,0,0,0,2,0,0,0,0,0,0,0,0,59,3,0,0,0,0,0,0,0,0,0,0,209,165,25,18,0,1,0,212,271
Tamil Nadu,Thiruvarur,3,3,0,0,0,0,48,6,2,0,1,1,0,23,3,0,0,0,0,0,0,0,0,0,0,0,0,0,87,0,5,0,0,0,0,5,0,0,0,0,131,103,21,7,0,0,0,136,223
Tamil Nadu,Thoothukudi,15,2,0,1,0,4,63,23,8,2,2,4,0,10,2,0,0,0,0,4,0,0,4,1,0,0,0,3,142,4,12,12,0,0,0,0,0,3,3,0,175,140,27,7,1,0,0,194,336
Tamil Nadu,Tiruppur,11,3,2,0,0,0,12,2,0,0,1,0,0,7,5,0,0,0,0,6,0,0,2,1,0,0,0,1,46,3,26,0,0,0,0,26,0,1,1,0,155,113,23,19,0,0,0,185,231
Tamil Nadu,Tiruppur City,4,0,0,0,0,0,4,1,0,0,2,1,0,4,0,0,0,0,0,0,0,0,1,0,0,1,0,0,17,1,34,0,34,0,0,0,0,0,0,0,78,55,17,5,0,1,0,113,130
Tamil Nadu,Trichy,19,1,1,0,0,1,50,3,0,2,0,8,0,41,2,0,0,0,0,3,0,0,3,3,0,0,0,0,132,1,5,0,0,0,0,5,0,27,14,13,144,125,15,4,0,0,2,179,311
Tamil Nadu,Trichy City,5,1,0,0,1,2,6,6,0,0,0,4,0,20,1,0,0,0,0,2,0,0,0,0,0,0,0,0,47,2,10,0,0,0,0,10,0,0,0,0,49,41,8,0,0,0,0,61,108
Tamil Nadu,Vellore,2,0,0,0,0,0,17,3,0,0,0,3,1,32,0,0,0,0,0,9,0,0,5,5,0,0,0,0,72,0,11,0,11,0,0,0,0,0,0,0,111,91,12,8,0,0,0,122,194
Tamil Nadu,Villupuram,16,3,3,0,0,0,6,0,0,0,0,0,1,21,6,0,0,0,0,6,0,0,0,0,0,0,0,0,56,0,5,0,0,0,0,5,0,0,0,0,247,201,33,13,0,0,0,252,308
Tamil Nadu,Virudhunagar,26,0,0,0,0,0,34,7,1,2,1,0,0,18,0,0,0,0,0,0,0,0,2,1,0,1,0,0,91,7,12,12,0,0,0,0,0,1,1,0,265,211,44,10,0,0,0,285,376
Tamil Nadu,Cyber Cell,0,0,0,0,0,0,0,0,0,0,0,0,0,0,0,0,0,0,0,0,0,0,0,0,0,0,0,0,0,0,0,0,0,0,0,0,0,0,0,0,0,0,0,0,0,0,0,0,0
Tamil Nadu,Other Units,0,0,0,0,0,0,0,0,0,0,0,1,0,0,0,0,0,0,0,0,0,0,0,0,0,0,0,0,1,0,0,0,0,0,0,0,0,3,2,1,0,0,0,0,0,0,0,3,4
Tamil Nadu,Chengalpattu,11,0,0,0,0,0,4,7,2,2,1,2,0,9,0,0,0,0,0,4,0,0,2,2,0,0,0,0,44,1,2,0,0,0,0,2,0,0,0,0,64,49,14,1,0,0,0,67,111
Tamil Nadu,Kallakurichi,10,12,0,0,0,0,47,0,0,0,0,2,0,20,12,0,0,0,0,0,0,0,1,1,0,0,0,0,92,8,5,0,0,0,0,5,0,0,0,0,161,138,20,3,0,0,0,174,266
Tamil Nadu,Ranipet,3,0,0,0,0,1,3,1,0,1,2,0,0,6,0,0,0,0,0,2,0,0,1,0,0,1,0,0,20,6,3,3,0,0,0,0,0,0,0,0,76,53,18,5,0,0,0,85,105
Tamil Nadu,Tiruppattur,12,2,1,0,0,3,17,3,0,1,5,4,0,7,3,0,1,0,0,4,0,0,3,1,0,0,0,2,63,0,10,0,0,0,0,10,0,0,0,0,109,94,8,7,0,0,0,119,182
Tamil Nadu,Tenkasi,4,1,0,1,0,1,21,35,1,3,9,4,0,7,1,0,0,0,0,0,0,0,0,0,0,0,0,0,87,3,8,0,0,0,0,8,1,0,0,0,161,117,34,10,0,0,0,173,260
Tamil Nadu,Mayiladuthurai,1,0,0,0,0,1,69,1,1,0,0,1,0,10,0,0,0,0,0,7,0,0,1,0,0,0,0,1,92,1,0,0,0,0,0,0,0,0,0,0,73,44,29,0,0,0,1,75,167
Tamil Nadu,Avadi,7,1,0,3,0,0,8,1,1,3,2,2,0,56,1,0,0,0,0,3,0,0,1,0,1,0,0,0,88,7,32,32,0,0,0,0,0,3,3,0,148,104,35,9,0,0,0,190,278
Tamil Nadu,Tambaram,13,0,0,0,0,0,8,4,0,1,0,0,0,13,0,0,0,0,0,7,0,0,2,1,1,0,0,0,48,4,7,0,0,0,7,0,0,0,0,0,124,80,32,10,0,2,0,135,183
Telangana,Cyberabad Commissionerate,153,1,1,54,6,0,219,73,20,49,357,230,24,1435,2,0,2,0,0,61,0,0,492,490,0,0,0,2,3177,0,7,7,0,0,0,0,0,50,7,43,414,280,122,10,2,0,0,471,3648
Telangana,Hyderabad Commissionerate,358,0,2,40,1,13,298,149,16,50,316,42,14,1085,2,0,5,0,0,13,0,0,289,211,0,0,0,78,2691,0,32,0,0,0,0,32,0,185,4,181,347,285,44,14,2,2,0,564,3255
Telangana,Karimnagar Commissionerate,30,0,3,4,0,4,39,39,4,8,105,10,5,237,3,0,0,0,0,11,0,0,64,61,0,0,0,3,563,0,3,0,0,0,0,3,0,0,0,0,39,23,16,0,0,0,0,42,605
Telangana,Khammam Commissionerate,20,0,8,13,0,0,99,47,1,12,125,11,5,362,8,0,6,0,0,16,0,0,93,87,0,0,0,6,818,0,12,5,0,0,0,7,0,0,0,0,125,55,43,27,0,0,0,137,955
Telangana,Nizamabad Commissionerate,22,1,2,3,0,2,76,29,3,6,74,29,3,328,3,0,3,0,0,18,0,0,80,80,0,0,0,0,679,0,2,0,0,0,0,2,0,0,0,0,96,58,37,1,0,0,0,98,777
Telangana,Rachakonda Commissionerate,161,32,0,18,0,0,324,61,12,24,355,251,20,1302,32,0,0,0,0,69,0,1,259,248,0,0,0,11,2889,0,0,0,0,0,0,0,0,0,0,0,480,258,213,9,0,0,0,480,3369
Telangana,Ramagundam Commissionerate,32,2,0,0,1,2,73,38,4,9,99,39,11,547,2,0,2,0,0,17,0,0,52,52,0,0,0,0,928,0,0,0,0,0,0,0,0,2,2,0,90,50,39,0,1,0,0,92,1020
Telangana,Siddipet Commissionerate,19,0,0,3,6,2,59,20,5,6,49,9,6,256,0,0,0,0,0,13,0,0,64,63,0,0,0,1,517,0,0,0,0,0,0,0,0,0,0,0,84,61,23,0,0,0,0,84,601
Telangana,Warangal Commissionerate,59,2,0,9,0,4,102,56,10,6,143,59,10,626,2,0,1,0,0,39,0,0,135,131,0,0,0,4,1261,6,0,0,0,0,0,0,0,4,4,0,137,86,51,0,0,0,0,147,1408
Telangana,Adilabad,8,1,1,7,0,4,13,24,5,1,32,14,4,185,2,0,0,0,0,8,0,0,33,31,0,0,0,2,340,0,0,0,0,0,0,0,0,0,0,0,50,31,18,1,0,0,0,50,390
Telangana,Bhadradri Kothagudem,22,0,3,8,0,0,53,70,2,7,40,0,3,435,3,0,3,0,0,16,0,0,66,65,0,0,0,1,728,0,0,0,0,0,0,0,0,0,0,0,108,65,42,0,1,0,0,108,836
Telangana,Jagityal,21,0,0,0,0,1,63,29,7,9,83,0,1,377,0,0,0,0,0,6,0,0,52,27,0,0,0,25,649,0,0,0,0,0,0,0,0,0,0,0,19,19,0,0,0,0,0,19,668
Telangana,Jayashankar Bhupalpalli,9,14,0,0,0,0,7,47,0,6,10,0,0,155,14,0,0,0,0,9,0,0,19,8,0,0,0,11,276,0,0,0,0,0,0,0,0,0,0,0,23,10,13,0,0,0,0,23,299
Telangana,Jogulamba Gadwal,5,0,3,0,0,0,23,22,1,2,25,16,2,54,3,1,0,0,0,6,0,0,22,20,0,0,0,2,182,0,0,0,0,0,0,0,0,0,0,0,29,29,0,0,0,0,0,29,211
Telangana,Kamareddy,12,3,5,2,0,0,32,32,2,1,45,25,2,312,8,0,6,0,0,3,0,0,18,17,0,0,0,1,500,0,0,0,0,0,0,0,0,0,0,0,47,47,0,0,0,0,0,47,547
Telangana,Kumaram Bheem Asifabad,7,0,0,2,1,0,10,6,0,0,11,9,1,108,0,0,1,0,0,13,0,0,17,17,0,0,0,0,186,0,0,0,0,0,0,0,0,0,0,0,27,18,9,0,0,0,0,27,213
Telangana,Mahabubabad,14,0,0,1,0,2,47,20,9,2,71,19,2,162,0,0,0,0,0,7,0,0,35,35,0,0,0,0,391,0,0,0,0,0,0,0,0,0,0,0,38,28,10,0,0,0,0,38,429
Telangana,Mahabubnagar,34,0,44,2,0,1,40,28,6,2,32,0,3,167,44,0,0,0,0,13,0,0,27,27,0,0,0,0,399,0,0,0,0,0,0,0,0,0,0,0,75,75,0,0,0,0,0,75,474
Telangana,Medak,8,0,0,0,0,0,29,19,3,2,31,3,4,191,0,0,0,0,0,4,0,0,37,37,0,0,0,0,331,0,0,0,0,0,0,0,0,0,0,0,56,47,8,1,0,0,0,56,387
Telangana,Nagarkurnool,23,0,0,4,0,5,45,19,1,0,30,10,3,131,0,0,2,0,0,12,0,0,32,31,0,0,0,1,317,0,0,0,0,0,0,0,0,0,0,0,100,80,20,0,0,0,0,100,417
Telangana,Nalgonda,29,2,24,3,0,6,99,53,5,5,59,66,1,315,26,0,0,0,0,10,0,0,24,21,0,0,0,3,701,0,0,0,0,0,0,0,0,3,0,3,75,75,0,0,0,0,0,78,779
Telangana,Nirmal,19,0,0,4,0,6,24,7,3,3,66,13,2,177,0,0,0,0,0,6,0,0,22,22,0,0,0,0,352,0,0,0,0,0,0,0,0,4,0,4,24,24,0,0,0,0,0,28,380
Telangana,Rajanna Siricilla,8,0,1,0,0,0,79,16,0,5,20,1,4,216,1,0,0,0,0,12,0,0,18,18,0,0,0,0,380,0,0,0,0,0,0,0,0,2,2,0,16,16,0,0,0,0,0,18,398
Telangana,Sangareddy,24,5,0,4,0,4,45,13,1,5,28,4,6,140,5,0,1,0,0,8,0,0,92,92,0,0,0,0,380,0,0,0,0,0,0,0,0,1,1,0,136,121,14,1,0,0,0,137,517
Telangana,Suryapet,26,2,1,1,0,2,119,40,5,2,89,57,1,385,3,0,0,0,0,1,0,0,52,52,0,0,0,0,783,0,5,0,0,0,0,5,0,0,0,0,76,63,13,0,0,0,0,81,864
Telangana,Vikarabad,11,0,0,0,0,0,50,23,0,5,27,10,1,95,0,0,0,0,0,12,0,0,63,63,0,0,0,0,297,0,0,0,0,0,0,0,0,0,0,0,59,59,0,0,0,0,0,59,356
Telangana,Wanaparthy,0,0,0,0,0,0,50,4,0,0,0,7,1,126,0,0,0,0,0,2,0,0,33,33,0,0,0,0,223,0,0,0,0,0,0,0,0,0,0,0,45,44,0,1,0,0,0,45,268
Telangana,Railway Police Secunderabad,0,0,0,0,0,0,1,1,0,0,0,1,0,0,0,0,0,0,0,1,0,0,1,1,0,0,0,0,5,0,0,0,0,0,0,0,0,0,0,0,3,2,1,0,0,0,0,3,8
Telangana,Mulug,2,0,0,0,3,1,12,4,1,2,16,1,2,80,0,0,0,0,0,7,0,0,30,30,0,0,0,0,161,0,0,0,0,0,0,0,0,0,0,0,8,4,4,0,0,0,0,8,169
Telangana,Narayanpet,12,0,0,1,0,0,26,9,1,0,17,0,3,72,0,0,0,0,0,11,1,0,27,27,0,0,0,0,180,0,0,0,0,0,0,0,0,0,0,0,67,63,4,0,0,0,0,67,247
Tripura,Dhalai,7,1,3,0,0,0,3,0,5,0,0,0,1,9,4,0,0,0,0,2,0,0,3,3,0,0,0,0,34,0,0,0,0,0,0,0,0,0,0,0,7,6,0,1,0,0,0,7,41
Tripura,Gomati,6,0,1,1,0,1,3,0,3,0,0,0,1,43,1,0,5,0,0,1,0,0,7,7,0,0,0,0,72,0,0,0,0,0,0,0,0,0,0,0,24,16,8,0,0,0,0,24,96
Tripura,Grp,0,0,0,0,0,0,0,0,0,0,0,0,0,0,0,0,0,0,0,0,0,0,0,0,0,0,0,0,0,0,0,0,0,0,0,0,0,0,0,0,0,0,0,0,0,0,0,0,0
Tripura,Kowai,3,2,1,0,0,3,3,0,0,0,0,0,0,12,3,0,0,0,0,0,0,0,2,2,0,0,0,0,26,0,0,0,0,0,0,0,0,1,1,0,26,18,5,3,0,0,0,27,53
Tripura,North,11,2,2,0,0,0,5,0,0,0,0,0,2,34,4,0,2,0,0,1,0,0,4,2,0,2,0,0,63,0,0,0,0,0,0,0,0,0,0,0,21,14,7,0,0,0,0,21,84
Tripura,Sipahijala,8,0,3,0,0,3,1,0,0,0,0,0,5,25,3,0,4,0,0,6,0,0,8,8,0,0,0,0,63,0,0,0,0,0,0,0,0,0,0,0,8,3,5,0,0,0,0,8,71
Tripura,South,6,1,3,0,0,1,5,2,2,0,0,1,3,17,4,0,16,0,0,4,0,0,2,2,0,0,0,0,63,0,0,0,0,0,0,0,0,1,1,0,19,16,1,2,0,0,0,20,83
Tripura,Unakoti,11,1,1,0,0,0,12,1,4,0,0,0,3,52,2,0,6,0,0,1,0,0,2,2,0,0,0,0,94,0,0,0,0,0,0,0,0,0,0,0,20,14,5,1,0,0,0,20,114
Tripura,West,12,0,5,0,0,1,11,8,4,0,0,1,5,65,5,0,8,0,0,3,0,0,7,6,0,0,0,1,130,0,0,0,0,0,0,0,0,5,5,0,39,28,6,5,0,0,0,44,174
Tripura,Crime Branch,0,0,0,0,0,0,0,0,0,0,0,0,0,0,0,0,0,0,0,0,0,0,0,0,0,0,0,0,0,0,0,0,0,0,0,0,0,0,0,0,0,0,0,0,0,0,0,0,0
Uttar Pradesh,Agra,81,159,16,24,0,27,76,221,41,8,23,20,56,797,175,6,0,0,0,5,0,0,119,118,0,0,0,1,1679,0,0,0,0,0,0,0,0,220,220,0,118,38,80,0,0,0,0,338,2017
Uttar Pradesh,Aligarh,25,168,0,0,0,0,0,188,76,4,5,0,48,556,168,0,0,0,0,4,0,0,109,109,0,0,0,0,1183,0,0,0,0,0,0,0,0,68,68,0,152,82,70,0,0,0,0,220,1403
Uttar Pradesh,Prayagraj,94,265,65,0,2,0,58,125,69,4,14,0,54,612,330,0,0,0,0,21,0,0,0,0,0,0,0,0,1383,4,2,0,0,0,0,2,0,0,0,0,80,80,0,0,0,0,1,87,1470
Uttar Pradesh,Ambedkar Nagar,55,30,28,24,0,0,117,0,0,0,0,0,15,258,58,0,0,0,0,0,0,0,81,81,0,0,0,0,608,0,0,0,0,0,0,0,0,0,0,0,0,0,0,0,0,0,0,0,608
Uttar Pradesh,Amethi,31,20,0,0,0,0,39,8,0,0,0,0,11,153,20,0,0,0,0,2,1,0,72,72,0,0,0,0,337,0,0,0,0,0,0,0,0,0,0,0,63,29,34,0,0,0,0,63,400
Uttar Pradesh,Amroha,39,17,0,0,0,3,28,25,4,0,0,0,11,292,17,0,0,0,0,0,0,0,11,11,0,0,0,0,430,0,0,0,0,0,0,0,0,0,0,0,99,47,52,0,0,0,0,99,529
Uttar Pradesh,Auraiya,3,40,0,0,0,0,0,19,1,0,2,0,20,158,40,0,0,0,0,0,0,0,101,101,0,0,0,0,344,2,0,0,0,0,0,0,0,13,13,0,77,27,50,0,0,0,0,92,436
Uttar Pradesh,Azamgarh,128,279,6,17,0,0,164,39,63,3,12,0,26,501,285,0,0,0,0,3,0,0,213,213,0,0,0,0,1454,0,0,0,0,0,0,0,0,0,0,0,158,86,72,0,0,0,0,158,1612
Uttar Pradesh,Badaun,34,17,61,3,0,0,0,198,0,0,0,1,42,436,78,0,0,0,0,0,0,0,50,50,0,0,0,0,842,19,0,0,0,0,0,0,0,0,0,0,194,109,83,2,0,0,0,213,1055
Uttar Pradesh,Baghpat,28,108,33,0,0,0,39,9,9,0,8,0,4,108,141,2,0,0,0,0,0,0,101,36,0,0,0,65,449,0,0,0,0,0,0,0,0,3,3,0,71,23,47,1,0,0,0,74,523
Uttar Pradesh,Bahraich,67,75,158,7,1,13,140,14,19,1,1,6,58,22,233,0,0,0,0,5,0,0,295,295,0,0,0,0,882,583,0,0,0,0,0,0,0,0,0,0,147,60,85,2,0,0,0,730,1612
Uttar Pradesh,Ballia,41,218,0,0,0,4,82,9,22,0,2,3,18,177,218,0,0,0,0,11,0,0,162,162,0,0,0,0,749,6,0,0,0,0,0,0,0,42,42,0,114,47,66,0,1,0,0,162,911
Uttar Pradesh,Balrampur,19,21,86,5,0,0,44,6,6,1,5,1,18,4,107,0,0,0,0,4,0,0,1,1,0,0,0,0,221,116,0,0,0,0,0,0,0,5,5,0,59,20,39,0,0,0,0,180,401
Uttar Pradesh,Banda,35,54,0,0,0,2,109,11,22,0,6,3,28,319,54,0,0,0,0,17,0,0,169,169,0,0,0,0,775,0,0,0,0,0,0,0,0,18,18,0,123,28,95,0,0,0,0,141,916
Uttar Pradesh,Barabanki,11,0,0,0,0,0,70,5,0,0,0,0,23,73,0,0,0,0,0,0,0,0,166,84,0,0,0,82,348,609,0,0,0,0,0,0,0,0,0,0,157,69,83,4,0,1,0,766,1114
Uttar Pradesh,Bareilly,19,0,0,0,1,0,65,20,5,1,8,0,54,1454,0,0,0,0,0,0,0,0,259,259,0,0,0,0,1886,0,0,0,0,0,0,0,0,0,0,0,310,87,217,2,0,4,0,310,2196
Uttar Pradesh,Basti,55,0,154,0,0,0,41,13,7,0,2,0,18,136,154,0,0,0,0,7,0,0,0,0,0,0,0,0,433,31,0,0,0,0,0,0,0,0,0,0,35,19,16,0,0,0,0,66,499
Uttar Pradesh,Bijnor,28,0,0,0,1,0,27,5,14,0,4,1,28,353,0,0,0,0,0,11,0,0,28,0,0,0,0,28,500,353,0,0,0,0,0,0,0,14,14,0,142,68,71,2,0,1,0,509,1009
Uttar Pradesh,Bulandshahar,24,34,0,11,0,2,12,11,18,4,6,1,43,704,34,0,0,0,0,14,0,0,2,2,0,0,0,0,886,0,0,0,0,0,0,0,0,10,10,0,219,98,115,6,0,0,0,229,1115
Uttar Pradesh,Chandoli,23,24,0,8,0,0,26,6,6,3,4,0,13,92,24,0,0,0,0,2,0,0,44,44,0,0,0,0,251,7,0,0,0,0,0,0,0,0,0,0,93,62,25,2,2,2,0,100,351
Uttar Pradesh,Chitrakoot,13,16,0,0,0,0,0,70,4,0,2,0,10,48,16,0,0,0,0,7,0,0,73,73,0,0,0,0,243,0,0,0,0,0,0,0,0,3,3,0,76,24,52,0,0,0,0,79,322
Uttar Pradesh,Deoria,9,0,0,0,0,0,8,0,0,0,0,0,21,3,0,0,0,0,0,0,0,0,12,12,0,0,0,0,53,0,0,0,0,0,0,0,0,0,0,0,21,17,4,0,0,0,0,21,74
Uttar Pradesh,Etah,13,32,0,0,1,0,46,34,14,0,0,0,30,81,32,3,0,0,0,0,0,0,28,28,0,0,0,0,282,0,0,0,0,0,0,0,0,0,0,0,52,16,36,0,0,0,0,52,334
Uttar Pradesh,Etawah,11,40,36,0,0,0,0,14,8,0,2,0,31,102,76,0,0,0,0,18,0,0,25,25,0,0,0,0,287,0,0,0,0,0,0,0,0,4,4,0,55,25,30,0,0,0,0,59,346
Uttar Pradesh,Ayodhya,24,0,0,0,0,0,55,19,15,1,1,0,13,0,0,0,0,0,0,0,0,0,294,294,0,0,0,0,422,270,2,0,0,2,0,0,0,12,12,0,22,22,0,0,0,0,0,306,728
Uttar Pradesh,Fatehgarh,10,86,30,0,3,5,17,12,2,0,3,0,14,66,116,0,0,0,0,0,0,0,176,176,0,0,0,0,424,0,0,0,0,0,0,0,0,0,0,0,22,11,8,1,0,2,0,22,446
Uttar Pradesh,Fatehpur,54,25,0,0,1,0,0,154,20,1,7,1,44,107,25,0,0,0,0,0,0,0,108,105,0,0,0,3,522,0,0,0,0,0,0,0,0,0,0,0,132,37,95,0,0,0,0,132,654
Uttar Pradesh,Firozabad,41,87,0,0,0,0,154,5,35,4,7,0,57,412,87,0,0,0,0,0,0,0,169,169,0,0,0,0,971,204,0,0,0,0,0,0,0,0,0,0,95,24,67,4,0,0,0,299,1270
Uttar Pradesh,Grp,2,1,0,0,0,0,5,22,0,0,0,1,1,0,1,0,0,0,0,0,0,0,26,18,0,0,0,8,58,0,0,0,0,0,0,0,0,1,0,1,1,0,1,0,0,0,0,2,60
Uttar Pradesh,Gautambudh Nagar,16,38,11,0,0,0,0,29,7,4,16,0,33,128,49,0,0,0,0,0,0,0,77,27,0,0,0,50,359,0,0,0,0,0,0,0,0,5,5,0,67,39,24,4,0,0,0,72,431
Uttar Pradesh,Ghaziabad,176,224,31,20,2,1,87,49,26,9,34,2,31,650,255,1,0,0,0,23,2,1,546,539,3,1,0,3,1915,9,0,0,0,0,0,0,0,0,0,0,475,313,151,9,1,1,0,484,2399
Uttar Pradesh,Ghazipur,24,0,0,14,0,0,135,51,47,2,5,0,27,241,0,0,0,0,0,3,0,0,177,177,0,0,0,0,726,0,0,0,0,0,0,0,0,7,7,0,67,17,49,0,0,1,0,74,800
Uttar Pradesh,Gonda,109,257,240,7,1,0,139,18,8,0,3,0,36,19,497,0,0,0,0,14,0,0,327,327,0,0,0,0,1178,421,0,0,0,0,0,0,0,38,38,0,153,59,88,2,1,3,0,612,1790
Uttar Pradesh,Gorakhpur,10,68,0,0,0,0,0,78,7,2,1,0,30,967,68,0,0,0,0,0,0,0,57,57,0,0,0,0,1220,0,0,0,0,0,0,0,0,0,0,0,239,91,143,4,0,1,0,239,1459
Uttar Pradesh,Hamirpur,28,11,13,0,0,0,66,1,5,2,3,0,25,134,24,0,0,0,0,10,0,0,48,48,0,0,0,0,346,0,0,0,0,0,0,0,0,0,0,0,79,20,58,1,0,0,0,79,425
Uttar Pradesh,Hapur,25,78,30,9,0,0,36,53,8,2,31,0,14,114,108,0,0,0,0,0,0,0,68,68,0,0,0,0,468,0,0,0,0,0,0,0,0,6,6,0,92,40,50,2,0,0,0,98,566
Uttar Pradesh,Hardoi,49,0,72,0,0,0,222,0,0,0,0,0,44,356,72,0,0,0,0,0,0,0,798,798,0,0,0,0,1541,0,0,0,0,0,0,0,0,0,0,0,157,122,35,0,0,0,0,157,1698
Uttar Pradesh,Hathras,37,156,58,1,0,0,116,4,25,2,6,0,24,173,214,0,0,0,0,0,0,0,71,71,0,0,0,0,673,0,0,0,0,0,0,0,0,5,5,0,36,12,24,0,0,0,0,41,714
Uttar Pradesh,Jalaun,21,0,0,0,0,0,16,0,14,3,1,0,24,136,0,0,0,0,0,10,0,0,63,62,1,0,0,0,288,0,0,0,0,0,0,0,0,0,0,0,70,31,38,1,0,0,0,70,358
Uttar Pradesh,Jaunpur,51,4,92,0,1,0,49,70,16,5,8,0,21,320,96,0,0,0,0,14,0,0,86,86,0,0,0,0,737,2,0,0,0,0,0,0,0,2,2,0,158,75,82,1,0,0,0,162,899
Uttar Pradesh,Jhansi,41,1,40,0,0,0,68,0,17,1,2,0,25,322,41,0,0,0,0,5,0,0,39,39,0,0,0,0,561,0,0,0,0,0,0,0,0,0,0,0,86,21,65,0,0,0,0,86,647
Uttar Pradesh,Kannauj,31,44,60,0,0,0,72,0,9,0,5,0,17,395,104,0,0,0,0,0,0,0,113,112,1,0,0,0,746,0,0,0,0,0,0,0,0,0,0,0,139,95,44,0,0,0,0,139,885
Uttar Pradesh,Kanpur Dehat,11,44,0,1,0,0,91,0,0,0,0,0,23,171,44,0,0,0,0,6,0,0,157,79,0,0,0,78,504,0,0,0,0,0,0,0,0,0,0,0,78,22,56,0,0,0,0,78,582
Uttar Pradesh,Kanpur Commissionarate,111,0,0,0,0,0,120,113,11,0,0,0,54,986,0,0,0,0,0,0,0,0,350,350,0,0,0,0,1745,0,0,0,0,0,0,0,0,0,0,0,205,93,104,8,0,0,0,205,1950
Uttar Pradesh,Kasganj,28,172,0,3,1,0,38,33,25,1,5,1,25,129,172,0,0,0,0,7,0,0,178,178,0,0,0,0,646,7,0,0,0,0,0,0,0,0,0,0,95,23,70,2,0,0,0,102,748
Uttar Pradesh,Kaushambi,40,0,85,0,1,0,0,51,11,0,5,0,20,95,85,0,0,0,0,0,0,0,70,70,0,0,0,0,378,0,0,0,0,0,0,0,0,0,0,0,40,11,29,0,0,0,0,40,418
Uttar Pradesh,Khiri,44,0,145,0,0,0,49,0,0,0,0,0,32,368,145,0,0,0,0,0,0,0,205,205,0,0,0,0,843,0,0,0,0,0,0,0,0,0,0,0,98,23,75,0,0,0,0,98,941
Uttar Pradesh,Kushi Nagar,9,22,17,0,0,0,0,101,10,0,4,0,29,68,39,0,0,0,0,3,0,0,634,634,0,0,0,0,897,0,0,0,0,0,0,0,0,0,0,0,86,39,46,1,0,0,0,86,983
Uttar Pradesh,Lalitpur,11,12,0,0,0,0,22,17,0,0,0,0,15,49,12,0,0,0,0,0,0,0,0,0,0,0,0,0,126,0,0,0,0,0,0,0,0,0,0,0,0,0,0,0,0,0,0,0,126
Uttar Pradesh,Lucknow Commissionarate,162,63,0,37,0,0,176,30,40,4,31,0,22,1446,63,0,0,0,0,15,2,0,265,265,0,0,0,0,2293,48,1,1,0,0,0,0,0,0,0,0,249,112,125,12,0,0,0,298,2591
Uttar Pradesh,Maharajganj,30,5,0,0,0,0,22,1,0,0,1,0,32,270,5,0,0,0,0,1,0,0,8,8,0,0,0,0,370,0,0,0,0,0,0,0,0,17,17,0,107,50,57,0,0,0,0,124,494
Uttar Pradesh,Mahoba,9,11,3,3,0,0,44,4,5,0,2,0,11,34,14,0,0,0,0,6,0,0,113,113,0,0,0,0,245,6,0,0,0,0,0,0,0,2,2,0,79,37,41,0,0,1,0,87,332
Uttar Pradesh,Mainpuri,19,73,0,1,0,0,49,2,7,2,1,0,31,160,73,3,0,0,0,2,0,0,148,148,0,0,0,0,498,111,0,0,0,0,0,0,0,9,0,9,65,16,49,0,0,0,0,185,683
Uttar Pradesh,Mathura,52,375,0,4,2,0,105,17,27,2,4,0,22,341,375,0,0,0,0,8,0,0,0,0,0,0,0,0,959,0,0,0,0,0,0,0,0,0,0,0,140,75,64,1,0,0,0,140,1099
Uttar Pradesh,Mau,42,87,61,0,0,0,52,11,10,0,1,0,9,6,148,0,0,0,0,0,0,0,0,0,0,0,0,0,279,201,0,0,0,0,0,0,0,0,0,0,76,38,35,1,0,2,0,277,556
Uttar Pradesh,Meerut,60,188,0,4,0,8,61,50,34,4,13,1,34,724,188,0,0,0,0,4,1,0,151,151,0,0,0,0,1337,0,2,0,0,0,0,2,1,0,0,0,217,113,101,1,0,2,0,220,1557
Uttar Pradesh,Mirzapur,15,0,29,1,0,15,21,13,0,0,0,0,22,115,29,0,0,0,0,15,0,0,28,28,0,0,0,0,274,0,0,0,0,0,0,0,0,19,19,0,28,8,20,0,0,0,0,47,321
Uttar Pradesh,Moradabad,26,20,0,40,0,0,80,20,24,0,0,0,42,666,20,0,0,0,0,0,1,0,58,58,0,0,0,0,977,0,0,0,0,0,0,0,0,0,0,0,56,22,31,2,1,0,0,56,1033
Uttar Pradesh,Muzaffarnagar,70,142,49,0,0,0,19,20,11,1,7,0,25,330,191,0,0,0,0,0,2,0,3,0,0,0,0,3,679,0,0,0,0,0,0,0,0,1,1,0,86,49,35,2,0,0,0,87,766
Uttar Pradesh,Pilibhit,102,293,126,14,0,0,0,182,21,4,3,0,31,417,419,0,0,0,0,3,1,0,99,98,0,0,0,1,1296,0,0,0,0,0,0,0,0,1,1,0,91,29,62,0,0,0,0,92,1388
Uttar Pradesh,Pratapgarh,30,117,0,0,0,6,35,44,11,0,0,0,23,296,117,0,0,0,0,0,0,0,199,199,0,0,0,0,761,0,0,0,0,0,0,0,0,0,0,0,70,27,43,0,0,0,0,70,831
Uttar Pradesh,Raibareilly,37,0,119,0,0,0,78,0,0,0,0,0,24,149,119,0,0,0,0,0,0,0,107,107,0,0,0,0,514,0,0,0,0,0,0,0,0,0,0,0,133,43,88,2,0,0,0,133,647
Uttar Pradesh,Rampur,72,131,39,7,0,5,0,53,21,0,2,0,14,28,170,1,0,0,0,1,0,0,45,45,0,0,0,0,419,459,0,0,0,0,0,0,0,5,5,0,96,49,44,3,0,0,0,560,979
Uttar Pradesh,Saharanpur,34,104,0,0,1,0,58,19,4,1,7,2,25,160,104,0,0,0,0,0,0,0,0,0,0,0,0,0,415,348,0,0,0,0,0,0,0,0,0,0,166,93,72,1,0,0,0,514,929
Uttar Pradesh,Sambhal,55,45,60,7,0,10,32,30,19,1,4,0,19,232,105,0,0,0,0,0,2,0,125,125,0,0,0,0,641,13,0,0,0,0,0,0,0,3,3,0,102,45,53,1,0,3,0,118,759
Uttar Pradesh,Sant Kabirnagar,55,0,60,0,0,0,0,67,8,2,2,0,7,54,60,0,0,0,0,4,0,0,68,68,0,0,0,0,327,0,0,0,0,0,0,0,0,0,0,0,56,27,29,0,0,0,0,56,383
Uttar Pradesh,Shahjahanpur,19,19,14,0,0,0,103,0,0,0,0,21,54,356,33,0,0,0,0,1,3,0,23,23,0,0,0,0,613,0,0,0,0,0,0,0,0,0,0,0,70,23,46,0,1,0,0,70,683
Uttar Pradesh,Shamli,29,11,6,0,0,0,37,10,37,2,6,0,11,181,17,0,0,0,0,0,0,0,0,0,0,0,0,0,330,0,0,0,0,0,0,0,0,1,1,0,83,28,55,0,0,0,0,84,414
Uttar Pradesh,Shrawasti,20,7,0,1,0,0,38,12,8,2,0,0,18,2,7,0,0,0,0,2,0,0,111,111,0,0,0,0,221,124,0,0,0,0,0,0,0,2,2,0,21,3,17,0,0,1,0,147,368
Uttar Pradesh,Sidharthnagar,26,45,105,0,0,0,25,17,5,2,0,0,24,43,150,0,0,0,0,4,0,0,130,130,0,0,0,0,426,115,0,0,0,0,0,0,0,2,2,0,19,3,16,0,0,0,0,136,562
Uttar Pradesh,Sitapur,61,0,0,0,0,0,226,0,0,0,0,0,63,430,0,0,0,0,0,0,0,0,406,406,0,0,0,0,1186,0,0,0,0,0,0,0,0,0,0,0,129,62,67,0,0,0,0,129,1315
Uttar Pradesh,Sonbhadra,116,0,0,0,0,0,78,0,0,0,0,0,21,56,0,0,0,0,0,4,0,0,47,47,0,0,0,0,322,137,0,0,0,0,0,0,0,0,0,0,105,67,38,0,0,0,0,242,564
Uttar Pradesh,Bhadohi,10,23,24,0,1,1,23,7,2,0,2,2,15,10,47,0,0,0,0,4,0,0,69,69,0,0,0,0,193,72,0,0,0,0,0,0,0,4,4,0,28,14,14,0,0,0,0,104,297
Uttar Pradesh,Sultanpur,66,179,151,7,0,6,66,10,13,0,1,0,26,28,330,0,0,0,0,5,0,0,202,202,0,0,0,0,760,205,0,0,0,0,0,0,0,22,22,0,78,27,50,0,0,1,0,305,1065
Uttar Pradesh,Unnao,28,211,169,0,0,0,207,9,19,1,3,0,32,241,380,0,0,0,0,5,0,0,35,29,6,0,0,0,960,0,0,0,0,0,0,0,0,8,8,0,206,53,152,1,0,0,0,214,1174
Uttar Pradesh,Varanasi Commissionarate,75,176,5,5,3,0,35,83,12,1,5,2,23,646,181,3,0,0,0,12,0,0,186,186,0,0,0,0,1272,0,0,0,0,0,0,0,0,0,0,0,106,56,49,0,0,1,0,106,1378
Uttarakhand,Almora,8,0,0,0,0,0,7,1,1,1,4,0,0,14,0,0,0,0,0,0,0,0,26,5,0,0,0,21,62,0,0,0,0,0,0,0,0,0,0,0,28,17,11,0,0,0,0,28,90
Uttarakhand,Bageshwar,1,0,0,0,0,0,5,1,0,0,0,0,0,0,0,0,0,0,0,0,0,0,11,7,0,0,0,4,18,2,0,0,0,0,0,0,0,0,0,0,4,4,0,0,0,0,0,6,24
Uttarakhand,Chamoli,3,0,1,2,0,0,3,3,0,0,5,1,1,1,1,0,0,0,0,0,0,0,14,4,0,0,0,10,34,1,0,0,0,0,0,0,0,5,5,0,17,12,3,2,0,0,0,23,57
Uttarakhand,Champawat,6,0,0,0,0,0,6,1,0,0,1,0,1,1,0,0,0,0,0,0,0,0,22,2,0,0,0,20,38,6,0,0,0,0,0,0,0,0,0,0,29,23,6,0,0,0,0,35,73
Uttarakhand,Dehradun,75,0,91,0,0,0,83,18,2,4,11,0,10,61,91,0,0,1,1,0,0,0,110,82,0,0,0,28,467,199,3,0,0,3,0,0,0,54,54,0,177,106,70,0,1,0,1,434,901
Uttarakhand,Haridwar,104,35,0,6,0,1,113,29,25,5,5,3,14,18,35,1,0,0,0,1,1,0,157,138,0,0,0,19,518,155,0,0,0,0,0,0,0,2,2,0,270,176,92,0,0,2,0,427,945
Uttarakhand,Nainital,33,1,5,1,0,0,18,14,4,1,14,1,2,8,6,0,0,0,0,2,0,0,92,16,0,0,0,76,196,31,1,0,1,0,0,0,0,1,0,1,75,43,31,0,0,1,0,108,304
Uttarakhand,Pauri Garhwal,8,0,0,0,0,0,14,5,1,0,3,2,0,2,0,0,0,0,0,1,0,0,26,15,0,0,0,11,62,12,0,0,0,0,0,0,0,4,4,0,25,25,0,0,0,0,0,41,103
Uttarakhand,Pithoragarh,6,0,0,1,0,1,6,1,0,0,1,2,0,4,0,0,0,0,0,2,0,0,14,2,0,0,0,12,38,2,0,0,0,0,0,0,0,6,6,0,29,14,9,4,2,0,0,37,75
Uttarakhand,Rudra Prayag,0,0,0,0,0,0,5,0,0,0,0,0,0,0,0,0,0,0,0,0,0,0,14,5,0,0,0,9,19,0,0,0,0,0,0,0,0,1,1,0,5,5,0,0,0,0,0,6,25
Uttarakhand,Tehri Garhwal,0,0,0,0,0,1,1,2,2,0,1,1,1,8,0,0,0,0,0,0,0,0,5,0,0,0,0,5,22,0,0,0,0,0,0,0,0,3,3,0,33,30,3,0,0,0,0,36,58
Uttarakhand,Udhamsingh Nagar,58,0,0,0,0,0,52,0,43,0,0,0,11,44,0,0,0,0,0,0,0,0,50,15,0,0,0,35,258,151,0,0,0,0,0,0,0,6,6,0,223,144,79,0,0,0,0,380,638
Uttarakhand,Uttarkashi,3,0,0,0,0,0,3,0,0,0,0,0,1,0,0,0,0,0,0,1,0,0,16,7,1,0,0,8,24,5,0,0,0,0,0,0,0,1,1,0,17,14,3,0,0,0,0,23,47
Uttarakhand,Grp,0,0,0,0,0,0,0,0,0,0,0,0,0,0,0,0,0,0,0,0,0,0,1,0,0,0,0,1,1,0,0,0,0,0,0,0,0,0,0,0,1,1,0,0,0,0,0,1,2
Uttarakhand,Cyber Cell,0,0,0,0,0,0,0,0,0,0,0,0,0,0,0,0,0,0,0,0,0,0,0,0,0,0,0,0,0,0,0,0,0,0,0,0,0,0,0,0,0,0,0,0,0,0,0,0,0
West Bengal,Alipurduar,27,0,0,10,2,13,22,13,8,6,3,0,10,316,0,0,0,0,0,15,0,0,135,128,0,0,0,7,580,0,3,0,0,0,0,3,0,0,0,0,83,61,14,4,0,4,0,86,666
West Bengal,Asansol-Durgapur Pc,14,2,0,9,0,13,12,6,1,1,3,1,14,479,2,0,0,0,0,6,0,0,95,91,0,1,0,3,656,0,0,0,0,0,0,0,0,0,0,0,66,49,15,2,0,0,0,66,722
West Bengal,Bankura,17,1,5,0,0,11,27,10,25,2,3,29,15,355,6,3,0,0,0,8,0,0,177,26,0,0,0,151,688,0,0,0,0,0,0,0,0,0,0,0,46,40,4,2,0,0,0,46,734
West Bengal,Barrackpur Pc,17,2,6,0,0,1,243,50,60,15,24,20,5,1204,8,0,0,0,0,10,2,0,77,66,1,4,0,6,1736,0,2,0,0,0,0,2,0,0,0,0,76,36,24,15,1,0,0,78,1814
West Bengal,Bidhannagar Pc,7,0,3,19,0,1,48,25,6,4,18,8,5,384,3,0,0,0,0,5,0,0,45,43,0,0,1,1,578,0,3,0,0,0,0,3,0,2,2,0,46,33,10,3,0,0,0,51,629
West Bengal,Birbhum,33,0,0,2,0,9,13,5,1,1,1,2,7,389,0,0,0,0,0,17,2,0,104,103,0,1,0,0,586,0,2,0,0,0,0,2,0,0,0,0,52,41,4,7,0,0,0,54,640
West Bengal,Coochbehar,71,0,0,12,0,46,29,14,4,2,6,13,22,442,0,2,1,0,0,22,0,0,485,0,0,0,0,485,1171,0,3,0,0,0,0,3,0,0,0,0,117,59,35,22,1,0,0,120,1291
West Bengal,Dakshin Dinajpur,22,0,1,1,0,32,10,10,4,2,3,15,10,222,1,3,0,0,0,10,0,0,196,68,0,5,0,123,541,0,0,0,0,0,0,0,0,0,0,0,37,24,9,3,0,1,0,37,578
West Bengal,Darjeeling,9,0,0,0,1,7,80,0,0,0,0,5,2,97,0,0,0,0,0,2,0,0,42,42,0,0,0,0,245,0,0,0,0,0,0,0,0,0,0,0,49,30,13,3,0,3,0,49,294
West Bengal,Hooghly Rural Police,30,0,0,0,0,20,6,5,7,3,8,0,17,571,0,0,0,0,0,12,0,0,156,89,0,0,0,67,835,0,0,0,0,0,0,0,0,0,0,0,85,76,9,0,0,0,0,85,920
West Bengal,Howrah Grp,0,0,0,0,0,0,4,0,0,0,0,1,1,0,0,0,0,0,0,1,0,0,1,1,0,0,0,0,8,0,0,0,0,0,0,0,0,0,0,0,0,0,0,0,0,0,0,0,8
West Bengal,Howrah Pc,11,0,0,0,0,4,39,0,0,0,0,0,0,590,0,0,0,0,0,18,3,1,166,166,0,0,0,0,832,0,1,0,0,0,0,1,0,0,0,0,83,20,35,28,0,0,0,84,916
West Bengal,Howrah Rural,14,0,0,0,0,4,0,3,2,3,1,1,10,487,0,0,0,0,0,9,0,0,110,106,0,0,0,4,644,0,0,0,0,0,0,0,0,0,0,0,86,58,17,11,0,0,0,86,730
West Bengal,Jalpaiguri,33,0,0,8,0,16,16,12,0,0,4,0,5,219,0,0,0,0,0,13,0,0,139,39,0,0,0,100,465,0,0,0,0,0,0,0,0,0,0,0,97,78,11,7,0,1,0,97,562
West Bengal,Jhargram,7,0,12,3,0,2,5,5,7,0,1,0,2,119,12,0,0,0,0,0,0,0,103,103,0,0,0,0,266,0,0,0,0,0,0,0,0,0,0,0,27,27,0,0,0,0,0,27,293
West Bengal,Kharagpur Grp,1,0,0,0,0,0,1,3,1,0,1,0,0,0,0,0,0,0,0,2,0,0,3,2,0,0,0,1,12,0,0,0,0,0,0,0,0,0,0,0,0,0,0,0,0,0,0,0,12
West Bengal,Kolkata,12,6,0,0,1,1,79,33,22,39,74,235,11,869,6,0,13,0,0,32,0,1,329,312,1,2,0,14,1757,0,4,0,0,0,0,4,0,3,3,0,194,159,26,9,0,0,0,201,1958
West Bengal,Malda,125,2,0,30,0,85,47,14,19,15,27,12,16,722,2,5,0,0,0,35,0,0,298,291,0,3,0,4,1452,0,0,0,0,0,0,0,0,0,0,0,251,146,80,24,1,0,0,251,1703
West Bengal,Murshidabad Police District,128,0,9,19,1,115,29,12,16,6,12,2,18,1502,9,0,0,0,0,30,3,0,432,412,0,3,0,17,2334,0,1,0,0,0,0,1,0,0,0,0,184,180,2,2,0,0,0,185,2519
West Bengal,Paschim Medinipur,34,25,0,0,0,39,35,119,31,39,22,4,9,433,25,3,0,0,0,18,2,0,186,25,1,4,0,156,999,0,1,0,0,0,0,1,0,0,0,0,100,61,29,5,5,0,0,101,1100
West Bengal,Purab Medinipur,46,11,88,0,0,37,23,12,5,19,16,1,19,818,99,0,0,0,0,4,3,0,492,454,2,1,0,35,1594,0,3,0,0,0,0,3,0,0,0,0,77,46,21,10,0,0,0,80,1674
West Bengal,Purulia,18,0,1,0,0,14,15,9,14,0,7,0,6,245,1,0,0,0,0,8,1,0,77,75,0,0,0,2,415,0,0,0,0,0,0,0,0,0,0,0,45,33,12,0,0,0,0,45,460
West Bengal,Sealdah Grp,1,0,1,0,0,0,7,2,0,0,0,0,1,0,1,0,0,0,0,1,0,0,1,1,0,0,0,0,14,0,0,0,0,0,0,0,0,0,0,0,3,2,0,0,0,1,0,3,17
West Bengal,Siliguri Grp,1,0,0,0,0,0,9,0,0,0,1,0,0,0,0,0,0,0,0,0,0,0,3,3,0,0,0,0,14,0,0,0,0,0,0,0,0,0,0,0,1,0,1,0,0,0,0,1,15
West Bengal,Siliguri Pc,7,0,0,0,0,2,0,8,29,6,17,12,1,525,0,0,0,0,0,3,0,0,218,150,0,0,0,68,828,0,3,0,0,0,0,3,0,0,0,0,67,7,40,20,0,0,0,70,898
West Bengal,Baruipur Police,72,0,0,0,0,48,14,20,5,16,6,8,15,1101,0,0,0,0,0,0,2,0,290,279,1,3,0,7,1597,0,0,0,0,0,0,0,0,0,0,0,172,105,54,13,0,0,0,172,1769
West Bengal,Chandannagar Pc,10,0,0,6,0,0,10,4,0,0,0,0,2,511,0,0,0,0,0,0,0,0,19,19,0,0,0,0,562,0,0,0,0,0,0,0,0,0,0,0,19,8,8,3,0,0,0,19,581
West Bengal,Diamond Harbour Police,29,0,0,0,0,10,0,10,8,2,6,0,9,930,0,0,0,0,0,15,3,0,122,113,0,0,0,9,1144,0,0,0,0,0,0,0,0,0,0,0,65,65,0,0,0,0,0,65,1209
West Bengal,Kalimpong,3,0,0,0,0,3,3,2,1,0,0,0,0,18,0,0,0,0,0,0,0,0,16,16,0,0,0,0,46,0,0,0,0,0,0,0,0,0,0,0,25,23,2,0,0,0,0,25,71
West Bengal,Purba Bardhaman,35,21,18,0,0,22,39,21,101,11,16,7,21,1115,39,0,0,0,0,29,2,0,358,352,0,0,0,6,1816,0,2,0,0,0,0,2,0,2,2,0,114,54,48,7,5,0,0,118,1934
West Bengal,Sundarban Police,29,0,0,0,0,22,16,7,9,5,4,1,1,820,0,1,0,0,0,10,0,0,232,9,0,0,0,223,1157,0,1,0,0,0,0,1,0,0,0,0,81,50,27,4,0,0,0,82,1239
West Bengal,Barasat,20,0,10,3,0,9,15,8,14,9,8,3,14,778,10,0,0,0,0,8,1,0,198,192,0,2,0,4,1098,0,0,0,0,0,0,0,0,0,0,0,87,54,23,10,0,0,0,87,1185
West Bengal,Basirhat,35,1,0,3,0,23,4,5,5,1,2,2,10,456,1,0,0,0,0,18,1,1,148,137,0,0,0,11,715,0,0,0,0,0,0,0,0,3,0,3,57,41,16,0,0,0,2,62,777
West Bengal,Bangaon,38,0,0,0,0,10,23,34,46,5,12,12,5,485,0,4,2,0,0,2,0,0,57,54,1,2,0,0,735,0,1,0,0,0,0,1,0,0,0,0,38,18,13,7,0,0,0,39,774
West Bengal,Islampur,19,0,0,4,0,9,1,1,0,4,4,0,7,170,0,0,0,0,0,5,0,0,96,26,0,0,0,70,320,0,1,0,0,0,0,1,0,0,0,0,23,23,0,0,0,0,0,24,344
West Bengal,Jangipur Police District,14,0,0,4,0,16,2,0,0,2,0,0,8,451,0,0,0,0,0,3,1,0,93,7,0,0,0,86,594,0,2,0,0,0,0,2,0,0,0,0,41,29,12,0,0,0,0,43,637
West Bengal,Krishnagar,70,10,38,16,0,101,16,10,9,7,5,0,15,630,48,0,0,0,0,9,2,1,127,23,0,1,0,103,1066,0,2,0,0,0,0,2,0,0,0,0,47,22,9,16,0,0,0,49,1115
West Bengal,Raiganj,18,0,0,13,0,23,5,2,0,0,2,7,4,162,0,0,0,0,0,11,0,0,108,73,0,0,0,35,355,0,0,0,0,0,0,0,0,0,0,0,53,41,7,5,0,0,0,53,408
West Bengal,Ranaghat,41,0,0,3,0,41,10,15,15,3,3,12,20,715,0,0,0,0,0,4,2,2,211,176,0,2,0,33,1097,0,0,0,0,0,0,0,0,0,0,0,67,31,27,8,1,0,0,67,1164
A&N Islands,South Andaman,7,0,0,0,0,0,10,6,0,2,1,5,0,2,0,0,0,0,0,0,0,0,10,10,0,0,0,0,43,0,0,0,0,0,0,0,0,1,1,0,44,36,6,2,0,0,0,45,88
A&N Islands,North & Middle Andaman,0,0,0,0,1,0,4,4,0,2,2,1,0,0,0,0,0,0,0,0,0,0,2,2,0,0,0,0,16,0,0,0,0,0,0,0,0,5,5,0,18,14,4,0,0,0,0,23,39
A&N Islands,Nicobar,0,0,0,0,0,0,1,1,0,0,0,0,0,0,0,0,0,0,0,0,0,0,0,0,0,0,0,0,2,0,0,0,0,0,0,0,0,1,1,0,26,25,1,0,0,0,0,27,29
Chandigarh,Chandigarh,96,0,3,0,1,2,7,12,1,6,5,7,3,162,3,0,1,0,0,0,0,0,138,137,1,0,0,0,444,0,2,0,0,2,0,0,0,4,2,2,2,0,2,0,0,0,0,8,452
D&N Haveli And Daman & Diu,D&N Haveli,4,0,0,0,0,0,2,3,0,0,0,2,0,1,0,0,0,0,0,1,0,0,19,18,0,0,0,1,32,0,0,0,0,0,0,0,0,0,0,0,22,20,1,1,0,0,0,22,54
D&N Haveli And Daman & Diu,Daman,6,0,0,1,0,0,1,0,0,0,0,0,0,2,0,0,0,0,0,0,0,0,13,13,0,0,0,0,23,0,0,0,0,0,0,0,0,1,1,0,4,2,2,0,0,0,0,5,28
D&N Haveli And Daman & Diu,Diu,1,0,0,0,0,0,0,0,0,0,0,1,0,0,0,0,0,0,0,0,0,0,0,0,0,0,0,0,2,0,0,0,0,0,0,0,0,0,0,0,2,0,0,1,1,0,0,2,4
Delhi,Central,78,0,0,3,0,0,22,14,13,4,7,19,0,174,0,0,0,0,0,0,0,1,120,118,0,1,0,1,455,0,0,0,0,0,0,0,0,1,1,0,85,57,27,1,0,0,0,86,541
Delhi,Crime Branch,0,0,0,0,0,0,0,0,0,0,0,0,0,0,0,0,0,0,0,0,0,0,1,0,0,0,0,1,1,0,0,0,0,0,0,0,0,0,0,0,0,0,0,0,0,0,0,0,1
Delhi,East,94,0,0,4,2,0,55,12,6,1,3,15,7,257,0,0,0,0,0,3,0,0,214,210,0,1,0,3,673,0,5,0,0,0,0,5,0,1,0,1,87,58,29,0,0,0,0,93,766
Delhi,Eow,0,0,0,0,0,0,0,0,0,0,0,0,0,0,0,0,0,0,0,0,0,0,0,0,0,0,0,0,0,0,0,0,0,0,0,0,0,0,0,0,0,0,0,0,0,0,0,0,0
Delhi,Igi Airport,5,0,0,0,0,0,6,5,0,0,0,5,0,0,0,0,0,0,0,0,0,0,1,1,0,0,0,0,22,0,0,0,0,0,0,0,0,0,0,0,0,0,0,0,0,0,0,0,22
Delhi,Metro,1,0,0,0,0,0,5,6,0,0,2,5,0,0,0,0,0,0,0,0,0,0,4,4,0,0,0,0,23,0,0,0,0,0,0,0,0,0,0,0,1,0,1,0,0,0,0,1,24
Delhi,New Delhi,10,0,0,0,0,0,16,7,2,2,7,7,0,18,0,0,0,0,0,0,0,0,22,22,0,0,0,0,91,0,0,0,0,0,0,0,0,0,0,0,7,6,1,0,0,0,0,7,98
Delhi,North,64,0,0,0,0,0,44,31,2,2,5,15,8,185,0,0,0,0,0,3,0,0,185,181,0,0,0,4,544,1,0,0,0,0,0,0,0,0,0,0,76,46,30,0,0,0,0,77,621
Delhi,North-East,67,0,0,4,0,0,68,26,28,3,18,17,14,357,0,0,0,0,0,3,0,0,403,386,0,0,0,17,1008,3,1,0,0,0,0,1,1,1,0,1,131,89,42,0,0,0,0,137,1145
Delhi,North-West,54,0,0,1,1,0,38,25,25,2,13,9,6,246,0,0,0,0,0,2,0,0,226,225,0,0,0,1,648,0,0,0,0,0,0,0,0,1,1,0,99,76,23,0,0,0,0,100,748
Delhi,Outer,72,0,0,2,0,0,46,8,21,1,10,19,12,479,0,0,0,0,0,2,0,0,358,355,0,0,0,3,1030,2,2,0,0,1,0,1,0,13,13,0,132,86,46,0,0,0,0,149,1179
Delhi,Railway,4,0,0,0,0,0,2,0,0,0,1,2,1,0,0,0,0,0,0,0,0,0,11,10,0,0,0,1,21,0,0,0,0,0,0,0,0,0,0,0,0,0,0,0,0,0,0,0,21
Delhi,South,81,0,0,4,0,0,92,23,26,4,23,28,6,508,0,0,0,0,0,2,0,0,260,251,0,1,0,8,1057,1,0,0,0,0,0,0,0,28,28,0,141,92,48,1,0,0,0,170,1227
Delhi,South-East,96,0,3,5,0,0,61,32,27,5,20,46,10,468,3,0,0,0,0,3,0,2,360,352,0,0,0,8,1138,6,1,0,0,0,0,1,0,4,4,0,131,92,38,1,0,0,0,142,1280
Delhi,South-West,78,0,0,0,0,1,45,20,5,5,14,32,2,184,0,0,0,0,0,0,0,0,235,234,0,0,0,1,621,1,7,0,0,0,0,7,0,1,1,0,86,61,22,3,0,0,0,95,716
Delhi,Spl Cell,0,0,0,0,0,0,0,0,0,0,0,2,0,0,0,0,0,0,0,0,0,0,0,0,0,0,0,0,2,0,0,0,0,0,0,0,0,0,0,0,1,0,0,0,1,0,0,1,3
Delhi,Spuwac,0,0,0,0,0,0,0,0,0,0,0,0,0,95,0,0,0,0,0,0,0,0,0,0,0,0,0,0,95,0,0,0,0,0,0,0,0,0,0,0,0,0,0,0,0,0,0,0,95
Delhi,Vigilance,0,0,0,0,0,0,0,0,0,0,0,0,0,0,0,0,0,0,0,0,0,0,0,0,0,0,0,0,0,0,0,0,0,0,0,0,0,0,0,0,0,0,0,0,0,0,0,0,0
Delhi,West,53,0,0,4,0,0,40,16,23,3,11,41,3,323,0,0,0,0,0,0,0,0,231,230,0,0,0,1,748,2,0,0,0,0,0,0,0,0,0,0,75,42,27,6,0,0,0,77,825
Delhi,Rohini,63,0,0,1,0,0,54,17,18,1,6,14,10,332,0,1,0,0,0,4,0,2,259,257,0,0,0,2,782,0,0,0,0,0,0,0,0,3,3,0,98,75,22,1,0,0,0,101,883
Delhi,Shahdara,64,0,0,4,0,0,46,25,27,1,15,21,5,340,0,0,1,0,0,1,1,0,188,90,0,0,0,98,739,0,0,0,0,0,0,0,0,3,2,1,66,37,29,0,0,0,0,69,808
Delhi,Dwarka,99,1,1,0,0,0,72,20,12,2,12,18,11,455,2,1,0,0,0,3,0,0,339,335,0,0,0,4,1046,0,0,0,0,0,0,0,0,7,7,0,124,82,38,4,0,0,0,131,1177
Delhi,Outer North,75,0,0,3,3,0,43,29,44,2,11,35,14,226,0,1,0,0,0,8,0,0,557,550,0,0,0,7,1051,0,1,0,0,0,0,1,0,15,15,0,149,93,55,1,0,0,0,165,1216
Jammu & Kashmir,Anantnag,15,16,0,0,0,0,112,1,1,0,0,0,0,11,16,0,0,0,0,0,0,0,44,44,0,0,0,0,200,6,2,0,0,0,2,0,0,0,0,0,15,15,0,0,0,0,0,23,223
Jammu & Kashmir,Awantipora,5,16,2,0,0,0,62,0,0,0,0,0,0,2,18,0,0,0,0,0,0,0,2,2,0,0,0,0,89,0,0,0,0,0,0,0,0,0,0,0,5,5,0,0,0,0,0,5,94
Jammu & Kashmir,Bandipora,5,8,6,0,0,0,27,0,44,0,0,0,0,3,14,0,0,0,0,0,0,0,20,0,0,0,0,20,113,0,0,0,0,0,0,0,0,2,2,0,11,0,11,0,0,0,0,13,126
Jammu & Kashmir,Baramulla,10,42,0,0,0,0,49,32,0,0,2,1,0,18,42,0,0,0,0,0,0,0,13,13,0,0,0,0,167,0,0,0,0,0,0,0,0,0,0,0,19,15,1,0,3,0,0,19,186
Jammu & Kashmir,Budgam,12,68,0,0,0,0,197,0,0,0,0,0,0,10,68,0,0,0,0,1,0,0,0,0,0,0,0,0,288,0,0,0,0,0,0,0,0,0,0,0,20,15,0,5,0,0,0,20,308
Jammu & Kashmir,Special Crime Wing Jammu,0,0,0,0,0,0,0,0,0,0,0,0,0,0,0,0,0,0,0,0,0,0,0,0,0,0,0,0,0,0,0,0,0,0,0,0,0,0,0,0,0,0,0,0,0,0,0,0,0
Jammu & Kashmir,Special Crime Wing Kashmir,0,0,0,0,0,0,0,0,0,0,0,0,0,0,0,0,0,0,0,0,0,0,0,0,0,0,0,0,0,0,0,0,0,0,0,0,0,0,0,0,0,0,0,0,0,0,0,0,0
Jammu & Kashmir,Doda,17,0,0,1,0,0,29,0,0,0,0,0,0,33,0,0,0,0,0,0,0,0,35,35,0,0,0,0,115,0,0,0,0,0,0,0,0,0,0,0,13,13,0,0,0,0,0,13,128
Jammu & Kashmir,Ganderbal,1,1,0,1,0,2,36,0,22,0,3,3,0,10,1,1,0,0,0,0,0,0,18,18,0,0,0,0,98,3,0,0,0,0,0,0,0,0,0,0,9,7,0,0,0,2,0,12,110
Jammu & Kashmir,Handwara,1,11,0,0,0,1,26,0,0,0,0,0,0,4,11,0,0,0,0,0,0,0,16,16,0,0,0,0,59,0,0,0,0,0,0,0,0,0,0,0,7,7,0,0,0,0,0,7,66
Jammu & Kashmir,Jammu,55,23,0,0,0,0,97,0,0,0,0,7,3,58,23,0,0,0,0,3,0,0,80,36,0,0,0,44,326,0,0,0,0,0,0,0,0,0,0,0,26,16,8,0,2,0,0,26,352
Jammu & Kashmir,Kathua,10,7,0,1,0,0,18,0,0,0,0,0,1,16,7,0,0,0,0,1,0,0,31,31,0,0,0,0,85,0,0,0,0,0,0,0,0,1,1,0,16,15,0,1,0,0,0,17,102
Jammu & Kashmir,Kishtwar,5,3,0,0,0,0,13,0,0,0,0,0,0,6,3,0,0,0,0,0,0,0,9,9,0,0,0,0,36,0,0,0,0,0,0,0,0,0,0,0,9,7,2,0,0,0,0,9,45
Jammu & Kashmir,Kulgam,8,31,0,0,0,0,121,0,0,0,0,0,0,3,31,0,0,0,0,0,0,0,0,0,0,0,0,0,163,0,0,0,0,0,0,0,0,0,0,0,13,13,0,0,0,0,0,13,176
Jammu & Kashmir,Kupwara,8,12,0,0,0,0,69,0,0,0,0,0,0,42,12,0,0,0,0,0,0,0,22,22,0,0,0,0,153,0,0,0,0,0,0,0,0,0,0,0,16,16,0,0,0,0,0,16,169
Jammu & Kashmir,Poonch,25,7,0,0,0,1,38,0,3,0,0,1,0,15,7,0,0,0,0,1,0,0,17,17,0,0,0,0,108,0,0,0,0,0,0,0,0,2,2,0,12,9,3,0,0,0,0,14,122
Jammu & Kashmir,Pulwama,2,5,0,0,0,0,41,0,0,0,0,0,0,8,5,0,0,0,0,0,0,0,7,7,0,0,0,0,63,0,0,0,0,0,0,0,0,0,0,0,6,6,0,0,0,0,0,6,69
Jammu & Kashmir,Railways Jammu,0,0,0,0,0,0,0,0,0,0,0,0,0,0,0,0,0,0,0,0,0,0,1,1,0,0,0,0,1,0,0,0,0,0,0,0,0,0,0,0,0,0,0,0,0,0,0,0,1
Jammu & Kashmir,Railways Kashmir,0,0,0,0,0,0,0,0,0,0,0,0,0,0,0,0,0,0,0,0,0,0,0,0,0,0,0,0,0,0,0,0,0,0,0,0,0,0,0,0,0,0,0,0,0,0,0,0,0
Jammu & Kashmir,Railways Katra,0,0,0,0,0,0,0,0,0,0,0,0,0,0,0,0,0,0,0,0,0,0,0,0,0,0,0,0,0,0,0,0,0,0,0,0,0,0,0,0,0,0,0,0,0,0,0,0,0
Jammu & Kashmir,Rajouri,23,22,0,0,0,1,73,0,7,0,2,2,0,36,22,2,0,0,0,4,0,0,36,36,0,0,0,0,208,0,0,0,0,0,0,0,0,5,5,0,24,19,5,0,0,0,0,29,237
Jammu & Kashmir,Ramban,21,2,0,0,0,0,23,0,0,0,0,0,0,5,2,0,0,0,0,0,0,0,13,13,0,0,0,0,64,0,0,0,0,0,0,0,0,1,0,1,8,5,3,0,0,0,0,9,73
Jammu & Kashmir,Reasi,9,4,0,0,0,0,12,0,0,0,0,1,1,2,4,0,0,0,0,3,0,0,22,22,0,0,0,0,54,0,0,0,0,0,0,0,0,0,0,0,19,15,4,0,0,0,0,19,73
Jammu & Kashmir,Samba,8,3,0,0,0,0,13,0,0,0,0,0,1,6,3,0,0,0,0,4,0,0,24,24,0,0,0,0,59,0,0,0,0,0,0,0,0,0,0,0,8,7,1,0,0,0,0,8,67
Jammu & Kashmir,Shopian,5,20,0,0,0,0,46,0,0,0,0,0,0,0,20,0,0,0,0,0,0,0,0,0,0,0,0,0,71,0,0,0,0,0,0,0,0,0,0,0,5,5,0,0,0,0,0,5,76
Jammu & Kashmir,Sopore,3,5,0,0,0,0,68,0,0,0,0,0,0,8,5,1,0,0,0,0,0,0,16,16,0,0,0,0,101,0,0,0,0,0,0,0,0,0,0,0,9,3,6,0,0,0,0,9,110
Jammu & Kashmir,Srinagar,5,82,0,1,0,3,154,6,1,2,6,1,1,60,82,0,0,0,0,1,0,0,0,0,0,0,0,0,323,0,0,0,0,0,0,0,0,0,0,0,16,0,16,0,0,0,0,16,339
Jammu & Kashmir,Udhampur,8,4,0,0,0,1,20,0,0,0,0,0,0,24,4,0,0,0,0,0,0,0,20,20,0,0,0,0,77,0,0,0,0,0,0,0,0,0,0,0,14,9,4,1,0,0,0,14,91
Jammu & Kashmir,Cyber Crime Jammu,0,0,0,0,0,0,0,0,0,0,0,0,0,0,0,0,0,0,0,0,0,0,0,0,0,0,0,0,0,0,0,0,0,0,0,0,0,0,0,0,0,0,0,0,0,0,0,0,0
Jammu & Kashmir,Cyber Crime Kashmir,0,0,0,0,0,0,0,0,0,0,0,0,0,0,0,0,0,0,0,0,0,0,0,0,0,0,0,0,0,0,0,0,0,0,0,0,0,22,22,0,0,0,0,0,0,0,0,22,22
Jammu & Kashmir,Anti Narcotic Task Force Jammu,0,0,0,0,0,0,0,0,0,0,0,0,0,0,0,0,0,0,0,0,0,0,0,0,0,0,0,0,0,0,0,0,0,0,0,0,0,0,0,0,0,0,0,0,0,0,0,0,0
Jammu & Kashmir,Anti Narcotic Task Force Kashmir,0,0,0,0,0,0,0,0,0,0,0,0,0,0,0,0,0,0,0,0,0,0,0,0,0,0,0,0,0,0,0,0,0,0,0,0,0,0,0,0,0,0,0,0,0,0,0,0,0
Jammu & Kashmir,Eow Jammu,0,0,0,0,0,0,0,0,0,0,0,0,0,0,0,0,0,0,0,0,0,0,0,0,0,0,0,0,0,0,0,0,0,0,0,0,0,0,0,0,0,0,0,0,0,0,0,0,0
Jammu & Kashmir,Eow Kashmir,0,0,0,0,0,0,0,0,0,0,0,0,0,0,0,0,0,0,0,0,0,0,0,0,0,0,0,0,0,0,0,0,0,0,0,0,0,0,0,0,0,0,0,0,0,0,0,0,0
Jammu & Kashmir,Cice Jammu,0,0,0,0,0,0,0,0,0,0,0,0,0,0,0,0,0,0,0,0,0,0,0,0,0,0,0,0,0,0,0,0,0,0,0,0,0,0,0,0,0,0,0,0,0,0,0,0,0
Jammu & Kashmir,Cice Kashmir,0,0,0,0,0,0,0,0,0,0,0,0,0,0,0,0,0,0,0,0,0,0,0,0,0,0,0,0,0,0,0,0,0,0,0,0,0,1,1,0,0,0,0,0,0,0,0,1,1
Ladakh,Kargil,1,4,0,0,0,1,0,0,0,0,0,3,0,2,4,0,0,0,0,0,0,0,0,0,0,0,0,0,11,0,0,0,0,0,0,0,1,0,0,0,3,3,0,0,0,0,0,4,15
Ladakh,Leh,0,0,0,0,0,0,4,0,0,0,1,1,0,7,0,0,0,0,0,0,0,0,3,3,0,0,0,0,16,0,0,0,0,0,0,0,0,0,0,0,3,1,2,0,0,0,0,3,19
Lakshadweep,Lakshadweep,2,0,0,0,0,0,5,0,0,0,0,0,0,1,0,0,0,0,0,0,0,0,0,0,0,0,0,0,8,0,0,0,0,0,0,0,0,0,0,0,5,1,3,0,1,0,0,5,13
Puducherry,Karaikal,0,0,0,0,0,0,2,8,4,1,0,1,0,3,0,0,0,0,0,0,0,0,4,4,0,0,0,0,23,0,0,0,0,0,0,0,0,0,0,0,21,11,5,5,0,0,0,21,44
Puducherry,Puducherry,9,0,0,0,1,0,16,13,7,2,9,14,0,12,0,0,0,0,0,3,0,0,8,8,0,0,0,0,94,13,3,0,0,0,0,3,0,6,6,0,112,71,19,22,0,0,0,134,228
