state,district,child_rape_of_children_section_64_to_section_71_bns_section_376_ipc,child_attempt_to_commit_rape_section_64_6870_71_rw_sec_62_bns_sec_376_rw_511_ipc,child_assault_on_children_with_intent_to_outrage_her_modesty_section_74_bnssec_354_ipc,child_sexual_harassment_of_girls_section_75_bnssection_354a_ipc,child_assault_on_girls_with_intent_to_disrobe_section_76_bns_section_354b_ipc,child_voyeurism_section_77_bns_section_354c_ipc,child_stalking_section_78_bns_section_354d_ipc,child_insult_to_the_modesty_of_women_section_79_bnssection_509_ipc,child_kidnapping_or_abducting_or_inducing_of_girls_to_compel_her_for_marriage_section_87_bns_section_366_ipc,child_foeticide_section_91_bns_section_315_ipc,child_infanticide_section_92_bns_section_316_ipc,child_exposure_and_abandonment_section_93_94_bns_section_317_318_ipc,child_hiring_or_employing_or_engaging_child_to_commit_an_offence,child_procuration_of_children_section_96_bns_section_366a_ipc_procuration_of_children_total_ab,child_a_procuration_of_girls,child_b_procuration_of_boys,child_kidnapping_or_abducting_child_with_intent_to_steal_from_its_person_section_97_bnssection_369_ipc,child_selling_of_children_for_prostitution_section_98_bns_section_372_ipc_selling_of_children_for_prostitution_total_ab,child_a_girls,child_b_boys,child_buying_of_children_for_prostitution_section_99_bns_section_373_ipc_buying_of_children_for_prostitution_total_ab,child_murder_section_103104_bnssection_302_ipc_murder_total_ab,child_a_murder_with_rapepocso,child_b_other_murder,child_abetment_of_suicide_of_child_section_107108_bns_section_305306_ipc,child_attempt_to_commit_murder_section_109_bns_section_307_ipc,child_hurt_or_grievous_hurt_section_1172_11812121132125124etc_bns,child_kidnapping_and_abduction_of_children_section_137_138_bns_section_363_ipc_kidnapping_and_abduction_of_children_total,child_kidnapping_and_abduction_section_137_bnssection_363_ipc_kidnapping_and_abduction_ab,child_a_missing_children_deemed_as_kidnapped,child_b_kidnapping_abduction_of_children,child_kidnapping_and_abduction_for_the_purpose_of_begging_section_139_section_363a_ipc,child_kidnapping_and_abduction_in_order_to_murder_section_1401_bns_section_364_ipc,child_kidnapping_and_abduction_for_ransom_section_1402_bns_section_364a_ipc,child_importation_of_girl_or_boy_from_foreign_country_section_141_bns_section_366_b_ipc_importation_of_girl_or_boy_from_foreign_country_total_ab,child_a_importation_of_girls,child_b_importation_of_boys,child_other_kidnapping_abduction_sec_1403_1404_142_bns_section_365_367_368_ipc,child_otheripcbns_crimes,child_total_ipcbns_crimes_against_children,child_protection_of_children_from_sexual_offences_act_protection_of_children_from_sexual_offences_act_total,child_section_4_6_of_pocso_act_or_pocso_act_section_4_6_rw_section_376_ipc64_68_70_71_bns_section_4_6_of_pocso_act_total_ab,child_section_8_10_of_pocso_act_or_pocso_act_section_8_10_rw_section_354_ipc74_bns_section_8_10_of_pocso_act_total_ab,child_section_12_of_pocso_act_or_pocso_act_section_12_rw_section_509_ipc75_bns_section_12_of_pocso_act_or_pocso_acttotal_ab,child_section_14_15_of_pocso_act_section_14_15_of_pocso_act_total_ab,child_sections_17_to_22_of_pocso_act_sections_17_to_22_of_pocso_act_total_ab,child_juvenile_justice_care_and_protection_of_children_act_juvenile_justice_care_and_protection_of_children_act_total_ab,child_a_offences_by_care_takersin_charge_of_juvenile_homes,child_b_other_offences,child_immoral_traffic_prevention_act_immoral_traffic_prevention_act_total_abc,child_a_procuring_inducing_children_for_the_sake_of_prostitution,child_b_detaining_a_person_in_premises_where_prostitution_is_carried_on,child_c_other_ipt_acts,child_child_labour_prohibition_regulation_act,child_prohibition_of_child_marriage_act,child_transplantation_of_human_organs_act,child_cyber_crimesinformation_technology_act_cyber_crimesinformation_technology_act_total_ab,child_a_publishing_or_transmitting_of_material_depicting_children_in_sexually_explicit_act,child_b_other_cyber_crimes_against_children,child_other_sll_crimes,child_total_sll_crimes,child_total_crimes_against_children_ipcbns_sll_crimes
Andhra Pradesh,Alluri Sitharama Raju,0,0,0,0,0,0,0,0,0,0,0,0,0,0,0,0,0,0,0,0,0,1,1,0,0,0,0,2,2,0,2,0,0,0,0,0,0,0,1,4,14,14,0,0,0,0,0,0,0,0,0,0,0,0,0,0,0,0,0,2,16,20
Andhra Pradesh,Anakapalli,0,0,0,0,0,0,0,0,0,0,0,2,0,0,0,0,0,0,0,0,0,1,0,1,0,0,0,9,8,2,6,1,0,0,0,0,0,0,1,13,27,19,2,6,0,0,0,0,0,0,0,0,0,0,0,0,0,0,0,0,27,40
Andhra Pradesh,Anantapuramu,0,2,0,0,0,0,0,0,3,0,0,1,0,6,6,0,0,0,0,0,0,4,0,4,0,0,20,1,1,1,0,0,0,0,0,0,0,0,77,114,61,28,9,24,0,0,0,0,0,1,1,0,0,0,0,0,1,1,0,0,63,177
Andhra Pradesh,Annamayya,0,0,0,0,0,0,0,0,9,0,0,0,0,1,1,0,0,0,0,0,0,0,0,0,0,0,0,1,1,0,1,0,0,0,0,0,0,0,0,11,18,13,0,5,0,0,0,0,0,0,0,0,0,0,0,0,1,1,0,0,19,30
Andhra Pradesh,Bapatla,0,0,0,0,0,0,0,0,1,0,0,2,0,0,0,0,0,0,0,0,0,0,0,0,0,0,0,0,0,0,0,0,0,0,0,0,0,0,0,3,61,31,11,19,0,0,2,2,0,0,0,0,0,0,0,0,0,0,0,0,63,66
Andhra Pradesh,Chittoor,0,2,0,0,0,0,0,0,1,0,0,0,0,0,0,0,0,0,0,0,0,0,0,0,0,0,0,3,3,0,3,0,0,0,0,0,0,0,27,33,40,31,0,9,0,0,0,0,0,0,0,0,0,0,0,0,0,0,0,4,44,77
Andhra Pradesh,Dr Br Ambedkar Konaseema,0,1,0,0,0,0,0,0,4,0,0,0,0,3,3,0,0,0,0,0,0,0,0,0,1,0,0,11,10,3,7,0,0,0,1,0,1,0,3,23,60,39,14,6,1,0,0,0,0,0,0,0,0,0,0,0,0,0,0,6,66,89
Andhra Pradesh,East Godavari,0,0,0,0,0,0,0,0,2,0,0,0,0,1,1,0,0,0,0,0,0,0,0,0,0,0,4,15,15,5,10,0,0,0,0,0,0,0,13,35,65,31,31,3,0,0,0,0,0,3,0,0,3,0,1,0,4,4,0,3,76,111
Andhra Pradesh,Eluru,0,0,0,0,0,0,0,0,4,0,0,0,0,0,0,0,0,0,0,0,0,2,0,2,0,1,0,14,14,0,14,0,0,0,0,0,0,0,4,25,158,62,26,70,0,0,2,0,2,0,0,0,0,0,2,0,2,2,0,0,164,189
Andhra Pradesh,Guntakal Railway,0,0,0,0,0,0,0,0,0,0,0,0,0,0,0,0,0,0,0,0,0,0,0,0,0,0,0,1,1,0,1,0,0,0,0,0,0,0,2,3,1,0,1,0,0,0,0,0,0,0,0,0,0,0,0,0,0,0,0,0,1,4
Andhra Pradesh,Guntur,0,0,0,0,0,0,0,0,9,0,0,4,0,5,5,0,0,0,0,0,0,2,0,2,3,0,0,29,28,12,16,1,0,0,0,0,0,0,4,56,115,52,55,5,3,0,6,0,6,0,0,0,0,0,3,0,0,0,0,0,124,180
Andhra Pradesh,Kakinada,0,0,0,0,0,0,0,0,13,0,0,1,0,0,0,0,0,0,4,0,0,1,0,1,0,0,1,0,0,0,0,0,0,0,0,0,0,0,2,18,77,43,29,1,0,4,3,0,3,0,0,0,0,0,2,0,8,8,0,0,90,108
Andhra Pradesh,Krishna,0,0,0,0,0,0,0,0,8,0,0,0,0,0,0,0,0,0,0,0,0,0,0,0,2,0,0,130,130,0,130,0,0,0,0,0,0,0,0,140,107,56,48,3,0,0,1,0,1,0,0,0,0,1,1,0,4,4,0,0,114,254
Andhra Pradesh,Kurnool,0,0,0,0,0,0,0,0,0,0,0,0,0,2,2,0,0,0,0,0,0,3,0,3,0,0,0,1,1,0,1,0,0,0,0,0,0,0,0,6,64,31,12,12,9,0,0,0,0,0,0,0,0,0,1,0,3,3,0,0,68,74
Andhra Pradesh,Nandyal,0,0,0,0,0,0,0,0,2,0,0,0,0,3,3,0,0,0,0,0,0,4,0,4,1,0,1,1,1,0,1,0,0,0,0,0,0,0,0,12,63,31,2,30,0,0,0,0,0,0,0,0,0,0,1,0,3,3,0,0,67,79
Andhra Pradesh,Ntr,0,0,0,0,0,0,0,0,0,0,0,2,0,0,0,0,0,0,0,0,0,1,0,1,0,1,7,4,4,0,4,0,0,0,0,0,0,0,43,58,209,73,24,112,0,0,0,0,0,0,0,0,0,0,0,0,0,0,0,0,209,267
Andhra Pradesh,Palnadu,0,0,0,0,0,0,0,0,1,0,0,1,0,0,0,0,0,0,0,0,0,3,0,3,1,1,0,3,3,0,3,0,0,0,0,0,0,0,8,18,20,10,2,3,5,0,1,0,1,0,0,0,0,0,3,0,0,0,0,0,24,42
Andhra Pradesh,Parvathipuram Manyam,0,0,0,0,0,0,0,0,0,0,1,0,0,0,0,0,0,0,0,0,0,0,0,0,0,0,0,2,2,0,2,0,0,0,0,0,0,0,2,5,16,10,5,1,0,0,0,0,0,0,0,0,0,0,0,0,0,0,0,0,16,21
Andhra Pradesh,Prakasam,0,0,0,0,0,0,0,0,1,0,0,1,0,0,0,0,0,0,1,0,0,1,0,1,0,1,0,6,6,0,6,0,0,0,0,0,0,0,2,12,90,45,17,27,0,1,0,0,0,0,0,0,0,0,0,0,0,0,0,5,95,107
Andhra Pradesh,Sri Potti Sriramulu Nellore,0,2,0,0,0,0,0,0,7,0,0,2,0,0,0,0,0,0,0,0,0,1,0,1,0,0,0,1,1,0,1,0,0,0,0,0,0,0,11,24,52,50,2,0,0,0,4,0,4,0,0,0,0,5,0,0,9,9,0,0,70,94
Andhra Pradesh,Sri Sathya Sai,0,3,0,0,0,0,0,0,11,0,0,2,0,4,4,0,0,0,0,0,0,3,0,3,0,0,0,3,3,1,2,0,0,0,0,0,0,0,8,34,39,28,10,1,0,0,0,0,0,0,0,0,0,0,3,0,0,0,0,0,42,76
Andhra Pradesh,Srikakulam,0,0,0,0,0,0,0,0,0,0,0,0,0,0,0,0,0,0,0,0,0,2,0,2,0,0,0,1,1,1,0,0,0,0,0,0,0,0,0,3,44,28,2,14,0,0,0,0,0,0,0,0,0,2,0,0,1,1,0,0,47,50
Andhra Pradesh,Tirupati,0,2,0,0,0,0,0,0,0,0,0,0,0,2,2,0,0,0,0,0,0,3,2,1,0,0,0,10,10,1,9,0,0,0,0,0,0,0,1,18,58,40,18,0,0,0,0,0,0,0,0,0,0,1,3,0,1,1,0,4,67,85
Andhra Pradesh,Viiayawada Railway,0,0,0,0,0,0,0,0,0,0,0,0,0,0,0,0,0,0,0,0,0,0,0,0,0,0,0,1,1,0,1,0,0,0,0,0,0,0,1,2,0,0,0,0,0,0,0,0,0,0,0,0,0,0,0,0,0,0,0,0,0,2
Andhra Pradesh,Visakhapatnam,0,0,0,0,0,0,0,0,3,0,0,0,0,0,0,0,0,0,0,0,0,1,0,1,2,0,2,10,10,2,8,0,0,0,0,0,0,0,2,20,126,81,35,10,0,0,0,0,0,0,0,0,0,0,0,0,0,0,0,5,131,151
Andhra Pradesh,Vizianagaram,0,1,0,0,0,0,0,0,0,0,1,1,0,0,0,0,0,0,2,0,0,1,0,1,0,0,0,5,5,1,4,0,0,0,0,0,0,0,13,22,54,35,5,12,0,2,1,0,1,0,0,0,0,0,0,0,0,0,0,0,55,77
Andhra Pradesh,West Godavari,0,0,0,0,0,0,0,0,0,0,0,0,0,0,0,0,0,0,0,0,0,0,0,0,0,0,0,0,0,0,0,0,0,0,0,0,0,0,13,13,98,39,13,46,0,0,0,0,0,0,0,0,0,0,0,0,0,0,0,0,98,111
Andhra Pradesh,Ysr,0,0,0,0,0,0,0,0,1,0,0,0,0,0,0,0,0,0,0,0,0,2,1,1,0,0,0,0,0,0,0,0,0,0,0,0,0,0,0,3,47,23,23,1,0,0,0,0,0,0,0,0,0,0,1,0,1,1,0,0,49,52
Arunachal Pradesh,Anjaw,0,0,0,0,0,0,0,0,0,0,0,0,0,0,0,0,0,0,0,0,0,0,0,0,0,0,0,0,0,0,0,0,0,0,0,0,0,0,0,0,2,0,2,0,0,0,0,0,0,0,0,0,0,0,0,0,0,0,0,0,2,2
Arunachal Pradesh,Changlang,1,0,0,0,0,0,0,1,0,0,0,0,0,0,0,0,0,0,0,0,0,0,0,0,0,0,0,0,0,0,0,0,0,0,0,0,0,0,0,2,0,0,0,0,0,0,0,0,0,0,0,0,0,0,0,0,0,0,0,0,0,2
Arunachal Pradesh,Crime Branch,0,0,0,0,0,0,0,0,0,0,0,0,0,0,0,0,0,0,0,0,0,0,0,0,0,0,0,0,0,0,0,0,0,0,0,0,0,0,0,0,0,0,0,0,0,0,0,0,0,0,0,0,0,0,0,0,0,0,0,0,0,0
Arunachal Pradesh,Dibang Valley,0,0,0,0,0,0,0,0,0,0,0,0,0,0,0,0,0,0,0,0,0,0,0,0,0,0,0,0,0,0,0,0,0,0,0,0,0,0,0,0,0,0,0,0,0,0,0,0,0,0,0,0,0,0,0,0,0,0,0,0,0,0
Arunachal Pradesh,Kameng East,9,0,0,0,0,0,0,1,0,0,0,0,0,0,0,0,0,0,0,0,0,1,0,1,0,0,0,1,1,1,0,0,0,0,0,0,0,0,0,12,5,5,0,0,0,0,0,0,0,0,0,0,0,0,0,0,0,0,0,0,5,17
Arunachal Pradesh,Kameng West,5,0,0,0,0,0,0,0,0,0,0,0,0,0,0,0,0,0,0,0,0,0,0,0,0,0,0,0,0,0,0,0,0,0,0,0,0,0,0,5,0,0,0,0,0,0,0,0,0,0,0,0,0,0,0,0,0,0,0,0,0,5
Arunachal Pradesh,Kurung Kumey,0,0,0,0,0,0,0,0,0,0,0,0,0,0,0,0,0,0,0,0,0,0,0,0,0,0,0,0,0,0,0,0,0,0,0,0,0,0,0,0,0,0,0,0,0,0,0,0,0,0,0,0,0,0,0,0,0,0,0,0,0,0
Arunachal Pradesh,Lohit,3,0,0,0,0,0,0,0,0,0,0,0,0,0,0,0,0,0,0,0,0,1,0,1,0,0,0,6,6,5,1,0,0,0,0,0,0,0,3,13,0,0,0,0,0,0,0,0,0,0,0,0,0,0,0,0,0,0,0,0,0,13
Arunachal Pradesh,Longding,0,0,0,0,0,0,0,0,0,0,0,0,0,0,0,0,0,0,0,0,0,0,0,0,0,0,0,0,0,0,0,0,0,0,0,0,0,0,0,0,10,10,0,0,0,0,0,0,0,0,0,0,0,0,0,0,0,0,0,0,10,10
Arunachal Pradesh,Lower Dibang Valley,4,0,0,1,0,0,0,2,0,0,0,0,0,0,0,0,0,0,0,0,0,0,0,0,0,0,0,1,1,0,1,0,0,0,0,0,0,0,2,10,0,0,0,0,0,0,0,0,0,0,0,0,0,0,0,0,0,0,0,0,0,10
Arunachal Pradesh,Papum Pare City,7,0,1,0,0,0,0,0,0,0,0,1,0,0,0,0,0,0,0,0,0,0,0,0,0,0,0,17,17,17,0,0,0,0,0,0,0,0,0,26,7,4,3,0,0,0,0,0,0,1,0,1,0,1,0,0,0,0,0,0,9,35
Arunachal Pradesh,Papum Pare Rural,0,0,0,0,0,0,0,0,0,0,0,0,0,0,0,0,0,0,0,0,0,2,0,2,0,0,0,1,1,0,1,0,0,0,0,0,0,0,0,3,0,0,0,0,0,0,0,0,0,0,0,0,0,0,0,0,0,0,0,0,0,3
Arunachal Pradesh,Siang East,4,0,0,0,0,0,0,0,0,0,0,0,0,0,0,0,0,0,0,0,0,0,0,0,0,0,1,0,0,0,0,0,0,0,0,0,0,0,0,5,0,0,0,0,0,0,0,0,0,0,0,0,0,0,0,0,0,0,0,0,0,5
Arunachal Pradesh,Siang Upper,0,0,0,0,0,0,0,0,0,0,0,0,0,0,0,0,0,0,0,0,0,0,0,0,0,0,0,0,0,0,0,0,0,0,0,0,0,0,0,0,1,1,0,0,0,0,0,0,0,0,0,0,0,0,0,0,0,0,0,0,1,1
Arunachal Pradesh,Siang West,3,1,1,3,0,0,0,0,0,0,0,0,0,0,0,0,0,0,0,0,0,1,0,1,1,0,0,0,0,0,0,0,0,0,0,0,0,0,1,11,1,1,0,0,0,0,0,0,0,0,0,0,0,0,0,0,0,0,0,1,2,13
Arunachal Pradesh,Subansiri Lower,0,0,0,0,0,0,0,0,0,0,0,0,0,0,0,0,0,1,0,0,0,0,0,0,0,0,0,0,0,0,0,0,0,0,0,0,0,0,0,1,2,2,0,0,0,0,0,0,0,0,0,0,0,0,0,0,0,0,0,0,2,3
Arunachal Pradesh,Subansiri Upper,1,0,0,0,0,0,0,0,0,0,0,0,0,0,0,0,0,0,0,0,0,0,0,0,0,0,0,0,0,0,0,0,0,0,0,0,0,0,0,1,0,0,0,0,0,0,0,0,0,0,0,0,0,0,0,0,0,0,0,0,0,1
Arunachal Pradesh,Tawang,1,0,0,0,0,0,0,0,0,0,0,0,0,0,0,0,0,0,0,0,0,0,0,0,0,0,0,0,0,0,0,0,0,0,0,0,0,0,2,3,0,0,0,0,0,0,0,0,0,0,0,0,0,0,0,0,0,0,0,1,1,4
Arunachal Pradesh,Tirap,0,0,0,0,0,0,0,0,0,0,0,0,0,0,0,0,0,0,0,0,0,0,0,0,0,0,0,0,0,0,0,0,0,0,0,0,0,0,0,0,0,0,0,0,0,0,0,0,0,0,0,0,0,0,0,0,0,0,0,0,0,0
Arunachal Pradesh,Namsai,4,0,0,0,0,0,0,0,0,0,0,0,0,0,0,0,0,0,0,0,0,0,0,0,0,0,0,4,4,0,4,0,0,0,0,0,0,0,3,11,0,0,0,0,0,0,0,0,0,0,0,0,0,0,0,0,0,0,0,0,0,11
Arunachal Pradesh,Siang,3,0,0,0,0,0,0,0,0,0,0,0,0,0,0,0,0,0,0,0,0,0,0,0,0,0,0,0,0,0,0,0,0,0,0,0,0,0,0,3,0,0,0,0,0,0,0,0,0,0,0,0,0,0,0,0,0,0,0,0,0,3
Arunachal Pradesh,Kamle,1,0,1,0,0,0,0,0,0,0,0,0,0,0,0,0,0,0,0,0,0,0,0,0,0,0,0,1,1,0,1,0,0,0,0,0,0,0,0,3,0,0,0,0,0,0,0,0,0,0,0,0,0,0,0,0,0,0,0,0,0,3
Arunachal Pradesh,Kra Dadi,0,0,0,0,0,0,0,0,0,0,0,0,0,0,0,0,0,0,0,0,0,0,0,0,0,0,0,0,0,0,0,0,0,0,0,0,0,0,0,0,1,0,0,1,0,0,0,0,0,0,0,0,0,0,0,0,0,0,0,0,1,1
Arunachal Pradesh,Lower Siang,2,1,0,0,0,0,0,0,0,0,0,0,0,0,0,0,0,0,0,0,0,0,0,0,0,0,0,2,2,2,0,0,0,0,0,0,0,0,1,6,0,0,0,0,0,0,0,0,0,0,0,0,0,0,0,0,0,0,0,0,0,6
Arunachal Pradesh,Leparada,0,0,0,0,0,0,0,0,0,0,0,0,0,0,0,0,0,0,0,0,0,0,0,0,0,0,0,0,0,0,0,0,0,0,0,0,0,0,0,0,1,0,1,0,0,0,0,0,0,0,0,0,0,0,0,0,0,0,0,0,1,1
Arunachal Pradesh,Shiyomi,0,0,0,0,0,0,0,0,0,0,0,0,0,0,0,0,0,0,0,0,0,0,0,0,0,0,0,1,1,0,1,0,0,0,0,0,0,0,0,1,0,0,0,0,0,0,0,0,0,0,0,0,0,0,0,0,0,0,0,0,0,1
Arunachal Pradesh,Pakkessang,0,0,0,0,0,0,0,0,0,0,0,0,0,0,0,0,0,0,0,0,0,1,0,1,0,0,0,1,1,1,0,0,0,0,0,0,0,0,0,2,0,0,0,0,0,0,0,0,0,0,0,0,0,0,0,0,0,0,0,0,0,2
Assam,Bieo,0,0,0,0,0,0,0,0,0,0,0,0,0,0,0,0,0,0,0,0,0,0,0,0,0,0,0,0,0,0,0,0,0,0,0,0,0,0,0,0,0,0,0,0,0,0,0,0,0,0,0,0,0,0,0,0,0,0,0,0,0,0
Assam,Barpeta,0,0,0,0,0,0,0,0,0,0,0,0,0,11,11,0,0,0,0,0,0,0,0,0,0,0,0,0,0,0,0,0,0,0,0,0,0,0,0,11,86,69,17,0,0,0,0,0,0,0,0,0,0,0,42,0,0,0,0,0,128,139
Assam,Baksa,0,0,0,0,0,0,0,0,19,0,0,0,0,0,0,0,0,0,0,0,0,1,0,1,3,0,2,25,21,10,11,0,0,0,0,0,0,4,12,62,45,34,11,0,0,0,3,1,2,0,0,0,0,3,12,0,5,5,0,0,68,130
Assam,Bongaigaon,16,0,3,0,0,0,0,0,4,0,0,0,0,0,0,0,0,0,0,0,0,1,0,1,1,0,0,6,6,0,6,0,0,0,0,0,0,0,76,107,118,89,20,8,1,0,0,0,0,0,0,0,0,2,9,0,3,3,0,0,132,239
Assam,Cid,0,0,0,0,0,0,0,0,0,0,0,0,0,0,0,0,0,0,0,0,0,0,0,0,0,0,0,0,0,0,0,0,0,0,0,0,0,0,0,0,0,0,0,0,0,0,0,0,0,0,0,0,0,0,0,0,0,0,0,0,0,0
Assam,Cachar,0,0,0,0,0,0,0,0,0,0,0,0,0,110,110,0,0,0,0,0,0,0,0,0,0,0,0,28,16,0,16,0,0,0,0,0,0,12,0,138,111,74,27,8,2,0,0,0,0,0,0,0,0,0,12,0,0,0,0,0,123,261
Assam,Chirang,0,0,0,0,0,0,0,0,11,0,0,0,0,4,4,0,0,0,0,0,0,2,0,2,1,0,1,17,17,8,9,0,0,0,0,0,0,0,2,38,73,60,5,8,0,0,1,1,0,0,0,0,0,0,5,0,0,0,0,0,79,117
Assam,Darrang,0,0,0,0,0,0,0,0,42,0,0,0,0,0,0,0,0,0,0,0,0,3,0,3,1,0,0,11,6,0,6,0,0,0,0,0,0,5,21,78,122,87,13,19,3,0,0,0,0,0,0,0,0,4,19,0,0,0,0,0,145,223
Assam,Dhemaji,0,0,0,0,0,0,0,0,49,0,0,0,0,0,0,0,0,0,0,0,0,0,0,0,0,0,0,8,6,0,6,0,0,0,0,0,0,2,0,57,43,26,16,1,0,0,0,0,0,0,0,0,0,0,23,0,0,0,0,0,66,123
Assam,Dhubri,1,0,0,0,0,0,0,0,0,0,0,0,0,1,1,0,0,0,1,0,0,0,0,0,0,0,0,43,24,0,24,0,0,0,0,0,0,19,13,58,276,209,53,12,1,1,14,0,14,0,0,0,0,2,27,0,0,0,0,0,319,377
Assam,Dibrugarh,0,0,0,0,0,0,0,0,0,0,0,0,0,0,0,0,0,0,0,0,0,6,0,6,0,0,0,20,18,13,5,0,0,0,0,0,0,2,3,29,97,71,23,3,0,0,8,0,8,0,0,0,0,5,35,0,0,0,0,0,145,174
Assam,Grp,0,0,0,0,0,0,0,0,2,0,0,0,0,0,0,0,0,0,0,0,0,0,0,0,0,0,0,0,0,0,0,0,0,0,0,0,0,0,1,3,1,1,0,0,0,0,0,0,0,0,0,0,0,1,0,0,0,0,0,0,2,5
Assam,Goalpara,0,0,0,0,0,0,0,0,0,0,0,0,0,0,0,0,0,0,7,0,0,0,0,0,1,0,0,2,0,0,0,0,0,0,0,0,0,2,0,3,74,53,10,3,1,7,3,0,3,0,0,0,0,2,16,0,0,0,0,0,95,98
Assam,Golaghat,0,0,0,0,0,0,0,0,0,0,0,0,0,0,0,0,0,0,0,0,0,0,0,0,0,0,0,4,4,0,4,0,0,0,0,0,0,0,0,4,72,54,15,3,0,0,2,0,2,0,0,0,0,3,4,0,0,0,0,0,81,85
Assam,Guwahati City,0,0,0,0,0,0,0,0,114,1,1,0,0,32,32,0,0,0,0,0,0,2,0,2,3,0,0,144,88,0,88,0,0,0,0,0,0,56,4,301,194,110,56,25,3,0,17,17,0,0,0,0,0,23,11,0,1,1,0,0,246,547
Assam,Hailakandi,0,0,0,0,0,0,0,0,0,0,0,0,0,1,1,0,0,0,0,0,0,0,0,0,0,0,0,1,1,1,0,0,0,0,0,0,0,0,0,2,75,75,0,0,0,0,1,0,1,0,0,0,0,5,10,0,0,0,0,0,91,93
Assam,Hamren,0,0,0,0,0,0,0,0,7,0,0,0,0,0,0,0,0,0,0,0,0,0,0,0,0,0,0,5,3,3,0,1,0,0,0,0,0,1,0,12,10,7,1,0,2,0,0,0,0,0,0,0,0,0,2,0,1,1,0,0,13,25
Assam,Jorhat,0,0,0,0,0,0,0,0,0,0,0,0,0,15,15,0,0,0,0,0,0,0,0,0,0,0,0,31,31,11,20,0,0,0,0,0,0,0,0,46,83,50,27,4,2,0,4,4,0,0,0,0,0,1,11,0,0,0,0,0,99,145
Assam,Kamrup,0,0,0,1,0,0,0,0,0,0,0,0,0,3,3,0,0,0,6,0,0,2,0,2,0,0,0,73,71,5,66,0,0,0,0,0,0,2,0,79,127,86,19,14,2,6,8,0,8,0,0,0,0,3,37,0,0,0,0,0,175,254
Assam,Karbi Anglong,0,0,0,0,0,0,0,0,19,1,0,0,0,0,0,0,0,0,0,0,0,2,1,1,0,0,0,34,23,23,0,0,0,0,0,0,0,11,9,65,48,38,9,1,0,0,1,1,0,0,0,0,0,0,1,0,1,0,1,0,51,116
Assam,Karimganj,0,0,0,0,0,0,0,0,49,0,0,0,0,19,19,0,0,0,0,0,0,1,0,1,0,0,0,23,20,12,8,0,0,0,0,0,0,3,14,106,58,42,11,5,0,0,1,0,1,0,0,0,0,0,28,0,0,0,0,0,87,193
Assam,Kokrajhar,0,0,0,0,0,0,0,0,0,0,0,0,0,0,0,0,0,0,0,0,0,1,0,1,0,0,0,60,53,0,53,0,0,0,0,0,0,7,0,61,70,70,0,0,0,0,1,0,1,0,0,0,0,3,15,0,0,0,0,0,89,150
Assam,Lakhimpur,0,0,0,0,0,0,0,0,41,0,0,0,0,3,3,0,0,0,0,0,0,3,0,3,0,0,0,3,3,2,1,0,0,0,0,0,0,0,61,111,108,80,28,0,0,0,4,0,4,0,0,0,0,0,17,0,0,0,0,0,129,240
Assam,Morigaon,0,0,0,0,0,0,0,0,15,0,0,0,0,3,3,0,0,0,3,0,0,0,0,0,1,0,0,30,30,0,30,0,0,0,0,0,0,0,47,96,133,114,9,6,1,3,3,0,3,0,0,0,0,8,2,0,0,0,0,0,146,242
Assam,Dima Hasao,0,0,0,0,0,0,0,0,2,0,0,0,0,1,1,0,0,0,1,0,0,0,0,0,0,0,0,3,3,3,0,0,0,0,0,0,0,0,0,6,6,3,1,1,0,1,0,0,0,0,0,0,0,3,1,0,1,1,0,0,11,17
Assam,Nagaon,0,0,0,0,0,0,0,0,0,1,0,0,0,10,10,0,0,0,0,0,0,4,0,4,0,0,0,161,161,0,161,0,0,0,0,0,0,0,0,176,150,125,19,6,0,0,4,0,4,0,0,0,0,7,20,0,3,3,0,0,184,360
Assam,Nalbari,0,0,0,0,0,0,0,0,14,0,0,0,0,1,1,0,0,0,0,0,0,0,0,0,0,0,7,24,22,5,17,0,0,1,0,0,0,1,0,46,52,29,10,13,0,0,2,0,2,0,0,0,0,0,8,0,0,0,0,0,62,108
Assam,Rpo,0,0,0,0,0,0,0,0,0,0,0,0,0,0,0,0,0,0,0,0,0,0,0,0,0,0,0,0,0,0,0,0,0,0,0,0,0,0,0,0,0,0,0,0,0,0,0,0,0,0,0,0,0,0,0,0,0,0,0,0,0,0
Assam,Sou,0,0,0,0,0,0,0,0,0,0,0,0,0,0,0,0,0,0,0,0,0,0,0,0,0,0,0,0,0,0,0,0,0,0,0,0,0,0,0,0,0,0,0,0,0,0,0,0,0,0,0,0,0,0,0,0,0,0,0,0,0,0
Assam,Stf,0,0,0,0,0,0,0,0,0,0,0,0,0,0,0,0,0,0,0,0,0,0,0,0,0,0,0,0,0,0,0,0,0,0,0,0,0,0,0,0,0,0,0,0,0,0,0,0,0,0,0,0,0,0,0,0,0,0,0,0,0,0
Assam,Sibsagar,0,0,0,0,0,0,0,0,0,0,0,0,0,0,0,0,0,0,0,0,0,0,0,0,1,0,0,6,6,6,0,0,0,0,0,0,0,0,3,10,56,40,12,4,0,0,1,0,1,0,0,0,0,4,3,0,2,2,0,0,66,76
Assam,Sonitpur,0,0,0,0,0,0,0,0,0,0,0,0,0,18,18,0,0,0,0,0,0,0,0,0,0,0,0,13,5,0,5,0,0,0,0,0,0,8,0,31,136,105,18,13,0,0,0,0,0,0,0,0,0,2,10,0,0,0,0,0,148,179
Assam,Tinsukia,0,0,0,0,0,0,0,0,0,0,0,1,0,0,0,0,0,0,0,0,0,17,0,17,1,0,0,82,81,0,81,0,1,0,0,0,0,0,7,108,79,76,3,0,0,0,5,0,5,0,0,0,0,3,11,0,0,0,0,0,98,206
Assam,Udalguri,0,0,0,0,0,0,0,0,0,0,0,0,0,1,1,0,0,0,0,0,0,0,0,0,0,0,0,0,0,0,0,0,0,0,0,0,0,0,0,1,46,46,0,0,0,0,1,1,0,0,0,0,0,5,3,0,0,0,0,0,55,56
Assam,Sadia,0,0,0,0,0,0,0,0,0,0,0,0,0,1,1,0,0,0,0,0,0,0,0,0,0,0,0,4,4,1,3,0,0,0,0,0,0,0,5,10,19,15,4,0,0,0,0,0,0,0,0,0,0,2,5,0,0,0,0,0,26,36
Assam,Majuli,0,0,0,0,0,0,0,0,0,0,0,0,0,0,0,0,0,0,0,0,0,0,0,0,0,0,0,0,0,0,0,0,0,0,0,0,0,0,0,0,17,14,3,0,0,0,1,0,1,0,0,0,0,0,1,0,0,0,0,0,19,19
Assam,Biswanath,0,0,0,0,0,0,0,0,36,0,0,0,0,15,15,0,0,0,0,0,0,4,0,4,1,0,0,42,20,0,20,0,0,0,0,0,0,22,9,107,81,60,16,5,0,0,1,0,1,0,0,0,0,2,1,0,0,0,0,0,85,192
Assam,Hojai,0,0,0,0,0,0,0,0,92,0,0,0,0,33,33,0,0,0,0,0,0,0,0,0,1,0,0,25,17,17,0,0,0,0,0,0,0,8,14,165,96,68,22,6,0,0,0,0,0,0,0,0,0,11,23,0,0,0,0,0,130,295
Assam,South Salmara,0,0,0,0,0,0,0,0,4,0,0,0,0,42,42,0,0,0,0,0,0,4,0,4,1,0,1,12,9,0,9,0,0,0,0,0,0,3,4,68,57,42,12,3,0,0,0,0,0,0,0,0,0,0,32,0,0,0,0,0,89,157
Assam,Charaideo,0,0,0,0,0,0,0,0,0,0,0,0,0,0,0,0,0,0,0,0,0,1,0,1,0,0,0,16,16,8,8,0,0,0,0,0,0,0,0,17,37,26,9,2,0,0,1,0,1,0,0,0,0,2,4,0,1,0,1,0,45,62
Assam,Bajali,0,0,0,0,0,0,0,0,0,0,0,0,0,5,5,0,0,0,0,0,0,0,0,0,0,0,0,5,2,0,2,0,0,0,0,0,0,3,2,12,19,16,2,1,0,0,0,0,0,0,0,0,0,0,8,0,0,0,0,0,27,39
Assam,Tamulpur,0,0,0,0,0,0,0,0,0,0,0,0,0,0,0,0,0,0,1,0,0,0,0,0,3,0,0,38,38,1,37,0,0,0,0,0,0,0,0,41,45,33,7,4,0,1,0,0,0,0,0,0,0,3,3,0,1,1,0,0,52,93
Bihar,Araria,0,0,0,0,0,0,0,0,164,0,0,0,0,0,0,0,0,1,0,0,2,3,1,2,0,0,0,12,12,0,12,0,0,0,0,0,0,0,19,201,42,36,3,3,0,0,0,0,0,2,2,0,0,13,2,0,0,0,0,0,59,260
Bihar,Arwal,0,0,0,0,0,0,0,0,34,0,0,0,0,0,0,0,0,0,0,0,0,1,0,1,0,0,0,6,6,3,3,0,0,0,0,0,0,0,14,55,22,5,12,5,0,0,2,2,0,0,0,0,0,0,0,0,0,0,0,0,24,79
Bihar,Aurangabad,0,0,0,0,0,0,0,0,60,1,0,0,0,0,0,0,0,0,0,0,0,0,0,0,0,0,0,0,0,0,0,0,0,0,0,0,0,0,32,93,98,18,49,19,12,0,0,0,0,0,0,0,0,16,0,0,0,0,0,0,114,207
Bihar,Bagaha,0,0,0,0,0,0,0,0,69,0,0,0,0,0,0,0,0,0,0,0,0,1,1,0,0,0,0,25,19,7,12,0,0,0,0,0,0,6,6,101,31,11,12,8,0,0,0,0,0,0,0,0,0,1,1,0,2,2,0,0,35,136
Bihar,Banka,0,0,0,0,0,0,0,0,41,0,0,0,0,0,0,0,0,0,0,0,0,3,0,3,0,0,0,16,14,9,5,0,0,0,0,0,0,2,14,74,99,18,10,0,71,0,0,0,0,0,0,0,0,23,0,0,0,0,0,0,122,196
Bihar,Begusarai,0,0,0,0,0,0,0,0,84,0,0,0,0,0,0,0,0,0,0,0,0,0,0,0,0,0,0,36,36,0,36,0,0,0,0,0,0,0,25,145,35,27,8,0,0,0,0,0,0,0,0,0,0,25,1,0,2,2,0,0,63,208
Bihar,Bettiah,0,0,0,0,0,0,0,0,46,0,0,0,0,0,0,0,0,0,0,0,0,5,0,5,0,0,0,39,0,0,0,0,0,0,0,0,0,39,0,90,167,34,129,4,0,0,0,0,0,0,0,0,0,11,0,0,0,0,0,0,178,268
Bihar,Kaimur(Bhabhua),0,0,0,0,0,0,0,0,108,0,0,0,0,0,0,0,0,0,0,0,0,0,0,0,0,0,0,92,92,92,0,0,0,0,0,0,0,0,46,246,38,20,10,8,0,0,0,0,0,0,0,0,0,17,0,0,0,0,0,0,55,301
Bihar,Bhagalpur,0,0,0,0,0,0,0,0,270,0,0,0,0,0,0,0,0,0,0,0,0,6,0,6,0,0,0,57,24,24,0,0,0,0,0,0,0,33,8,341,128,40,69,19,0,0,0,0,0,0,0,0,0,7,5,0,0,0,0,0,140,481
Bihar,Bhojpur,0,0,0,0,0,0,0,0,89,0,0,0,0,0,0,0,0,0,0,0,0,12,1,11,0,7,21,129,129,24,105,0,0,0,0,0,0,0,53,311,48,15,30,3,0,0,0,0,0,0,0,0,0,15,0,0,0,0,0,0,63,374
Bihar,Buxar,0,0,0,0,0,0,0,0,117,0,0,0,0,0,0,0,0,0,0,0,0,0,0,0,0,0,0,23,12,0,12,0,0,0,0,0,0,11,18,158,37,17,20,0,0,0,0,0,0,0,0,0,0,0,0,0,0,0,0,0,37,195
Bihar,Darbhanga,0,0,0,0,0,0,0,0,314,0,0,0,0,0,0,0,0,0,0,0,0,4,0,4,0,4,0,45,45,0,45,0,0,0,0,0,0,0,80,447,49,31,11,7,0,0,0,0,0,0,0,0,0,38,0,0,0,0,0,0,87,534
Bihar,Gaya,0,0,0,0,0,0,0,3,231,0,0,0,0,0,0,0,0,0,0,0,0,0,0,0,0,0,0,96,71,20,51,0,0,0,0,0,0,25,36,366,122,25,84,13,0,0,0,0,0,0,0,0,0,21,0,0,0,0,0,0,143,509
Bihar,Gopalganj,0,0,0,0,0,0,0,0,267,0,0,0,0,0,0,0,0,0,0,0,0,0,0,0,0,0,0,41,41,41,0,0,0,0,0,0,0,0,48,356,33,19,14,0,0,0,0,0,0,0,0,0,0,0,0,0,0,0,0,0,33,389
Bihar,Jamalpur Railway,0,0,0,0,0,0,0,0,0,0,0,0,0,0,0,0,0,0,0,0,0,0,0,0,0,0,0,2,1,0,1,0,0,0,0,0,0,1,0,2,0,0,0,0,0,0,0,0,0,0,0,0,0,0,0,0,0,0,0,0,0,2
Bihar,Jamui,0,0,0,0,0,0,0,0,54,0,0,0,0,0,0,0,0,0,0,0,0,0,0,0,0,0,0,16,16,7,9,0,0,0,0,0,0,0,32,102,38,23,15,0,0,0,0,0,0,0,0,0,0,6,0,0,0,0,0,0,44,146
Bihar,Jehanabad,0,1,0,0,0,0,0,0,85,0,0,0,0,0,0,0,0,0,0,0,0,1,0,1,0,0,0,49,27,21,6,0,0,0,0,0,0,22,13,149,36,12,19,5,0,0,2,0,2,0,0,0,0,2,0,0,0,0,0,0,40,189
Bihar,Katihar,0,0,0,0,0,0,8,0,70,0,0,0,0,0,0,0,0,0,0,0,0,10,1,9,0,30,40,14,7,0,7,0,0,0,0,0,0,7,79,251,51,32,14,5,0,0,0,0,0,0,0,0,0,17,0,0,0,0,0,5,73,324
Bihar,Katihar Railway,0,0,0,0,0,0,0,0,0,0,0,0,0,0,0,0,0,0,0,0,0,0,0,0,0,0,0,1,0,0,0,0,0,0,0,0,0,1,4,5,1,1,0,0,0,0,0,0,0,0,0,0,0,0,0,0,0,0,0,0,1,6
Bihar,Khagaria,0,0,0,0,0,0,0,0,17,0,0,0,0,0,0,0,0,0,0,0,0,3,0,3,0,0,0,6,6,0,6,0,0,0,0,0,0,0,19,45,28,16,12,0,0,0,0,0,0,0,0,0,0,2,1,0,0,0,0,0,31,76
Bihar,Kishanganj,0,0,0,0,0,0,0,0,45,0,0,0,0,0,0,0,0,0,0,0,0,2,1,1,0,0,0,35,35,0,35,0,0,0,0,0,0,0,11,93,53,47,6,0,0,0,0,0,0,0,0,0,0,1,1,0,0,0,0,0,55,148
Bihar,Lakhisarai,0,0,0,0,0,0,0,0,132,0,0,0,0,0,0,0,0,0,0,0,0,0,0,0,0,0,0,89,71,9,62,0,0,0,0,0,0,18,25,246,23,10,8,5,0,0,0,0,0,0,0,0,0,2,0,0,0,0,0,0,25,271
Bihar,Madhepura,0,0,0,0,0,0,0,0,149,0,0,0,0,0,0,0,0,0,0,0,0,5,0,5,0,0,0,17,15,0,15,0,0,1,0,0,0,1,29,200,36,23,6,7,0,0,0,0,0,0,0,0,0,18,2,0,0,0,0,0,56,256
Bihar,Madhubani,0,0,0,0,0,0,0,0,231,0,0,0,0,0,0,0,0,0,0,0,0,2,0,2,0,0,0,15,15,0,15,0,0,0,0,0,0,0,29,277,51,29,21,1,0,0,0,0,0,0,0,0,0,20,1,0,0,0,0,0,72,349
Bihar,Motihari,0,0,0,0,0,0,0,0,134,0,0,0,0,0,0,0,0,0,0,0,0,5,0,5,0,0,0,61,60,19,41,0,0,1,0,0,0,0,47,247,152,42,28,0,82,0,0,0,0,0,0,0,0,42,0,0,0,0,0,0,194,441
Bihar,Munger,0,0,0,0,0,0,0,0,148,0,0,0,0,0,0,0,0,0,0,0,0,0,0,0,0,0,0,19,19,4,15,0,0,0,0,0,0,0,13,180,24,6,12,6,0,0,0,0,0,0,0,0,0,20,0,0,0,0,0,0,44,224
Bihar,Muzaffarpur,0,0,0,0,0,0,0,0,371,0,0,0,0,0,0,0,0,0,0,0,0,3,2,1,0,0,0,99,99,99,0,0,0,0,0,0,0,0,66,539,74,21,46,6,1,0,0,0,0,0,0,0,0,21,0,0,0,0,0,0,95,634
Bihar,Muzaffarpur Railway,0,0,0,0,0,0,0,0,2,0,0,0,0,0,0,0,0,0,0,0,0,0,0,0,0,0,0,0,0,0,0,0,0,0,0,0,0,0,23,25,1,1,0,0,0,0,0,0,0,0,0,0,0,0,0,0,0,0,0,0,1,26
Bihar,Nalanda,0,0,0,0,0,0,0,0,248,0,0,0,0,0,0,0,0,0,0,0,0,2,0,2,0,0,0,143,112,20,92,0,0,0,0,0,0,31,48,441,106,55,44,6,1,0,0,0,0,0,0,0,0,13,0,0,0,0,0,0,119,560
Bihar,Naugachia,0,0,0,0,0,0,0,0,59,0,0,0,0,0,0,0,0,0,1,0,0,0,0,0,0,0,0,48,37,0,37,0,0,0,0,0,0,11,53,160,22,10,9,2,0,1,0,0,0,0,0,0,0,1,0,0,4,4,0,0,27,187
Bihar,Nawadah,0,0,0,0,0,0,0,0,97,0,0,0,0,0,0,0,0,0,0,0,0,5,0,5,0,0,0,52,32,32,0,0,0,1,0,0,0,19,43,197,49,15,34,0,0,0,0,0,0,0,0,0,0,23,1,0,0,0,0,0,73,270
Bihar,Patna,0,0,0,0,0,0,0,0,526,0,0,0,0,0,0,0,0,0,0,0,0,13,0,13,0,0,0,481,378,18,360,0,0,0,0,0,0,103,86,1106,180,69,102,9,0,0,0,0,0,0,0,0,0,26,0,0,2,2,0,0,208,1314
Bihar,Patna Railway,0,0,0,0,0,0,0,0,0,0,0,0,0,0,0,0,0,0,0,0,0,0,0,0,0,0,0,4,3,0,3,0,0,0,0,0,0,1,29,33,1,1,0,0,0,0,0,0,0,0,0,0,0,0,0,0,0,0,0,0,1,34
Bihar,Purnea,1,0,0,0,0,0,0,0,241,0,0,0,0,0,0,0,0,2,3,0,0,0,0,0,0,22,15,83,62,62,0,0,1,0,0,0,0,20,55,419,109,76,20,10,0,3,0,0,0,3,3,0,0,15,2,0,0,0,0,0,129,548
Bihar,Rohtas,0,0,0,0,0,0,0,0,174,0,0,0,0,0,0,0,0,0,0,0,0,7,0,7,0,0,0,148,96,96,0,0,0,1,0,0,0,51,51,380,79,29,32,11,7,0,0,0,0,0,0,0,0,10,0,0,0,0,0,0,89,469
Bihar,Saharsa,0,0,0,0,0,0,1,0,110,0,0,0,0,0,0,0,0,0,0,0,0,4,0,4,0,0,0,41,28,0,28,0,0,0,0,0,0,13,20,176,19,7,12,0,0,0,0,0,0,1,1,0,0,0,0,0,0,0,0,0,20,196
Bihar,Samastipur,0,0,0,0,0,0,0,0,280,0,0,0,0,0,0,0,0,0,0,0,0,8,0,8,0,0,0,29,22,22,0,0,1,0,0,0,0,6,36,353,75,35,26,11,3,0,0,0,0,0,0,0,0,13,0,0,0,0,0,0,88,441
Bihar,Saran,0,0,0,0,0,0,0,0,0,0,0,0,0,0,0,0,0,0,0,0,0,2,0,2,0,0,0,1,0,0,0,0,1,0,0,0,0,0,50,53,60,34,24,2,0,0,0,0,0,8,8,0,0,24,0,0,0,0,0,0,92,145
Bihar,Sheikhpura,0,0,0,0,0,0,0,0,36,0,0,0,0,0,0,0,0,0,0,0,0,6,0,6,0,0,0,17,17,0,17,0,0,0,0,0,0,0,9,68,30,12,18,0,0,0,0,0,0,0,0,0,0,19,0,0,0,0,0,0,49,117
Bihar,Sheohar,0,0,0,0,0,0,0,0,34,0,0,0,0,0,0,0,0,0,0,0,0,1,0,1,0,0,0,2,2,0,2,0,0,0,0,0,0,0,4,41,14,8,6,0,0,0,0,0,0,0,0,0,0,0,0,0,0,0,0,0,14,55
Bihar,Sitamarhi,0,0,0,0,0,0,0,0,244,0,0,0,0,5,5,0,0,0,0,0,0,9,0,9,0,0,0,35,28,28,0,1,1,0,0,0,0,5,35,328,52,31,20,1,0,0,0,0,0,1,1,0,0,30,5,0,0,0,0,0,88,416
Bihar,Siwan,0,0,0,0,0,0,0,0,211,0,0,0,0,0,0,0,0,0,0,0,0,0,0,0,0,0,0,23,22,12,10,0,0,0,0,0,0,1,52,286,39,14,25,0,0,0,0,0,0,0,0,0,0,0,0,0,0,0,0,0,39,325
Bihar,Supaul,0,0,0,0,0,0,0,0,108,0,0,0,0,0,0,0,0,0,0,0,0,0,0,0,0,0,0,51,51,51,0,0,0,0,0,0,0,0,51,210,36,24,11,1,0,0,0,0,0,0,0,0,0,11,0,0,2,2,0,0,49,259
Bihar,Vaishali,0,0,0,5,0,0,0,0,514,0,0,0,0,0,0,0,0,0,0,0,0,0,0,0,0,0,0,127,124,76,48,0,0,1,0,0,0,2,30,676,79,31,35,13,0,0,0,0,0,0,0,0,0,28,0,0,0,0,0,0,107,783
Bihar,Economic Offences Unit,0,0,0,0,0,0,0,0,0,0,0,0,0,0,0,0,0,0,0,0,0,0,0,0,0,0,0,0,0,0,0,0,0,0,0,0,0,0,0,0,1,0,0,0,1,0,0,0,0,0,0,0,0,0,0,0,0,0,0,0,1,1
Bihar,Anti Terrorist Squad,0,0,0,0,0,0,0,0,0,0,0,0,0,0,0,0,0,0,0,0,0,0,0,0,0,0,0,0,0,0,0,0,0,0,0,0,0,0,0,0,0,0,0,0,0,0,0,0,0,0,0,0,0,0,0,0,0,0,0,0,0,0
Chhattisgarh,Balod,0,0,0,0,0,0,0,0,0,0,0,0,0,0,0,0,0,0,0,0,0,3,0,3,0,1,0,58,57,57,0,0,0,0,0,0,0,1,0,62,52,44,8,0,0,0,0,0,0,0,0,0,0,0,0,0,4,4,0,0,56,118
Chhattisgarh,Balodbazar,0,0,1,0,0,0,0,0,0,3,0,2,0,0,0,0,0,0,0,0,0,2,0,2,0,2,3,146,146,58,88,0,0,0,0,0,0,0,43,202,130,110,17,3,0,0,0,0,0,0,0,0,0,0,0,0,17,17,0,0,147,349
Chhattisgarh,Balrampur,0,0,4,0,0,0,1,0,0,0,0,0,0,0,0,0,0,0,0,0,0,6,0,6,0,0,0,66,66,31,35,0,0,0,0,0,0,0,1,78,108,98,10,0,0,0,0,0,0,0,0,0,0,0,0,0,0,0,0,0,108,186
Chhattisgarh,Bemetra,0,0,0,0,0,0,0,0,0,0,0,2,0,0,0,0,0,0,0,0,0,0,0,0,0,0,0,64,64,64,0,0,0,0,0,0,0,0,25,91,73,59,13,1,0,0,0,0,0,0,0,0,0,0,0,0,1,1,0,0,74,165
Chhattisgarh,Bilaspur,0,0,0,0,0,0,0,0,0,12,4,0,0,0,0,0,0,0,0,0,0,4,0,4,0,0,39,402,402,73,329,0,0,0,0,0,0,0,18,479,190,148,41,1,0,0,0,0,0,0,0,0,0,0,0,0,0,0,0,0,190,669
Chhattisgarh,Bizapur,0,0,1,0,0,0,0,0,0,0,0,0,0,0,0,0,0,0,0,0,0,0,0,0,0,0,0,14,14,0,14,0,0,0,0,0,0,0,1,16,13,13,0,0,0,0,0,0,0,0,0,0,0,0,0,0,0,0,0,0,13,29
Chhattisgarh,Dantewara,0,0,0,0,0,0,0,0,0,0,0,0,0,0,0,0,0,0,0,0,0,0,0,0,0,0,0,7,7,6,1,0,0,0,0,0,0,0,0,7,12,9,2,1,0,0,0,0,0,0,0,0,0,0,0,0,5,5,0,0,17,24
Chhattisgarh,Dhamtari,0,0,0,0,0,0,0,0,0,0,0,5,0,0,0,0,0,0,0,0,0,2,0,2,0,0,1,51,51,51,0,0,0,0,0,0,0,0,18,77,73,62,10,1,0,0,0,0,0,0,0,0,0,0,0,0,2,2,0,0,75,152
Chhattisgarh,Durg,0,0,0,0,0,0,0,0,2,0,0,6,0,0,0,0,0,0,0,0,0,3,0,3,0,5,4,286,284,284,0,0,0,0,0,0,0,2,93,399,98,65,33,0,0,0,3,0,3,0,0,0,0,0,0,0,6,6,0,1,108,507
Chhattisgarh,Gariyaband,0,0,0,0,0,0,0,0,0,0,0,0,0,0,0,0,0,0,0,0,0,0,0,0,0,0,0,26,26,25,1,0,0,0,0,0,0,0,42,68,53,48,5,0,0,0,0,0,0,0,0,0,0,0,0,0,0,0,0,0,53,121
Chhattisgarh,Grp Raipur,0,0,0,0,0,0,0,0,0,0,0,0,0,0,0,0,0,0,0,0,0,0,0,0,0,0,0,5,5,5,0,0,0,0,0,0,0,0,1,6,3,3,0,0,0,0,0,0,0,0,0,0,0,0,0,0,0,0,0,0,3,9
Chhattisgarh,Jagdalpur,0,0,0,0,0,0,0,0,0,0,0,0,0,0,0,0,0,0,0,0,0,1,0,1,0,0,0,85,41,0,41,0,0,0,0,0,0,44,7,93,66,56,10,0,0,0,0,0,0,0,0,0,0,0,0,0,4,4,0,0,70,163
Chhattisgarh,Janjgir,0,0,0,0,0,0,0,0,0,4,0,0,0,0,0,0,0,0,0,0,0,3,0,3,1,0,0,180,180,0,180,0,0,0,0,0,0,0,66,254,113,84,26,3,0,0,0,0,0,0,0,0,0,0,0,0,24,24,0,0,137,391
Chhattisgarh,Jashpur,0,0,2,0,0,0,0,1,0,0,0,0,0,0,0,0,0,0,0,0,0,4,0,4,1,0,0,66,66,66,0,0,0,0,0,0,0,0,40,114,91,88,3,0,0,0,0,0,0,0,0,0,0,0,0,0,15,15,0,0,106,220
Chhattisgarh,Kabirdham,0,0,0,0,0,0,0,0,3,0,0,6,0,0,0,0,0,0,0,0,0,3,0,3,0,0,0,115,115,115,0,0,0,0,0,0,0,0,6,133,45,27,18,0,0,0,0,0,0,0,0,0,0,0,0,0,6,6,0,0,51,184
Chhattisgarh,Kanker,0,0,0,0,0,0,0,0,0,0,0,1,0,0,0,0,0,0,0,0,0,1,0,1,1,2,8,47,47,0,47,0,0,0,0,0,0,0,33,93,75,65,10,0,0,0,0,0,0,0,0,0,0,0,0,0,1,1,0,0,76,169
Chhattisgarh,Kondagaon,0,0,0,0,0,0,0,0,0,0,0,0,0,0,0,0,0,0,0,0,0,0,0,0,0,0,0,56,56,56,0,0,0,0,0,0,0,0,0,56,32,28,2,2,0,0,0,0,0,0,0,0,0,0,0,0,0,0,0,10,42,98
Chhattisgarh,Korba,0,0,0,0,0,0,0,0,0,0,0,0,0,0,0,0,0,0,1,0,0,3,0,3,1,6,0,195,195,0,195,0,0,0,0,0,0,0,86,291,123,90,28,4,0,1,0,0,0,0,0,0,0,0,0,0,13,13,0,0,136,427
Chhattisgarh,Koriya,0,0,0,0,0,0,1,0,0,0,0,0,0,0,0,0,0,0,0,0,0,2,0,2,0,0,0,39,39,39,0,0,0,0,0,0,0,0,4,46,45,33,11,1,0,0,0,0,0,0,0,0,0,0,0,0,1,1,0,0,46,92
Chhattisgarh,Mahasamund,0,0,0,0,0,0,0,1,0,0,0,0,0,0,0,0,0,0,0,0,0,1,0,1,0,2,0,125,125,65,60,0,0,0,0,0,0,0,18,147,74,63,0,11,0,0,0,0,0,0,0,0,0,0,0,0,0,0,0,0,74,221
Chhattisgarh,Mungali,0,0,0,0,0,0,0,0,0,0,0,0,0,0,0,0,0,0,0,0,0,0,0,0,0,0,0,62,62,0,62,0,0,0,0,0,0,0,25,87,52,43,9,0,0,0,0,0,0,0,0,0,0,0,0,0,31,31,0,0,83,170
Chhattisgarh,Narayanpur,0,0,0,0,0,0,0,0,0,0,0,0,0,0,0,0,0,0,0,0,0,0,0,0,0,0,0,8,8,8,0,0,0,0,0,0,0,0,1,9,20,18,2,0,0,0,0,0,0,0,0,0,0,0,0,0,0,0,0,0,20,29
Chhattisgarh,Raigarh,0,0,0,0,0,0,0,0,0,0,1,0,0,2,2,0,0,0,2,0,0,4,0,4,0,1,3,109,109,0,109,0,0,0,0,0,0,0,44,164,115,87,21,5,0,2,0,0,0,0,0,0,0,0,0,0,11,10,1,0,126,290
Chhattisgarh,Raipur,0,0,0,0,0,0,0,0,0,0,0,9,0,0,0,0,0,0,0,0,0,1,0,1,2,3,2,480,480,240,240,0,0,0,0,0,0,0,28,525,183,133,50,0,0,0,0,0,0,0,0,0,0,0,0,0,20,20,0,10,213,738
Chhattisgarh,Rajnandgaon,0,0,0,0,0,0,0,0,0,0,0,0,0,0,0,0,0,0,0,0,0,1,0,1,0,1,1,103,103,103,0,0,0,0,0,0,0,0,30,136,62,50,12,0,0,0,0,0,0,0,0,0,0,0,0,0,28,28,0,0,90,226
Chhattisgarh,Sarguja,0,0,0,0,0,0,0,0,0,0,1,2,0,0,0,0,0,0,0,0,0,3,0,3,4,0,13,118,118,0,118,0,0,0,0,0,0,0,56,197,39,31,8,0,0,0,0,0,0,0,0,0,0,0,0,0,37,37,0,3,79,276
Chhattisgarh,Sukma,0,0,2,0,0,0,0,1,2,0,0,0,0,0,0,0,0,0,0,0,0,1,0,1,0,0,0,17,17,0,17,0,0,0,0,0,0,0,7,30,12,10,2,0,0,0,0,0,0,0,0,0,0,0,0,0,0,0,0,0,12,42
Chhattisgarh,Surajpur,0,0,0,0,0,0,0,1,0,0,0,3,0,0,0,0,0,0,0,0,0,2,1,1,1,2,2,59,59,55,4,0,0,0,0,0,0,0,51,121,69,51,18,0,0,0,0,0,0,0,0,0,0,0,4,0,17,15,2,0,90,211
Chhattisgarh,Gaurela-Pendra-Marwari,0,0,0,0,0,0,0,0,0,0,0,0,0,0,0,0,0,0,0,0,0,0,0,0,0,0,0,48,48,48,0,0,0,0,0,0,0,0,5,53,37,27,10,0,0,0,0,0,0,0,0,0,0,0,0,0,0,0,0,0,37,90
Chhattisgarh,Khairagarh - Chhuikhadan-Gandai,0,0,0,0,0,0,0,0,0,0,0,0,0,0,0,0,0,0,0,0,0,0,0,0,0,0,0,46,46,28,18,0,0,0,0,0,0,0,13,59,25,20,4,1,0,0,0,0,0,0,0,0,0,0,0,0,3,3,0,0,28,87
Chhattisgarh,Manendragarh-Chirmiri-Bharatpur,0,0,0,0,0,0,0,0,0,0,0,0,0,0,0,0,0,0,0,0,0,0,0,0,0,0,0,57,57,29,28,0,0,0,0,0,0,0,7,64,41,34,6,1,0,0,0,0,0,0,0,0,0,0,0,0,2,2,0,0,43,107
Chhattisgarh,Mohla-Manpur-Ambagarh Chouki,0,0,0,0,0,0,0,0,0,0,0,0,0,0,0,0,0,0,0,0,0,0,0,0,0,1,2,18,18,18,0,0,0,0,0,0,0,0,10,31,8,8,0,0,0,0,0,0,0,0,0,0,0,0,0,0,2,2,0,0,10,41
Chhattisgarh,Sakti,0,0,0,0,0,0,0,0,0,0,0,0,0,0,0,0,0,0,0,0,0,0,0,0,0,1,3,117,117,0,117,0,0,0,0,0,0,0,56,177,45,30,15,0,0,0,0,0,0,0,0,0,0,0,0,0,18,18,0,0,63,240
Chhattisgarh,Sarangarh-Bilaigarh,0,0,5,0,0,0,0,0,4,0,0,0,0,0,0,0,0,0,0,0,0,1,0,1,1,0,0,70,70,0,70,0,0,0,0,0,0,0,7,88,35,35,0,0,0,0,0,0,0,0,0,0,0,0,0,0,0,0,0,0,35,123
Goa,North Goa,32,0,5,4,0,0,4,3,0,0,0,0,0,0,0,0,0,0,0,0,0,2,0,2,0,2,3,49,48,16,32,0,0,1,0,0,0,0,11,115,0,0,0,0,0,0,0,0,0,0,0,0,0,0,0,0,0,0,0,4,4,119
Goa,South Goa,31,1,5,0,0,0,1,0,0,0,0,2,0,0,0,0,0,0,0,0,0,1,1,0,0,0,1,31,31,20,11,0,0,0,0,0,0,0,9,82,0,0,0,0,0,0,0,0,0,0,0,0,0,0,0,0,0,0,0,0,0,82
Goa,Cid,1,0,2,0,0,0,0,0,0,0,0,0,0,0,0,0,0,0,0,0,0,0,0,0,0,0,0,0,0,0,0,0,0,0,0,0,0,0,0,3,0,0,0,0,0,0,0,0,0,0,0,0,0,0,0,0,2,1,1,1,3,6
Gujarat,Ahmedabad City,0,0,1,1,0,0,0,0,26,1,0,9,0,0,0,0,0,0,0,0,0,4,0,4,3,2,2,158,158,33,125,0,0,0,0,0,0,0,341,548,302,261,39,1,1,0,86,0,86,0,0,0,0,5,0,0,1,1,0,0,394,942
Gujarat,Ahmedabad Rural,0,0,3,0,0,0,0,1,5,0,1,3,0,0,0,0,0,0,0,0,0,1,0,1,0,0,0,22,22,15,7,0,0,0,0,0,0,0,11,47,74,67,7,0,0,0,0,0,0,0,0,0,0,0,0,0,0,0,0,0,74,121
Gujarat,Amreli,0,0,0,0,0,0,1,0,17,0,0,2,0,0,0,0,0,0,0,0,0,5,0,5,1,0,1,3,3,1,2,0,0,0,0,0,0,0,11,41,75,72,3,0,0,0,1,1,0,0,0,0,0,0,0,0,0,0,0,0,76,117
Gujarat,Anand,0,0,2,2,0,0,2,0,9,1,0,4,0,0,0,0,0,0,0,0,0,2,0,2,0,0,0,23,23,11,12,0,0,0,0,0,0,0,0,45,80,79,1,0,0,0,4,0,4,0,0,0,0,1,0,0,0,0,0,0,85,130
Gujarat,Arvalli,0,0,4,3,0,0,0,0,18,0,0,2,0,0,0,0,0,0,0,0,0,1,1,0,1,0,0,15,15,12,3,0,0,0,0,0,0,0,7,51,58,57,1,0,0,0,0,0,0,0,0,0,0,0,0,0,0,0,0,0,58,109
Gujarat,Banaskantha,0,0,0,0,0,0,0,0,21,0,0,6,0,0,0,0,0,0,0,0,0,3,0,3,0,0,0,16,16,0,16,0,0,0,0,0,0,0,0,46,121,115,5,0,1,0,0,0,0,0,0,0,0,3,2,0,0,0,0,0,126,172
Gujarat,Bharuch,0,0,0,0,0,0,0,0,10,0,0,2,0,0,0,0,0,0,0,0,0,1,0,1,0,1,1,26,26,26,0,0,0,0,0,0,0,0,5,46,81,78,2,1,0,0,0,0,0,0,0,0,0,5,0,0,0,0,0,0,86,132
Gujarat,Bhavnagar,0,0,3,0,0,0,2,0,26,0,0,1,0,0,0,0,0,0,1,0,0,3,0,3,0,0,0,12,12,3,9,0,0,0,0,0,0,0,2,49,66,60,4,1,0,1,0,0,0,0,0,0,0,5,3,0,3,0,3,0,77,126
Gujarat,Botad,0,0,0,0,0,0,0,0,2,0,0,1,0,0,0,0,0,0,0,0,0,0,0,0,1,0,0,4,4,3,1,0,0,0,0,0,0,0,0,8,45,41,4,0,0,0,0,0,0,0,0,0,0,0,0,0,1,0,1,2,48,56
Gujarat,Chhotaudepur,0,0,0,0,0,0,0,0,19,0,0,1,0,0,0,0,0,0,0,0,0,1,0,1,0,0,1,6,6,0,6,0,0,0,0,0,0,0,19,47,62,59,3,0,0,0,0,0,0,0,0,0,0,0,0,0,0,0,0,2,64,111
Gujarat,Cid Crime,0,0,0,0,0,0,0,0,0,0,0,0,0,0,0,0,0,0,0,0,0,0,0,0,0,0,0,0,0,0,0,0,0,0,0,0,0,0,0,0,0,0,0,0,0,0,0,0,0,0,0,0,0,0,0,0,0,0,0,0,0,0
Gujarat,Dahod,0,0,1,0,0,0,0,0,44,0,0,5,0,0,0,0,0,0,0,0,0,0,0,0,0,0,0,1,1,0,1,0,0,0,0,0,0,0,23,74,119,112,7,0,0,0,0,0,0,0,0,0,0,3,0,0,0,0,0,0,122,196
Gujarat,Dang,0,0,0,0,0,0,0,0,0,0,0,0,0,0,0,0,0,0,0,0,0,1,0,1,0,0,0,0,0,0,0,0,0,0,0,0,0,0,0,1,5,3,2,0,0,0,0,0,0,0,0,0,0,0,0,0,0,0,0,0,5,6
Gujarat,Devbhumi Dwarka,0,0,2,0,0,0,0,0,9,0,0,2,0,0,0,0,0,0,0,0,0,1,0,1,0,0,0,5,5,0,5,0,0,0,0,0,0,0,2,21,20,18,0,0,2,0,0,0,0,0,0,0,0,0,0,0,0,0,0,0,20,41
Gujarat,Gandhinagar,0,0,2,2,0,0,0,0,21,0,0,5,0,0,0,0,0,0,0,0,0,0,0,0,0,0,2,23,23,0,23,0,0,0,0,0,0,0,4,59,59,56,0,3,0,0,3,0,3,0,0,0,0,0,0,0,0,0,0,0,62,121
Gujarat,Gir Somnath,0,0,3,0,0,0,0,0,4,0,0,2,0,0,0,0,0,0,0,0,0,0,0,0,0,1,1,0,0,0,0,0,0,0,0,0,0,0,13,24,31,27,4,0,0,0,0,0,0,0,0,0,0,3,0,0,0,0,0,0,34,58
Gujarat,Jamnagar,0,0,0,0,0,0,0,0,6,0,0,0,0,0,0,0,0,0,0,0,0,3,0,3,0,0,0,13,12,12,0,1,0,0,0,0,0,0,10,32,50,39,11,0,0,0,8,0,8,0,0,0,0,5,0,0,0,0,0,0,63,95
Gujarat,Junagadh,4,0,4,0,1,0,0,0,17,0,0,2,0,0,0,0,0,0,0,0,0,0,0,0,1,1,1,24,22,6,16,0,0,0,0,0,0,2,1,56,66,59,4,3,0,0,0,0,0,0,0,0,0,0,0,0,0,0,0,2,68,124
Gujarat,Kachchh East(G),0,0,1,0,0,0,0,0,33,0,0,4,0,0,0,0,0,0,0,0,0,0,0,0,1,1,0,36,35,20,15,0,0,0,0,0,0,1,2,78,23,14,9,0,0,0,0,0,0,0,0,0,0,2,0,0,0,0,0,0,25,103
Gujarat,Kachchh West(B),0,0,0,1,0,0,3,0,10,0,0,2,0,0,0,0,0,0,0,0,0,2,0,2,0,0,0,17,17,15,2,0,0,0,0,0,0,0,2,37,30,27,3,0,0,0,1,1,0,0,0,0,0,5,0,0,0,0,0,0,36,73
Gujarat,Kheda,0,0,7,0,0,0,0,0,10,0,0,1,0,0,0,0,0,0,0,0,0,0,0,0,0,0,0,18,18,18,0,0,0,0,0,0,0,0,0,36,90,82,0,8,0,0,1,0,1,0,0,0,0,1,0,0,0,0,0,0,92,128
Gujarat,Mahisagar,2,0,1,4,0,0,0,0,8,0,0,6,0,0,0,0,0,0,0,0,0,2,0,2,0,0,0,9,8,8,0,0,0,0,0,0,0,1,37,69,37,37,0,0,0,0,0,0,0,0,0,0,0,0,1,0,1,1,0,0,39,108
Gujarat,Mehsana,0,0,0,1,0,0,0,0,5,0,0,3,0,0,0,0,0,0,0,0,0,0,0,0,1,0,0,56,55,0,55,0,0,0,0,0,0,1,2,68,87,83,0,4,0,0,4,0,4,0,0,0,0,1,0,0,0,0,0,0,92,160
Gujarat,Morbi,0,0,1,0,0,0,1,0,6,0,0,3,0,0,0,0,0,0,0,0,0,2,0,2,0,0,0,8,7,7,0,0,0,0,0,0,0,1,0,21,51,50,1,0,0,0,0,0,0,0,0,0,0,2,0,0,0,0,0,0,53,74
Gujarat,Narmada,0,0,0,0,0,0,0,0,7,0,0,0,0,0,0,0,0,0,1,0,0,0,0,0,0,0,1,2,2,1,1,0,0,0,0,0,0,0,12,22,26,25,0,0,0,1,0,0,0,0,0,0,0,0,0,0,0,0,0,0,26,48
Gujarat,Navsari,0,0,1,0,0,0,1,0,2,1,0,0,0,0,0,0,0,0,0,0,0,2,0,2,0,0,0,5,5,5,0,0,0,0,0,0,0,0,15,27,26,20,5,0,1,0,0,0,0,0,0,0,0,0,0,0,0,0,0,0,26,53
Gujarat,Panchmahal,0,0,5,2,0,0,0,0,31,0,0,2,0,0,0,0,0,0,0,0,0,4,0,4,1,0,0,9,9,9,0,0,0,0,0,0,0,0,38,92,78,77,1,0,0,0,5,0,5,0,0,0,0,0,0,0,1,1,0,0,84,176
Gujarat,Patan,0,0,0,0,0,0,0,0,0,0,0,2,0,0,0,0,0,0,0,0,0,1,1,0,0,0,0,12,12,0,12,0,0,0,0,0,0,0,0,15,84,79,5,0,0,0,1,0,1,0,0,0,0,1,1,0,0,0,0,0,87,102
Gujarat,Porbandar,0,0,0,0,0,0,0,0,1,0,0,0,0,0,0,0,0,0,0,0,0,1,0,1,1,0,0,2,2,2,0,0,0,0,0,0,0,0,7,12,28,25,3,0,0,0,0,0,0,0,0,0,0,2,0,0,1,1,0,0,31,43
Gujarat,Rajkot City,0,0,0,0,0,0,0,0,0,0,0,4,0,0,0,0,0,0,0,0,0,1,0,1,0,0,0,69,69,52,17,0,0,0,0,0,0,0,0,74,88,78,8,2,0,0,1,0,1,0,0,0,0,2,1,0,5,5,0,0,97,171
Gujarat,Rajkot Rural,0,0,4,0,0,0,0,0,8,0,1,2,0,0,0,0,0,0,0,0,0,3,0,3,1,0,1,7,6,1,5,0,0,1,0,0,0,0,2,29,66,61,3,2,0,0,5,5,0,0,0,0,0,7,0,0,1,1,0,0,79,108
Gujarat,Sabarkantha,0,0,4,1,1,0,0,0,8,0,0,1,0,0,0,0,0,0,0,0,0,5,0,5,0,0,0,17,15,0,15,0,0,1,0,0,0,1,2,39,76,73,3,0,0,0,1,0,1,0,0,0,0,0,0,0,0,0,0,0,77,116
Gujarat,Surat City,0,0,0,0,0,0,0,0,6,1,0,6,0,0,0,0,0,0,0,0,0,5,0,5,0,0,0,251,241,237,4,0,0,0,0,0,0,10,2,271,264,216,48,0,0,0,10,0,10,0,0,0,0,14,0,0,0,0,0,0,288,559
Gujarat,Surat Rural,0,0,1,2,0,0,0,0,2,0,0,5,0,0,0,0,0,0,0,0,0,3,2,1,0,0,0,22,22,21,1,0,0,0,0,0,0,0,14,49,51,44,7,0,0,0,4,0,4,0,0,0,0,0,0,0,0,0,0,0,55,104
Gujarat,Surendranagar,0,0,5,1,0,0,2,0,15,0,0,4,0,0,0,0,0,0,0,0,0,0,0,0,0,0,0,7,7,6,1,0,0,0,0,0,0,0,0,34,73,64,8,0,1,0,0,0,0,0,0,0,0,2,0,0,0,0,0,0,75,109
Gujarat,Tapi,0,0,1,0,0,0,0,0,3,0,0,0,0,0,0,0,0,0,0,0,0,0,0,0,0,0,0,1,1,0,1,0,0,0,0,0,0,0,8,13,15,13,1,1,0,0,0,0,0,0,0,0,0,0,0,0,0,0,0,1,16,29
Gujarat,Vadodara City,0,0,6,1,0,0,0,0,1,0,0,4,0,0,0,0,0,0,0,0,0,0,0,0,0,0,0,40,40,28,12,0,0,0,0,0,0,0,11,63,83,73,3,3,4,0,22,0,22,1,0,1,0,2,1,0,0,0,0,2,111,174
Gujarat,Vadodara Rural,0,0,2,0,0,0,1,0,8,0,0,6,0,0,0,0,0,0,0,0,0,1,0,1,0,3,2,8,8,8,0,0,0,0,0,0,0,0,40,71,68,67,1,0,0,0,5,0,5,0,0,0,0,1,0,0,0,0,0,0,74,145
Gujarat,Valsad,0,0,0,1,0,0,0,0,3,0,0,2,0,0,0,0,0,0,0,0,0,2,0,2,0,0,0,63,63,59,4,0,0,0,0,0,0,0,20,91,36,34,0,2,0,0,5,0,5,0,0,0,0,2,0,0,0,0,0,0,43,134
Gujarat,W Rly Ahmedabad,0,0,1,0,0,0,0,0,0,0,0,4,0,0,0,0,0,0,0,0,0,0,0,0,0,0,0,3,2,2,0,0,0,0,1,0,1,0,0,8,1,0,0,1,0,0,0,0,0,0,0,0,0,0,0,0,0,0,0,0,1,9
Gujarat,W Rly Vadodara,0,0,0,1,0,0,0,0,1,0,0,3,0,0,0,0,0,0,0,0,0,2,0,2,0,0,0,0,0,0,0,0,0,0,0,0,0,0,0,7,3,3,0,0,0,0,0,0,0,0,0,0,0,0,0,0,0,0,0,0,3,10
Gujarat,Cyber Ahmedabad Range,0,0,0,0,0,0,0,0,0,0,0,0,0,0,0,0,0,0,0,0,0,0,0,0,0,0,0,0,0,0,0,0,0,0,0,0,0,0,0,0,0,0,0,0,0,0,0,0,0,0,0,0,0,0,0,0,0,0,0,0,0,0
Gujarat,Cyber Bhavnagar Range,0,0,0,0,0,0,0,0,0,0,0,0,0,0,0,0,0,0,0,0,0,0,0,0,0,0,0,0,0,0,0,0,0,0,0,0,0,0,0,0,0,0,0,0,0,0,0,0,0,0,0,0,0,0,0,0,0,0,0,0,0,0
Gujarat,Cyber Border Range,0,0,0,0,0,0,0,0,0,0,0,0,0,0,0,0,0,0,0,0,0,0,0,0,0,0,0,0,0,0,0,0,0,0,0,0,0,0,0,0,1,1,0,0,0,0,0,0,0,0,0,0,0,0,0,0,0,0,0,0,1,1
Gujarat,Cyber Gandhinagar Range,0,0,0,0,0,0,0,0,0,0,0,0,0,0,0,0,0,0,0,0,0,0,0,0,0,0,0,0,0,0,0,0,0,0,0,0,0,0,0,0,0,0,0,0,0,0,0,0,0,0,0,0,0,0,0,0,0,0,0,0,0,0
Gujarat,Cyber Junagadh Range,0,0,0,0,0,0,0,0,0,0,0,0,0,0,0,0,0,0,0,0,0,0,0,0,0,0,0,0,0,0,0,0,0,0,0,0,0,0,0,0,0,0,0,0,0,0,0,0,0,0,0,0,0,0,0,0,0,0,0,0,0,0
Gujarat,Cyber Panchmahal Range,0,0,0,0,0,0,0,0,0,0,0,0,0,0,0,0,0,0,0,0,0,0,0,0,0,0,0,0,0,0,0,0,0,0,0,0,0,0,0,0,0,0,0,0,0,0,0,0,0,0,0,0,0,0,0,0,0,0,0,0,0,0
Gujarat,Cyber Rajkot Range,0,0,0,0,0,0,0,0,0,0,0,0,0,0,0,0,0,0,0,0,0,0,0,0,0,0,0,0,0,0,0,0,0,0,0,0,0,0,0,0,0,0,0,0,0,0,0,0,0,0,0,0,0,0,0,0,0,0,0,0,0,0
Gujarat,Cyber Surat Range,0,0,0,0,0,0,0,0,0,0,0,0,0,0,0,0,0,0,0,0,0,0,0,0,0,0,0,0,0,0,0,0,0,0,0,0,0,0,0,0,0,0,0,0,0,0,0,0,0,0,0,0,0,0,0,0,0,0,0,0,0,0
Gujarat,Cyber Vadodara Range,0,0,0,0,0,0,0,0,0,0,0,0,0,0,0,0,0,0,0,0,0,0,0,0,0,0,0,0,0,0,0,0,0,0,0,0,0,0,0,0,0,0,0,0,0,0,0,0,0,0,0,0,0,0,0,0,0,0,0,0,0,0
Haryana,Ambala,0,0,2,0,0,0,1,0,4,0,0,2,0,44,44,0,0,0,2,0,0,3,0,3,0,2,0,90,2,0,2,0,0,0,0,0,0,88,76,224,67,38,19,8,0,2,2,0,2,0,0,0,0,0,0,0,0,0,0,0,69,293
Haryana,Bhiwani,0,0,0,1,0,0,0,0,12,0,0,0,0,27,27,0,0,0,0,0,0,0,0,0,0,0,0,2,1,1,0,0,0,1,0,0,0,0,20,62,58,52,6,0,0,0,8,0,8,0,0,0,0,0,0,0,0,0,0,0,66,128
Haryana,Faridabad,0,0,0,0,0,0,0,0,4,0,0,2,0,49,49,0,0,0,1,0,0,7,0,7,0,1,3,493,8,0,8,0,1,1,0,0,0,483,123,682,270,206,45,16,2,1,15,0,15,0,0,0,0,0,1,0,0,0,0,0,286,968
Haryana,Fatehabad,0,0,1,0,0,0,0,0,42,0,1,0,0,2,1,1,0,0,0,0,0,4,1,3,1,0,1,33,16,7,9,0,0,0,0,0,0,17,64,149,66,45,16,5,0,0,2,0,2,0,0,0,0,0,5,0,0,0,0,0,73,222
Haryana,Grp,0,0,0,0,0,0,0,0,0,0,0,2,0,0,0,0,0,0,0,0,0,1,1,0,1,0,0,3,3,3,0,0,0,0,0,0,0,0,13,20,3,3,0,0,0,0,0,0,0,0,0,0,0,0,0,0,0,0,0,0,3,23
Haryana,Gurugram,0,0,0,0,0,0,0,1,26,1,0,4,0,64,63,1,0,0,0,0,0,9,0,9,1,1,1,325,280,280,0,1,0,0,0,0,0,44,168,601,189,153,26,10,0,0,7,0,7,0,0,0,0,0,0,0,2,0,2,0,198,799
Haryana,Hissar,1,0,1,0,2,0,3,0,38,0,1,2,0,31,31,0,0,0,1,0,0,3,1,2,1,1,11,52,3,0,3,0,0,0,0,0,0,49,59,206,104,76,26,1,0,1,8,0,8,0,0,0,0,1,2,0,2,2,0,0,117,323
Haryana,Jhajjar,0,0,0,0,0,0,0,0,5,0,0,0,0,36,36,0,0,0,0,0,0,2,0,2,1,0,0,137,9,0,9,0,0,0,0,0,0,128,1,182,66,54,12,0,0,0,4,0,4,0,0,0,0,0,0,0,2,1,1,0,72,254
Haryana,Jind,0,1,0,0,0,0,0,0,0,1,0,0,0,41,41,0,0,0,0,0,0,3,0,3,0,0,0,13,8,4,4,0,0,0,0,0,0,5,50,109,75,48,27,0,0,0,3,0,3,0,0,0,0,0,2,0,1,1,0,0,81,190
Haryana,Kaithal,0,0,0,0,0,0,0,0,0,0,0,0,0,30,30,0,0,0,0,0,0,1,0,1,0,1,2,36,1,0,1,0,0,0,0,0,0,35,31,101,53,40,8,4,1,0,1,0,1,0,0,0,0,0,0,0,2,0,2,0,56,157
Haryana,Karnal,0,0,0,0,0,0,0,0,0,2,0,1,0,44,44,0,14,0,0,0,0,2,0,2,1,4,2,246,0,0,0,0,0,0,0,0,0,246,51,367,158,122,29,7,0,0,5,0,5,0,0,0,0,0,4,0,0,0,0,0,167,534
Haryana,Kurukshetra,0,0,0,0,0,0,0,0,11,0,0,0,0,25,25,0,0,0,0,0,0,1,0,1,1,0,3,101,3,3,0,0,1,0,0,0,0,97,38,180,80,46,34,0,0,0,0,0,0,0,0,0,0,0,2,0,0,0,0,0,82,262
Haryana,Mahendergarh,0,0,0,0,0,0,0,0,0,0,0,1,0,20,20,0,0,0,0,0,0,2,0,2,0,0,0,23,14,0,14,0,0,0,0,0,0,9,2,48,28,20,6,2,0,0,0,0,0,0,0,0,0,0,1,0,0,0,0,0,29,77
Haryana,Nuh,0,0,0,0,0,0,0,0,5,4,2,3,0,26,26,0,0,0,0,0,0,4,1,3,0,0,0,10,4,0,4,0,0,0,0,0,0,6,54,108,67,53,13,1,0,0,0,0,0,0,0,0,0,0,1,0,0,0,0,0,68,176
Haryana,Palwal,2,0,1,0,0,0,0,0,0,0,0,4,0,41,41,0,0,0,0,0,0,1,0,1,0,0,0,34,24,0,24,0,0,0,0,0,0,10,85,168,70,60,10,0,0,0,3,0,3,0,0,0,0,0,0,0,1,0,1,0,74,242
Haryana,Panchkula,0,0,0,0,0,0,0,0,20,0,0,2,0,5,5,0,0,0,0,0,0,0,0,0,0,0,0,115,2,0,2,0,0,0,0,0,0,113,0,142,69,53,12,3,1,0,2,0,2,0,0,0,0,0,0,0,0,0,0,0,71,213
Haryana,Panipat,0,0,0,0,0,0,0,0,34,3,0,2,0,16,16,0,0,0,0,0,0,2,0,2,2,4,13,366,1,0,1,0,1,0,0,0,0,364,251,693,186,142,37,7,0,0,3,0,3,0,0,0,0,0,5,0,0,0,0,0,194,887
Haryana,Rewari,0,0,0,0,0,0,0,0,9,0,3,0,0,33,33,0,0,0,0,0,0,0,0,0,0,0,0,169,167,74,93,0,0,0,0,0,0,2,79,293,45,26,17,2,0,0,3,0,3,0,0,0,0,0,0,0,1,1,0,0,49,342
Haryana,Rohtak,0,0,5,0,2,0,3,0,17,0,0,9,0,15,15,0,0,0,0,0,0,0,0,0,2,1,0,188,1,1,0,0,0,1,0,0,0,186,79,321,82,68,12,1,1,0,6,0,6,0,0,0,0,0,0,0,3,3,0,0,91,412
Haryana,Sirsa,0,0,2,0,0,0,0,0,0,0,0,1,0,68,68,0,0,0,0,0,0,2,0,2,0,0,0,0,0,0,0,0,0,0,0,0,0,0,0,73,77,57,19,1,0,0,3,0,3,0,0,0,0,0,1,0,0,0,0,0,81,154
Haryana,Sonipat,0,0,0,0,0,0,0,0,0,0,0,3,0,44,44,0,0,0,0,0,0,2,0,2,0,3,3,124,1,1,0,0,0,0,0,0,0,123,27,206,112,66,36,10,0,0,6,0,6,0,0,0,0,0,1,0,0,0,0,0,119,325
Haryana,Yamunanagar,0,0,1,0,0,0,0,1,13,1,1,0,0,13,13,0,0,0,0,0,0,4,2,2,0,5,1,148,143,143,0,0,0,0,0,0,0,5,19,207,103,64,27,12,0,0,3,0,3,0,0,0,0,0,3,0,2,1,1,0,111,318
Haryana,Irrigation & Power,0,0,0,0,0,0,0,0,0,0,0,0,0,0,0,0,0,0,0,0,0,0,0,0,0,0,0,0,0,0,0,0,0,0,0,0,0,0,0,0,0,0,0,0,0,0,0,0,0,0,0,0,0,0,0,0,0,0,0,0,0,0
Haryana,Charkhi Dadri,0,0,1,1,1,0,0,0,0,0,0,1,0,18,18,0,0,0,0,0,0,0,0,0,0,0,0,15,0,0,0,0,0,0,0,0,0,15,8,45,30,23,7,0,0,0,6,0,6,0,0,0,0,0,0,0,1,1,0,0,37,82
Haryana,Hansi,0,0,3,0,1,0,0,1,1,0,0,0,0,10,10,0,0,0,0,0,0,1,0,1,0,0,1,2,0,0,0,0,0,0,0,0,0,2,47,67,31,25,5,1,0,0,1,0,1,0,0,0,0,0,0,0,0,0,0,0,32,99
Haryana,Dabwali,0,0,0,0,0,0,0,0,0,0,0,0,0,36,36,0,0,0,1,0,0,0,0,0,0,0,0,0,0,0,0,0,0,0,0,0,0,0,4,40,27,17,9,0,0,1,0,0,0,0,0,0,0,0,0,0,0,0,0,0,27,67
Himachal Pradesh,Baddi,14,0,2,0,0,0,0,0,3,0,0,2,0,0,0,0,0,0,0,0,0,0,0,0,0,0,0,42,42,0,42,0,0,0,0,0,0,0,4,67,0,0,0,0,0,0,0,0,0,0,0,0,0,0,0,0,1,0,1,0,1,68
Himachal Pradesh,Bilaspur,7,0,0,0,0,0,1,0,0,0,0,2,0,0,0,0,0,0,0,0,0,0,0,0,0,0,0,22,22,8,14,0,0,0,0,0,0,0,0,32,0,0,0,0,0,0,0,0,0,0,0,0,0,0,0,0,0,0,0,0,0,32
Himachal Pradesh,Chamba,20,0,6,3,0,1,1,1,7,0,0,1,0,0,0,0,0,0,0,0,0,0,0,0,0,0,0,23,23,0,23,0,0,0,0,0,0,0,1,64,0,0,0,0,0,0,2,0,2,0,0,0,0,0,0,0,0,0,0,0,2,66
Himachal Pradesh,Cid,0,0,0,0,0,0,0,0,0,0,0,0,0,0,0,0,0,0,0,0,0,0,0,0,0,0,0,0,0,0,0,0,0,0,0,0,0,0,0,0,0,0,0,0,0,0,0,0,0,0,0,0,0,0,0,0,0,0,0,0,0,0
Himachal Pradesh,Grp,0,0,0,0,0,0,0,0,0,0,0,0,0,0,0,0,0,0,0,0,0,0,0,0,0,0,0,0,0,0,0,0,0,0,0,0,0,0,1,1,0,0,0,0,0,0,0,0,0,0,0,0,0,0,0,0,0,0,0,0,0,1
Himachal Pradesh,Hamirpur,5,0,2,3,0,0,0,0,10,0,0,0,0,0,0,0,0,0,0,0,0,0,0,0,0,0,0,20,20,6,14,0,0,0,0,0,0,0,1,41,0,0,0,0,0,0,0,0,0,0,0,0,0,0,0,0,0,0,0,0,0,41
Himachal Pradesh,Kangra,16,0,3,0,0,1,1,0,0,0,0,0,0,0,0,0,0,0,0,0,0,1,0,1,0,0,0,42,42,22,20,0,0,0,0,0,0,0,0,64,1,1,0,0,0,0,3,0,3,0,0,0,0,0,0,0,1,0,1,0,5,69
Himachal Pradesh,Kinnaur,6,1,0,0,0,0,0,0,0,0,0,0,0,0,0,0,0,0,0,0,0,0,0,0,0,0,0,8,8,8,0,0,0,0,0,0,0,0,1,16,0,0,0,0,0,0,0,0,0,0,0,0,0,0,0,0,0,0,0,0,0,16
Himachal Pradesh,Kullu,10,0,3,1,1,0,0,0,0,0,0,1,0,0,0,0,0,0,0,0,0,0,0,0,0,0,0,28,28,24,4,0,0,0,0,0,0,0,1,45,0,0,0,0,0,0,2,0,2,0,0,0,0,0,0,0,1,0,1,0,3,48
Himachal Pradesh,Lahaul & Spiti,0,0,0,1,0,0,0,0,0,0,0,0,0,0,0,0,0,0,0,0,0,0,0,0,0,0,0,0,0,0,0,0,0,0,0,0,0,0,0,1,0,0,0,0,0,0,0,0,0,0,0,0,0,0,0,0,0,0,0,0,0,1
Himachal Pradesh,Mandi,31,0,8,5,0,0,2,0,40,0,0,0,0,0,0,0,0,0,0,0,0,0,0,0,1,1,0,38,38,0,38,0,0,0,0,0,0,0,0,126,1,0,0,1,0,0,4,0,4,0,0,0,0,0,2,0,0,0,0,0,7,133
Himachal Pradesh,Shimla,25,0,3,10,0,0,0,0,28,0,0,0,0,0,0,0,0,0,0,0,0,0,0,0,0,0,0,14,12,0,12,0,1,0,0,0,0,1,1,81,11,11,0,0,0,0,0,0,0,0,0,0,0,0,0,0,0,0,0,0,11,92
Himachal Pradesh,Sirmaur,38,0,7,0,0,0,0,0,0,0,0,1,0,0,0,0,0,0,0,0,0,0,0,0,1,0,0,31,31,0,31,0,0,0,0,0,0,0,3,81,1,1,0,0,0,0,1,0,1,0,0,0,0,0,0,0,0,0,0,0,2,83
Himachal Pradesh,Solan,13,0,5,1,0,0,1,0,0,0,0,0,0,0,0,0,0,0,0,0,0,0,0,0,0,0,0,43,43,43,0,0,0,0,0,0,0,0,0,63,0,0,0,0,0,0,4,0,4,0,0,0,0,0,0,0,0,0,0,0,4,67
Himachal Pradesh,Una,5,0,0,0,0,0,0,0,2,0,0,0,0,0,0,0,0,0,0,0,0,0,0,0,0,0,0,30,30,0,30,0,0,0,0,0,0,0,0,37,4,2,2,0,0,0,0,0,0,1,0,0,1,0,0,0,0,0,0,0,5,42
Himachal Pradesh,Cyber,0,0,0,0,0,0,0,0,0,0,0,0,0,0,0,0,0,0,0,0,0,0,0,0,0,0,0,0,0,0,0,0,0,0,0,0,0,0,0,0,0,0,0,0,0,0,0,0,0,0,0,0,0,0,0,0,0,0,0,0,0,0
Himachal Pradesh,Nurpur,4,0,3,2,0,0,1,0,0,0,0,0,0,0,0,0,0,0,0,0,0,1,0,1,0,0,0,20,20,0,20,0,0,0,0,0,0,0,0,31,1,0,0,1,0,0,1,0,1,0,0,0,0,0,0,0,2,1,1,0,4,35
Jharkhand,Bokaro,0,0,0,0,0,0,0,0,0,0,0,0,0,0,0,0,0,0,0,0,0,0,0,0,1,0,0,0,0,0,0,0,0,0,0,0,0,0,0,1,8,8,0,0,0,0,0,0,0,0,0,0,0,0,0,0,0,0,0,0,8,9
Jharkhand,Chaibasa,37,0,2,0,0,0,0,0,0,0,0,0,0,1,1,0,0,0,0,0,0,2,2,0,0,0,0,2,1,0,1,0,1,0,0,0,0,0,0,44,0,0,0,0,0,0,3,3,0,0,0,0,0,0,0,0,1,1,0,0,4,48
Jharkhand,Chatra,0,0,4,0,0,0,0,0,5,0,0,0,0,0,0,0,0,0,0,0,0,0,0,0,0,0,0,11,5,0,5,0,0,0,0,0,0,6,9,29,36,18,18,0,0,0,0,0,0,0,0,0,0,0,0,0,0,0,0,0,36,65
Jharkhand,Deoghar,15,0,0,2,0,0,0,0,1,0,0,0,0,54,54,0,0,1,0,0,0,0,0,0,0,0,0,0,0,0,0,0,0,0,0,0,0,0,1,74,16,15,1,0,0,0,0,0,0,0,0,0,0,0,0,0,0,0,0,4,20,94
Jharkhand,Dhanbad,0,0,3,0,0,0,0,1,4,0,0,0,0,0,0,0,0,0,0,0,0,0,0,0,0,0,0,0,0,0,0,0,0,0,0,0,0,0,0,8,87,37,35,15,0,0,0,0,0,0,0,0,0,0,0,0,0,0,0,0,87,95
Jharkhand,Dhanbad Railway,0,0,0,0,0,0,0,0,0,0,0,0,0,0,0,0,0,0,0,0,0,0,0,0,0,0,0,0,0,0,0,0,0,0,0,0,0,0,0,0,0,0,0,0,0,0,15,0,15,0,0,0,0,0,0,0,0,0,0,0,15,15
Jharkhand,Dumka,0,0,0,0,0,0,0,0,5,0,0,0,0,34,34,0,0,0,0,0,0,0,0,0,0,0,0,0,0,0,0,0,0,0,0,0,0,0,0,39,38,38,0,0,0,0,0,0,0,0,0,0,0,0,1,0,0,0,0,0,39,78
Jharkhand,Garhwa,0,0,0,0,0,0,0,0,0,0,0,0,0,43,43,0,0,0,0,0,0,0,0,0,0,0,0,0,0,0,0,0,0,0,0,0,0,0,0,43,67,48,13,6,0,0,14,0,14,0,0,0,0,0,0,0,1,1,0,0,82,125
Jharkhand,Giridih,14,0,19,0,0,0,0,0,49,2,0,0,0,4,4,0,0,0,0,0,0,0,0,0,0,0,0,0,0,0,0,0,0,0,0,0,0,0,0,88,82,22,60,0,0,0,3,3,0,0,0,0,0,4,0,0,0,0,0,0,89,177
Jharkhand,Godda,0,0,0,0,0,0,0,0,6,0,0,0,0,0,0,0,0,0,0,0,0,0,0,0,0,0,0,0,0,0,0,0,0,0,0,0,0,0,0,6,41,18,23,0,0,0,0,0,0,0,0,0,0,2,0,0,0,0,0,0,43,49
Jharkhand,Gumla,0,0,0,0,0,0,0,0,15,0,0,0,0,0,0,0,0,0,0,0,0,4,0,4,0,0,0,12,11,0,11,0,0,1,0,0,0,0,0,31,28,28,0,0,0,0,0,0,0,0,0,0,0,0,0,0,0,0,0,0,28,59
Jharkhand,Hazaribagh,8,0,0,0,0,0,0,0,0,0,3,0,0,22,22,0,0,0,0,0,0,2,0,2,0,0,0,6,6,0,6,0,0,0,0,0,0,0,0,41,21,11,7,0,3,0,0,0,0,0,0,0,0,0,0,0,0,0,0,0,21,62
Jharkhand,Jamshedpur,0,0,0,0,0,0,0,0,0,0,0,0,0,0,0,0,0,0,0,0,0,0,0,0,0,0,0,0,0,0,0,0,0,0,0,0,0,0,0,0,58,58,0,0,0,0,0,0,0,0,0,0,0,0,0,0,0,0,0,0,58,58
Jharkhand,Jamshedpur Railway,0,0,0,0,0,0,0,0,0,0,0,0,0,0,0,0,0,0,0,0,0,0,0,0,0,0,0,0,0,0,0,0,0,0,0,0,0,0,0,0,1,1,0,0,0,0,0,0,0,0,0,0,0,0,0,0,0,0,0,0,1,1
Jharkhand,Jamtara,0,0,0,0,0,0,0,0,0,0,2,0,0,8,8,0,0,0,0,0,0,0,0,0,0,0,0,0,0,0,0,0,0,0,0,0,0,0,0,10,30,18,12,0,0,0,0,0,0,0,0,0,0,0,0,0,0,0,0,0,30,40
Jharkhand,Khunti,0,1,2,0,0,0,0,0,0,0,0,0,0,0,0,0,0,0,0,0,0,0,0,0,0,0,0,5,5,2,3,0,0,0,0,0,0,0,0,8,16,11,5,0,0,0,0,0,0,0,0,0,0,0,0,0,0,0,0,0,16,24
Jharkhand,Koderma,0,0,0,0,0,0,0,0,0,2,0,0,0,31,31,0,0,0,0,0,0,0,0,0,0,0,0,0,0,0,0,0,0,0,0,0,0,0,0,33,26,18,8,0,0,0,0,0,0,0,0,0,0,1,3,0,0,0,0,0,30,63
Jharkhand,Latehar,0,0,0,0,0,0,0,0,0,0,0,1,0,20,20,0,0,0,0,0,0,0,0,0,0,0,0,4,0,0,0,4,0,0,0,0,0,0,0,25,8,8,0,0,0,0,1,0,1,0,0,0,0,3,0,0,0,0,0,0,12,37
Jharkhand,Lohardagga,0,0,0,0,0,0,0,0,0,0,0,0,0,0,0,0,0,0,0,0,0,0,0,0,0,0,0,0,0,0,0,0,0,0,0,0,0,0,0,0,0,0,0,0,0,0,0,0,0,0,0,0,0,0,0,0,0,0,0,0,0,0
Jharkhand,Pakur,0,0,0,0,0,0,0,0,0,0,0,0,0,8,8,0,0,0,0,0,0,0,0,0,0,0,0,0,0,0,0,0,0,0,0,0,0,0,0,8,9,9,0,0,0,0,0,0,0,0,0,0,0,0,0,0,0,0,0,0,9,17
Jharkhand,Palamu,7,0,3,0,2,0,0,0,12,1,0,0,0,49,48,1,0,3,1,0,0,0,0,0,0,0,0,51,51,36,15,0,0,0,0,0,0,0,3,131,59,40,13,4,1,1,2,2,0,0,0,0,0,3,0,0,0,0,0,0,64,195
Jharkhand,Ramgarh,0,0,0,0,0,0,0,0,0,0,0,0,0,0,0,0,0,0,0,0,0,0,0,0,0,0,0,0,0,0,0,0,0,0,0,0,0,0,0,0,24,10,4,0,10,0,0,0,0,0,0,0,0,0,0,0,0,0,0,0,24,24
Jharkhand,Ranchi,0,0,0,0,0,0,0,0,0,0,0,0,0,0,0,0,0,0,0,0,0,0,0,0,0,0,0,0,0,0,0,0,0,0,0,0,0,0,0,0,73,50,23,0,0,0,0,0,0,0,0,0,0,0,0,0,0,0,0,0,73,73
Jharkhand,Sahebganj,0,0,0,0,0,0,0,0,0,0,0,0,0,17,17,0,0,0,0,0,0,0,0,0,0,0,0,0,0,0,0,0,0,0,0,0,0,0,0,17,53,53,0,0,0,0,1,0,1,0,0,0,0,2,1,0,0,0,0,0,57,74
Jharkhand,Saraikela,0,0,0,0,0,0,0,0,0,0,0,0,0,17,17,0,0,0,0,0,0,0,0,0,0,0,0,9,9,9,0,0,0,0,0,0,0,0,0,26,16,15,0,1,0,0,1,0,1,0,0,0,0,2,0,0,0,0,0,0,19,45
Jharkhand,Simdega,0,0,0,0,0,0,0,0,0,0,0,0,0,0,0,0,0,0,0,0,0,0,0,0,0,0,0,0,0,0,0,0,0,0,0,0,0,0,0,0,28,28,0,0,0,0,0,0,0,0,0,0,0,0,0,0,0,0,0,0,28,28
Karnataka,Bagalkot,0,0,0,0,0,0,0,0,0,0,0,3,0,0,0,0,0,0,0,0,0,1,0,1,0,0,0,54,54,54,0,0,0,0,0,0,0,0,3,61,67,57,5,5,0,0,0,0,0,0,0,0,0,1,15,0,0,0,0,0,83,144
Karnataka,Bengaluru City,0,0,0,0,0,0,0,0,2,1,0,9,0,0,0,0,0,0,1,0,0,16,0,16,1,2,1,1136,1135,1111,24,0,0,1,0,0,0,0,68,1236,594,438,123,32,0,1,73,14,59,0,0,0,0,4,6,0,23,23,0,0,700,1936
Karnataka,Bengaluru District,0,0,0,0,0,0,0,0,0,0,0,2,0,0,0,0,0,0,0,0,0,4,0,4,1,1,0,293,293,287,6,0,0,0,0,0,0,0,0,301,137,107,30,0,0,0,5,5,0,0,0,0,0,0,6,0,1,1,0,0,149,450
Karnataka,Belagavi District,0,0,0,1,0,0,0,0,0,0,0,1,0,1,1,0,0,0,0,0,0,6,0,6,0,0,0,85,85,85,0,0,0,0,0,0,0,0,1,95,135,111,13,11,0,0,0,0,0,0,0,0,0,0,12,0,0,0,0,0,147,242
Karnataka,Ballari,0,0,0,0,0,0,0,0,0,0,0,0,0,0,0,0,0,0,0,0,0,1,0,1,1,0,0,47,47,46,1,0,0,0,0,0,0,0,1,50,62,42,20,0,0,0,2,0,2,0,0,0,0,23,3,0,1,1,0,0,91,141
Karnataka,Bidar,0,0,0,0,0,0,0,0,0,0,1,1,0,0,0,0,0,0,0,0,0,0,0,0,0,0,0,65,64,53,11,0,0,1,0,0,0,0,50,117,61,41,1,19,0,0,0,0,0,0,0,0,0,0,0,0,1,1,0,0,62,179
Karnataka,Vijayapura,0,0,0,0,0,0,0,0,0,0,0,3,0,0,0,0,0,0,0,0,0,7,2,5,0,0,0,82,82,82,0,0,0,0,0,0,0,0,1,93,107,81,8,18,0,0,0,0,0,0,0,0,0,1,9,0,0,0,0,0,117,210
Karnataka,Chikkaballapura,0,0,1,0,0,0,0,0,0,0,0,6,0,0,0,0,0,0,0,0,0,1,0,1,0,0,0,69,68,66,2,0,0,1,0,0,0,0,37,114,189,167,0,22,0,0,4,0,4,0,0,0,0,10,5,0,1,1,0,0,209,323
Karnataka,Chamarajnagar,0,0,0,1,0,0,0,0,0,0,0,0,0,0,0,0,0,0,0,0,0,1,0,1,0,0,0,29,28,28,0,1,0,0,0,0,0,0,21,52,95,69,0,26,0,0,6,0,6,0,0,0,0,1,2,0,1,1,0,0,105,157
Karnataka,Chikkamagaluru,0,0,0,0,0,0,0,0,0,0,0,1,0,0,0,0,0,0,2,0,0,0,0,0,1,0,0,76,76,76,0,0,0,0,0,0,0,0,12,90,122,102,16,1,1,2,1,1,0,0,0,0,0,0,1,0,1,1,0,0,125,215
Karnataka,Chitradurga,0,0,0,0,0,0,0,0,0,0,0,4,0,0,0,0,0,0,0,0,0,3,0,3,0,0,0,90,90,90,0,0,0,0,0,0,0,0,34,131,152,115,37,0,0,0,1,0,1,0,0,0,0,1,3,0,0,0,0,0,157,288
Karnataka,Dakshina Kannada,0,0,0,0,0,0,0,0,0,0,0,0,0,0,0,0,0,0,0,0,0,0,0,0,1,0,1,26,26,26,0,0,0,0,0,0,0,0,61,89,69,39,14,14,2,0,3,0,3,0,0,0,0,2,0,0,3,3,0,0,77,166
Karnataka,Davanagere,5,0,0,0,0,0,0,0,0,0,0,2,0,0,0,0,0,0,0,0,0,0,0,0,0,1,1,90,90,64,26,0,0,0,0,0,0,0,0,99,113,100,1,12,0,0,4,4,0,0,0,0,0,1,1,0,1,1,0,0,120,219
Karnataka,Dharwad,0,0,0,0,0,0,0,0,0,0,0,1,0,0,0,0,0,0,1,0,0,2,0,2,0,0,0,21,20,9,11,0,0,1,0,0,0,0,13,37,51,41,4,5,0,1,0,0,0,0,0,0,0,0,2,0,0,0,0,0,53,90
Karnataka,Gadag,0,0,1,0,0,0,0,0,0,0,0,0,0,0,0,0,0,0,0,0,0,1,0,1,0,1,1,30,30,30,0,0,0,0,0,0,0,0,10,44,38,34,4,0,0,0,1,0,1,0,0,0,0,0,0,0,2,2,0,0,41,85
Karnataka,Kalaburgi,0,0,0,1,0,0,0,0,0,1,0,3,0,0,0,0,0,0,0,0,0,1,0,1,0,0,1,71,71,67,4,0,0,0,0,0,0,0,51,129,64,48,13,3,0,0,2,1,1,0,0,0,0,9,3,0,1,1,0,0,79,208
Karnataka,Hassan,0,0,0,0,0,0,0,0,0,0,1,0,0,0,0,0,0,0,0,0,0,5,0,5,0,2,0,93,93,92,1,0,0,0,0,0,0,0,0,101,163,138,25,0,0,0,1,1,0,0,0,0,0,2,10,0,7,7,0,0,183,284
Karnataka,Haveri,0,0,0,0,0,0,0,0,0,0,0,4,0,0,0,0,0,0,0,0,0,2,0,2,0,0,0,49,49,49,0,0,0,0,0,0,0,0,0,55,125,110,0,15,0,0,2,0,2,0,0,0,0,1,3,0,0,0,0,0,131,186
Karnataka,Hubballi Dharwad City,0,0,0,0,0,0,0,0,0,0,0,1,0,1,1,0,0,0,0,0,0,1,0,1,0,0,0,71,71,71,0,0,0,0,0,0,0,0,0,74,71,47,17,7,0,0,0,0,0,0,0,0,0,0,2,0,0,0,0,0,73,147
Karnataka,Kgf,0,0,0,0,0,0,0,0,0,0,0,1,0,0,0,0,0,0,0,0,0,1,0,1,0,1,0,35,35,35,0,0,0,0,0,0,0,0,3,41,48,38,4,6,0,0,0,0,0,0,0,0,0,0,0,0,2,2,0,0,50,91
Karnataka,Kodagu,0,0,0,0,0,0,0,0,0,0,0,0,0,1,1,0,0,0,0,0,0,2,0,2,1,2,0,36,36,36,0,0,0,0,0,0,0,0,0,42,80,59,21,0,0,0,0,0,0,0,0,0,0,0,1,0,0,0,0,0,81,123
Karnataka,Kolar,0,0,0,0,0,0,0,0,1,0,0,2,0,1,1,0,0,0,0,0,0,2,1,1,0,0,0,77,77,72,5,0,0,0,0,0,0,0,3,86,104,90,7,4,3,0,1,1,0,0,0,0,0,0,2,0,3,3,0,0,110,196
Karnataka,Koppal,0,0,0,0,0,0,0,0,0,1,2,4,0,0,0,0,0,0,0,0,0,4,0,4,0,0,0,39,39,39,0,0,0,0,0,0,0,0,16,66,72,59,0,13,0,0,0,0,0,0,0,0,0,0,3,0,1,1,0,0,76,142
Karnataka,Mandya,0,0,0,0,0,0,0,0,0,0,1,2,0,0,0,0,0,0,0,0,0,4,0,4,2,3,0,94,94,94,0,0,0,0,0,0,0,0,3,109,162,129,31,2,0,0,3,3,0,0,0,0,0,0,8,0,5,5,0,0,178,287
Karnataka,Mangaluru City,0,0,0,0,0,0,0,0,0,0,0,0,0,0,0,0,0,0,0,0,0,3,1,2,0,1,0,48,48,47,1,0,0,0,0,0,0,0,31,83,66,36,22,6,2,0,0,0,0,0,0,0,0,0,5,0,3,3,0,0,74,157
Karnataka,Mysuru City,0,0,0,0,0,0,0,0,1,1,0,0,0,0,0,0,0,0,0,0,0,0,0,0,0,0,0,61,61,61,0,0,0,0,0,0,0,0,0,63,69,52,17,0,0,0,2,0,2,0,0,0,0,1,7,0,1,1,0,0,80,143
Karnataka,Mysuru District,0,0,0,0,0,0,0,0,0,0,0,0,0,0,0,0,0,0,0,0,0,1,0,1,0,0,0,96,96,96,0,0,0,0,0,0,0,0,0,97,141,125,16,0,0,0,0,0,0,0,0,0,0,5,11,0,0,0,0,0,157,254
Karnataka,Raichur,0,0,0,0,0,0,0,0,0,0,0,1,0,1,1,0,0,0,0,0,0,0,0,0,0,0,0,35,35,35,0,0,0,0,0,0,0,0,0,37,94,83,11,0,0,0,0,0,0,0,0,0,0,17,2,0,0,0,0,0,113,150
Karnataka,Krailways,0,0,0,0,0,0,0,0,0,0,0,4,0,0,0,0,0,0,0,0,0,0,0,0,0,0,0,4,3,3,0,0,0,0,0,0,0,1,0,8,5,1,4,0,0,0,0,0,0,0,0,0,0,0,0,0,0,0,0,0,5,13
Karnataka,Ramanagara,0,0,0,0,0,0,0,0,0,0,0,2,0,0,0,0,0,0,0,0,0,6,0,6,0,0,0,112,112,112,0,0,0,0,0,0,0,0,0,120,119,97,22,0,0,0,6,0,6,0,0,0,0,5,8,0,3,3,0,0,141,261
Karnataka,Shimoga,0,0,0,0,0,0,0,0,0,1,3,4,0,0,0,0,0,0,2,0,0,1,0,1,2,1,0,101,101,101,0,0,0,0,0,0,0,0,54,167,226,178,27,19,0,2,4,1,3,0,0,0,0,5,5,0,0,0,0,0,240,407
Karnataka,Tumakuru,0,0,1,0,1,0,0,0,0,0,0,3,0,0,0,0,0,0,0,0,0,1,0,1,0,0,0,149,148,147,1,0,0,1,0,0,0,0,118,273,187,185,2,0,0,0,6,6,0,0,0,0,0,5,2,0,0,0,0,0,200,473
Karnataka,Udupi,0,0,1,0,0,0,0,0,0,0,0,0,0,0,0,0,0,0,1,2,0,0,0,0,1,1,0,31,31,31,0,0,0,0,0,0,0,0,5,39,61,37,12,8,1,3,5,2,3,0,0,0,0,1,0,0,3,3,0,0,70,109
Karnataka,Uttara Kannada,0,0,0,0,0,0,0,0,0,0,0,1,0,0,0,0,0,0,0,0,0,2,0,2,0,0,0,63,63,54,9,0,0,0,0,0,0,0,38,104,81,60,19,2,0,0,0,0,0,0,0,0,0,0,1,0,7,7,0,0,89,193
Karnataka,Yadgiri,0,0,0,0,0,0,0,0,0,0,0,5,0,0,0,0,0,0,0,0,0,0,0,0,0,0,0,33,32,32,0,0,0,0,0,0,0,1,2,40,53,45,7,1,0,0,3,0,3,0,0,0,0,0,11,0,0,0,0,0,67,107
Karnataka,Belagavi City,2,0,0,0,0,0,0,0,0,0,0,2,0,0,0,0,0,0,0,0,0,1,0,1,0,2,1,38,38,33,5,0,0,0,0,0,0,0,37,83,29,17,5,5,2,0,1,0,1,0,0,0,0,0,1,0,5,5,0,0,36,119
Karnataka,Kalaburgi City,0,0,0,0,0,0,0,0,0,0,0,4,0,0,0,0,0,0,0,0,0,0,0,0,0,1,0,59,59,56,3,0,0,0,0,0,0,0,29,93,27,25,2,0,0,0,2,2,0,0,0,0,0,0,2,0,1,1,0,0,32,125
Karnataka,Vijayanagara,0,0,0,0,0,0,0,0,0,0,0,1,0,0,0,0,0,0,0,0,0,0,0,0,0,1,0,48,48,41,7,0,0,0,0,0,0,0,1,51,79,75,1,3,0,0,1,0,1,0,0,0,0,11,0,0,0,0,0,0,91,142
Kerala,Alapuzha,0,0,0,0,0,0,0,0,0,0,0,1,0,0,0,0,0,0,3,1,0,2,0,2,0,1,3,6,6,0,6,0,0,0,0,0,0,0,16,29,328,119,149,56,0,4,8,0,8,0,0,0,0,0,1,0,32,32,0,0,369,398
Kerala,Ernakulam Commr,0,0,2,0,0,0,1,0,0,0,0,0,0,0,0,0,0,0,0,0,0,1,0,1,0,2,10,7,7,1,6,0,0,0,0,0,0,0,69,92,166,71,74,19,2,0,7,4,3,0,0,0,0,0,0,0,1,1,0,1,175,267
Kerala,Ernakulam Rural,0,0,16,1,1,1,1,0,0,0,0,0,0,0,0,0,0,0,3,0,0,4,0,4,1,0,7,12,10,4,6,0,0,0,0,0,0,2,36,80,251,103,109,34,2,3,8,1,7,0,0,0,0,0,0,0,3,3,0,3,265,345
Kerala,Idukki,0,0,0,0,0,0,0,0,0,0,0,1,0,1,1,0,0,0,0,0,0,3,0,3,0,2,0,7,7,6,1,0,0,0,0,0,0,0,1,15,225,135,64,23,3,0,20,1,19,0,0,0,0,0,2,0,1,1,0,3,251,266
Kerala,Kannur City,0,0,0,0,0,0,0,0,0,0,0,0,0,1,1,0,0,0,0,0,0,1,0,1,0,1,0,1,0,0,0,0,0,0,0,0,0,1,12,16,114,43,55,16,0,0,5,2,3,0,0,0,0,0,1,0,0,0,0,0,120,136
Kerala,Kasargod,0,0,17,0,0,0,0,0,0,0,0,1,0,0,0,0,0,0,0,0,0,2,0,2,0,0,4,5,5,0,5,0,0,0,0,0,0,0,37,66,160,59,89,10,2,0,9,1,8,0,0,0,0,0,0,0,5,5,0,0,174,240
Kerala,Kollam Commr,0,0,4,2,0,0,0,0,1,0,0,0,0,0,0,0,0,0,1,0,0,4,0,4,2,4,4,6,6,3,3,0,0,0,0,0,0,0,3,30,203,99,73,25,5,1,23,18,5,0,0,0,0,0,0,0,10,10,0,0,236,266
Kerala,Kollam Rural,0,0,0,0,0,0,0,0,0,0,0,0,0,0,0,0,0,0,1,0,0,0,0,0,1,1,1,1,1,0,1,0,0,0,0,0,0,0,17,21,230,128,72,28,1,1,10,0,10,0,0,0,0,0,0,0,2,1,1,1,243,264
Kerala,Kottayam,0,0,0,4,0,0,0,0,1,0,0,1,0,0,0,0,0,0,1,0,0,1,0,1,0,1,1,6,6,4,2,0,0,0,0,0,0,0,66,81,239,105,94,33,6,1,4,2,2,0,0,0,0,0,0,0,2,2,0,0,245,326
Kerala,Kozhikode Commr,0,0,0,0,0,0,0,0,0,0,0,1,0,0,0,0,0,0,0,0,0,1,0,1,0,1,9,9,9,0,9,0,0,0,0,0,0,0,41,62,182,87,83,12,0,0,1,0,1,0,0,0,0,0,0,0,0,0,0,0,183,245
Kerala,Kozhikode Rural,0,0,0,0,0,0,0,0,0,0,0,0,0,0,0,0,0,0,0,0,0,3,0,3,0,0,4,8,8,1,7,0,0,0,0,0,0,0,80,95,277,101,147,28,1,0,2,1,1,0,0,0,0,0,1,0,1,1,0,0,281,376
Kerala,Malappuram,0,0,2,1,0,1,0,0,1,0,0,1,0,0,0,0,0,0,2,0,0,5,0,5,0,0,16,7,7,1,6,0,0,0,0,0,0,0,60,94,504,235,214,52,1,2,2,0,2,0,0,0,0,1,1,0,0,0,0,2,510,604
Kerala,Palakkad,0,0,0,0,0,0,0,0,0,0,0,0,0,0,0,0,0,0,0,0,0,1,0,1,0,1,6,5,5,0,5,0,0,0,0,0,0,0,0,13,261,131,125,5,0,0,4,0,4,0,0,0,0,0,0,0,11,11,0,0,276,289
Kerala,Pathanamthitta,0,0,0,0,0,0,0,0,0,0,0,0,0,0,0,0,0,0,0,0,0,0,0,0,0,0,0,7,7,0,7,0,0,0,0,0,0,0,105,112,178,106,50,18,4,0,16,0,16,0,0,0,0,0,0,0,1,1,0,0,195,307
Kerala,Railways,0,0,0,0,0,0,0,0,0,0,0,1,0,0,0,0,0,0,0,0,0,0,0,0,0,0,0,0,0,0,0,0,0,0,0,0,0,0,2,3,11,5,5,1,0,0,0,0,0,0,0,0,0,0,0,0,0,0,0,0,11,14
Kerala,Thrissur Commr,0,0,1,0,0,0,0,0,0,0,0,0,0,0,0,0,0,0,0,0,0,2,0,2,0,0,1,4,3,1,2,0,0,0,0,0,0,1,5,13,182,72,84,26,0,0,3,0,3,0,0,0,0,0,1,0,6,6,0,0,192,205
Kerala,Thrissur Rural,0,0,0,5,0,0,0,0,0,0,0,0,0,0,0,0,0,0,0,0,0,1,0,1,0,1,5,2,2,1,1,0,0,0,0,0,0,0,96,110,178,79,81,17,1,0,2,1,1,0,0,0,0,0,0,0,12,12,0,0,192,302
Kerala,Trivandrum Commr,0,4,11,0,0,0,1,0,1,0,0,0,0,0,0,0,0,0,0,1,0,0,0,0,0,0,0,3,3,1,2,0,0,0,0,0,0,0,27,47,191,86,86,17,1,1,23,3,20,0,0,0,0,0,1,0,0,0,0,0,215,262
Kerala,Trivandrum Rural,0,0,1,1,0,0,0,0,0,0,0,0,0,0,0,0,0,0,0,0,0,1,0,1,2,1,3,7,7,1,6,0,0,0,0,0,0,0,55,71,349,167,142,36,4,0,25,4,21,0,0,0,0,0,0,0,1,1,0,2,377,448
Kerala,Wayanadu,0,0,27,2,0,0,0,1,0,0,0,0,0,0,0,0,0,0,1,6,0,1,0,1,0,0,3,3,3,3,0,0,0,0,0,0,0,0,3,40,193,116,63,4,3,7,4,0,4,0,0,0,0,0,0,0,4,3,1,0,201,241
Kerala,Crime Branch,0,0,0,0,0,0,0,0,0,0,0,0,0,0,0,0,0,0,0,0,0,0,0,0,0,0,0,0,0,0,0,0,0,0,0,0,0,0,0,0,1,0,1,0,0,0,0,0,0,0,0,0,0,0,0,0,0,0,0,0,1,1
Kerala,Kannur Rural,0,0,0,0,0,0,0,2,0,0,0,0,0,0,0,0,0,0,0,0,0,0,0,0,0,1,1,9,9,1,8,0,0,0,0,0,0,0,14,27,90,41,37,12,0,0,10,1,9,0,0,0,0,0,0,0,0,0,0,0,100,127
Madhya Pradesh,Agar,0,0,0,0,0,0,0,0,0,0,1,0,0,0,0,0,0,0,0,0,0,0,0,0,0,0,46,8,8,8,0,0,0,0,0,0,0,0,8,63,41,26,15,0,0,0,0,0,0,0,0,0,0,0,0,0,0,0,0,0,41,104
Madhya Pradesh,Alirajpur,0,2,0,0,0,0,0,0,61,0,0,0,0,0,0,0,0,0,0,0,0,2,0,2,0,0,0,34,34,34,0,0,0,0,0,0,0,0,0,99,24,24,0,0,0,0,0,0,0,0,0,0,0,0,0,0,0,0,0,0,24,123
Madhya Pradesh,Anuppur,0,0,0,0,0,0,0,0,1,0,0,3,0,7,7,0,0,0,0,0,0,1,1,0,0,1,2,154,154,146,8,0,0,0,0,0,0,0,40,209,74,47,27,0,0,0,0,0,0,0,0,0,0,0,0,0,0,0,0,0,74,283
Madhya Pradesh,Ashok Nagar,0,1,0,0,0,0,0,0,0,1,0,3,0,0,0,0,0,0,0,0,0,2,1,1,2,1,2,73,73,46,27,0,0,0,0,0,0,0,39,124,121,87,32,0,2,0,1,0,1,0,0,0,0,0,0,0,0,0,0,0,122,246
Madhya Pradesh,Balaghat,0,0,0,0,0,0,0,0,0,0,0,1,0,0,0,0,0,0,0,0,0,1,0,1,2,1,0,208,208,207,1,0,0,0,0,0,0,0,25,238,93,60,33,0,0,0,0,0,0,0,0,0,0,0,0,0,0,0,0,0,93,331
Madhya Pradesh,Barwani,0,0,0,0,0,0,0,0,0,0,0,2,0,0,0,0,0,0,0,0,0,0,0,0,1,1,0,110,110,110,0,0,0,0,0,0,0,0,0,114,85,67,18,0,0,0,0,0,0,0,0,0,0,0,0,0,0,0,0,0,85,199
Madhya Pradesh,Betul,0,0,0,0,0,0,0,0,0,0,0,0,0,0,0,0,0,0,0,0,0,6,0,6,0,0,0,251,251,251,0,0,0,0,0,0,0,0,0,257,100,48,48,0,4,0,0,0,0,0,0,0,0,0,0,0,0,0,0,0,100,357
Madhya Pradesh,Bhind,0,0,0,0,0,0,0,0,0,0,0,0,0,0,0,0,0,0,0,0,0,1,0,1,0,0,0,153,153,0,153,0,0,0,0,0,0,0,2,156,60,16,44,0,0,0,0,0,0,0,0,0,0,0,0,0,0,0,0,0,60,216
Madhya Pradesh,Bhopal Commissionarate,0,0,1,0,0,0,0,0,3,2,0,3,0,1,1,0,0,1,5,0,0,7,1,6,10,2,12,611,556,31,525,2,0,1,0,0,0,52,286,939,283,182,84,8,4,5,5,3,2,0,0,0,0,0,0,0,0,0,0,0,288,1227
Madhya Pradesh,Bhopal Railway,0,0,0,0,0,0,0,0,0,0,0,0,0,0,0,0,0,0,0,0,0,0,0,0,0,0,0,9,6,0,6,0,0,2,0,0,0,1,0,9,1,0,1,0,0,0,0,0,0,0,0,0,0,0,0,0,0,0,0,0,1,10
Madhya Pradesh,Burhanpur,0,1,0,0,0,0,0,0,4,0,0,0,0,0,0,0,0,0,0,0,0,2,1,1,0,0,0,87,87,87,0,0,0,0,0,0,0,0,21,115,48,29,19,0,0,0,0,0,0,0,0,0,0,0,0,0,0,0,0,0,48,163
Madhya Pradesh,Chhatarpur,0,0,8,0,0,0,0,0,0,6,0,0,0,0,0,0,0,0,0,0,0,4,1,3,1,4,5,301,301,163,138,0,0,0,0,0,0,0,88,417,69,33,34,2,0,0,0,0,0,0,0,0,0,0,0,0,4,3,1,0,73,490
Madhya Pradesh,Chhindwara,0,0,11,0,0,0,0,0,0,3,0,0,0,0,0,0,0,0,0,0,0,1,1,0,0,1,0,285,285,0,285,0,0,0,0,0,0,0,46,347,74,59,15,0,0,0,0,0,0,0,0,0,0,0,0,0,0,0,0,0,74,421
Madhya Pradesh,Damoh,0,0,0,0,0,0,0,0,0,0,0,1,0,0,0,0,0,0,0,0,0,4,0,4,0,0,0,208,208,0,208,0,0,0,0,0,0,0,0,213,34,11,23,0,0,0,0,0,0,0,0,0,0,0,0,0,0,0,0,0,34,247
Madhya Pradesh,Datia,0,0,0,0,0,0,0,0,0,0,0,2,0,0,0,0,0,0,0,0,0,1,0,1,3,0,0,100,100,100,0,0,0,0,0,0,0,0,1,107,33,9,24,0,0,0,0,0,0,0,0,0,0,0,1,0,1,1,0,0,35,142
Madhya Pradesh,Dewas,0,0,0,0,0,0,0,1,13,0,0,0,0,0,0,0,0,0,0,0,0,0,0,0,0,0,0,172,171,171,0,1,0,0,0,0,0,0,0,186,156,83,65,8,0,0,0,0,0,0,0,0,0,0,0,0,0,0,0,0,156,342
Madhya Pradesh,Dhar,0,0,0,0,0,0,0,0,3,0,0,7,0,0,0,0,0,0,3,0,0,2,0,2,5,1,8,348,348,348,0,0,0,0,0,0,0,0,0,374,251,195,51,0,2,3,0,0,0,0,0,0,0,0,0,0,0,0,0,0,251,625
Madhya Pradesh,Dindori,0,1,0,0,0,0,0,0,0,0,0,4,0,0,0,0,0,0,0,0,0,1,0,1,2,0,0,169,169,169,0,0,0,0,0,0,0,0,0,177,79,59,20,0,0,0,0,0,0,0,0,0,0,0,0,0,0,0,0,0,79,256
Madhya Pradesh,Guna,0,0,0,0,0,0,0,0,0,0,0,0,0,0,0,0,0,0,0,0,0,0,0,0,3,0,0,124,124,0,124,0,0,0,0,0,0,0,14,141,30,30,0,0,0,0,0,0,0,0,0,0,0,0,0,0,0,0,0,0,30,171
Madhya Pradesh,Gwalior,0,0,0,0,0,0,0,0,9,0,0,7,0,0,0,0,0,0,0,0,0,6,0,6,5,3,6,353,351,351,0,0,0,1,0,0,0,1,181,570,73,49,24,0,0,0,0,0,0,0,0,0,0,0,0,0,0,0,0,2,75,645
Madhya Pradesh,Harda,0,0,0,0,0,0,0,0,0,0,0,0,0,0,0,0,0,0,0,0,0,1,0,1,0,1,0,103,103,0,103,0,0,0,0,0,0,0,1,106,87,75,12,0,0,0,0,0,0,0,0,0,0,0,0,0,0,0,0,1,88,194
Madhya Pradesh,Narmadapuram,0,0,0,0,0,0,0,0,6,0,0,2,0,0,0,0,0,0,0,0,0,0,0,0,0,2,0,227,227,227,0,0,0,0,0,0,0,0,112,349,105,67,38,0,0,0,0,0,0,0,0,0,0,0,0,0,0,0,0,0,105,454
Madhya Pradesh,Indore Commissionarate,0,0,0,0,0,0,0,0,23,0,0,10,0,0,0,0,0,0,0,0,0,3,0,3,4,8,16,711,708,708,0,2,0,0,0,0,0,1,53,828,322,214,105,3,0,0,0,0,0,0,0,0,0,0,3,0,4,4,0,0,329,1157
Madhya Pradesh,Indore Railway,0,0,0,0,0,0,0,0,0,0,0,0,0,0,0,0,0,0,0,0,0,0,0,0,0,0,0,1,1,1,0,0,0,0,0,0,0,0,0,1,4,2,2,0,0,0,0,0,0,0,0,0,0,0,0,0,0,0,0,0,4,5
Madhya Pradesh,Jabalpur,0,0,0,0,0,0,0,0,0,0,0,2,0,0,0,0,0,0,0,0,0,9,2,7,0,0,0,552,552,0,552,0,0,0,0,0,0,0,0,563,157,71,85,0,1,0,0,0,0,0,0,0,0,0,3,0,0,0,0,0,160,723
Madhya Pradesh,Jabalpur Railway,0,0,0,0,0,0,0,0,0,2,0,0,0,0,0,0,0,0,0,0,0,1,0,1,0,0,0,14,14,14,0,0,0,0,0,0,0,0,0,17,5,4,1,0,0,0,0,0,0,0,0,0,0,0,0,0,0,0,0,0,5,22
Madhya Pradesh,Jhabua,0,1,0,0,0,0,0,1,0,0,0,8,0,0,0,0,0,0,0,0,0,0,0,0,7,1,13,244,244,171,73,0,0,0,0,0,0,0,90,365,34,22,10,2,0,0,0,0,0,0,0,0,0,0,0,0,0,0,0,0,34,399
Madhya Pradesh,Katni,0,0,0,0,0,0,0,0,0,0,0,7,0,0,0,0,0,0,0,0,0,2,0,2,1,0,1,273,273,273,0,0,0,0,0,0,0,0,26,310,41,16,25,0,0,0,0,0,0,0,0,0,0,0,0,0,0,0,0,0,41,351
Madhya Pradesh,Khandwa,0,0,0,0,0,0,0,0,0,0,0,3,0,3,3,0,0,0,0,0,0,1,0,1,4,3,7,145,145,106,39,0,0,0,0,0,0,0,54,220,174,113,46,15,0,0,1,0,1,0,0,0,0,0,0,0,0,0,0,0,175,395
Madhya Pradesh,Khargone,0,0,0,0,0,0,0,0,0,1,0,5,0,0,0,0,0,0,6,0,0,0,0,0,4,0,6,206,205,189,16,0,0,0,0,0,0,1,62,284,264,212,44,2,0,6,0,0,0,0,0,0,0,0,0,0,1,1,0,0,265,549
Madhya Pradesh,Mandla,0,0,0,0,0,0,0,0,1,0,0,4,0,1,1,0,0,0,0,0,0,4,0,4,2,0,0,207,207,207,0,0,0,0,0,0,0,0,95,314,70,53,17,0,0,0,0,0,0,0,0,0,0,0,0,0,0,0,0,2,72,386
Madhya Pradesh,Mandsaur,0,0,0,0,0,0,0,0,0,0,0,0,0,0,0,0,0,0,2,0,0,0,0,0,0,0,0,132,132,55,77,0,0,0,0,0,0,0,0,132,44,15,18,9,0,2,0,0,0,0,0,0,0,0,0,0,0,0,0,0,44,176
Madhya Pradesh,Morena,0,0,0,0,0,0,0,0,0,1,0,1,0,5,0,5,0,0,0,0,0,0,0,0,0,0,38,118,118,118,0,0,0,0,0,0,0,0,35,198,111,66,45,0,0,0,0,0,0,0,0,0,0,0,0,0,0,0,0,0,111,309
Madhya Pradesh,Narsinghpur,0,0,0,0,0,0,14,0,6,0,0,4,0,0,0,0,0,1,0,0,0,2,0,2,2,0,3,192,192,156,36,0,0,0,0,0,0,0,52,276,58,22,16,20,0,0,0,0,0,0,0,0,0,0,0,0,0,0,0,0,58,334
Madhya Pradesh,Neemuch,0,0,0,0,0,0,0,0,0,0,1,2,0,0,0,0,0,0,0,0,0,0,0,0,1,0,0,87,85,85,0,0,0,0,0,0,0,2,6,97,66,44,22,0,0,0,0,0,0,0,0,0,0,0,0,0,0,0,0,0,66,163
Madhya Pradesh,Panna,0,0,0,0,0,0,0,0,0,0,0,3,0,0,0,0,0,0,0,0,0,3,0,3,2,0,0,198,198,78,120,0,0,0,0,0,0,0,51,257,70,24,46,0,0,0,0,0,0,0,0,0,0,0,0,0,0,0,0,0,70,327
Madhya Pradesh,Raisen,0,0,3,0,0,0,0,0,4,0,0,1,0,0,0,0,0,0,10,2,0,2,0,2,6,0,97,216,216,216,0,0,0,0,0,0,0,0,60,389,213,154,41,6,0,12,5,2,3,0,0,0,0,1,0,0,0,0,0,0,219,608
Madhya Pradesh,Rajgarh,0,0,0,0,0,0,0,0,60,0,0,1,0,0,0,0,0,0,0,0,0,0,0,0,0,0,0,110,110,0,110,0,0,0,0,0,0,0,0,171,108,23,85,0,0,0,0,0,0,0,0,0,0,0,0,0,1,1,0,0,109,280
Madhya Pradesh,Ratlam,0,0,0,0,0,0,0,0,2,0,0,4,0,0,0,0,0,0,3,0,0,5,0,5,1,2,7,317,317,0,317,0,0,0,0,0,0,0,125,463,234,158,69,4,0,3,0,0,0,0,0,0,0,0,0,0,0,0,0,0,234,697
Madhya Pradesh,Rewa,0,0,0,0,0,0,0,0,0,2,0,6,0,1,0,1,0,0,0,0,0,7,1,6,0,1,3,431,428,428,0,0,0,1,0,0,0,2,121,572,61,40,21,0,0,0,0,0,0,0,0,0,0,0,0,0,4,0,4,0,65,637
Madhya Pradesh,Sagar,0,0,0,0,0,0,0,0,167,2,0,3,0,0,0,0,0,0,0,0,0,4,0,4,3,1,37,312,312,312,0,0,0,0,0,0,0,0,26,555,214,136,78,0,0,0,0,0,0,0,0,0,0,0,0,0,0,0,0,0,214,769
Madhya Pradesh,Satna,0,0,0,0,0,0,0,0,144,1,0,2,0,0,0,0,0,0,0,0,0,2,0,2,5,0,0,243,243,243,0,0,0,0,0,0,0,0,57,454,68,33,34,1,0,0,0,0,0,0,0,0,0,0,0,0,0,0,0,0,68,522
Madhya Pradesh,Seoni,0,0,0,0,0,0,0,0,117,2,0,2,0,0,0,0,0,0,0,0,0,4,0,4,0,0,1,127,127,0,127,0,0,0,0,0,0,0,14,267,67,30,37,0,0,0,0,0,0,0,0,0,0,0,0,0,0,0,0,0,67,334
Madhya Pradesh,Shahdol,0,0,0,0,0,0,0,0,3,1,0,2,0,1,1,0,0,0,0,0,0,3,1,2,1,1,2,272,272,272,0,0,0,0,0,0,0,0,16,302,121,88,33,0,0,0,0,0,0,0,0,0,0,1,0,0,0,0,0,0,122,424
Madhya Pradesh,Shajapur,0,0,0,0,0,0,0,0,0,0,0,4,0,0,0,0,0,0,0,0,0,1,0,1,0,0,0,218,218,185,33,0,0,0,0,0,0,0,13,236,102,57,28,17,0,0,0,0,0,0,0,0,0,0,0,0,0,0,0,0,102,338
Madhya Pradesh,Sheopur,0,0,0,0,0,0,0,0,1,0,0,1,0,0,0,0,0,0,0,0,0,1,0,1,0,1,9,57,57,57,0,0,0,0,0,0,0,0,84,154,31,21,9,1,0,0,0,0,0,0,0,0,0,0,0,0,0,0,0,0,31,185
Madhya Pradesh,Shivpuri,0,0,0,0,0,0,0,0,0,1,0,0,0,0,0,0,0,0,0,0,0,3,0,3,3,0,1,192,192,88,104,0,0,0,0,0,0,0,201,401,101,76,25,0,0,0,0,0,0,0,0,0,0,0,1,0,0,0,0,0,102,503
Madhya Pradesh,Sidhi,0,0,0,0,0,0,0,0,0,0,0,4,0,0,0,0,0,0,0,0,0,2,0,2,0,0,0,195,195,195,0,0,0,0,0,0,0,0,53,254,57,31,22,2,2,0,0,0,0,0,0,0,0,0,0,0,0,0,0,0,57,311
Madhya Pradesh,Sehore,0,0,0,0,0,0,0,0,68,1,1,2,0,0,0,0,0,0,0,0,0,0,0,0,1,0,0,63,63,63,0,0,0,0,0,0,0,0,35,171,193,117,55,1,20,0,0,0,0,0,0,0,0,0,0,0,0,0,0,0,193,364
Madhya Pradesh,Singrauli,0,0,0,0,0,0,0,0,1,0,0,6,0,0,0,0,0,0,0,0,0,3,0,3,3,0,10,216,216,215,1,0,0,0,0,0,0,0,74,313,136,94,42,0,0,0,0,0,0,0,0,0,0,0,0,0,0,0,0,0,136,449
Madhya Pradesh,Tikamgarh,0,0,0,0,0,0,0,0,6,0,0,8,0,0,0,0,0,0,0,0,0,5,1,4,2,2,2,125,125,0,125,0,0,0,0,0,0,0,69,219,94,67,26,0,1,0,0,0,0,0,0,0,0,0,0,0,0,0,0,0,94,313
Madhya Pradesh,Ujjain,0,0,0,0,0,0,1,0,4,1,0,1,0,0,0,0,0,0,0,0,0,1,0,1,1,2,4,292,290,106,184,0,0,1,0,0,0,1,256,563,129,102,4,23,0,0,0,0,0,0,0,0,0,0,0,0,0,0,0,0,129,692
Madhya Pradesh,Umaria,0,0,0,0,0,0,0,0,0,0,0,0,0,0,0,0,0,0,0,0,0,0,0,0,0,0,0,139,139,139,0,0,0,0,0,0,0,0,0,139,57,41,16,0,0,0,0,0,0,0,0,0,0,0,0,0,0,0,0,0,57,196
Madhya Pradesh,Vidisha,0,0,0,0,0,0,0,0,14,0,0,4,0,0,0,0,0,0,0,0,1,1,1,0,6,1,5,286,286,256,30,0,0,0,0,0,0,0,182,500,177,81,93,3,0,0,0,0,0,0,0,0,0,0,0,0,0,0,0,0,177,677
Madhya Pradesh,Cyber Crime Cell,0,0,0,0,0,0,0,0,0,0,0,0,0,0,0,0,0,0,0,0,0,0,0,0,0,0,0,0,0,0,0,0,0,0,0,0,0,0,0,0,0,0,0,0,0,0,0,0,0,0,0,0,0,0,0,0,5,5,0,0,5,5
Madhya Pradesh,Niwari,0,0,0,0,0,0,0,0,0,0,1,1,0,0,0,0,0,0,0,0,0,0,0,0,2,0,0,47,47,0,47,0,0,0,0,0,0,0,43,94,41,26,15,0,0,0,0,0,0,0,0,0,0,0,0,0,0,0,0,0,41,135
Madhya Pradesh,Bhopal Rural,0,0,0,0,0,0,0,0,0,0,0,1,0,0,0,0,0,0,0,0,0,3,0,3,2,0,0,64,60,0,60,0,0,0,0,0,0,4,5,75,62,41,16,4,1,0,1,1,0,0,0,0,0,0,0,0,0,0,0,2,65,140
Madhya Pradesh,Indore Rural,0,0,0,0,0,0,0,0,7,0,0,2,0,0,0,0,0,0,0,0,0,0,0,0,0,2,2,184,182,179,3,0,0,0,0,0,0,2,2,199,133,97,36,0,0,0,0,0,0,0,0,0,0,0,1,0,0,0,0,0,134,333
Madhya Pradesh,Pandhurna,0,0,0,0,0,0,0,0,0,0,0,1,0,0,0,0,0,0,0,0,0,0,0,0,1,1,1,43,43,0,43,0,0,0,0,0,0,0,2,49,9,4,5,0,0,0,0,0,0,0,0,0,0,0,0,0,0,0,0,0,9,58
Madhya Pradesh,Maihar,0,0,0,0,0,0,0,0,0,0,0,4,0,0,0,0,0,0,0,0,0,1,0,1,0,0,0,157,157,157,0,0,0,0,0,0,0,0,2,164,53,33,20,0,0,0,0,0,0,0,0,0,0,0,0,0,0,0,0,0,53,217
Madhya Pradesh,Mauganj,0,0,0,0,0,0,0,0,0,0,0,0,0,0,0,0,0,0,0,0,0,0,0,0,0,0,0,120,120,120,0,0,0,0,0,0,0,0,0,120,59,37,19,3,0,0,0,0,0,0,0,0,0,0,0,0,0,0,0,0,59,179
Maharashtra,Ahilyanagar,0,0,0,0,0,0,0,0,0,0,0,7,0,1,1,0,0,0,0,0,0,0,0,0,0,0,0,566,564,564,0,0,1,1,0,0,0,0,0,574,368,184,184,0,0,0,0,0,0,2,0,0,2,2,6,0,3,1,2,0,381,955
Maharashtra,Akola,0,0,0,4,0,0,0,0,4,0,0,6,0,0,0,0,0,0,0,0,0,2,0,2,1,1,19,143,143,87,56,0,0,0,0,0,0,0,27,207,180,72,108,0,0,0,0,0,0,0,0,0,0,0,0,0,0,0,0,0,180,387
Maharashtra,Amravati Commr,0,0,0,0,0,0,0,0,3,0,0,0,0,0,0,0,0,0,0,0,0,1,0,1,1,2,0,118,118,118,0,0,0,0,0,0,0,0,0,125,132,45,84,3,0,0,3,0,3,1,0,0,1,0,0,0,8,8,0,0,144,269
Maharashtra,Amravati Rural,0,0,0,0,0,0,0,0,0,0,0,1,0,0,0,0,0,0,1,0,0,0,0,0,0,0,0,207,207,207,0,0,0,0,0,0,0,0,2,210,180,83,96,0,0,1,0,0,0,0,0,0,0,0,0,0,1,0,1,0,181,391
Maharashtra,Chhatrapati Sambhajinagar Commr,0,0,0,0,0,0,0,0,0,1,1,5,0,1,1,0,0,0,0,0,0,1,0,1,5,0,0,246,246,246,0,0,0,0,0,0,0,0,8,268,157,73,84,0,0,0,0,0,0,0,0,0,0,0,2,0,0,0,0,0,159,427
Maharashtra,Chhatrapati Sambhajinagar Rural,0,0,1,1,0,0,0,0,0,0,0,0,0,0,0,0,0,0,0,0,0,0,0,0,5,0,0,123,123,123,0,0,0,0,0,0,0,0,0,130,180,95,83,2,0,0,2,0,2,0,0,0,0,9,2,0,0,0,0,0,193,323
Maharashtra,Beed,6,0,0,0,0,0,0,0,0,0,0,0,0,0,0,0,0,0,0,0,0,6,0,6,0,0,0,178,174,172,2,0,0,1,0,0,0,3,25,215,171,91,80,0,0,0,0,0,0,0,0,0,0,1,7,0,0,0,0,13,192,407
Maharashtra,Bhandara,0,0,0,0,0,0,0,0,0,0,0,0,0,0,0,0,0,0,0,0,0,0,0,0,1,1,2,76,76,76,0,0,0,0,0,0,0,0,13,93,84,52,31,1,0,0,0,0,0,0,0,0,0,0,0,0,1,1,0,0,85,178
Maharashtra,Buldhana,0,0,0,0,0,0,0,0,5,0,0,1,0,0,0,0,0,0,0,0,0,6,0,6,2,0,0,191,190,96,94,0,0,0,0,0,0,1,18,223,190,73,114,3,0,0,3,3,0,0,0,0,0,0,7,0,0,0,0,1,201,424
Maharashtra,Chandrapur,0,0,5,4,0,0,0,0,0,0,0,2,0,0,0,0,0,0,0,1,0,2,0,2,0,0,0,186,186,153,33,0,0,0,0,0,0,0,28,227,212,121,66,24,0,1,1,0,1,0,0,0,0,1,0,0,4,4,0,0,218,445
Maharashtra,Dhule,0,0,0,2,0,0,0,0,0,0,0,1,0,0,0,0,0,0,0,0,0,3,0,3,0,0,0,165,165,103,62,0,0,0,0,0,0,0,15,186,61,44,17,0,0,0,0,0,0,0,0,0,0,0,1,0,0,0,0,0,62,248
Maharashtra,Gadchiroli,0,0,0,0,0,0,0,0,2,2,0,0,0,1,1,0,0,0,0,0,0,0,0,0,1,0,1,62,62,62,0,0,0,0,0,0,0,0,8,77,89,71,16,2,0,0,0,0,0,0,0,0,0,0,0,0,0,0,0,0,89,166
Maharashtra,Gondia,0,0,0,0,0,0,0,0,0,0,0,1,0,0,0,0,0,0,0,0,0,2,1,1,0,0,0,131,131,131,0,0,0,0,0,0,0,0,3,137,104,80,24,0,0,0,0,0,0,0,0,0,0,0,0,0,0,0,0,0,104,241
Maharashtra,Hingoli,0,0,0,0,0,0,0,0,0,0,0,0,0,3,3,0,0,0,0,0,0,0,0,0,2,0,3,51,51,51,0,0,0,0,0,0,0,0,0,59,54,32,21,1,0,0,0,0,0,0,0,0,0,0,0,0,0,0,0,0,54,113
Maharashtra,Jalgaon,0,0,0,0,0,0,0,0,0,0,0,2,0,0,0,0,0,0,0,0,0,3,2,1,2,0,0,336,336,221,115,0,0,0,0,0,0,0,11,354,190,100,88,2,0,0,2,0,2,0,0,0,0,0,2,0,2,2,0,0,196,550
Maharashtra,Jalna,0,0,1,0,0,0,0,0,0,0,0,0,0,0,0,0,0,0,0,0,0,0,0,0,0,0,0,160,160,160,0,0,0,0,0,0,0,0,1,162,120,55,65,0,0,0,0,0,0,0,0,0,0,0,0,0,0,0,0,0,120,282
Maharashtra,Kolhapur,0,0,0,0,0,0,0,0,0,0,0,1,0,0,0,0,0,0,0,0,0,6,1,5,4,1,1,262,262,192,70,0,0,0,0,0,0,0,6,281,229,128,14,87,0,0,2,0,2,0,0,0,0,0,8,0,0,0,0,0,239,520
Maharashtra,Latur,0,0,1,2,0,0,0,0,5,0,0,1,0,7,5,2,0,0,0,0,0,5,0,5,5,2,0,209,209,0,209,0,0,0,0,0,0,0,4,241,107,62,45,0,0,0,2,1,1,0,0,0,0,0,2,0,4,3,1,0,115,356
Maharashtra,Mumbai Commr,0,0,0,0,0,0,0,0,1,3,0,15,0,2,2,0,0,0,1,0,0,9,1,8,1,3,18,1831,1830,1587,243,0,1,0,0,0,0,0,31,1914,1416,660,715,39,1,1,32,0,32,6,0,6,0,19,0,0,0,0,0,1,1474,3388
Maharashtra,Mumbai Railway,0,0,0,0,0,0,0,0,0,0,1,6,0,0,0,0,0,0,1,0,0,0,0,0,0,0,1,35,34,25,9,1,0,0,0,0,0,0,243,286,24,6,8,9,0,1,1,0,1,0,0,0,0,0,0,0,0,0,0,0,25,311
Maharashtra,Nagpur Commr,0,0,0,0,0,0,0,0,0,0,0,7,0,0,0,0,0,0,0,0,0,4,0,4,0,0,4,502,500,0,500,2,0,0,0,0,0,0,170,687,276,142,131,0,3,0,9,1,8,0,0,0,0,0,0,0,1,1,0,4,290,977
Maharashtra,Nagpur Railway,0,0,0,0,0,0,0,0,0,0,0,0,0,0,0,0,0,0,0,0,0,0,0,0,0,0,0,1,1,0,1,0,0,0,0,0,0,0,0,1,6,1,5,0,0,0,0,0,0,0,0,0,0,0,0,0,0,0,0,0,6,7
Maharashtra,Nagpur Rural,0,0,0,1,0,0,1,0,0,0,0,1,0,0,0,0,0,0,0,0,0,0,0,0,2,0,2,190,186,183,3,0,0,0,0,0,0,4,23,220,157,88,14,55,0,0,5,2,3,0,0,0,0,1,0,0,0,0,0,0,163,383
Maharashtra,Nanded,0,0,0,0,0,0,0,0,0,0,0,6,0,0,0,0,0,0,0,0,0,4,1,3,3,4,0,224,224,224,0,0,0,0,0,0,0,0,0,241,185,103,77,2,3,0,2,0,2,0,0,0,0,0,3,0,0,0,0,0,190,431
Maharashtra,Nandurbar,0,0,0,1,0,0,0,0,0,0,0,2,0,0,0,0,0,0,0,0,0,4,1,3,1,0,0,80,78,41,37,0,1,1,0,0,0,0,0,88,56,33,23,0,0,0,1,0,1,0,0,0,0,0,0,0,0,0,0,0,57,145
Maharashtra,Nasik Commr,0,0,0,0,0,0,0,0,0,0,0,3,0,0,0,0,0,0,0,0,0,5,0,5,2,4,10,330,330,330,0,0,0,0,0,0,0,0,13,367,121,58,63,0,0,0,0,0,0,0,0,0,0,2,0,0,3,3,0,0,126,493
Maharashtra,Nasik Rural,0,0,1,6,0,0,0,0,0,0,0,7,0,0,0,0,0,0,0,0,0,4,0,4,5,0,3,528,484,124,360,0,0,7,0,0,0,37,2,556,251,144,97,10,0,0,1,0,1,0,0,0,0,0,5,0,0,0,0,1,258,814
Maharashtra,Navi Mumbai,0,0,0,0,0,0,0,0,0,1,0,1,0,0,0,0,0,0,0,0,0,2,0,2,4,6,0,454,454,176,278,0,0,0,0,0,0,0,21,489,174,93,73,8,0,0,4,0,4,0,0,0,0,2,0,0,0,0,0,0,180,669
Maharashtra,Dharashiv,0,0,0,0,0,0,0,0,4,0,0,0,0,0,0,0,0,0,1,0,0,3,0,3,1,0,6,123,122,77,45,0,0,0,0,0,0,1,10,147,75,37,36,1,0,1,1,0,1,0,0,0,0,2,2,0,0,0,0,0,80,227
Maharashtra,Palghar,0,0,1,0,1,0,2,0,0,0,0,3,0,0,0,0,0,0,0,0,0,2,1,1,2,1,1,160,158,123,35,0,0,2,0,0,0,0,15,188,31,24,7,0,0,0,0,0,0,0,0,0,0,0,0,0,0,0,0,1,32,220
Maharashtra,Parbhani,0,0,0,0,0,0,0,0,0,0,0,1,0,0,0,0,0,0,0,0,0,1,0,1,0,0,7,109,109,108,1,0,0,0,0,0,0,0,9,127,132,65,34,32,1,0,0,0,0,0,0,0,0,0,1,0,3,3,0,0,136,263
Maharashtra,Pune Commr,0,0,0,0,0,0,0,0,0,0,0,5,0,0,0,0,0,0,0,0,0,1,1,0,11,0,3,719,711,80,631,2,0,0,0,0,0,6,2,741,580,262,177,139,2,0,4,1,3,0,0,0,0,2,3,0,0,0,0,0,589,1330
Maharashtra,Pune Railway,0,0,0,0,0,0,0,0,0,0,0,1,0,0,0,0,0,0,0,0,0,0,0,0,0,0,0,8,8,8,0,0,0,0,0,0,0,0,0,9,0,0,0,0,0,0,0,0,0,0,0,0,0,0,0,0,0,0,0,0,0,9
Maharashtra,Pune Rural,0,0,0,0,0,0,0,0,2,4,0,2,0,0,0,0,0,0,1,0,0,6,1,5,6,0,2,456,454,400,54,0,1,1,0,0,0,0,1,479,422,211,203,7,0,1,3,2,1,0,0,0,0,0,0,0,0,0,0,0,425,904
Maharashtra,Raigad,0,0,0,0,0,0,0,0,1,0,0,2,0,0,0,0,0,0,0,0,0,2,0,2,0,0,0,128,128,128,0,0,0,0,0,0,0,0,1,134,120,77,40,1,2,0,2,0,2,0,0,0,0,0,0,0,0,0,0,1,123,257
Maharashtra,Ratnagiri,0,0,0,1,0,0,0,0,0,0,0,0,0,0,0,0,0,0,0,0,0,0,0,0,0,1,1,69,69,43,26,0,0,0,0,0,0,0,2,74,72,40,10,14,8,0,2,0,2,0,0,0,0,0,0,0,9,9,0,0,83,157
Maharashtra,Sangli,0,0,0,0,0,0,0,0,0,0,0,0,0,1,1,0,0,0,1,0,0,1,0,1,1,4,0,227,224,0,224,2,0,1,0,0,0,0,0,234,142,80,14,47,0,1,1,0,1,0,0,0,0,0,2,0,4,4,0,0,149,383
Maharashtra,Satara,2,0,8,5,0,0,0,0,2,0,1,2,0,2,2,0,0,0,0,0,0,3,0,3,2,6,25,178,178,89,89,0,0,0,0,0,0,0,72,308,225,123,56,45,1,0,2,0,2,0,0,0,0,0,3,0,0,0,0,2,232,540
Maharashtra,Sindhudurg,0,0,0,0,0,0,0,0,0,0,0,0,0,0,0,0,0,0,0,0,0,0,0,0,0,2,1,29,29,18,11,0,0,0,0,0,0,0,13,45,42,32,9,1,0,0,1,0,1,0,0,0,0,0,0,0,0,0,0,0,43,88
Maharashtra,Solapur Commr,0,0,0,0,0,0,0,0,1,1,0,0,0,1,1,0,0,0,0,0,0,2,0,2,1,0,0,96,96,96,0,0,0,0,0,0,0,0,0,102,109,43,66,0,0,0,3,0,3,0,0,0,0,8,1,0,0,0,0,0,121,223
Maharashtra,Solapur Rural,3,0,0,0,0,0,0,0,6,1,0,1,0,1,1,0,0,0,0,0,0,3,0,3,3,0,0,262,260,130,130,0,0,2,0,0,0,0,0,280,242,142,100,0,0,0,0,0,0,0,0,0,0,1,4,0,0,0,0,0,247,527
Maharashtra,Thane Commr,0,0,0,0,0,0,0,0,0,0,0,0,0,0,0,0,0,0,0,0,0,9,3,6,1,0,8,1152,1150,1150,0,0,1,1,0,0,0,0,33,1203,534,265,260,9,0,0,11,0,11,0,0,0,0,0,0,0,0,0,0,3,548,1751
Maharashtra,Thane Rural,0,0,5,0,0,0,0,0,0,0,0,1,0,0,0,0,0,0,0,0,0,4,0,4,5,0,0,172,172,122,50,0,0,0,0,0,0,0,2,189,123,69,51,3,0,0,0,0,0,0,0,0,0,0,1,0,0,0,0,2,126,315
Maharashtra,Wardha,0,0,2,0,0,0,0,0,0,1,0,0,0,0,0,0,0,0,0,0,0,0,0,0,0,0,0,149,149,63,86,0,0,0,0,0,0,0,0,152,114,62,51,0,1,0,0,0,0,0,0,0,0,0,2,0,0,0,0,0,116,268
Maharashtra,Washim,0,0,0,0,0,0,0,0,2,0,0,3,0,0,0,0,0,0,0,0,0,2,0,2,3,0,0,62,62,18,44,0,0,0,0,0,0,0,0,72,87,51,36,0,0,0,0,0,0,0,0,0,0,0,3,0,0,0,0,0,90,162
Maharashtra,Yavatmal,0,0,10,0,0,0,1,0,6,0,0,1,0,0,0,0,0,0,0,0,0,1,0,1,1,1,0,235,233,60,173,0,1,1,0,0,0,0,0,256,222,112,19,91,0,0,0,0,0,0,0,0,0,1,3,0,1,0,1,0,227,483
Maharashtra,Pimpri Chinchwad Commr,0,0,0,0,0,0,0,0,0,5,0,0,0,0,0,0,0,0,3,1,0,1,0,1,2,4,0,549,547,14,533,0,0,0,0,0,0,2,2,563,298,144,65,84,1,4,2,2,0,0,0,0,0,0,2,0,2,2,0,0,304,867
Maharashtra,Chhatrapati Sambhajinagar Railway,2,0,0,0,0,0,0,0,0,0,0,2,0,0,0,0,0,0,0,0,0,0,0,0,0,0,0,9,9,0,9,0,0,0,0,0,0,0,0,13,3,2,0,1,0,0,0,0,0,0,0,0,0,0,0,0,0,0,0,0,3,16
Maharashtra,Mira Bhayandar Vasai Virar Commr,2,0,0,0,0,0,0,0,0,0,0,6,0,4,4,0,0,1,1,1,0,0,0,0,0,0,1,473,473,473,0,0,0,0,0,0,0,0,4,491,385,199,142,40,2,2,2,0,2,0,0,0,0,1,0,0,2,1,1,0,390,881
Manipur,Bishnupur,0,0,0,0,0,0,0,0,0,0,0,0,0,1,1,0,0,0,0,0,0,0,0,0,0,0,0,1,1,0,1,0,0,0,0,0,0,0,0,2,7,5,2,0,0,0,0,0,0,0,0,0,0,0,0,0,0,0,0,0,7,9
Manipur,Chandel,0,0,0,0,0,0,0,0,0,0,0,0,0,0,0,0,0,0,0,0,0,0,0,0,0,0,0,0,0,0,0,0,0,0,0,0,0,0,0,0,1,1,0,0,0,0,0,0,0,0,0,0,0,0,0,0,0,0,0,0,1,1
Manipur,Churachandpur,0,0,0,0,0,0,0,0,0,0,0,1,0,0,0,0,0,0,0,0,0,0,0,0,0,0,0,0,0,0,0,0,0,0,0,0,0,0,0,1,4,2,2,0,0,0,0,0,0,0,0,0,0,0,0,0,0,0,0,0,4,5
Manipur,Cid,0,0,0,0,0,0,0,0,0,0,0,0,0,0,0,0,0,0,0,0,0,0,0,0,0,0,0,0,0,0,0,0,0,0,0,0,0,0,0,0,0,0,0,0,0,0,0,0,0,0,0,0,0,0,0,0,4,4,0,0,4,4
Manipur,Imphal East,0,0,0,0,0,0,0,0,0,0,0,1,0,0,0,0,0,0,0,0,0,0,0,0,0,0,0,0,0,0,0,0,0,0,0,0,0,0,0,1,15,13,2,0,0,0,0,0,0,0,0,0,0,0,0,0,0,0,0,0,15,16
Manipur,Imphal West,0,0,3,0,0,1,0,0,0,0,0,0,0,9,9,0,0,0,0,0,0,1,0,1,0,0,0,6,5,2,3,0,0,0,0,0,0,1,4,24,7,6,1,0,0,0,1,1,0,0,0,0,0,0,0,0,0,0,0,0,8,32
Manipur,Senapati,0,0,0,0,0,0,0,0,0,0,0,0,0,0,0,0,0,0,0,0,0,0,0,0,0,0,0,0,0,0,0,0,0,0,0,0,0,0,0,0,2,2,0,0,0,0,0,0,0,0,0,0,0,0,0,0,0,0,0,0,2,2
Manipur,Tamenglong,0,0,0,0,0,0,0,0,0,0,0,0,0,0,0,0,0,0,0,0,0,0,0,0,0,0,0,0,0,0,0,0,0,0,0,0,0,0,0,0,1,1,0,0,0,0,0,0,0,0,0,0,0,0,0,0,0,0,0,0,1,1
Manipur,Thoubal,0,0,0,0,0,0,0,0,0,0,0,0,0,1,1,0,0,0,0,0,0,1,0,1,0,0,0,3,1,0,1,0,0,0,0,0,0,2,0,5,6,5,1,0,0,0,0,0,0,0,0,0,0,0,0,0,0,0,0,0,6,11
Manipur,Ukhrul,0,0,0,0,0,0,0,0,0,0,0,0,0,0,0,0,0,0,0,0,0,0,0,0,0,0,0,0,0,0,0,0,0,0,0,0,0,0,0,0,14,10,4,0,0,0,0,0,0,0,0,0,0,0,0,0,0,0,0,0,14,14
Manipur,Kakching,0,0,0,0,0,0,0,0,0,0,0,0,0,0,0,0,0,0,0,0,0,0,0,0,0,0,0,2,2,2,0,0,0,0,0,0,0,0,0,2,5,4,1,0,0,0,0,0,0,0,0,0,0,0,0,0,0,0,0,0,5,7
Manipur,Kamjong,0,0,0,0,0,0,0,0,0,0,0,0,0,0,0,0,0,0,0,0,0,0,0,0,0,0,0,0,0,0,0,0,0,0,0,0,0,0,0,0,0,0,0,0,0,0,0,0,0,0,0,0,0,0,0,0,0,0,0,0,0,0
Manipur,Kangpokpi,0,0,0,0,0,0,0,0,0,2,0,0,0,0,0,0,0,0,0,0,0,0,0,0,0,0,0,0,0,0,0,0,0,0,0,0,0,0,0,2,0,0,0,0,0,0,0,0,0,0,0,0,0,0,0,0,0,0,0,0,0,2
Manipur,Jiribam,0,0,0,0,0,0,0,0,0,0,0,0,0,1,1,0,0,0,0,0,0,1,0,1,0,0,0,0,0,0,0,0,0,0,0,0,0,0,0,2,0,0,0,0,0,0,0,0,0,0,0,0,0,0,0,0,0,0,0,0,0,2
Manipur,Noney,0,0,0,0,0,0,0,0,0,0,0,0,0,0,0,0,0,0,0,0,0,0,0,0,0,0,0,0,0,0,0,0,0,0,0,0,0,0,0,0,0,0,0,0,0,0,0,0,0,0,0,0,0,0,0,0,0,0,0,0,0,0
Manipur,Pherzawl,0,0,0,0,0,0,0,0,0,0,0,0,0,0,0,0,0,0,0,0,0,0,0,0,0,0,0,0,0,0,0,0,0,0,0,0,0,0,0,0,0,0,0,0,0,0,0,0,0,0,0,0,0,0,0,0,0,0,0,0,0,0
Manipur,Tengnoupal,0,0,0,0,0,0,0,0,0,0,0,0,0,0,0,0,0,0,0,0,0,0,0,0,0,0,0,0,0,0,0,0,0,0,0,0,0,0,0,0,1,1,0,0,0,0,0,0,0,0,0,0,0,0,0,0,0,0,0,0,1,1
Manipur,Narcotic,0,0,0,0,0,0,0,0,0,0,0,0,0,0,0,0,0,0,0,0,0,0,0,0,0,0,0,0,0,0,0,0,0,0,0,0,0,0,0,0,0,0,0,0,0,0,0,0,0,0,0,0,0,0,0,0,0,0,0,0,0,0
Meghalaya,Garo Hills East,0,0,0,0,0,0,0,0,2,0,0,0,0,1,1,0,0,0,0,0,0,0,0,0,0,0,0,1,1,1,0,0,0,0,0,0,0,0,0,4,12,10,2,0,0,0,0,0,0,0,0,0,0,0,0,0,0,0,0,0,12,16
Meghalaya,Garo Hills North,0,0,0,0,0,0,0,0,0,0,0,0,0,1,1,0,0,0,0,0,0,0,0,0,0,0,0,4,4,0,4,0,0,0,0,0,0,0,0,5,18,17,1,0,0,0,0,0,0,0,0,0,0,0,0,0,0,0,0,0,18,23
Meghalaya,Garo Hills South,0,0,0,0,0,0,0,0,0,0,0,0,0,0,0,0,0,0,1,0,0,0,0,0,0,0,0,0,0,0,0,0,0,0,0,0,0,0,1,1,14,9,4,0,0,1,0,0,0,0,0,0,0,0,0,0,0,0,0,0,14,15
Meghalaya,Garo Hills South West,0,0,0,0,0,0,0,0,0,0,0,0,0,1,1,0,0,0,0,0,0,0,0,0,0,0,0,2,2,0,2,0,0,0,0,0,0,0,0,3,13,13,0,0,0,0,0,0,0,0,0,0,0,1,0,0,0,0,0,0,14,17
Meghalaya,Garo Hills West,0,0,0,0,0,0,0,0,0,0,0,0,0,0,0,0,0,0,0,0,0,1,0,1,0,0,0,29,29,29,0,0,0,0,0,0,0,0,7,37,65,50,7,2,6,0,0,0,0,0,0,0,0,0,1,0,7,7,0,0,73,110
Meghalaya,Jaintia Hills West,0,0,0,0,0,0,0,0,0,0,1,1,0,0,0,0,0,0,0,0,0,0,0,0,0,0,0,0,0,0,0,0,0,0,0,0,0,0,0,2,36,32,4,0,0,0,1,0,1,0,0,0,0,0,0,0,0,0,0,0,37,39
Meghalaya,Jaintia Hills East,6,0,0,0,0,0,0,0,0,0,0,0,0,0,0,0,0,0,1,0,0,0,0,0,0,0,0,2,2,0,2,0,0,0,0,0,0,0,4,12,43,34,8,0,0,1,0,0,0,1,1,0,0,0,0,0,0,0,0,0,44,56
Meghalaya,Khasi Hills East,0,0,0,0,0,0,0,0,0,0,1,4,0,0,0,0,1,0,0,0,0,1,0,1,0,1,0,28,27,16,11,0,0,1,0,0,0,0,4,40,106,76,23,2,5,0,0,0,0,0,0,0,0,0,0,0,0,0,0,0,106,146
Meghalaya,Khasi Hills South West,0,0,0,0,0,0,0,0,0,0,0,0,0,0,0,0,0,0,0,0,0,0,0,0,0,0,0,0,0,0,0,0,0,0,0,0,0,0,0,0,12,10,2,0,0,0,0,0,0,0,0,0,0,0,0,0,0,0,0,0,12,12
Meghalaya,Khasi Hills West,0,0,0,0,0,0,0,0,0,0,0,0,0,0,0,0,0,0,0,0,0,0,0,0,0,0,0,1,0,0,0,0,0,0,0,0,0,1,0,1,37,34,3,0,0,0,0,0,0,0,0,0,0,0,0,0,0,0,0,0,37,38
Meghalaya,Ri-Bhoi,0,0,0,0,0,0,0,0,0,0,0,0,0,0,0,0,0,0,0,0,0,0,0,0,0,0,0,14,14,14,0,0,0,0,0,0,0,0,0,14,50,48,2,0,0,0,1,1,0,0,0,0,0,0,0,0,0,0,0,0,51,65
Meghalaya,Cyber Cell,0,0,0,0,0,0,0,0,0,0,0,0,0,0,0,0,0,0,0,0,0,0,0,0,0,0,0,0,0,0,0,0,0,0,0,0,0,0,0,0,0,0,0,0,0,0,0,0,0,0,0,0,0,0,0,0,0,0,0,0,0,0
Meghalaya,Khasi Hills Eastern West,0,0,0,0,0,0,0,0,0,0,0,0,0,0,0,0,0,0,0,0,0,0,0,0,0,0,0,0,0,0,0,0,0,0,0,0,0,0,1,1,18,15,2,0,1,0,0,0,0,0,0,0,0,0,0,0,0,0,0,0,18,19
Mizoram,Aizawl,0,0,0,0,0,0,0,0,0,1,0,0,0,0,0,0,0,0,0,0,0,0,0,0,0,0,2,0,0,0,0,0,0,0,0,0,0,0,1,4,68,40,27,1,0,0,0,0,0,0,0,0,0,0,0,0,0,0,0,0,68,72
Mizoram,Champhai,0,0,0,0,0,0,0,0,0,0,0,0,0,0,0,0,0,0,0,0,0,0,0,0,0,0,0,0,0,0,0,0,0,0,0,0,0,0,3,3,10,4,6,0,0,0,0,0,0,0,0,0,0,0,0,0,0,0,0,0,10,13
Mizoram,Kolasib,0,0,0,0,0,0,0,0,0,0,0,0,0,0,0,0,0,0,0,0,0,0,0,0,0,0,0,0,0,0,0,0,0,0,0,0,0,0,4,4,15,11,3,1,0,0,0,0,0,0,0,0,0,0,0,0,0,0,0,0,15,19
Mizoram,Lawngtlai,0,0,0,0,0,0,0,0,0,0,0,0,0,0,0,0,0,0,0,0,0,0,0,0,0,0,0,0,0,0,0,0,0,0,0,0,0,0,0,0,11,11,0,0,0,0,0,0,0,0,0,0,0,0,0,0,0,0,0,0,11,11
Mizoram,Lunglei,0,0,0,0,0,0,0,0,0,0,0,0,0,0,0,0,0,0,0,0,0,0,0,0,0,0,0,0,0,0,0,0,0,0,0,0,0,0,0,0,12,8,4,0,0,0,0,0,0,0,0,0,0,0,0,0,0,0,0,0,12,12
Mizoram,Mamit,0,0,0,0,0,0,0,0,0,0,0,0,0,0,0,0,0,0,0,0,0,0,0,0,0,0,0,0,0,0,0,0,0,0,0,0,0,0,1,1,19,18,1,0,0,0,0,0,0,0,0,0,0,0,0,0,0,0,0,0,19,20
Mizoram,Saiha,0,0,0,0,0,0,0,0,0,0,0,0,0,0,0,0,0,0,0,0,0,0,0,0,0,0,0,0,0,0,0,0,0,0,0,0,0,0,0,0,3,3,0,0,0,0,0,0,0,0,0,0,0,0,0,0,0,0,0,0,3,3
Mizoram,Serchhip,0,0,0,0,0,0,0,0,0,0,0,0,0,0,0,0,0,0,0,0,0,0,0,0,0,0,0,0,0,0,0,0,0,0,0,0,0,0,1,1,5,4,1,0,0,0,0,0,0,0,0,0,0,0,0,0,0,0,0,0,5,6
Mizoram,Spl Narcotic,0,0,0,0,0,0,0,0,0,0,0,0,0,0,0,0,0,0,0,0,0,0,0,0,0,0,0,0,0,0,0,0,0,0,0,0,0,0,0,0,0,0,0,0,0,0,0,0,0,0,0,0,0,0,0,0,0,0,0,0,0,0
Mizoram,Hnahthial,0,0,0,0,0,0,0,0,0,0,0,0,0,0,0,0,0,0,0,0,0,0,0,0,0,0,0,0,0,0,0,0,0,0,0,0,0,0,0,0,3,1,2,0,0,0,0,0,0,0,0,0,0,0,0,0,0,0,0,0,3,3
Mizoram,Khawzawl,0,0,0,0,0,0,0,0,0,0,0,0,0,0,0,0,0,0,0,0,0,0,0,0,0,0,0,0,0,0,0,0,0,0,0,0,0,0,0,0,0,0,0,0,0,0,0,0,0,0,0,0,0,0,0,0,0,0,0,0,0,0
Mizoram,Saitual,0,0,0,0,0,0,0,0,0,0,0,0,0,0,0,0,0,0,0,0,0,0,0,0,0,0,0,0,0,0,0,0,0,0,0,0,0,0,0,0,7,3,4,0,0,0,0,0,0,0,0,0,0,0,0,0,0,0,0,0,7,7
Mizoram,Cyber,0,0,0,0,0,0,0,0,0,0,0,0,0,0,0,0,0,0,0,0,0,0,0,0,0,0,0,0,0,0,0,0,0,0,0,0,0,0,0,0,0,0,0,0,0,0,0,0,0,0,0,0,0,0,0,0,10,0,10,0,10,10
Mizoram,Crime And Eou,0,0,0,0,0,0,0,0,0,0,0,0,0,0,0,0,0,0,0,0,0,0,0,0,0,0,0,0,0,0,0,0,0,0,0,0,0,0,0,0,0,0,0,0,0,0,0,0,0,0,0,0,0,0,0,0,0,0,0,0,0,0
Nagaland,Dimapur,0,0,5,4,1,0,0,0,0,0,0,0,0,0,0,0,1,0,0,0,0,0,0,0,0,0,2,0,0,0,0,0,0,0,0,0,0,0,7,20,4,2,1,1,0,0,0,0,0,0,0,0,0,0,0,0,0,0,0,0,4,24
Nagaland,Kiphire,1,0,0,0,0,0,0,0,0,0,0,0,0,0,0,0,0,0,0,0,0,0,0,0,0,0,0,0,0,0,0,0,0,0,0,0,0,0,0,1,1,0,0,1,0,0,0,0,0,0,0,0,0,0,0,0,0,0,0,0,1,2
Nagaland,Kohima,4,0,2,0,0,0,0,0,0,0,0,0,0,0,0,0,0,0,0,0,0,0,0,0,0,0,2,0,0,0,0,0,0,0,0,0,0,0,0,8,0,0,0,0,0,0,0,0,0,0,0,0,0,0,0,0,0,0,0,0,0,8
Nagaland,Longleng,0,0,0,0,0,0,0,0,0,0,0,0,0,0,0,0,0,0,0,0,0,0,0,0,0,0,0,0,0,0,0,0,0,0,0,0,0,0,0,0,0,0,0,0,0,0,0,0,0,0,0,0,0,0,0,0,0,0,0,0,0,0
Nagaland,Mokokchung,0,0,0,0,0,0,0,0,0,0,0,0,0,0,0,0,0,0,0,0,0,0,0,0,0,0,0,0,0,0,0,0,0,0,0,0,0,0,0,0,2,2,0,0,0,0,0,0,0,0,0,0,0,0,0,0,0,0,0,0,2,2
Nagaland,Mon,0,0,0,0,0,0,0,0,0,0,0,0,0,0,0,0,0,0,0,0,0,0,0,0,0,0,0,0,0,0,0,0,0,0,0,0,0,0,0,0,6,6,0,0,0,0,0,0,0,0,0,0,0,0,0,0,0,0,0,0,6,6
Nagaland,Peren,0,0,0,0,0,0,0,0,0,0,0,0,0,0,0,0,0,0,0,0,0,0,0,0,0,0,0,0,0,0,0,0,0,0,0,0,0,0,0,0,0,0,0,0,0,0,0,0,0,0,0,0,0,0,0,0,0,0,0,0,0,0
Nagaland,Phek,0,0,0,0,0,0,0,0,0,0,0,0,0,0,0,0,0,0,0,0,0,0,0,0,0,0,0,0,0,0,0,0,0,0,0,0,0,0,0,0,1,1,0,0,0,0,0,0,0,0,0,0,0,0,0,0,0,0,0,0,1,1
Nagaland,Tuensang,0,0,0,0,0,0,0,0,0,0,0,0,0,0,0,0,0,0,0,0,0,0,0,0,0,0,0,2,0,0,0,0,1,0,0,0,0,1,0,2,2,0,2,0,0,0,0,0,0,0,0,0,0,0,0,0,0,0,0,0,2,4
Nagaland,Wokha,0,0,0,0,0,0,0,0,0,0,0,0,0,0,0,0,0,0,0,0,0,0,0,0,0,0,0,0,0,0,0,0,0,0,0,0,0,0,3,3,1,1,0,0,0,0,0,0,0,0,0,0,0,0,0,0,0,0,0,0,1,4
Nagaland,Zunheboto,0,0,0,0,0,0,0,0,0,0,0,0,0,0,0,0,0,0,0,0,0,0,0,0,0,0,0,0,0,0,0,0,0,0,0,0,0,0,0,0,0,0,0,0,0,0,0,0,0,0,0,0,0,0,0,0,0,0,0,0,0,0
Nagaland,Noklak,0,0,0,0,0,0,0,0,0,0,0,0,0,0,0,0,0,0,0,0,0,0,0,0,0,0,0,0,0,0,0,0,0,0,0,0,0,0,0,0,0,0,0,0,0,0,0,0,0,0,0,0,0,0,0,0,0,0,0,0,0,0
Nagaland,Shamator,0,0,0,0,0,0,0,0,0,0,0,0,0,0,0,0,0,0,0,0,0,0,0,0,0,0,0,0,0,0,0,0,0,0,0,0,0,0,0,0,0,0,0,0,0,0,0,0,0,0,0,0,0,0,0,0,0,0,0,0,0,0
Nagaland,Tseminyu,0,0,0,0,0,0,0,0,0,0,0,0,0,0,0,0,0,0,0,0,0,0,0,0,0,0,0,0,0,0,0,0,0,0,0,0,0,0,0,0,1,0,0,1,0,0,0,0,0,0,0,0,0,0,0,0,0,0,0,0,1,1
Nagaland,Crime,0,0,0,0,0,0,0,0,0,0,0,0,0,0,0,0,0,0,0,0,0,0,0,0,0,0,0,0,0,0,0,0,0,0,0,0,0,0,0,0,0,0,0,0,0,0,0,0,0,0,0,0,0,0,0,0,0,0,0,0,0,0
Nagaland,Cyber Security,0,0,0,0,0,0,0,0,0,0,0,0,0,0,0,0,0,0,0,0,0,0,0,0,0,0,0,0,0,0,0,0,0,0,0,0,0,0,0,0,0,0,0,0,0,0,0,0,0,0,0,0,0,0,0,0,0,0,0,0,0,0
Nagaland,Narcotics,0,0,0,0,0,0,0,0,0,0,0,0,0,0,0,0,0,0,0,0,0,0,0,0,0,0,0,0,0,0,0,0,0,0,0,0,0,0,0,0,0,0,0,0,0,0,0,0,0,0,0,0,0,0,0,0,0,0,0,0,0,0
Odisha,Angul,0,0,0,0,0,0,0,0,0,0,0,0,0,0,0,0,0,0,0,0,0,1,0,1,0,1,0,145,145,145,0,0,0,0,0,0,0,0,0,147,52,51,1,0,0,0,3,3,0,0,0,0,0,0,3,0,8,8,0,0,66,213
Odisha,Balasore,0,0,0,0,0,0,0,0,0,0,0,0,0,0,0,0,0,0,0,0,0,1,1,0,0,0,0,582,582,582,0,0,0,0,0,0,0,0,0,583,116,90,25,0,1,0,3,3,0,0,0,0,0,0,3,0,3,3,0,0,125,708
Odisha,Baragarh,0,0,0,0,0,0,0,0,0,0,0,0,0,0,0,0,0,0,0,0,0,1,1,0,0,0,0,163,163,163,0,0,0,0,0,0,0,0,0,164,47,28,17,0,2,0,0,0,0,0,0,0,0,0,0,0,9,9,0,0,56,220
Odisha,Berhampur,0,0,0,0,0,0,0,0,0,0,0,0,0,0,0,0,0,0,0,0,0,0,0,0,0,0,0,160,160,160,0,0,0,0,0,0,0,0,0,160,71,41,30,0,0,0,4,4,0,0,0,0,0,0,2,0,2,2,0,0,79,239
Odisha,Bhadrak,0,0,0,0,0,0,0,0,0,0,0,0,0,0,0,0,0,0,0,0,0,0,0,0,0,0,0,475,475,475,0,0,0,0,0,0,0,0,0,475,60,44,16,0,0,0,0,0,0,0,0,0,0,0,0,0,1,1,0,0,61,536
Odisha,Bolangir,0,0,0,0,0,0,0,0,0,0,0,0,0,0,0,0,0,0,0,0,0,0,0,0,0,0,0,253,253,253,0,0,0,0,0,0,0,0,0,253,69,53,16,0,0,0,6,6,0,0,0,0,0,0,1,0,0,0,0,0,76,329
Odisha,Boudh,0,0,0,0,0,0,0,0,0,0,0,0,0,0,0,0,0,0,0,0,0,0,0,0,0,0,0,65,65,65,0,0,0,0,0,0,0,0,0,65,12,9,3,0,0,0,0,0,0,0,0,0,0,0,0,0,1,1,0,0,13,78
Odisha,Cuttack,0,0,0,0,0,0,0,0,0,0,0,0,0,0,0,0,0,0,0,0,0,0,0,0,0,0,0,259,259,259,0,0,0,0,0,0,0,0,0,259,109,68,40,0,1,0,1,1,0,0,0,0,0,0,2,0,1,1,0,0,113,372
Odisha,Dcp Bbsr,0,0,0,0,0,0,0,0,0,0,0,0,0,0,0,0,0,0,0,0,0,0,0,0,0,0,0,236,236,236,0,0,0,0,0,0,0,0,0,236,141,77,63,0,1,0,34,34,0,0,0,0,0,0,1,0,6,6,0,0,182,418
Odisha,Dcp Ctc,0,0,0,0,0,0,0,0,0,0,0,0,0,0,0,0,0,0,0,0,0,0,0,0,0,0,0,162,162,162,0,0,0,0,0,0,0,0,0,162,95,76,14,0,5,0,10,10,0,0,0,0,0,0,0,0,3,3,0,0,108,270
Odisha,Deogarh,0,0,0,0,0,0,0,0,0,0,0,0,0,0,0,0,0,0,0,0,0,0,0,0,0,0,0,47,47,47,0,0,0,0,0,0,0,0,0,47,17,15,2,0,0,0,4,4,0,0,0,0,0,0,0,0,0,0,0,0,21,68
Odisha,Dhenkanal,0,0,0,0,0,0,0,0,0,0,0,0,0,0,0,0,0,0,0,0,0,0,0,0,0,0,0,197,197,197,0,0,0,0,0,0,0,0,0,197,51,37,14,0,0,0,0,0,0,0,0,0,0,0,2,0,3,3,0,0,56,253
Odisha,Gajapati,0,0,0,0,0,0,0,0,0,0,0,0,0,0,0,0,0,0,0,0,0,0,0,0,0,0,0,46,46,46,0,0,0,0,0,0,0,0,0,46,55,51,4,0,0,0,0,0,0,0,0,0,0,0,1,0,0,0,0,0,56,102
Odisha,Ganjam,0,0,0,0,0,0,0,0,0,0,0,0,0,0,0,0,0,0,0,0,0,0,0,0,0,0,0,285,285,285,0,0,0,0,0,0,0,0,0,285,98,56,41,0,1,0,5,0,5,0,0,0,0,0,2,0,4,4,0,0,109,394
Odisha,Jagatsinghpur,0,0,0,0,0,0,0,0,0,0,0,0,0,0,0,0,0,0,0,0,0,0,0,0,0,0,0,210,210,210,0,0,0,0,0,0,0,0,0,210,88,46,42,0,0,0,3,3,0,0,0,0,0,0,2,0,4,4,0,0,97,307
Odisha,Jajpur,0,0,0,0,0,0,0,0,0,0,0,0,0,0,0,0,0,0,0,0,0,0,0,0,0,0,0,431,431,431,0,0,0,0,0,0,0,0,0,431,185,95,90,0,0,0,7,7,0,0,0,0,0,0,2,0,8,8,0,0,202,633
Odisha,Jharsuguda,0,0,0,0,0,0,0,0,0,0,0,0,0,0,0,0,0,0,0,0,0,0,0,0,0,0,0,97,97,97,0,0,0,0,0,0,0,0,0,97,33,22,11,0,0,0,3,3,0,0,0,0,0,0,0,0,1,1,0,0,37,134
Odisha,Kalahandi,0,0,0,0,0,0,0,0,0,0,0,0,0,0,0,0,0,0,0,0,0,0,0,0,0,0,0,168,168,168,0,0,0,0,0,0,0,0,0,168,98,79,19,0,0,0,0,0,0,0,0,0,0,0,0,0,0,0,0,0,98,266
Odisha,Kandhamal,0,0,0,0,0,0,0,0,0,0,0,0,0,0,0,0,0,0,0,0,0,1,1,0,0,0,0,104,104,104,0,0,0,0,0,0,0,0,0,105,70,70,0,0,0,0,0,0,0,0,0,0,0,0,0,0,0,0,0,0,70,175
Odisha,Kendrapara,0,0,0,0,0,0,0,0,0,0,0,0,0,0,0,0,0,0,0,0,0,0,0,0,0,0,0,314,314,314,0,0,0,0,0,0,0,0,0,314,88,47,41,0,0,0,0,0,0,0,0,0,0,0,3,0,0,0,0,0,91,405
Odisha,Keonjhar,0,0,0,0,0,0,0,0,0,0,0,0,0,0,0,0,0,0,0,0,0,1,1,0,0,0,0,317,317,317,0,0,0,0,0,0,0,0,0,318,116,108,8,0,0,0,2,2,0,0,0,0,0,0,1,0,0,0,0,0,119,437
Odisha,Khurda,0,0,0,0,0,0,0,0,0,0,0,0,0,0,0,0,0,0,0,0,0,0,0,0,0,0,0,216,216,216,0,0,0,0,0,0,0,0,0,216,65,41,24,0,0,0,0,0,0,0,0,0,0,0,4,0,1,1,0,0,70,286
Odisha,Koraput,0,0,0,0,0,0,0,0,0,0,0,0,0,0,0,0,0,0,0,0,0,0,0,0,0,0,0,131,131,131,0,0,0,0,0,0,0,0,0,131,91,64,27,0,0,0,3,3,0,0,0,0,0,0,1,0,4,4,0,0,99,230
Odisha,Malkangiri,0,0,0,0,0,0,0,0,0,0,0,0,0,0,0,0,0,0,0,0,0,0,0,0,0,0,0,152,152,152,0,0,0,0,0,0,0,0,0,152,74,65,9,0,0,0,1,0,1,0,0,0,0,0,0,0,1,1,0,0,76,228
Odisha,Mayurbhanj,0,0,0,0,0,0,0,0,0,0,0,0,0,0,0,0,0,0,0,0,0,1,1,0,0,0,0,386,386,386,0,0,0,0,0,0,0,0,0,387,127,104,22,0,1,0,0,0,0,0,0,0,0,0,1,0,1,1,0,0,129,516
Odisha,Nayagarh,0,0,0,0,0,0,0,0,0,0,0,0,0,0,0,0,0,0,0,0,0,0,0,0,0,0,0,161,161,161,0,0,0,0,0,0,0,0,0,161,68,46,21,0,1,0,0,0,0,0,0,0,0,0,2,0,2,2,0,0,72,233
Odisha,Nabarangpur,0,0,0,0,0,0,0,0,0,0,0,0,0,0,0,0,0,0,0,0,0,0,0,0,0,0,0,108,108,108,0,0,0,0,0,0,0,0,0,108,55,42,13,0,0,0,1,1,0,0,0,0,0,0,0,0,0,0,0,0,56,164
Odisha,Nuapada,0,0,0,0,0,0,0,0,0,0,0,0,0,0,0,0,0,0,0,0,0,0,0,0,0,0,0,88,88,88,0,0,0,0,0,0,0,0,0,88,24,19,5,0,0,0,0,0,0,0,0,0,0,0,0,0,0,0,0,0,24,112
Odisha,Puri,0,0,0,0,0,0,0,0,0,0,0,0,0,0,0,0,0,0,0,0,0,0,0,0,0,0,0,311,311,311,0,0,0,0,0,0,0,0,0,311,76,44,32,0,0,0,8,0,8,0,0,0,0,0,2,0,3,3,0,0,89,400
Odisha,Rayagada,0,0,0,0,0,0,0,0,0,0,0,0,0,0,0,0,0,0,0,0,0,1,1,0,0,0,0,67,67,67,0,0,0,0,0,0,0,0,0,68,54,42,12,0,0,0,2,2,0,0,0,0,0,0,0,0,0,0,0,0,56,124
Odisha,Rourkela,0,0,0,0,0,0,0,0,0,0,0,0,0,0,0,0,0,0,0,0,0,1,1,0,0,0,0,155,155,155,0,0,0,0,0,0,0,0,0,156,63,61,2,0,0,0,1,1,0,0,0,0,0,0,0,0,0,0,0,0,64,220
Odisha,Sambalpur,0,0,0,0,0,0,0,0,0,0,0,0,0,0,0,0,0,0,0,0,0,0,0,0,0,0,0,146,146,146,0,0,0,0,0,0,0,0,0,146,65,46,19,0,0,0,1,1,0,0,0,0,0,0,0,0,2,2,0,0,68,214
Odisha,Sonepur,0,0,0,0,0,0,0,0,0,0,0,0,0,0,0,0,0,0,0,0,0,0,0,0,0,0,0,66,66,66,0,0,0,0,0,0,0,0,0,66,23,19,3,0,1,0,0,0,0,0,0,0,0,0,0,0,0,0,0,0,23,89
Odisha,Srp(Cuttack),0,0,0,0,0,0,0,0,0,0,0,0,0,0,0,0,0,0,0,0,0,0,0,0,0,0,0,3,3,3,0,0,0,0,0,0,0,0,0,3,1,1,0,0,0,0,0,0,0,0,0,0,0,0,0,0,0,0,0,0,1,4
Odisha,Srp(Rourkela),0,0,0,0,0,0,0,0,0,0,0,0,0,0,0,0,0,0,0,0,0,0,0,0,0,0,0,3,3,3,0,0,0,0,0,0,0,0,0,3,1,0,1,0,0,0,0,0,0,0,0,0,0,0,0,0,0,0,0,0,1,4
Odisha,Sundargarh,0,0,0,0,0,0,0,0,0,0,0,0,0,0,0,0,0,0,0,0,0,1,1,0,0,0,0,105,105,105,0,0,0,0,0,0,0,0,0,106,39,29,10,0,0,0,2,2,0,0,0,0,0,0,0,0,0,0,0,0,41,147
Odisha,Cid Cb,0,0,0,0,0,0,0,0,0,0,0,0,0,0,0,0,0,0,0,0,0,0,0,0,0,0,0,0,0,0,0,0,0,0,0,0,0,0,0,0,0,0,0,0,0,0,0,0,0,0,0,0,0,0,0,0,0,0,0,0,0,0
Punjab,Amritsar Rural,0,0,0,0,0,0,0,0,51,1,0,0,0,0,0,0,0,0,0,0,0,3,0,3,0,0,0,0,0,0,0,0,0,0,0,0,0,0,0,55,24,24,0,0,0,0,0,0,0,0,0,0,0,0,0,0,1,1,0,0,25,80
Punjab,Barnala,0,0,6,6,0,0,0,0,0,0,0,0,0,24,24,0,0,0,0,0,0,0,0,0,0,0,0,9,9,0,9,0,0,0,0,0,0,0,0,45,5,5,0,0,0,0,0,0,0,0,0,0,0,0,0,0,0,0,0,0,5,50
Punjab,Batala,0,0,0,2,1,0,1,0,45,1,0,0,0,0,0,0,0,0,0,0,0,0,0,0,0,0,0,0,0,0,0,0,0,0,0,0,0,0,4,54,20,17,3,0,0,0,0,0,0,0,0,0,0,0,0,0,0,0,0,0,20,74
Punjab,Bathinda,0,0,0,0,0,0,0,0,58,0,0,0,0,0,0,0,0,0,0,0,0,0,0,0,0,0,0,0,0,0,0,0,0,0,0,0,0,0,15,73,34,31,2,1,0,0,0,0,0,0,0,0,0,0,0,0,0,0,0,0,34,107
Punjab,Cp Amritsar,0,0,0,0,0,0,0,0,64,0,0,0,0,0,0,0,0,0,0,0,0,1,0,1,0,0,0,3,0,0,0,0,0,0,0,0,0,3,0,68,30,16,14,0,0,0,0,0,0,0,0,0,0,0,0,0,0,0,0,0,30,98
Punjab,Cp Jalandhar,0,0,1,0,0,0,0,0,74,0,0,1,0,0,0,0,0,0,0,0,0,1,0,1,2,0,0,13,9,0,9,0,0,0,0,0,0,4,27,119,26,26,0,0,0,0,0,0,0,0,0,0,0,0,0,0,0,0,0,0,26,145
Punjab,Cp Ludhiana,0,0,0,0,0,0,0,0,218,0,0,5,0,0,0,0,0,0,0,0,0,2,0,2,0,0,0,18,0,0,0,0,0,0,0,0,0,18,41,284,81,68,13,0,0,0,3,3,0,0,0,0,0,0,0,0,0,0,0,0,84,368
Punjab,Faridkot,0,1,0,0,0,0,0,0,24,0,0,1,0,0,0,0,0,0,0,0,0,0,0,0,0,0,0,0,0,0,0,0,0,0,0,0,0,0,2,28,18,12,5,0,1,0,0,0,0,0,0,0,0,0,0,0,0,0,0,0,18,46
Punjab,Fatehgarh Sahib,0,0,0,0,0,0,0,0,28,0,0,0,0,0,0,0,0,0,0,1,0,0,0,0,0,0,0,0,0,0,0,0,0,0,0,0,0,0,0,28,11,8,2,0,0,1,0,0,0,0,0,0,0,0,0,0,0,0,0,0,11,39
Punjab,Fazilka,0,0,0,0,0,0,0,0,65,0,0,0,0,0,0,0,0,0,0,0,0,1,0,1,0,0,0,0,0,0,0,0,0,0,0,0,0,0,0,66,42,33,9,0,0,0,0,0,0,0,0,0,0,0,0,0,0,0,0,0,42,108
Punjab,Ferozepur,0,0,0,0,0,0,0,0,47,0,0,0,0,0,0,0,0,0,0,0,0,0,0,0,0,0,0,0,0,0,0,0,0,0,0,0,0,0,0,47,14,14,0,0,0,0,2,0,2,0,0,0,0,0,0,0,0,0,0,0,16,63
Punjab,Grp,0,0,0,0,0,0,0,0,0,0,0,3,0,0,0,0,0,0,0,0,0,0,0,0,1,0,0,1,1,1,0,0,0,0,0,0,0,0,1,6,1,1,0,0,0,0,0,0,0,0,0,0,0,0,0,0,0,0,0,0,1,7
Punjab,Gurdaspur,0,1,0,0,0,0,0,0,21,2,0,0,0,0,0,0,0,0,0,0,0,1,0,1,0,0,0,5,2,2,0,0,0,0,0,0,0,3,2,32,19,11,8,0,0,0,0,0,0,0,0,0,0,0,0,0,0,0,0,1,20,52
Punjab,Hoshiarpur,0,0,2,0,0,0,0,0,50,0,0,2,0,0,0,0,0,0,1,0,0,0,0,0,3,0,0,1,0,0,0,0,0,0,0,0,0,1,16,74,37,30,6,0,0,1,2,1,1,0,0,0,0,1,1,0,1,1,0,0,42,116
Punjab,Jalandhar Rural,0,1,0,0,0,1,0,0,36,0,0,1,0,5,5,0,0,0,0,0,0,1,0,1,0,0,1,1,1,0,1,0,0,0,0,0,0,0,16,63,20,20,0,0,0,0,0,0,0,0,0,0,0,0,1,0,0,0,0,0,21,84
Punjab,Kapurthala,0,0,0,0,0,0,0,0,34,0,0,0,0,0,0,0,0,0,0,0,0,1,0,1,0,0,0,0,0,0,0,0,0,0,0,0,0,0,0,35,16,16,0,0,0,0,0,0,0,0,0,0,0,1,0,0,1,1,0,1,19,54
Punjab,Khanna,0,0,5,2,0,0,0,0,49,0,0,0,0,0,0,0,0,0,0,0,0,0,0,0,1,0,0,3,0,0,0,0,0,0,0,0,0,3,10,70,14,13,1,0,0,0,0,0,0,0,0,0,0,0,0,0,0,0,0,0,14,84
Punjab,Ludhiana Rural,0,0,4,0,0,0,0,0,27,0,0,0,0,0,0,0,0,0,0,0,0,0,0,0,2,0,0,8,8,0,8,0,0,0,0,0,0,0,6,47,15,15,0,0,0,0,0,0,0,0,0,0,0,0,0,0,0,0,0,0,15,62
Punjab,Mansa,0,0,2,0,0,0,0,0,27,0,0,0,0,0,0,0,0,0,0,0,0,2,0,2,0,0,0,0,0,0,0,0,0,0,0,0,0,0,2,33,19,14,5,0,0,0,0,0,0,0,0,0,0,0,1,0,0,0,0,0,20,53
Punjab,Moga,0,0,6,1,0,0,0,0,34,0,0,0,0,0,0,0,0,0,0,0,0,2,0,2,1,0,0,3,2,2,0,0,1,0,0,0,0,0,5,52,25,25,0,0,0,0,1,1,0,0,0,0,0,0,0,0,1,1,0,0,27,79
Punjab,Muktsar,0,0,0,0,0,0,1,0,39,0,0,0,0,0,0,0,0,0,0,0,0,0,0,0,0,0,0,0,0,0,0,0,0,0,0,0,0,0,0,40,19,14,4,0,1,0,0,0,0,0,0,0,0,0,0,0,0,0,0,1,20,60
Punjab,Pathankot,0,0,0,0,0,0,0,0,24,0,0,0,0,0,0,0,0,0,0,0,0,1,0,1,0,0,0,2,0,0,0,0,0,2,0,0,0,0,5,32,14,9,5,0,0,0,0,0,0,0,0,0,0,0,0,0,1,1,0,2,17,49
Punjab,Patiala,0,1,0,0,0,0,0,0,71,0,0,1,0,0,0,0,0,0,0,0,0,2,0,2,1,0,0,3,0,0,0,0,0,0,0,0,0,3,5,84,32,24,8,0,0,0,2,0,2,0,0,0,0,0,2,0,0,0,0,0,36,120
Punjab,Ropar,0,0,0,4,0,0,0,0,25,0,0,0,0,0,0,0,0,0,0,0,0,2,1,1,0,0,0,1,1,1,0,0,0,0,0,0,0,0,3,35,11,11,0,0,0,0,0,0,0,0,0,0,0,0,0,0,1,1,0,0,12,47
Punjab,Sangrur,0,0,1,0,0,0,0,0,56,0,0,0,0,0,0,0,0,0,0,0,0,1,0,1,0,0,0,0,0,0,0,0,0,0,0,0,0,0,16,74,33,31,2,0,0,0,0,0,0,0,0,0,0,0,0,0,7,0,7,0,40,114
Punjab,Sas Nagar,0,0,0,0,0,0,0,0,76,0,0,0,0,0,0,0,0,0,0,0,0,2,0,2,0,0,0,0,0,0,0,0,0,0,0,0,0,0,0,78,42,42,0,0,0,0,2,0,2,0,0,0,0,0,0,0,0,0,0,0,44,122
Punjab,Sbs Nagar,0,0,1,5,0,0,0,0,39,0,0,0,0,0,0,0,0,0,0,0,0,0,0,0,0,0,0,0,0,0,0,0,0,0,0,0,0,0,3,48,9,9,0,0,0,0,0,0,0,0,0,0,0,0,0,0,0,0,0,0,9,57
Punjab,Tarn Taran,0,1,0,0,0,0,0,0,60,1,1,0,0,0,0,0,0,0,0,0,0,2,0,2,1,0,0,0,0,0,0,0,0,0,0,0,0,0,1,67,20,12,8,0,0,0,1,0,1,0,0,0,0,0,2,0,2,2,0,0,25,92
Punjab,Bureau Of Investigation,0,0,0,0,0,0,0,0,0,0,0,0,0,0,0,0,0,0,0,0,0,0,0,0,0,0,0,0,0,0,0,0,0,0,0,0,0,0,0,0,0,0,0,0,0,0,0,0,0,0,0,0,0,0,0,0,0,0,0,0,0,0
Punjab,Intelligence Wing,0,0,0,0,0,0,0,0,0,0,0,0,0,0,0,0,0,0,0,0,0,0,0,0,0,0,0,0,0,0,0,0,0,0,0,0,0,0,0,0,0,0,0,0,0,0,0,0,0,0,0,0,0,0,0,0,0,0,0,0,0,0
Punjab,Nri Wing,0,0,0,0,0,0,0,0,0,0,0,0,0,0,0,0,0,0,0,0,0,0,0,0,0,0,0,0,0,0,0,0,0,0,0,0,0,0,0,0,0,0,0,0,0,0,0,0,0,0,0,0,0,0,0,0,0,0,0,0,0,0
Punjab,Special Task Force,0,0,0,0,0,0,0,0,0,0,0,0,0,0,0,0,0,0,0,0,0,0,0,0,0,0,0,0,0,0,0,0,0,0,0,0,0,0,0,0,0,0,0,0,0,0,0,0,0,0,0,0,0,0,0,0,0,0,0,0,0,0
Punjab,Malerkotla,0,0,0,0,0,0,0,0,14,0,0,0,0,3,3,0,0,0,0,0,0,1,1,0,0,0,0,6,6,0,6,0,0,0,0,0,0,0,1,25,11,7,3,1,0,0,0,0,0,0,0,0,0,0,0,0,0,0,0,0,11,36
Punjab,Cyber Crime Wing,0,0,0,0,0,0,0,0,0,0,0,0,0,0,0,0,0,0,0,0,0,0,0,0,0,0,0,0,0,0,0,0,0,0,0,0,0,0,0,0,1,0,0,0,1,0,0,0,0,0,0,0,0,0,0,0,1,1,0,0,2,2
Rajasthan,Ajmer,0,0,0,0,0,0,0,0,0,1,1,1,0,16,16,0,0,0,0,0,0,1,0,1,0,0,0,194,188,127,61,0,0,0,0,0,0,6,8,222,62,44,17,0,1,0,20,0,20,0,0,0,0,0,1,0,2,2,0,2,87,309
Rajasthan,Alwar,0,0,0,0,0,0,0,0,0,0,0,0,0,0,0,0,0,0,0,0,0,0,0,0,0,0,0,0,0,0,0,0,0,0,0,0,0,0,0,0,100,69,15,0,16,0,0,0,0,0,0,0,0,0,0,0,0,0,0,0,100,100
Rajasthan,Banswara,0,0,0,0,0,0,0,0,0,0,1,3,0,1,1,0,0,0,0,0,0,1,1,0,0,0,0,197,197,126,71,0,0,0,0,0,0,0,0,203,50,43,5,1,1,0,26,0,26,0,0,0,0,0,0,0,10,8,2,0,86,289
Rajasthan,Baran,0,0,0,0,0,0,0,0,4,0,0,0,0,0,0,0,0,0,0,0,0,0,0,0,0,0,0,165,165,160,5,0,0,0,0,0,0,0,0,169,61,41,15,0,5,0,0,0,0,0,0,0,0,8,0,0,0,0,0,0,69,238
Rajasthan,Barmer,0,0,0,0,0,0,0,0,5,0,0,3,0,0,0,0,0,0,0,0,0,4,4,0,0,0,0,44,44,44,0,0,0,0,0,0,0,0,1,57,52,40,12,0,0,0,0,0,0,0,0,0,0,1,0,0,30,30,0,0,83,140
Rajasthan,Bharatpur,0,0,0,0,0,0,0,0,0,0,0,0,0,0,0,0,0,0,3,0,0,1,0,1,0,0,0,32,27,0,27,0,0,0,0,0,0,5,0,33,44,24,17,0,0,3,1,0,1,0,0,0,0,0,0,0,0,0,0,0,45,78
Rajasthan,Bhilwara,0,0,0,0,0,0,0,0,6,4,0,0,0,0,0,0,0,0,0,0,0,1,1,0,0,0,0,187,187,0,187,0,0,0,0,0,0,0,0,198,53,38,15,0,0,0,17,4,13,0,0,0,0,0,0,0,1,1,0,0,71,269
Rajasthan,Bikaner,0,0,0,0,0,0,0,0,0,0,0,0,0,0,0,0,0,0,0,0,0,0,0,0,0,0,0,0,0,0,0,0,0,0,0,0,0,0,10,10,95,76,19,0,0,0,0,0,0,0,0,0,0,0,0,0,0,0,0,0,95,105
Rajasthan,Bundi,0,0,0,0,0,0,0,0,0,0,0,0,0,0,0,0,0,0,0,0,0,0,0,0,0,0,0,92,36,0,36,0,0,0,0,0,0,56,0,92,50,31,19,0,0,0,0,0,0,0,0,0,0,0,0,0,0,0,0,0,50,142
Rajasthan,Chittorgarh,0,0,0,0,0,0,0,0,0,0,0,3,0,0,0,0,0,0,2,0,0,1,1,0,0,0,0,88,87,0,87,0,0,0,0,0,0,1,0,92,33,22,9,0,0,2,8,0,8,0,0,0,0,0,0,0,0,0,0,0,41,133
Rajasthan,Churu,0,0,0,0,0,0,0,0,1,0,0,0,0,1,1,0,0,0,0,0,0,0,0,0,0,0,0,100,100,100,0,0,0,0,0,0,0,0,0,102,60,51,8,0,1,0,9,0,9,0,0,0,0,0,0,0,0,0,0,0,69,171
Rajasthan,Dausa,0,0,0,0,0,0,0,0,0,0,0,0,0,0,0,0,0,0,0,0,0,2,0,2,0,0,0,15,15,0,15,0,0,0,0,0,0,0,0,17,63,45,5,0,13,0,0,0,0,0,0,0,0,0,0,0,4,4,0,0,67,84
Rajasthan,Dholpur,0,0,0,0,0,0,0,0,2,0,0,1,0,0,0,0,0,0,16,0,0,0,0,0,0,0,0,28,25,24,1,0,0,0,0,0,0,3,0,31,88,24,48,0,0,16,0,0,0,0,0,0,0,0,0,0,0,0,0,0,88,119
Rajasthan,Dungarpur,0,0,0,0,0,0,0,0,161,0,0,2,0,0,0,0,0,0,0,0,0,3,0,3,1,0,0,136,97,0,97,0,0,0,0,0,0,39,0,303,39,34,5,0,0,0,9,0,9,0,0,0,0,0,0,0,0,0,0,0,48,351
Rajasthan,Grp Ajmer,0,0,0,0,0,0,0,0,0,2,0,0,0,0,0,0,0,0,0,0,0,0,0,0,0,0,0,7,7,6,1,0,0,0,0,0,0,0,1,10,1,1,0,0,0,0,3,0,3,0,0,0,0,0,0,0,0,0,0,0,4,14
Rajasthan,Grp Jodhpur,0,0,0,0,0,0,0,0,0,0,0,1,0,0,0,0,0,0,0,0,0,0,0,0,0,0,0,6,5,2,3,1,0,0,0,0,0,0,0,7,0,0,0,0,0,0,0,0,0,0,0,0,0,0,0,0,0,0,0,0,0,7
Rajasthan,Ganganagar,0,0,0,0,0,0,0,0,4,0,0,2,0,0,0,0,0,0,0,0,0,1,0,1,2,0,0,186,181,108,73,0,0,0,0,0,0,5,8,203,53,42,11,0,0,0,1,0,1,0,0,0,0,3,0,0,2,2,0,0,59,262
Rajasthan,Hanumangarh,0,0,0,0,0,0,0,0,2,1,0,2,0,0,0,0,0,0,0,0,0,0,0,0,0,0,0,149,149,0,149,0,0,0,0,0,0,0,0,154,48,39,9,0,0,0,0,0,0,0,0,0,0,1,0,0,55,55,0,0,104,258
Rajasthan,Jaipur East,0,0,0,0,0,0,0,0,0,2,0,3,0,0,0,0,0,0,0,0,0,0,0,0,0,0,0,235,235,151,84,0,0,0,0,0,0,0,2,242,44,27,17,0,0,0,1,0,1,0,0,0,0,4,0,0,5,5,0,2,56,298
Rajasthan,Jaipur North,0,0,0,0,0,0,0,0,0,0,0,0,0,0,0,0,0,0,0,0,0,0,0,0,0,0,0,123,123,123,0,0,0,0,0,0,0,0,0,123,28,19,9,0,0,0,1,0,1,0,0,0,0,0,0,0,0,0,0,0,29,152
Rajasthan,Jaipur Rural,0,0,0,0,0,0,0,0,0,0,0,1,0,0,0,0,0,0,0,0,0,1,0,1,0,0,0,103,100,72,28,0,0,0,0,0,0,3,5,110,42,29,13,0,0,0,1,0,1,0,0,0,0,1,0,0,4,4,0,1,49,159
Rajasthan,Jaipur South,0,0,0,0,0,0,0,0,0,0,0,0,0,0,0,0,0,0,0,0,0,0,0,0,0,0,0,140,140,135,5,0,0,0,0,0,0,0,0,140,37,25,12,0,0,0,8,0,8,0,0,0,0,0,1,0,1,1,0,0,47,187
Rajasthan,Jaipur West,0,0,0,0,0,0,0,0,0,0,0,0,0,0,0,0,0,0,0,0,0,0,0,0,0,0,0,183,163,147,16,0,0,0,0,0,0,20,0,183,41,33,8,0,0,0,1,0,1,0,0,0,0,0,0,0,0,0,0,0,42,225
Rajasthan,Jaisalmer,0,0,0,0,0,0,0,0,9,0,0,0,0,0,0,0,0,0,0,0,0,2,1,1,0,0,0,15,15,5,10,0,0,0,0,0,0,0,0,26,12,7,4,0,1,0,0,0,0,0,0,0,0,0,0,0,0,0,0,0,12,38
Rajasthan,Jalore,0,0,0,0,0,0,0,0,0,0,0,0,0,0,0,0,0,0,0,0,0,0,0,0,0,0,0,0,0,0,0,0,0,0,0,0,0,0,0,0,14,8,6,0,0,0,0,0,0,0,0,0,0,0,0,0,0,0,0,0,14,14
Rajasthan,Jhalawar,0,0,0,0,0,0,0,0,2,0,0,2,0,0,0,0,0,0,0,0,0,1,0,1,0,0,0,190,190,86,104,0,0,0,0,0,0,0,0,195,84,50,33,1,0,0,30,0,30,0,0,0,0,0,0,0,0,0,0,0,114,309
Rajasthan,Jhunjhunu,0,0,0,0,0,0,0,0,48,0,0,0,0,0,0,0,0,0,0,0,0,0,0,0,0,0,0,56,56,56,0,0,0,0,0,0,0,0,0,104,28,25,3,0,0,0,0,0,0,0,0,0,0,0,0,0,0,0,0,0,28,132
Rajasthan,Jodhpur East,0,0,0,0,0,0,0,0,4,0,0,0,0,0,0,0,0,0,0,0,0,1,0,1,0,0,0,78,78,47,31,0,0,0,0,0,0,0,0,83,21,15,6,0,0,0,0,0,0,0,0,0,0,17,0,0,7,7,0,0,45,128
Rajasthan,Jodhpur West,0,0,0,0,0,0,0,0,0,0,0,3,0,0,0,0,0,0,0,0,0,1,0,1,1,0,0,104,104,104,0,0,0,0,0,0,0,0,0,109,42,31,11,0,0,0,21,0,21,0,0,0,0,0,0,0,17,17,0,0,80,189
Rajasthan,Jodhpur Rural,0,0,0,0,0,0,0,0,0,0,0,1,0,13,13,0,0,0,0,0,0,1,1,0,1,0,0,60,59,56,3,0,0,0,0,0,0,1,0,76,33,26,5,0,2,0,2,0,2,0,0,0,0,0,0,0,1,0,1,0,36,112
Rajasthan,Karauli,0,0,0,0,0,0,0,0,0,0,0,3,1,1,1,0,0,0,0,0,0,0,0,0,0,0,0,55,54,0,54,0,0,1,0,0,0,0,0,60,33,25,7,1,0,0,1,0,1,0,0,0,0,0,0,0,0,0,0,0,34,94
Rajasthan,Kota City,0,0,0,0,0,0,0,0,2,2,1,3,0,0,0,0,0,0,0,0,0,3,0,3,0,1,0,182,181,151,30,0,0,0,0,0,0,1,8,202,70,41,27,1,1,0,12,0,12,0,0,0,0,0,0,0,0,0,0,1,83,285
Rajasthan,Kota Rural,0,0,0,0,0,0,0,0,5,0,0,0,0,0,0,0,0,0,0,0,0,0,0,0,0,0,0,61,53,0,53,0,0,1,0,0,0,7,0,66,33,20,11,2,0,0,23,0,23,0,0,0,0,0,0,0,0,0,0,0,56,122
Rajasthan,Nagaur,0,0,0,0,0,0,0,0,1,0,0,0,0,0,0,0,0,0,0,0,0,1,0,1,0,0,0,64,64,0,64,0,0,0,0,0,0,0,4,70,47,27,12,7,1,0,4,0,4,0,0,0,0,0,0,0,10,10,0,2,63,133
Rajasthan,Pali,0,0,0,0,0,0,0,0,13,0,1,0,0,0,0,0,0,0,0,0,0,0,0,0,0,0,0,167,159,100,59,0,0,0,0,0,0,8,5,186,41,30,11,0,0,0,0,0,0,0,0,0,0,12,0,0,1,1,0,0,54,240
Rajasthan,Pratapgarh,0,0,0,0,0,0,0,0,0,0,0,0,0,0,0,0,0,0,0,0,0,1,0,1,0,0,0,182,182,45,137,0,0,0,0,0,0,0,0,183,38,34,4,0,0,0,24,0,24,0,0,0,0,30,0,0,0,0,0,0,92,275
Rajasthan,Rajsamand,0,0,0,0,0,0,0,0,1,0,0,2,0,0,0,0,0,0,0,0,0,0,0,0,0,0,0,210,210,206,4,0,0,0,0,0,0,0,0,213,35,21,12,1,1,0,16,0,16,0,0,0,0,0,0,0,0,0,0,0,51,264
Rajasthan,Sawai Madhopur,0,0,0,0,0,0,0,0,16,0,0,6,0,6,5,1,0,0,0,0,0,2,1,1,0,0,0,32,32,17,15,0,0,0,0,0,0,0,15,77,32,27,5,0,0,0,0,0,0,0,0,0,0,0,0,0,3,3,0,0,35,112
Rajasthan,Sikar,0,0,0,0,0,0,0,0,0,0,0,3,0,0,0,0,0,0,0,0,0,0,0,0,0,0,0,128,115,89,26,0,0,0,0,0,0,13,1,132,48,39,9,0,0,0,1,0,1,0,0,0,0,0,0,0,0,0,0,0,49,181
Rajasthan,Sirohi,0,0,0,0,0,0,0,0,0,0,0,1,0,0,0,0,0,0,0,0,0,0,0,0,0,0,0,114,114,0,114,0,0,0,0,0,0,0,9,124,42,35,7,0,0,0,56,0,56,0,0,0,0,0,0,0,5,5,0,0,103,227
Rajasthan,Tonk,0,0,0,0,0,0,0,0,9,0,0,0,0,0,0,0,0,0,0,0,0,1,0,1,0,0,0,9,9,0,9,0,0,0,0,0,0,0,4,23,39,28,0,0,11,0,0,0,0,0,0,0,0,0,0,0,0,0,0,0,39,62
Rajasthan,Udaipur,0,0,0,0,0,0,0,0,2,0,0,2,0,0,0,0,0,0,10,0,0,1,0,1,0,1,0,446,445,417,28,0,0,0,0,0,0,1,10,462,87,53,20,2,2,10,43,0,43,0,0,0,0,0,1,0,1,1,0,0,132,594
Rajasthan,Jaipur Metro,0,0,0,0,0,0,0,0,0,0,0,0,0,0,0,0,0,0,0,0,0,0,0,0,0,0,0,0,0,0,0,0,0,0,0,0,0,0,0,0,1,1,0,0,0,0,0,0,0,0,0,0,0,0,0,0,0,0,0,0,1,1
Rajasthan,Scrb,0,0,0,0,0,0,0,0,0,0,0,0,0,0,0,0,0,0,0,0,0,0,0,0,0,0,0,0,0,0,0,0,0,0,0,0,0,0,0,0,0,0,0,0,0,0,0,0,0,0,0,0,0,0,0,0,0,0,0,0,0,0
Rajasthan,Ats & Sog,0,0,0,0,0,0,0,0,0,0,0,0,0,0,0,0,0,0,0,0,0,0,0,0,0,0,0,0,0,0,0,0,0,0,0,0,0,0,0,0,0,0,0,0,0,0,0,0,0,0,0,0,0,0,0,0,0,0,0,0,0,0
Rajasthan,Ssb,0,0,0,0,0,0,0,0,0,0,0,0,0,0,0,0,0,0,0,0,0,0,0,0,0,0,0,0,0,0,0,0,0,0,0,0,0,0,0,0,0,0,0,0,0,0,0,0,0,0,0,0,0,0,0,0,0,0,0,0,0,0
Rajasthan,Jaipur Crime,0,0,0,0,0,0,0,0,0,0,0,0,0,0,0,0,0,0,0,0,0,0,0,0,0,0,0,0,0,0,0,0,0,0,0,0,0,0,0,0,0,0,0,0,0,0,0,0,0,0,0,0,0,0,0,0,0,0,0,0,0,0
Rajasthan,Bhiwadi,0,0,0,0,0,0,0,0,1,0,0,0,0,26,26,0,0,0,0,0,0,2,0,2,0,2,0,74,73,33,40,0,0,0,0,0,0,1,4,109,30,30,0,0,0,0,2,0,2,0,0,0,0,0,0,0,1,1,0,0,33,142
Rajasthan,Beawar,0,0,0,0,0,0,0,0,0,1,0,1,0,0,0,0,0,0,0,0,0,0,0,0,0,0,0,194,194,42,152,0,0,0,0,0,0,0,3,199,25,19,6,0,0,0,8,0,8,0,0,0,0,0,0,0,8,8,0,0,41,240
Rajasthan,Didwana-Kuchaman,0,0,0,0,0,0,0,0,0,0,0,0,0,0,0,0,0,0,0,0,0,0,0,0,1,1,0,78,78,78,0,0,0,0,0,0,0,0,0,80,32,25,6,1,0,0,6,0,6,0,0,0,0,0,0,0,0,0,0,0,38,118
Rajasthan,Kekri,0,0,0,0,0,0,0,0,2,0,0,0,0,0,0,0,0,0,0,0,0,0,0,0,0,0,0,56,56,20,36,0,0,0,0,0,0,0,2,60,18,13,4,1,0,0,0,0,0,0,0,0,0,0,0,0,0,0,0,0,18,78
Rajasthan,Shahpura,0,0,0,0,0,0,0,0,6,1,0,0,0,7,7,0,0,0,0,0,0,0,0,0,0,0,0,30,30,30,0,0,0,0,0,0,0,0,0,44,15,11,4,0,0,0,9,0,9,0,0,0,0,0,0,0,0,0,0,0,24,68
Rajasthan,Deeg,0,0,0,0,0,0,0,0,0,0,0,0,0,0,0,0,0,0,0,0,0,0,0,0,0,0,0,33,24,0,24,0,0,0,0,0,0,9,0,33,44,38,6,0,0,0,0,0,0,0,0,0,0,0,0,0,0,0,0,0,44,77
Rajasthan,Gangapur City,0,0,0,0,0,0,0,0,11,0,0,0,0,0,0,0,0,0,0,0,0,0,0,0,0,0,0,12,12,6,6,0,0,0,0,0,0,0,0,23,28,23,5,0,0,0,0,0,0,0,0,0,0,0,0,0,0,0,0,0,28,51
Rajasthan,Anupgarh,0,0,0,0,0,0,0,0,0,0,0,0,0,0,0,0,0,0,0,0,0,0,0,0,0,0,0,108,108,51,57,0,0,0,0,0,0,0,17,125,15,10,5,0,0,0,0,0,0,0,0,0,0,0,0,0,0,0,0,0,15,140
Rajasthan,Dudu,0,0,0,0,0,0,0,0,0,0,0,0,0,0,0,0,0,0,0,0,0,0,0,0,0,0,0,19,19,19,0,0,0,0,0,0,0,0,0,19,11,3,8,0,0,0,0,0,0,0,0,0,0,0,0,0,1,1,0,0,12,31
Rajasthan,Khairtal-Tijara,0,0,0,0,0,0,0,0,1,0,0,0,0,0,0,0,0,0,0,0,0,1,1,0,0,0,0,40,40,27,13,0,0,0,0,0,0,0,2,44,19,11,4,0,4,0,0,0,0,0,0,0,0,0,0,0,0,0,0,0,19,63
Rajasthan,Kotputli-Behror,0,0,2,0,0,0,0,0,4,0,1,1,0,0,0,0,0,0,0,0,0,1,1,0,0,0,0,59,59,29,30,0,0,0,0,0,0,0,2,70,26,21,4,1,0,0,1,0,1,0,0,0,0,2,0,0,4,4,0,0,33,103
Rajasthan,Balotra,0,0,0,0,0,0,0,0,0,0,0,1,0,0,0,0,0,0,0,0,0,2,0,2,0,0,0,35,35,21,14,0,0,0,0,0,0,0,0,38,19,15,4,0,0,0,4,0,4,0,0,0,0,0,0,0,1,1,0,0,24,62
Rajasthan,Phalodi,0,0,0,0,0,0,0,0,0,0,0,0,0,2,2,0,0,0,0,0,0,0,0,0,0,0,0,26,26,26,0,0,0,0,0,0,0,0,0,28,21,16,4,0,1,0,0,0,0,0,0,0,0,0,0,0,0,0,0,0,21,49
Rajasthan,Jodhpur Crime,0,0,0,0,0,0,0,0,0,0,0,0,0,0,0,0,0,0,0,0,0,0,0,0,0,0,0,0,0,0,0,0,0,0,0,0,0,0,0,0,0,0,0,0,0,0,0,0,0,0,0,0,0,0,0,0,0,0,0,0,0,0
Rajasthan,Sanchore,0,0,0,0,0,0,0,0,0,0,0,0,0,0,0,0,0,0,0,0,0,0,0,0,0,0,0,0,0,0,0,0,0,0,0,0,0,0,0,0,20,19,1,0,0,0,0,0,0,0,0,0,0,0,0,0,0,0,0,0,20,20
Rajasthan,Neem Ka Thana,0,0,0,0,0,0,0,0,8,0,0,0,0,0,0,0,0,0,0,0,0,0,0,0,0,0,0,45,41,17,24,0,0,0,0,0,0,4,0,53,22,19,3,0,0,0,0,0,0,0,0,0,0,0,0,0,0,0,0,0,22,75
Rajasthan,Salumbar,0,0,0,0,0,0,0,0,0,0,1,3,0,0,0,0,0,0,0,0,0,2,2,0,0,0,0,42,42,37,5,0,0,0,0,0,0,0,0,48,19,13,4,2,0,0,6,0,6,0,0,0,0,0,0,0,0,0,0,0,25,73
Sikkim,Gangtok (East),0,0,0,0,0,0,0,0,0,0,0,0,0,0,0,0,0,0,0,0,0,0,0,0,0,0,0,13,13,13,0,0,0,0,0,0,0,0,0,13,17,10,6,1,0,0,0,0,0,0,0,0,0,0,0,0,0,0,0,0,17,30
Sikkim,Mangan (North),0,0,0,0,0,0,0,0,0,0,0,0,0,0,0,0,0,0,0,0,0,1,0,1,0,0,0,0,0,0,0,0,0,0,0,0,0,0,1,2,5,3,1,1,0,0,0,0,0,0,0,0,0,0,0,0,0,0,0,0,5,7
Sikkim,Namchi (South),0,0,0,0,0,0,0,0,0,0,0,0,0,0,0,0,0,0,0,0,0,0,0,0,0,0,0,8,8,8,0,0,0,0,0,0,0,0,3,11,28,19,6,3,0,0,0,0,0,0,0,0,0,0,0,0,0,0,0,0,28,39
Sikkim,Soreng (West),0,0,0,0,0,0,0,0,0,0,0,0,0,0,0,0,0,0,0,0,0,0,0,0,0,0,1,4,4,4,0,0,0,0,0,0,0,0,3,8,9,7,2,0,0,0,0,0,0,0,0,0,0,0,0,0,0,0,0,0,9,17
Sikkim,Cid,0,0,0,0,0,0,0,0,0,0,0,0,0,0,0,0,0,0,0,0,0,0,0,0,0,0,0,0,0,0,0,0,0,0,0,0,0,0,0,0,0,0,0,0,0,0,0,0,0,0,0,0,0,0,0,0,0,0,0,0,0,0
Sikkim,Pakyong (East),0,0,0,0,0,0,0,0,0,0,0,1,0,0,0,0,0,0,0,0,0,0,0,0,0,0,0,5,5,4,1,0,0,0,0,0,0,0,2,8,9,6,3,0,0,0,0,0,0,0,0,0,0,0,0,0,0,0,0,0,9,17
Sikkim,Gyalshing (West),0,0,0,0,0,0,0,0,0,0,0,0,0,0,0,0,0,0,0,0,0,0,0,0,0,0,0,3,3,3,0,0,0,0,0,0,0,0,0,3,9,9,0,0,0,0,0,0,0,0,0,0,0,0,0,0,0,0,0,0,9,12
Tamil Nadu,Ariyalur,0,0,0,0,0,0,0,0,1,0,0,0,0,0,0,0,0,0,2,0,0,3,0,3,0,0,2,2,2,2,0,0,0,0,0,0,0,0,53,61,153,102,26,23,0,2,3,0,3,0,0,0,0,0,33,0,0,0,0,4,193,254
Tamil Nadu,Chennai,0,0,0,1,0,0,0,0,0,1,0,2,0,0,0,0,0,0,3,0,0,6,2,4,0,3,4,2,2,1,1,0,0,0,0,0,0,0,224,243,448,272,118,54,1,3,5,1,4,1,1,0,0,10,6,0,0,0,0,6,476,719
Tamil Nadu,Coimbatore,0,0,0,0,0,0,0,0,1,0,0,0,0,0,0,0,0,0,0,0,0,0,0,0,0,0,0,0,0,0,0,0,0,0,0,0,0,0,0,1,266,207,45,14,0,0,3,3,0,0,0,0,0,1,7,0,1,1,0,0,278,279
Tamil Nadu,Coimbatore City,0,0,0,0,0,0,0,0,0,0,0,0,0,0,0,0,0,0,0,0,0,0,0,0,0,0,0,3,2,0,2,0,0,0,0,0,0,1,42,45,190,140,35,15,0,0,3,1,2,0,0,0,0,4,1,0,0,0,0,0,198,243
Tamil Nadu,Cuddalore,0,0,0,0,0,0,0,0,0,0,0,0,0,0,0,0,0,0,0,0,0,1,0,1,0,0,0,2,2,0,2,0,0,0,0,0,0,0,184,187,261,213,48,0,0,0,11,0,11,0,0,0,0,1,24,0,0,0,0,0,297,484
Tamil Nadu,Dharmapuri,0,0,1,0,0,0,0,0,3,0,0,1,0,0,0,0,0,0,0,0,0,3,0,3,0,0,0,0,0,0,0,0,0,0,0,0,0,0,0,8,218,192,20,6,0,0,0,0,0,0,0,0,0,1,5,0,0,0,0,0,224,232
Tamil Nadu,Dindigul,0,0,0,0,0,0,0,0,0,0,0,0,0,1,1,0,0,0,0,0,0,0,0,0,0,0,2,0,0,0,0,0,0,0,0,0,0,0,139,142,248,182,45,17,4,0,0,0,0,0,0,0,0,0,10,0,0,0,0,0,258,400
Tamil Nadu,Erode,0,0,0,0,0,0,0,0,1,0,0,1,0,0,0,0,0,0,0,0,0,2,0,2,0,0,4,0,0,0,0,0,0,0,0,0,0,0,12,20,274,230,44,0,0,0,9,0,9,0,0,0,0,2,18,0,1,1,0,0,304,324
Tamil Nadu,Kanchipuram,0,0,0,0,0,0,0,0,0,0,0,0,0,0,0,0,0,0,0,0,0,0,0,0,0,0,0,0,0,0,0,0,0,0,0,0,0,0,50,50,49,32,15,2,0,0,0,0,0,0,0,0,0,0,3,0,1,1,0,0,53,103
Tamil Nadu,Kanyakumari,0,0,0,0,0,0,0,0,0,0,0,0,0,1,1,0,0,0,4,0,0,0,0,0,0,0,0,1,1,0,1,0,0,0,0,0,0,0,97,99,111,68,28,9,2,4,3,0,3,0,0,0,0,0,1,0,0,0,0,0,115,214
Tamil Nadu,Karur,0,0,0,0,0,0,0,0,0,0,0,0,0,0,0,0,0,0,0,0,0,3,0,3,0,0,0,2,2,0,2,0,0,0,0,0,0,0,85,90,68,51,11,5,1,0,0,0,0,0,0,0,0,0,3,0,0,0,0,0,71,161
Tamil Nadu,Krishnagiri,0,0,0,0,0,0,0,0,13,0,0,0,0,0,0,0,0,0,0,0,0,1,0,1,0,0,0,1,1,0,1,0,0,0,0,0,0,0,0,15,130,107,16,6,1,0,2,0,2,0,0,0,0,0,24,0,0,0,0,0,156,171
Tamil Nadu,Madurai,0,0,0,0,0,0,0,0,0,0,0,0,0,0,0,0,0,0,0,0,0,4,0,4,0,0,0,0,0,0,0,0,0,0,0,0,0,0,12,16,184,152,26,4,2,0,0,0,0,0,0,0,0,0,11,0,3,3,0,0,198,214
Tamil Nadu,Madurai City,0,0,0,0,0,0,0,0,0,0,0,2,0,0,0,0,0,0,0,0,0,3,0,3,0,0,0,5,5,0,5,0,0,0,0,0,0,0,0,10,116,87,29,0,0,0,0,0,0,0,0,0,0,0,3,0,0,0,0,0,119,129
Tamil Nadu,Nagapattinam,0,0,0,0,0,0,0,0,0,0,0,0,0,0,0,0,0,0,0,0,0,0,0,0,0,1,1,0,0,0,0,0,0,0,0,0,0,0,36,38,84,65,15,4,0,0,0,0,0,0,0,0,0,0,6,0,0,0,0,0,90,128
Tamil Nadu,Namakkal,0,0,0,0,0,0,0,0,1,0,0,0,0,0,0,0,0,0,0,0,0,2,0,2,0,0,0,0,0,0,0,0,0,0,0,0,0,0,134,137,110,93,14,3,0,0,0,0,0,0,0,0,0,0,8,0,0,0,0,0,118,255
Tamil Nadu,Nilgiris,0,0,0,0,0,0,0,0,0,0,0,0,0,0,0,0,0,0,0,0,0,0,0,0,0,0,0,0,0,0,0,0,0,0,0,0,0,0,13,13,72,61,11,0,0,0,0,0,0,0,0,0,0,0,0,0,0,0,0,0,72,85
Tamil Nadu,Perambalur,0,0,0,0,0,0,0,0,0,0,0,0,0,0,0,0,0,0,1,0,0,0,0,0,1,0,0,0,0,0,0,0,0,0,0,0,0,0,52,53,147,111,29,6,0,1,0,0,0,0,0,0,0,0,22,0,0,0,0,0,169,222
Tamil Nadu,Pudukottai,0,0,0,0,0,0,0,0,0,0,0,0,0,0,0,0,0,0,1,0,0,1,0,1,0,0,0,0,0,0,0,0,0,0,0,0,0,0,8,9,95,76,17,1,0,1,0,0,0,0,0,0,0,1,5,0,0,0,0,0,101,110
Tamil Nadu,Ramnathapuram,0,0,0,0,0,0,0,0,1,0,0,0,0,0,0,0,0,0,0,0,0,1,0,1,0,0,0,9,9,0,9,0,0,0,0,0,0,0,0,11,132,100,25,0,7,0,3,0,3,0,0,0,0,0,2,0,0,0,0,0,137,148
Tamil Nadu,Railway Chennai,0,0,0,0,0,0,0,0,0,0,0,0,0,0,0,0,0,0,0,0,0,0,0,0,0,0,0,1,1,0,1,0,0,0,0,0,0,0,3,4,2,0,1,1,0,0,0,0,0,0,0,0,0,0,0,0,0,0,0,0,2,6
Tamil Nadu,Railway Trichy,0,0,0,0,0,0,0,0,0,0,0,0,0,0,0,0,0,0,0,0,0,0,0,0,0,0,0,0,0,0,0,0,0,0,0,0,0,0,0,0,4,1,2,1,0,0,0,0,0,0,0,0,0,0,0,0,0,0,0,0,4,4
Tamil Nadu,Salem,0,0,0,0,0,0,0,0,3,0,0,0,0,0,0,0,0,0,1,0,0,2,0,2,0,1,4,0,0,0,0,0,0,0,0,0,0,0,41,51,168,131,31,5,0,1,0,0,0,2,2,0,0,0,9,0,0,0,0,0,179,230
Tamil Nadu,Salem City,0,0,0,0,0,0,0,0,6,0,0,0,0,0,0,0,0,0,0,0,0,0,0,0,0,0,0,0,0,0,0,0,0,0,0,0,0,0,52,58,78,58,19,1,0,0,3,0,3,0,0,0,0,3,8,0,0,0,0,0,92,150
Tamil Nadu,Sivagangai,0,0,0,0,0,0,0,0,0,0,0,0,0,0,0,0,0,0,6,0,0,4,1,3,0,1,1,0,0,0,0,0,0,0,0,0,0,0,10,16,99,72,16,4,1,6,0,0,0,0,0,0,0,1,2,0,1,1,0,0,103,119
Tamil Nadu,Thanjavur,0,0,0,0,0,0,0,0,0,0,0,2,0,0,0,0,0,0,0,0,0,2,0,2,0,0,0,2,1,0,1,0,0,0,0,0,0,1,181,187,173,129,34,10,0,0,2,0,2,0,0,0,0,2,7,0,0,0,0,3,187,374
Tamil Nadu,Theni,0,0,0,0,0,0,0,0,1,1,0,0,0,0,0,0,0,0,0,0,0,1,0,1,0,0,0,2,2,0,2,0,0,0,0,0,0,0,57,62,185,146,33,6,0,0,0,0,0,0,0,0,0,0,6,0,0,0,0,0,191,253
Tamil Nadu,Thirunelveli,0,0,1,1,0,0,0,0,3,0,0,0,0,0,0,0,0,0,0,0,0,1,0,1,0,1,0,3,3,0,3,0,0,0,0,0,0,0,27,37,232,187,33,12,0,0,0,0,0,0,0,0,0,1,3,0,5,2,3,0,241,278
Tamil Nadu,Thirunelveli City,0,0,0,0,0,0,0,0,0,0,0,0,0,0,0,0,0,0,0,0,0,0,0,0,0,2,1,0,0,0,0,0,0,0,0,0,0,0,36,39,58,32,15,11,0,0,0,0,0,0,0,0,0,0,2,0,0,0,0,0,60,99
Tamil Nadu,Thiruvallur,0,0,0,0,0,0,0,0,0,0,0,0,0,0,0,0,0,0,0,0,0,0,0,0,0,0,0,0,0,0,0,0,0,0,0,0,0,0,3,3,108,78,18,12,0,0,1,1,0,0,0,0,0,0,4,0,0,0,0,0,113,116
Tamil Nadu,Thiruvannamalai,0,0,0,0,0,0,0,0,0,0,0,0,0,0,0,0,0,0,1,0,0,1,0,1,0,0,0,1,1,0,1,0,0,0,0,0,0,0,0,2,212,167,26,18,0,1,1,0,1,0,0,0,0,0,16,0,0,0,0,0,229,231
Tamil Nadu,Thiruvarur,0,0,0,1,0,0,0,0,0,0,0,0,0,0,0,0,0,0,0,0,0,0,0,0,0,0,0,0,0,0,0,0,0,0,0,0,0,0,36,37,132,104,21,7,0,0,0,0,0,0,0,0,0,0,7,0,0,0,0,0,139,176
Tamil Nadu,Thoothukudi,0,0,0,0,0,0,0,0,0,1,0,0,0,0,0,0,0,0,0,1,0,2,2,0,0,1,0,4,4,0,4,0,0,0,0,0,0,0,0,8,179,143,27,7,1,1,1,0,1,0,0,0,0,2,6,0,0,0,0,0,188,196
Tamil Nadu,Tiruppur,0,0,0,2,0,0,0,0,2,0,0,0,0,0,0,0,0,0,0,0,0,2,0,2,0,0,0,1,1,0,1,0,0,0,0,0,0,0,9,16,160,117,24,19,0,0,0,0,0,0,0,0,0,0,6,0,1,1,0,0,167,183
Tamil Nadu,Tiruppur City,0,0,0,0,0,0,0,0,0,0,0,1,0,0,0,0,0,0,1,0,0,1,0,1,0,0,0,0,0,0,0,0,0,0,0,0,0,0,30,32,78,55,17,5,0,1,0,0,0,0,0,0,0,0,0,0,0,0,0,0,78,110
Tamil Nadu,Trichy,0,0,0,0,0,0,0,0,1,0,0,0,0,0,0,0,0,0,0,0,0,1,0,1,0,0,0,2,2,0,2,0,0,0,0,0,0,0,21,25,145,125,16,4,0,0,0,0,0,0,0,0,0,2,17,0,5,5,0,0,169,194
Tamil Nadu,Trichy City,0,0,0,0,0,0,0,0,0,0,0,0,0,0,0,0,0,0,0,0,0,1,0,1,0,2,1,0,0,0,0,0,0,0,0,0,0,0,46,50,50,42,8,0,0,0,1,0,1,0,0,0,0,3,7,0,0,0,0,0,61,111
Tamil Nadu,Vellore,0,0,0,0,0,0,0,0,0,0,0,0,0,0,0,0,0,0,0,0,0,1,0,1,0,0,0,5,5,0,5,0,0,0,0,0,0,0,0,6,111,91,12,8,0,0,0,0,0,0,0,0,0,0,16,0,0,0,0,0,127,133
Tamil Nadu,Villupuram,0,0,0,0,0,0,0,0,3,0,0,0,0,0,0,0,0,0,0,0,0,0,0,0,0,0,0,0,0,0,0,0,0,0,0,0,0,0,0,3,250,204,33,13,0,0,0,0,0,0,0,0,0,0,12,0,0,0,0,0,262,265
Tamil Nadu,Virudhunagar,0,0,0,0,0,0,0,0,0,0,0,0,0,0,0,0,0,0,0,0,0,0,0,0,0,15,0,1,0,0,0,0,0,1,0,0,0,0,54,70,265,211,44,10,0,0,4,0,4,0,0,0,0,0,5,0,1,1,0,0,275,345
Tamil Nadu,Cyber Cell,0,0,0,0,0,0,0,0,0,0,0,0,0,0,0,0,0,0,0,0,0,0,0,0,0,0,0,0,0,0,0,0,0,0,0,0,0,0,0,0,0,0,0,0,0,0,0,0,0,0,0,0,0,0,0,0,0,0,0,0,0,0
Tamil Nadu,Other Units,0,0,0,0,0,0,0,0,0,0,0,0,0,0,0,0,0,0,0,0,0,0,0,0,0,0,0,0,0,0,0,0,0,0,0,0,0,0,0,0,0,0,0,0,0,0,0,0,0,0,0,0,0,0,0,0,2,2,0,0,2,2
Tamil Nadu,Chengalpattu,0,0,0,0,0,0,0,0,0,0,0,0,0,0,0,0,0,0,0,0,0,0,0,0,0,0,0,2,2,0,2,0,0,0,0,0,0,0,115,117,65,50,14,1,0,0,3,3,0,0,0,0,0,0,2,0,0,0,0,0,70,187
Tamil Nadu,Kallakurichi,0,0,0,0,0,0,0,0,0,0,0,0,0,0,0,0,0,0,0,0,0,4,0,4,0,0,0,0,0,0,0,0,0,0,0,0,0,0,49,53,161,138,20,3,0,0,0,0,0,0,0,0,0,0,15,0,0,0,0,0,176,229
Tamil Nadu,Ranipet,0,0,0,0,0,0,0,0,0,0,0,0,0,0,0,0,0,0,0,0,0,0,0,0,0,0,0,0,0,0,0,0,0,0,0,0,0,0,63,63,76,53,18,5,0,0,0,0,0,0,0,0,0,0,22,0,0,0,0,1,99,162
Tamil Nadu,Tiruppattur,0,0,1,0,0,0,0,0,1,0,0,0,0,1,1,0,0,0,0,0,0,2,0,2,0,1,1,0,0,0,0,0,0,0,0,0,0,0,68,75,111,95,9,7,0,0,0,0,0,0,0,0,0,0,36,0,0,0,0,1,148,223
Tamil Nadu,Tenkasi,0,0,0,0,0,0,0,0,0,0,1,1,0,0,0,0,0,0,0,0,0,0,0,0,0,1,3,1,1,0,1,0,0,0,0,0,0,0,73,80,163,119,34,10,0,0,0,0,0,0,0,0,0,0,1,0,0,0,0,1,165,245
Tamil Nadu,Mayiladuthurai,0,0,0,0,0,0,0,0,0,0,0,0,0,0,0,0,0,0,0,0,0,0,0,0,0,2,7,2,1,0,1,0,0,1,0,0,0,0,56,67,73,44,29,0,0,0,0,0,0,0,0,0,0,0,1,0,0,0,0,0,74,141
Tamil Nadu,Avadi,0,0,0,0,0,0,0,0,0,0,0,0,0,0,0,0,0,0,0,0,0,2,0,2,0,3,2,1,0,0,0,0,1,0,0,0,0,0,109,117,151,107,35,9,0,0,2,0,2,0,0,0,0,0,4,0,2,2,0,0,159,276
Tamil Nadu,Tambaram,0,0,0,0,0,0,0,0,0,0,0,0,0,0,0,0,0,0,2,0,0,1,0,1,0,0,0,1,0,0,0,0,0,0,0,0,0,1,1,3,124,80,32,10,0,2,4,1,3,0,0,0,0,0,2,0,0,0,0,0,130,133
Telangana,Cyberabad Commissionerate,0,0,0,0,0,0,0,0,1,0,4,2,0,2,2,0,0,0,0,0,0,10,3,7,4,0,0,694,693,236,457,0,0,1,0,0,0,0,8,725,420,280,123,15,2,0,602,0,602,0,0,0,0,12,6,0,3,3,0,1,1044,1769
Telangana,Hyderabad Commissionerate,0,0,0,0,0,0,0,0,2,0,1,11,0,5,5,0,0,0,2,0,0,2,0,2,0,0,2,480,478,223,255,0,0,0,0,0,0,2,2,505,349,286,45,14,2,2,24,0,24,0,0,0,0,31,9,0,2,1,1,0,415,920
Telangana,Karimnagar Commissionerate,0,0,0,0,0,0,0,0,3,2,0,1,0,0,0,0,0,0,0,0,0,0,0,0,1,0,0,25,23,17,6,0,0,1,0,0,0,1,0,32,39,23,16,0,0,0,5,0,5,0,0,0,0,0,1,0,0,0,0,0,45,77
Telangana,Khammam Commissionerate,0,0,1,1,0,0,0,0,8,0,0,2,0,6,6,0,0,0,0,0,0,2,0,2,0,0,0,108,108,57,51,0,0,0,0,0,0,0,29,157,125,55,43,27,0,0,6,0,6,0,0,0,0,0,12,0,0,0,0,0,143,300
Telangana,Nizamabad Commissionerate,0,0,0,0,0,0,1,0,2,0,0,4,0,3,3,0,0,0,0,0,0,2,0,2,0,0,0,106,106,0,106,0,0,0,0,0,0,0,0,118,96,58,37,1,0,0,1,0,1,0,0,0,0,0,4,0,1,1,0,0,102,220
Telangana,Rachakonda Commissionerate,0,0,0,0,0,0,0,0,0,0,0,0,0,0,0,0,0,0,0,0,0,0,0,0,0,0,0,35,35,0,35,0,0,0,0,0,0,0,34,69,480,258,213,9,0,0,0,0,0,0,0,0,0,0,0,0,0,0,0,0,480,549
Telangana,Ramagundam Commissionerate,0,0,0,0,0,0,0,0,0,0,0,0,0,2,2,0,0,0,0,0,0,1,1,0,0,0,1,56,56,0,56,0,0,0,0,0,0,0,18,78,90,50,39,0,1,0,0,0,0,0,0,0,0,0,0,0,2,2,0,3,95,173
Telangana,Siddipet Commissionerate,0,0,0,4,0,0,4,1,0,0,0,0,0,0,0,0,0,0,0,0,0,1,1,0,0,0,0,59,59,58,1,0,0,0,0,0,0,0,0,69,84,61,23,0,0,0,22,0,22,0,0,0,0,0,0,0,0,0,0,0,106,175
Telangana,Warangal Commissionerate,0,3,1,0,0,0,0,0,0,0,0,0,0,1,1,0,0,0,0,0,0,4,0,4,0,0,0,174,174,174,0,0,0,0,0,0,0,0,0,183,137,86,51,0,0,0,3,0,3,0,0,0,0,5,7,0,3,3,0,0,155,338
Telangana,Adilabad,0,0,0,1,0,0,0,0,1,0,0,0,0,0,0,0,0,0,0,0,0,1,0,1,0,0,0,33,33,0,33,0,0,0,0,0,0,0,0,36,51,32,18,1,0,0,0,0,0,0,0,0,0,0,0,0,0,0,0,0,51,87
Telangana,Bhadradri Kothagudem,0,0,2,0,0,0,0,0,3,0,0,0,0,3,3,0,0,0,0,0,0,0,0,0,0,1,0,77,74,72,2,0,0,0,0,0,0,3,4,90,108,65,42,0,1,0,36,0,36,0,0,0,0,0,8,0,0,0,0,0,152,242
Telangana,Jagityal,0,0,9,0,0,0,2,0,0,0,0,0,0,0,0,0,0,0,0,0,0,0,0,0,0,0,0,4,4,0,4,0,0,0,0,0,0,0,0,15,19,19,0,0,0,0,1,1,0,0,0,0,0,0,1,0,0,0,0,0,21,36
Telangana,Jayashankar Bhupalpalli,0,0,0,0,0,0,0,0,0,0,0,0,0,0,0,0,0,0,0,0,0,0,0,0,0,0,0,19,19,8,11,0,0,0,0,0,0,0,0,19,23,10,13,0,0,0,0,0,0,0,0,0,0,0,0,0,0,0,0,0,23,42
Telangana,Jogulamba Gadwal,0,0,8,1,1,0,5,1,3,0,0,0,0,0,0,0,0,0,0,0,0,1,0,1,0,0,0,21,21,0,21,0,0,0,0,0,0,0,0,41,29,29,0,0,0,0,0,0,0,0,0,0,0,0,4,0,0,0,0,0,33,74
Telangana,Kamareddy,0,0,16,0,0,0,3,0,5,0,0,1,0,6,6,0,0,0,0,0,0,0,0,0,0,0,0,16,15,0,15,1,0,0,0,0,0,0,1,48,47,47,0,0,0,0,0,0,0,0,0,0,0,0,0,0,0,0,0,0,47,95
Telangana,Kumaram Bheem Asifabad,0,0,0,0,0,0,0,0,0,0,0,0,0,1,1,0,0,0,0,0,0,0,0,0,0,1,0,20,20,0,20,0,0,0,0,0,0,0,1,23,27,18,9,0,0,0,0,0,0,0,0,0,0,0,0,0,0,0,0,0,27,50
Telangana,Mahabubabad,0,2,6,0,0,0,8,0,0,0,0,0,0,0,0,0,0,0,0,0,0,2,0,2,1,0,0,44,44,44,0,0,0,0,0,0,0,0,2,65,38,28,10,0,0,0,0,0,0,0,0,0,0,0,6,0,0,0,0,0,44,109
Telangana,Mahabubnagar,0,0,17,1,1,0,8,0,44,0,0,0,0,0,0,0,0,0,0,0,0,0,0,0,1,0,0,27,27,27,0,0,0,0,0,0,0,0,0,99,75,75,0,0,0,0,0,0,0,0,0,0,0,0,2,0,0,0,0,0,77,176
Telangana,Medak,0,0,0,0,0,0,0,0,0,0,0,2,0,0,0,0,0,0,0,0,0,1,0,1,0,0,0,37,37,0,37,0,0,0,0,0,0,0,0,40,56,47,8,1,0,0,7,7,0,0,0,0,0,9,0,0,0,0,0,0,72,112
Telangana,Nagarkurnool,0,0,0,0,0,0,0,0,0,1,0,0,0,2,2,0,0,0,0,0,0,2,0,2,0,0,0,34,34,0,34,0,0,0,0,0,0,0,5,44,100,80,20,0,0,0,0,0,0,0,0,0,0,0,4,0,0,0,0,0,104,148
Telangana,Nalgonda,0,2,24,5,0,0,7,0,24,0,0,1,0,0,0,0,0,0,0,0,0,0,0,0,1,0,0,3,3,0,3,0,0,0,0,0,0,0,1,68,75,75,0,0,0,0,4,4,0,0,0,0,0,0,1,0,0,0,0,0,80,148
Telangana,Nirmal,0,0,9,2,0,0,4,0,0,0,0,0,0,0,0,0,0,0,0,0,0,1,0,1,0,0,0,3,3,0,3,0,0,0,0,0,0,0,19,38,24,24,0,0,0,0,0,0,0,0,0,0,0,0,0,0,0,0,0,0,24,62
Telangana,Rajanna Siricilla,0,0,18,3,0,0,0,0,1,0,0,0,0,0,0,0,0,0,0,0,0,0,0,0,0,0,0,16,16,0,16,0,0,0,0,0,0,0,3,41,16,16,0,0,0,0,5,0,5,0,0,0,0,0,2,0,2,2,0,0,25,66
Telangana,Sangareddy,0,0,0,0,0,0,0,0,0,0,0,9,0,1,1,0,0,0,0,0,0,2,0,2,0,0,0,9,8,4,4,0,0,0,0,0,0,1,13,34,136,121,14,1,0,0,3,0,3,0,0,0,0,0,0,0,0,0,0,0,139,173
Telangana,Suryapet,0,0,0,0,0,0,0,0,1,0,0,0,0,0,0,0,0,0,0,0,0,0,0,0,0,0,0,60,60,0,60,0,0,0,0,0,0,0,18,79,76,63,13,0,0,0,0,0,0,0,0,0,0,0,4,0,0,0,0,10,90,169
Telangana,Vikarabad,0,0,16,1,0,0,2,0,0,0,0,1,0,0,0,0,0,0,0,0,0,0,0,0,1,0,0,64,64,0,64,0,0,0,0,0,0,0,0,85,59,59,0,0,0,0,14,0,14,0,0,0,0,14,4,0,0,0,0,0,91,176
Telangana,Wanaparthy,0,0,0,0,0,0,0,0,0,0,0,0,0,0,0,0,0,0,0,0,0,0,0,0,0,0,0,41,41,0,41,0,0,0,0,0,0,0,0,41,45,44,0,1,0,0,0,0,0,0,0,0,0,0,0,0,0,0,0,11,56,97
Telangana,Railway Police Secunderabad,0,0,0,0,0,0,0,0,0,0,0,1,0,0,0,0,0,0,0,0,0,0,0,0,0,0,0,7,7,1,6,0,0,0,0,0,0,0,7,15,3,2,1,0,0,0,1,0,1,0,0,0,0,0,0,0,0,0,0,0,4,19
Telangana,Mulug,0,0,0,0,0,0,0,0,0,0,0,0,0,0,0,0,0,0,0,0,0,0,0,0,1,0,0,33,33,33,0,0,0,0,0,0,0,0,0,34,8,4,4,0,0,0,3,0,3,0,0,0,0,0,0,0,0,0,0,0,11,45
Telangana,Narayanpet,0,0,0,0,0,0,0,0,0,0,0,0,0,0,0,0,0,0,0,0,0,0,0,0,1,0,0,29,29,0,29,0,0,0,0,0,0,0,0,30,67,63,4,0,0,0,0,0,0,0,0,0,0,15,8,0,0,0,0,0,90,120
Tripura,Dhalai,0,0,0,0,0,0,0,0,3,0,0,0,0,0,0,0,0,0,0,0,0,0,0,0,0,0,0,3,3,3,0,0,0,0,0,0,0,0,0,6,7,6,0,1,0,0,0,0,0,0,0,0,0,0,0,0,1,0,1,0,8,14
Tripura,Gomati,0,0,0,0,0,0,0,0,1,0,0,0,0,5,5,0,0,0,0,0,0,1,0,1,0,0,0,3,3,0,3,0,0,0,0,0,0,0,0,10,25,17,8,0,0,0,0,0,0,0,0,0,0,0,0,0,0,0,0,0,25,35
Tripura,Grp,0,0,0,0,0,0,0,0,0,0,0,0,0,0,0,0,0,0,0,0,0,0,0,0,0,0,0,0,0,0,0,0,0,0,0,0,0,0,0,0,0,0,0,0,0,0,0,0,0,0,0,0,0,0,0,0,0,0,0,0,0,0
Tripura,Kowai,0,0,0,0,0,0,0,0,1,0,0,0,0,0,0,0,0,0,0,0,0,0,0,0,0,0,0,2,2,0,2,0,0,0,0,0,0,0,1,4,26,18,5,3,0,0,0,0,0,0,0,0,0,0,0,0,0,0,0,0,26,30
Tripura,North,0,0,0,0,0,0,0,0,2,0,0,0,0,2,2,0,0,0,0,0,0,1,0,1,0,0,0,5,5,0,5,0,0,0,0,0,0,0,1,11,21,14,7,0,0,0,0,0,0,0,0,0,0,0,0,0,0,0,0,0,21,32
Tripura,Sipahijala,0,0,0,0,0,0,0,0,3,0,0,0,0,4,4,0,0,0,0,0,0,0,0,0,0,0,0,8,8,8,0,0,0,0,0,0,0,0,0,15,8,3,5,0,0,0,0,0,0,0,0,0,0,0,3,0,0,0,0,0,11,26
Tripura,South,0,0,0,0,0,0,0,0,3,0,0,0,0,16,16,0,0,0,0,0,0,0,0,0,0,0,0,1,1,0,1,0,0,0,0,0,0,0,0,20,20,16,2,2,0,0,0,0,0,0,0,0,0,0,0,0,0,0,0,0,20,40
Tripura,Unakoti,0,0,0,0,0,0,0,0,1,0,0,0,0,6,6,0,0,0,0,0,0,0,0,0,0,0,0,2,2,0,2,0,0,0,0,0,0,0,0,9,20,14,5,1,0,0,0,0,0,0,0,0,0,0,0,0,0,0,0,0,20,29
Tripura,West,0,0,0,0,0,0,0,0,5,0,0,0,0,8,8,0,0,0,0,0,0,3,0,3,0,0,0,7,7,0,7,0,0,0,0,0,0,0,1,24,39,28,6,5,0,0,1,0,1,0,0,0,0,0,0,0,0,0,0,0,40,64
Tripura,Crime Branch,0,0,0,0,0,0,0,0,0,0,0,0,0,0,0,0,0,0,0,0,0,0,0,0,0,0,0,0,0,0,0,0,0,0,0,0,0,0,0,0,0,0,0,0,0,0,0,0,0,0,0,0,0,0,0,0,0,0,0,0,0,0
Uttar Pradesh,Agra,7,6,56,5,0,0,0,0,16,0,0,0,0,0,0,0,0,0,0,0,0,1,0,1,0,0,4,0,0,0,0,0,0,0,0,0,0,0,25,120,118,38,80,0,0,0,0,0,0,0,0,0,0,0,0,0,0,0,0,0,118,238
Uttar Pradesh,Aligarh,1,0,0,0,0,0,0,0,0,0,0,0,0,0,0,0,0,0,0,0,0,0,0,0,0,0,0,0,0,0,0,0,0,0,0,0,0,0,0,1,152,82,70,0,0,0,0,0,0,0,0,0,0,0,0,0,0,0,0,0,152,153
Uttar Pradesh,Prayagraj,6,0,56,4,5,0,2,0,65,0,0,0,0,0,0,0,0,0,0,0,0,10,1,9,5,0,0,0,0,0,0,0,0,0,0,0,0,0,0,153,83,83,0,0,0,0,0,0,0,0,0,0,0,0,0,0,0,0,0,0,83,236
Uttar Pradesh,Ambedkar Nagar,30,0,24,0,0,0,0,0,28,0,0,0,0,0,0,0,0,0,0,0,0,0,0,0,0,0,0,21,21,0,21,0,0,0,0,0,0,0,0,103,0,0,0,0,0,0,0,0,0,0,0,0,0,0,0,0,0,0,0,0,0,103
Uttar Pradesh,Amethi,0,0,0,0,0,0,0,0,0,0,0,0,0,0,0,0,0,0,0,0,0,0,0,0,0,0,0,0,0,0,0,0,0,0,0,0,0,0,0,0,63,29,34,0,0,0,0,0,0,0,0,0,0,0,0,0,0,0,0,0,63,63
Uttar Pradesh,Amroha,0,0,0,0,0,0,0,0,0,0,0,0,0,0,0,0,0,0,0,0,0,0,0,0,0,0,0,0,0,0,0,0,0,0,0,0,0,0,0,0,99,47,52,0,0,0,0,0,0,0,0,0,0,0,0,0,0,0,0,0,99,99
Uttar Pradesh,Auraiya,0,0,0,0,0,0,0,0,0,0,0,0,0,0,0,0,0,0,0,0,0,2,0,2,0,0,0,119,119,0,119,0,0,0,0,0,0,0,23,144,77,27,50,0,0,0,0,0,0,0,0,0,0,0,0,0,0,0,0,0,77,221
Uttar Pradesh,Azamgarh,0,0,0,0,0,0,0,0,6,0,0,0,0,0,0,0,0,0,0,0,0,3,0,3,0,0,0,187,187,57,130,0,0,0,0,0,0,0,99,295,158,86,72,0,0,0,0,0,0,0,0,0,0,0,0,0,8,8,0,0,166,461
Uttar Pradesh,Badaun,0,0,0,0,0,0,0,0,61,0,0,0,0,0,0,0,0,0,0,0,0,6,0,6,7,0,0,38,38,0,38,0,0,0,0,0,0,0,3,115,204,119,83,2,0,0,0,0,0,0,0,0,0,0,0,0,0,0,0,0,204,319
Uttar Pradesh,Baghpat,0,0,0,0,0,0,0,0,33,0,0,0,0,0,0,0,0,0,0,0,0,1,0,1,0,0,0,36,36,0,36,0,0,0,0,0,0,0,0,70,78,30,47,1,0,0,0,0,0,0,0,0,0,0,0,0,1,1,0,0,79,149
Uttar Pradesh,Bahraich,0,0,0,0,0,0,0,0,158,0,0,0,0,0,0,0,0,0,0,0,0,6,1,5,0,0,0,257,257,84,173,0,0,0,0,0,0,0,0,421,147,60,85,2,0,0,0,0,0,0,0,0,0,0,0,0,0,0,0,0,147,568
Uttar Pradesh,Ballia,0,0,0,0,0,0,0,0,0,0,0,0,0,0,0,0,0,0,0,0,0,0,0,0,0,0,0,58,58,58,0,0,0,0,0,0,0,0,0,58,118,51,66,0,1,0,0,0,0,0,0,0,0,0,0,0,0,0,0,0,118,176
Uttar Pradesh,Balrampur,0,0,0,0,0,0,0,0,86,1,0,0,0,0,0,0,0,0,0,0,0,3,0,3,0,0,0,2,2,1,1,0,0,0,0,0,0,0,20,112,59,20,39,0,0,0,0,0,0,0,0,0,0,0,0,0,2,1,1,0,61,173
Uttar Pradesh,Banda,0,0,0,0,0,0,0,0,0,2,0,0,0,0,0,0,0,0,0,0,0,2,0,2,4,0,0,160,160,160,0,0,0,0,0,0,0,0,1,169,123,28,95,0,0,0,0,0,0,0,0,0,0,0,0,0,12,12,0,41,176,345
Uttar Pradesh,Barabanki,0,0,0,0,0,0,0,0,0,0,0,0,0,0,0,0,0,0,1,0,0,0,0,0,0,0,0,0,0,0,0,0,0,0,0,0,0,0,0,0,157,69,83,4,0,1,0,0,0,0,0,0,0,0,0,0,0,0,0,0,157,157
Uttar Pradesh,Bareilly,0,0,0,0,0,0,0,0,0,0,0,0,0,0,0,0,0,0,4,0,0,0,0,0,0,0,0,0,0,0,0,0,0,0,0,0,0,0,0,0,325,91,226,4,0,4,0,0,0,0,0,0,0,0,0,0,0,0,0,0,325,325
Uttar Pradesh,Basti,35,0,32,1,1,0,0,0,154,0,0,0,0,0,0,0,0,0,0,0,0,2,0,2,0,0,0,0,0,0,0,0,0,0,0,0,0,0,0,225,35,19,16,0,0,0,0,0,0,0,0,0,0,0,0,0,0,0,0,0,35,260
Uttar Pradesh,Bijnor,0,0,0,0,0,0,0,0,0,0,0,0,0,0,0,0,0,0,1,0,0,7,1,6,0,0,0,1,0,0,0,0,0,1,0,0,0,0,0,8,155,81,71,2,0,1,0,0,0,0,0,0,0,0,0,0,0,0,0,0,155,163
Uttar Pradesh,Bulandshahar,0,0,0,0,0,0,0,0,0,0,0,0,0,0,0,0,0,0,0,0,0,1,0,1,0,0,0,0,0,0,0,0,0,0,0,0,0,0,2,3,231,110,115,6,0,0,0,0,0,0,0,0,0,0,4,0,2,2,0,0,237,240
Uttar Pradesh,Chandoli,0,0,0,0,0,0,0,0,0,0,0,0,0,0,0,0,0,0,2,0,0,0,0,0,0,0,0,0,0,0,0,0,0,0,0,0,0,0,0,0,93,62,25,2,2,2,0,0,0,0,0,0,0,0,0,0,0,0,0,0,93,93
Uttar Pradesh,Chitrakoot,0,0,0,0,0,0,0,0,0,0,0,0,0,0,0,0,0,0,0,0,0,4,0,4,0,0,0,72,71,0,71,0,0,1,0,0,0,0,2,78,78,26,52,0,0,0,0,0,0,0,0,0,0,0,1,0,0,0,0,0,79,157
Uttar Pradesh,Deoria,2,0,1,0,0,0,0,0,0,0,0,0,0,0,0,0,0,0,0,0,0,0,0,0,0,0,0,0,0,0,0,0,0,0,0,0,0,0,0,3,21,17,4,0,0,0,0,0,0,0,0,0,0,0,0,0,0,0,0,0,21,24
Uttar Pradesh,Etah,0,0,0,0,0,0,0,0,0,0,0,0,0,0,0,0,0,0,0,0,0,2,1,1,0,0,0,7,7,7,0,0,0,0,0,0,0,0,0,9,52,16,36,0,0,0,0,0,0,0,0,0,0,0,0,0,0,0,0,0,52,61
Uttar Pradesh,Etawah,0,0,0,0,0,0,0,0,36,0,0,0,0,0,0,0,0,0,0,0,0,0,0,0,0,0,0,52,52,27,25,0,0,0,0,0,0,0,0,88,55,25,30,0,0,0,0,0,0,0,0,0,0,0,0,0,0,0,0,0,55,143
Uttar Pradesh,Ayodhya,0,0,0,0,0,0,0,0,0,0,0,0,0,0,0,0,0,0,0,0,0,0,0,0,0,0,0,189,189,0,189,0,0,0,0,0,0,0,5,194,22,22,0,0,0,0,0,0,0,0,0,0,0,0,0,0,0,0,0,0,22,216
Uttar Pradesh,Fatehgarh,0,0,0,0,0,0,0,0,30,0,0,0,0,0,0,0,0,0,2,0,0,0,0,0,0,0,0,126,126,77,49,0,0,0,0,0,0,0,5,161,22,11,8,1,0,2,0,0,0,0,0,0,0,0,0,0,0,0,0,0,22,183
Uttar Pradesh,Fatehpur,0,0,0,0,0,0,0,0,0,0,0,0,0,0,0,0,0,0,0,0,0,3,0,3,0,0,0,106,105,0,105,0,0,0,0,0,0,1,280,389,132,37,95,0,0,0,0,0,0,0,0,0,0,0,0,0,35,0,35,0,167,556
Uttar Pradesh,Firozabad,0,0,0,0,0,0,0,0,0,0,0,0,0,0,0,0,0,0,0,0,0,0,0,0,0,0,0,183,183,42,141,0,0,0,0,0,0,0,97,280,95,24,67,4,0,0,0,0,0,0,0,0,0,0,0,0,0,0,0,0,95,375
Uttar Pradesh,Grp,0,0,0,0,0,0,0,0,0,0,0,0,0,0,0,0,0,0,0,0,0,1,0,1,0,0,0,8,8,0,8,0,0,0,0,0,0,0,0,9,1,0,1,0,0,0,0,0,0,0,0,0,0,0,0,0,0,0,0,0,1,10
Uttar Pradesh,Gautambudh Nagar,0,0,0,0,0,0,0,0,11,0,0,0,0,0,0,0,0,0,0,0,0,6,0,6,0,0,0,11,11,0,11,0,0,0,0,0,0,0,0,28,67,39,24,4,0,0,0,0,0,0,0,0,0,0,0,0,0,0,0,0,67,95
Uttar Pradesh,Ghaziabad,0,0,0,0,0,0,0,0,31,0,0,0,0,0,0,0,0,0,1,0,0,8,2,6,0,0,1,761,760,482,278,0,0,1,0,0,0,0,1,802,487,325,151,9,1,1,1,0,1,0,0,0,0,1,0,0,0,0,0,0,489,1291
Uttar Pradesh,Ghazipur,1,0,45,14,6,0,0,0,0,0,0,0,0,0,0,0,0,0,1,0,0,9,0,9,3,2,70,249,249,220,29,0,0,0,0,0,0,0,648,1047,67,17,49,0,0,1,0,0,0,0,0,0,0,0,0,0,63,23,40,0,130,1177
Uttar Pradesh,Gonda,57,0,48,4,2,0,0,0,240,0,0,0,0,0,0,0,0,0,3,0,0,7,1,6,4,1,2,247,247,39,208,0,0,0,0,0,0,0,114,726,153,59,88,2,1,3,0,0,0,0,0,0,0,0,0,0,0,0,0,0,153,879
Uttar Pradesh,Gorakhpur,0,0,0,0,0,0,0,0,0,0,0,0,0,0,0,0,0,0,1,0,0,4,0,4,0,0,0,0,0,0,0,0,0,0,0,0,0,0,0,4,239,91,143,4,0,1,0,0,0,0,0,0,0,0,0,0,0,0,0,0,239,243
Uttar Pradesh,Hamirpur,0,0,0,0,0,0,0,0,13,0,0,0,0,0,0,0,0,0,0,0,0,3,0,3,0,0,0,24,24,0,24,0,0,0,0,0,0,0,0,40,79,20,58,1,0,0,0,0,0,0,0,0,0,0,0,0,0,0,0,0,79,119
Uttar Pradesh,Hapur,1,0,30,39,0,0,3,0,30,0,0,0,0,0,0,0,0,0,0,0,0,0,0,0,0,0,2,16,16,10,6,0,0,0,0,0,0,0,58,179,92,40,50,2,0,0,0,0,0,0,0,0,0,0,0,0,1,1,0,0,93,272
Uttar Pradesh,Hardoi,0,0,0,0,0,0,0,0,72,0,0,0,0,0,0,0,0,0,0,0,0,0,0,0,0,0,0,781,781,0,781,0,0,0,0,0,0,0,0,853,157,122,35,0,0,0,0,0,0,0,0,0,0,0,0,0,0,0,0,0,157,1010
Uttar Pradesh,Hathras,18,0,38,3,3,1,1,0,58,0,0,0,0,0,0,0,0,0,0,0,0,3,0,3,0,0,0,101,101,0,101,0,0,0,0,0,0,0,0,226,37,13,24,0,0,0,0,0,0,0,0,0,0,0,0,0,2,0,2,0,39,265
Uttar Pradesh,Jalaun,0,0,0,0,0,0,0,0,0,0,0,0,0,0,0,0,0,0,0,0,0,1,0,1,0,0,0,57,56,0,56,0,1,0,0,0,0,0,0,58,70,31,38,1,0,0,0,0,0,0,0,0,0,0,0,0,0,0,0,0,70,128
Uttar Pradesh,Jaunpur,0,0,0,0,0,0,0,0,92,0,0,0,0,0,0,0,0,0,0,0,0,9,1,8,0,0,0,81,80,0,80,0,0,0,0,0,0,1,20,202,161,77,83,1,0,0,0,0,0,0,0,0,0,0,0,0,2,2,0,0,163,365
Uttar Pradesh,Jhansi,0,0,0,0,0,0,0,0,40,0,0,0,0,0,0,0,0,0,0,0,0,0,0,0,0,0,0,39,39,0,39,0,0,0,0,0,0,0,0,79,86,21,65,0,0,0,0,0,0,0,0,0,0,0,0,0,0,0,0,0,86,165
Uttar Pradesh,Kannauj,0,0,0,0,0,0,0,0,60,0,0,0,0,0,0,0,0,0,0,0,0,0,0,0,0,0,0,194,194,161,33,0,0,0,0,0,0,0,0,254,139,95,44,0,0,0,0,0,0,0,0,0,0,0,0,0,0,0,0,0,139,393
Uttar Pradesh,Kanpur Dehat,0,0,0,0,0,0,0,0,0,0,0,0,0,0,0,0,0,0,0,0,0,0,0,0,0,0,0,0,0,0,0,0,0,0,0,0,0,0,0,0,78,22,56,0,0,0,0,0,0,0,0,0,0,0,0,0,0,0,0,0,78,78
Uttar Pradesh,Kanpur Commissionarate,0,0,0,0,0,0,0,0,0,0,0,0,0,0,0,0,0,0,0,0,0,0,0,0,0,0,0,174,173,0,173,0,0,1,0,0,0,0,0,174,205,93,104,8,0,0,0,0,0,0,0,0,0,0,0,0,0,0,0,0,205,379
Uttar Pradesh,Kasganj,0,0,0,0,0,0,0,0,0,0,0,0,0,0,0,0,0,0,0,0,0,3,1,2,0,0,0,186,186,97,89,0,0,0,0,0,0,0,1,190,101,29,70,2,0,0,0,0,0,0,0,0,0,0,0,0,0,0,0,0,101,291
Uttar Pradesh,Kaushambi,0,0,0,0,0,0,0,0,85,0,0,0,0,0,0,0,0,0,0,0,0,5,0,5,0,0,0,70,70,0,70,0,0,0,0,0,0,0,0,160,40,11,29,0,0,0,0,0,0,0,0,0,0,0,0,0,0,0,0,0,40,200
Uttar Pradesh,Khiri,0,0,0,0,0,0,0,0,145,0,0,0,0,0,0,0,0,0,0,0,0,0,0,0,0,0,0,205,205,0,205,0,0,0,0,0,0,0,0,350,98,23,75,0,0,0,0,0,0,0,0,0,0,0,0,0,0,0,0,0,98,448
Uttar Pradesh,Kushi Nagar,0,0,0,0,0,0,0,0,17,0,0,0,0,0,0,0,0,0,0,0,0,6,0,6,0,0,0,683,683,683,0,0,0,0,0,0,0,0,0,706,86,39,46,1,0,0,0,0,0,0,0,0,0,0,0,0,0,0,0,0,86,792
Uttar Pradesh,Lalitpur,0,0,0,0,0,0,0,0,0,0,0,0,0,0,0,0,0,0,0,0,0,0,0,0,0,0,0,0,0,0,0,0,0,0,0,0,0,0,0,0,0,0,0,0,0,0,0,0,0,0,0,0,0,0,0,0,0,0,0,0,0,0
Uttar Pradesh,Lucknow Commissionarate,0,0,0,0,0,0,0,0,0,0,0,0,0,0,0,0,0,0,0,0,0,9,0,9,7,32,0,576,576,311,265,0,0,0,0,0,0,0,19,643,249,112,125,12,0,0,0,0,0,0,0,0,0,0,0,0,0,0,0,0,249,892
Uttar Pradesh,Maharajganj,0,0,0,0,0,0,0,0,0,0,0,0,0,0,0,0,0,0,0,0,0,2,0,2,0,0,0,8,8,0,8,0,0,0,0,0,0,0,0,10,108,50,58,0,0,0,0,0,0,0,0,0,0,0,0,0,0,0,0,0,108,118
Uttar Pradesh,Mahoba,0,0,0,0,0,0,0,0,3,0,0,0,0,0,0,0,0,0,1,0,0,0,0,0,1,0,0,123,123,123,0,0,0,0,0,0,0,0,4,131,80,38,41,0,0,1,0,0,0,0,0,0,0,0,0,0,0,0,0,0,80,211
Uttar Pradesh,Mainpuri,0,0,5,0,0,0,0,0,0,0,0,0,0,0,0,0,0,0,0,0,0,1,0,1,0,0,0,160,160,30,130,0,0,0,0,0,0,0,0,166,65,16,49,0,0,0,0,0,0,0,0,0,0,0,0,0,0,0,0,0,65,231
Uttar Pradesh,Mathura,0,0,0,0,0,0,0,0,0,0,1,0,0,0,0,0,0,0,0,0,0,0,0,0,0,0,0,39,39,21,18,0,0,0,0,0,0,0,0,40,140,75,64,1,0,0,0,0,0,0,0,0,0,0,0,0,0,0,0,0,140,180
Uttar Pradesh,Mau,0,0,0,0,0,0,0,0,61,0,0,0,0,0,0,0,0,0,2,0,0,0,0,0,0,0,0,0,0,0,0,0,0,0,0,0,0,0,27,88,78,40,35,1,0,2,0,0,0,0,0,0,0,0,0,0,0,0,0,0,78,166
Uttar Pradesh,Meerut,0,0,0,0,0,0,0,0,0,0,0,0,0,0,0,0,0,0,2,0,0,25,0,25,0,0,0,194,194,156,38,0,0,0,0,0,0,0,42,261,217,113,101,1,0,2,0,0,0,0,0,0,0,0,0,0,0,0,0,0,217,478
Uttar Pradesh,Mirzapur,0,15,11,0,0,0,0,0,29,0,0,0,0,0,0,0,0,0,0,0,0,0,0,0,0,0,0,28,28,0,28,0,0,0,0,0,0,0,0,83,28,8,20,0,0,0,0,0,0,0,0,0,0,0,0,0,0,0,0,0,28,111
Uttar Pradesh,Moradabad,14,0,12,0,0,0,0,0,0,0,0,0,0,0,0,0,0,0,0,0,0,0,0,0,0,0,0,18,18,0,18,0,0,0,0,0,0,0,0,44,56,22,31,2,1,0,0,0,0,0,0,0,0,0,0,0,0,0,0,0,56,100
Uttar Pradesh,Muzaffarnagar,0,0,0,0,0,0,0,0,49,0,0,0,0,0,0,0,0,0,0,0,0,2,0,2,0,0,0,0,0,0,0,0,0,0,0,0,0,0,0,51,90,51,37,2,0,0,0,0,0,0,0,0,0,0,0,0,0,0,0,0,90,141
Uttar Pradesh,Pilibhit,0,0,0,0,0,0,0,0,126,1,0,0,0,0,0,0,0,0,0,0,0,0,0,0,0,0,0,153,153,1,152,0,0,0,0,0,0,0,0,280,91,29,62,0,0,0,0,0,0,0,0,0,0,0,1,0,0,0,0,0,92,372
Uttar Pradesh,Pratapgarh,0,0,0,0,0,0,0,0,0,0,0,0,0,0,0,0,0,0,0,0,0,0,0,0,0,0,0,0,0,0,0,0,0,0,0,0,0,0,0,0,70,27,43,0,0,0,0,0,0,0,0,0,0,0,0,0,0,0,0,0,70,70
Uttar Pradesh,Raibareilly,0,0,0,0,0,0,0,0,119,0,0,0,0,0,0,0,0,0,0,0,0,1,0,1,0,0,0,103,103,0,103,0,0,0,0,0,0,0,0,223,133,43,88,2,0,0,0,0,0,0,0,0,0,0,0,0,0,0,0,0,133,356
Uttar Pradesh,Rampur,0,0,0,0,0,0,0,0,39,0,0,0,0,0,0,0,0,0,0,0,0,6,0,6,0,1,0,62,62,0,62,0,0,0,0,0,0,0,11,119,101,54,44,3,0,0,0,0,0,0,0,0,0,0,0,0,0,0,0,0,101,220
Uttar Pradesh,Saharanpur,0,0,0,0,0,0,0,0,0,0,0,0,0,0,0,0,0,0,0,0,0,1,1,0,0,0,0,0,0,0,0,0,0,0,0,0,0,0,0,1,166,93,72,1,0,0,0,0,0,0,0,0,0,0,0,0,0,0,0,0,166,167
Uttar Pradesh,Sambhal,0,0,0,0,0,0,0,0,60,0,0,0,0,0,0,0,0,0,3,1,0,2,0,2,0,0,34,63,63,0,63,0,0,0,0,0,0,0,21,180,106,48,53,1,0,4,0,0,0,1,0,0,1,1,1,0,0,0,0,0,109,289
Uttar Pradesh,Sant Kabirnagar,27,0,18,11,0,0,0,0,60,0,0,0,0,0,0,0,0,0,0,0,0,0,0,0,0,0,0,0,0,0,0,0,0,0,0,0,0,0,0,116,56,27,29,0,0,0,0,0,0,0,0,0,0,0,0,0,0,0,0,0,56,172
Uttar Pradesh,Shahjahanpur,0,0,5,0,0,0,0,0,14,0,0,0,0,0,0,0,0,0,0,0,0,3,0,3,0,0,12,10,10,0,10,0,0,0,0,0,0,0,132,176,70,23,46,0,1,0,0,0,0,0,0,0,0,0,0,0,0,0,0,0,70,246
Uttar Pradesh,Shamli,0,0,0,0,0,0,0,0,6,0,0,0,0,0,0,0,0,0,0,0,0,2,0,2,0,0,0,0,0,0,0,0,0,0,0,0,0,0,2,10,88,32,56,0,0,0,0,0,0,0,0,0,0,0,0,0,0,0,0,0,88,98
Uttar Pradesh,Shrawasti,1,0,0,0,0,0,0,0,0,0,0,0,0,0,0,0,0,0,1,0,0,1,0,1,0,0,0,114,114,3,111,0,0,0,0,0,0,0,0,116,21,3,17,0,0,1,0,0,0,0,0,0,0,0,0,0,7,7,0,1,29,145
Uttar Pradesh,Sidharthnagar,9,0,17,0,0,0,0,0,105,0,0,0,0,0,0,0,0,0,0,0,0,5,0,5,0,0,0,103,103,47,56,0,0,0,0,0,0,0,12,251,19,3,16,0,0,0,0,0,0,0,0,0,0,0,0,0,0,0,0,0,19,270
Uttar Pradesh,Sitapur,0,0,0,0,0,0,0,0,0,0,0,0,0,0,0,0,0,0,0,0,0,0,0,0,0,0,0,464,464,91,373,0,0,0,0,0,0,0,0,464,129,62,67,0,0,0,0,0,0,0,0,0,0,0,0,0,0,0,0,0,129,593
Uttar Pradesh,Sonbhadra,66,0,38,0,0,0,0,0,0,0,0,0,0,0,0,0,0,0,0,0,0,0,0,0,0,0,0,37,37,31,6,0,0,0,0,0,0,0,0,141,105,67,38,0,0,0,0,0,0,0,0,0,0,0,0,0,0,0,0,0,105,246
Uttar Pradesh,Bhadohi,0,0,4,5,0,0,0,0,24,0,0,0,0,0,0,0,0,0,0,0,0,5,0,5,0,0,0,97,97,87,10,0,0,0,0,0,0,0,0,135,28,14,14,0,0,0,0,0,0,0,0,0,0,1,0,0,2,2,0,0,31,166
Uttar Pradesh,Sultanpur,0,0,0,0,0,0,0,0,151,0,0,0,0,0,0,0,0,0,1,0,0,6,0,6,0,0,0,153,153,94,59,0,0,0,0,0,0,0,32,342,82,31,50,0,0,1,0,0,0,0,0,0,0,0,0,0,0,0,0,0,82,424
Uttar Pradesh,Unnao,0,0,0,0,0,0,0,0,169,0,0,0,0,0,0,0,0,0,0,0,0,0,0,0,0,0,0,54,54,0,54,0,0,0,0,0,0,0,0,223,210,57,152,1,0,0,0,0,0,0,0,0,0,0,0,0,0,0,0,0,210,433
Uttar Pradesh,Varanasi Commissionarate,0,0,19,8,1,0,0,0,5,0,0,0,0,0,0,0,0,0,1,0,0,5,2,3,0,0,0,290,290,290,0,0,0,0,0,0,0,0,36,364,106,56,49,0,0,1,0,0,0,0,0,0,0,0,0,0,0,0,0,0,106,470
Uttarakhand,Almora,0,0,0,0,0,0,0,0,0,0,0,0,0,0,0,0,0,0,0,0,0,0,0,0,0,0,0,20,5,5,0,0,0,0,0,0,0,15,0,20,28,17,11,0,0,0,0,0,0,0,0,0,0,0,1,0,0,0,0,0,29,49
Uttarakhand,Bageshwar,0,0,0,0,0,0,0,0,0,0,0,0,0,0,0,0,0,0,0,0,0,0,0,0,0,0,0,8,8,8,0,0,0,0,0,0,0,0,0,8,4,4,0,0,0,0,0,0,0,0,0,0,0,0,0,0,0,0,0,0,4,12
Uttarakhand,Chamoli,0,0,2,1,0,0,1,1,1,0,0,0,0,0,0,0,0,0,0,0,0,0,0,0,0,0,0,8,8,3,5,0,0,0,0,0,0,0,1,15,17,12,3,2,0,0,0,0,0,0,0,0,0,0,0,0,0,0,0,0,17,32
Uttarakhand,Champawat,0,0,0,1,0,0,0,0,0,0,0,0,0,0,0,0,0,0,0,0,0,0,0,0,0,0,0,28,2,0,2,0,0,0,0,0,0,26,0,29,29,23,6,0,0,0,0,0,0,0,0,0,0,0,0,0,2,2,0,0,31,60
Uttarakhand,Dehradun,0,0,0,0,0,0,0,0,91,2,0,0,0,0,0,0,0,1,0,0,1,0,0,0,0,0,0,148,148,0,148,0,0,0,0,0,0,0,0,243,185,114,70,0,1,0,1,0,1,0,0,0,0,38,1,0,0,0,0,0,225,468
Uttarakhand,Haridwar,0,0,0,0,0,0,0,0,0,0,0,0,0,0,0,0,0,0,2,0,0,4,0,4,0,0,0,211,198,131,67,0,0,0,0,0,0,13,7,222,276,182,92,0,0,2,6,0,6,0,0,0,0,5,1,0,1,1,0,213,502,724
Uttarakhand,Nainital,0,0,0,3,2,0,2,0,5,0,0,0,0,0,0,0,0,0,1,0,0,1,0,1,0,0,0,94,16,0,16,0,0,0,0,0,0,78,22,129,76,44,31,0,0,1,0,0,0,0,0,0,0,3,0,0,0,0,0,0,79,208
Uttarakhand,Pauri Garhwal,0,0,9,1,0,0,1,0,0,0,0,0,0,0,0,0,0,0,0,0,0,0,0,0,0,0,0,18,18,0,18,0,0,0,0,0,0,0,2,31,27,27,0,0,0,0,0,0,0,0,0,0,0,0,0,0,0,0,0,0,27,58
Uttarakhand,Pithoragarh,0,0,0,0,0,0,0,0,0,0,0,0,0,0,0,0,0,0,0,0,0,1,0,1,0,0,0,9,4,0,4,0,0,0,0,0,0,5,0,10,29,14,9,4,2,0,1,0,1,0,0,0,0,0,0,0,6,6,0,0,36,46
Uttarakhand,Rudra Prayag,0,0,0,0,0,0,0,0,0,0,0,0,0,0,0,0,0,0,0,0,0,0,0,0,0,0,0,9,9,0,9,0,0,0,0,0,0,0,5,14,5,5,0,0,0,0,0,0,0,0,0,0,0,0,0,0,0,0,0,0,5,19
Uttarakhand,Tehri Garhwal,0,0,0,1,0,0,0,0,0,0,0,0,0,0,0,0,0,0,0,0,0,1,0,1,0,0,0,0,0,0,0,0,0,0,0,0,0,0,0,2,33,30,3,0,0,0,0,0,0,0,0,0,0,0,0,0,1,1,0,0,34,36
Uttarakhand,Udhamsingh Nagar,0,0,0,0,0,0,0,0,0,0,0,0,0,0,0,0,0,0,0,0,0,3,0,3,0,2,0,60,60,60,0,0,0,0,0,0,0,0,2,67,223,144,79,0,0,0,2,2,0,0,0,0,0,7,5,0,2,2,0,17,256,323
Uttarakhand,Uttarkashi,0,0,0,0,0,0,0,0,0,0,0,0,0,0,0,0,0,0,0,0,0,0,0,0,0,0,0,8,8,8,0,0,0,0,0,0,0,0,4,12,17,14,3,0,0,0,0,0,0,0,0,0,0,0,0,0,0,0,0,0,17,29
Uttarakhand,Grp,0,0,0,0,0,0,0,0,0,0,0,0,0,0,0,0,0,0,0,0,0,0,0,0,0,0,0,3,3,2,1,0,0,0,0,0,0,0,0,3,1,1,0,0,0,0,0,0,0,0,0,0,0,0,0,0,0,0,0,0,1,4
Uttarakhand,Cyber Cell,0,0,0,0,0,0,0,0,0,0,0,0,0,0,0,0,0,0,0,0,0,0,0,0,0,0,0,0,0,0,0,0,0,0,0,0,0,0,0,0,0,0,0,0,0,0,0,0,0,0,0,0,0,0,0,0,0,0,0,0,0,0
West Bengal,Alipurduar,0,0,0,0,0,0,0,0,0,0,0,0,0,0,0,0,0,0,4,0,0,2,2,0,4,0,0,138,138,0,138,0,0,0,0,0,0,0,0,144,87,65,14,4,0,4,1,0,1,0,0,0,0,1,1,0,0,0,0,0,90,234
West Bengal,Asansol-Durgapur Pc,0,0,0,0,0,0,0,0,0,0,0,0,0,0,0,0,0,0,0,0,0,4,0,4,0,0,0,69,67,0,67,0,0,2,0,0,0,0,6,79,66,49,15,2,0,0,0,0,0,0,0,0,0,0,0,0,0,0,0,0,66,145
West Bengal,Bankura,0,0,0,0,0,0,0,0,5,0,0,0,0,0,0,0,0,0,0,0,0,0,0,0,0,0,0,177,34,0,34,0,0,0,0,0,0,143,0,182,47,41,4,2,0,0,0,0,0,0,0,0,0,0,2,0,0,0,0,0,49,231
West Bengal,Barrackpur Pc,0,0,0,0,0,0,0,0,6,0,0,0,0,0,0,0,0,0,0,0,0,0,0,0,0,0,1,147,140,70,70,0,0,2,0,0,0,5,0,154,81,39,26,15,1,0,19,0,19,2,0,0,2,0,0,0,0,0,0,5,107,261
West Bengal,Bidhannagar Pc,0,0,0,0,0,0,0,0,3,0,0,0,0,0,0,0,0,0,0,0,0,2,0,2,0,0,0,50,49,0,49,0,0,0,1,1,0,0,1,56,49,34,11,4,0,0,2,0,2,0,0,0,0,0,1,0,0,0,0,0,52,108
West Bengal,Birbhum,0,0,0,0,0,0,0,0,0,0,0,0,0,0,0,0,0,0,0,0,0,0,0,0,0,5,11,100,100,0,100,0,0,0,0,0,0,0,0,116,52,41,4,7,0,0,1,1,0,0,0,0,0,0,0,0,0,0,0,0,53,169
West Bengal,Coochbehar,0,0,0,0,0,0,0,0,0,0,0,0,0,1,1,0,0,0,0,0,0,0,0,0,1,0,0,337,0,0,0,0,0,0,0,0,0,337,1,340,119,61,35,22,1,0,2,0,2,1,0,0,1,0,9,0,0,0,0,0,131,471
West Bengal,Dakshin Dinajpur,0,0,0,0,0,0,0,0,1,0,0,0,0,0,0,0,0,0,1,0,0,2,0,2,4,0,7,213,84,0,84,0,0,4,0,0,0,125,13,240,39,25,9,4,0,1,0,0,0,0,0,0,0,0,3,0,0,0,0,0,42,282
West Bengal,Darjeeling,0,0,0,0,0,0,0,0,0,0,0,0,0,0,0,0,0,0,3,0,0,0,0,0,1,5,0,61,61,0,61,0,0,0,0,0,0,0,7,74,49,30,13,3,0,3,1,0,1,0,0,0,0,0,3,0,0,0,0,0,53,127
West Bengal,Hooghly Rural Police,0,0,0,0,0,0,0,0,0,0,0,0,0,0,0,0,0,0,0,0,0,0,0,0,0,0,0,182,91,0,91,0,0,0,0,0,0,91,0,182,85,76,9,0,0,0,0,0,0,0,0,0,0,0,0,0,0,0,0,0,85,267
West Bengal,Howrah Grp,0,0,0,0,0,0,0,0,0,0,0,0,0,0,0,0,0,0,0,0,0,0,0,0,1,0,0,3,3,0,3,0,0,0,0,0,0,0,0,4,0,0,0,0,0,0,0,0,0,2,0,0,2,0,0,0,0,0,0,0,2,6
West Bengal,Howrah Pc,0,0,0,0,0,0,0,0,0,0,0,0,0,0,0,0,0,0,0,0,0,0,0,0,0,0,0,185,183,86,97,0,0,2,0,0,0,0,0,185,83,20,35,28,0,0,0,0,0,0,0,0,0,0,1,0,0,0,0,0,84,269
West Bengal,Howrah Rural,0,0,0,0,0,0,0,0,0,0,0,0,0,0,0,0,0,0,0,0,0,2,0,2,0,0,0,133,130,70,60,0,0,0,0,0,0,3,0,135,86,58,17,11,0,0,1,0,1,0,0,0,0,0,2,0,0,0,0,0,89,224
West Bengal,Jalpaiguri,0,0,0,0,0,0,0,0,0,0,0,0,0,0,0,0,0,0,1,0,0,0,0,0,1,0,0,130,39,0,39,0,0,0,0,0,0,91,0,131,99,79,12,7,0,1,4,0,4,0,0,0,0,0,8,0,0,0,0,0,111,242
West Bengal,Jhargram,0,0,0,0,0,0,0,0,12,0,0,0,0,0,0,0,0,0,0,0,0,1,0,1,0,0,0,100,100,98,2,0,0,0,0,0,0,0,0,113,27,27,0,0,0,0,0,0,0,0,0,0,0,0,2,0,0,0,0,0,29,142
West Bengal,Kharagpur Grp,0,0,0,0,0,0,0,0,0,0,0,0,0,0,0,0,0,0,0,0,0,1,0,1,2,0,0,5,5,0,5,0,0,0,0,0,0,0,0,8,0,0,0,0,0,0,0,0,0,0,0,0,0,0,0,0,0,0,0,0,0,8
West Bengal,Kolkata,0,0,0,0,0,0,0,0,0,0,0,0,0,13,13,0,0,0,0,0,0,4,0,4,1,0,0,243,243,243,0,0,0,0,0,0,0,0,0,261,194,159,26,9,0,0,6,0,6,0,0,0,0,0,7,0,0,0,0,0,207,468
West Bengal,Malda,0,0,0,0,0,0,0,0,0,2,0,0,0,0,0,0,0,0,0,0,0,1,0,1,3,0,0,346,344,344,0,0,0,1,0,0,0,1,0,352,255,148,82,24,1,0,0,0,0,1,0,0,1,0,10,0,0,0,0,0,266,618
West Bengal,Murshidabad Police District,0,0,0,0,0,0,0,0,9,0,0,0,0,0,0,0,0,0,0,0,0,6,1,5,1,0,0,400,392,392,0,0,0,1,0,0,0,7,5,421,189,185,2,2,0,0,1,0,1,0,0,0,0,0,15,0,0,0,0,0,205,626
West Bengal,Paschim Medinipur,0,0,0,0,0,0,0,0,0,0,0,0,0,0,0,0,0,0,0,0,0,0,0,0,0,0,0,39,5,0,5,0,0,1,0,0,0,33,0,39,100,61,29,5,5,0,0,0,0,0,0,0,0,0,2,0,0,0,0,0,102,141
West Bengal,Purab Medinipur,0,0,0,0,0,0,0,0,88,0,0,0,0,0,0,0,0,0,0,0,0,0,0,0,0,0,0,394,394,0,394,0,0,0,0,0,0,0,0,482,77,46,21,10,0,0,5,0,5,0,0,0,0,0,6,0,0,0,0,0,88,570
West Bengal,Purulia,0,0,0,0,0,0,0,0,1,0,0,0,0,0,0,0,0,0,0,0,0,1,0,1,3,0,0,85,84,84,0,0,0,0,0,0,0,1,1,91,45,33,12,0,0,0,0,0,0,0,0,0,0,0,1,0,0,0,0,0,46,137
West Bengal,Sealdah Grp,0,0,0,0,0,0,0,0,1,0,0,1,0,0,0,0,0,0,1,0,0,0,0,0,0,0,0,4,4,0,4,0,0,0,0,0,0,0,4,10,3,2,0,0,0,1,0,0,0,0,0,0,0,0,0,0,0,0,0,0,3,13
West Bengal,Siliguri Grp,0,0,0,0,0,0,0,0,0,0,0,0,0,0,0,0,0,0,0,0,0,0,0,0,0,0,0,5,5,0,5,0,0,0,0,0,0,0,0,5,1,0,1,0,0,0,0,0,0,0,0,0,0,0,0,0,0,0,0,0,1,6
West Bengal,Siliguri Pc,0,0,0,0,0,0,0,0,0,0,0,0,0,0,0,0,0,0,0,0,0,0,0,0,0,0,0,146,146,146,0,0,0,0,0,0,0,0,0,146,67,7,40,20,0,0,0,0,0,0,0,0,0,0,0,0,0,0,0,0,67,213
West Bengal,Baruipur Police,0,0,0,0,0,0,0,0,0,0,0,0,0,0,0,0,0,0,0,0,0,2,0,2,0,0,0,276,272,0,272,0,1,2,0,0,0,1,0,278,172,105,54,13,0,0,0,0,0,0,0,0,0,0,13,0,0,0,0,0,185,463
West Bengal,Chandannagar Pc,0,0,0,0,0,0,0,0,0,0,0,0,0,0,0,0,0,0,0,0,0,0,0,0,0,0,0,11,11,11,0,0,0,0,0,0,0,0,0,11,19,8,8,3,0,0,0,0,0,0,0,0,0,0,0,0,0,0,0,0,19,30
West Bengal,Diamond Harbour Police,0,0,0,0,0,0,0,0,0,0,0,0,0,0,0,0,0,0,0,0,0,0,0,0,0,0,0,121,119,0,119,0,0,0,0,0,0,2,0,121,65,65,0,0,0,0,0,0,0,0,0,0,0,0,3,0,0,0,0,0,68,189
West Bengal,Kalimpong,0,0,0,0,0,0,0,0,0,0,0,0,0,0,0,0,0,0,0,0,0,0,0,0,0,0,0,25,25,0,25,0,0,0,0,0,0,0,0,25,25,23,2,0,0,0,2,0,2,0,0,0,0,0,0,0,0,0,0,0,27,52
West Bengal,Purba Bardhaman,0,0,0,0,0,0,0,0,18,0,0,0,0,0,0,0,0,0,0,0,0,2,0,2,0,0,0,345,344,0,344,0,0,0,0,0,0,1,0,365,115,55,48,7,5,0,2,0,2,0,0,0,0,0,2,0,0,0,0,0,119,484
West Bengal,Sundarban Police,0,0,0,0,0,0,0,0,0,0,0,0,0,0,0,0,0,0,0,0,0,0,0,0,2,0,8,238,12,0,12,0,0,0,0,0,0,226,0,248,81,50,27,4,0,0,1,0,1,0,0,0,0,0,7,0,0,0,0,0,89,337
West Bengal,Barasat,0,0,0,0,0,0,0,0,10,0,0,0,0,0,0,0,0,0,0,0,0,0,0,0,0,0,0,214,210,100,110,0,0,2,0,0,0,2,0,224,87,54,23,10,0,0,0,0,0,0,0,0,0,0,3,0,0,0,0,0,90,314
West Bengal,Basirhat,0,0,0,0,0,0,0,0,0,1,0,0,0,0,0,0,0,0,0,0,0,2,0,2,5,0,0,154,146,3,143,0,0,1,0,0,0,7,1,163,57,41,16,0,0,0,0,0,0,0,0,0,0,0,7,0,0,0,0,0,64,227
West Bengal,Bangaon,0,0,0,0,0,0,0,0,0,0,0,0,0,2,2,0,0,0,0,0,0,0,0,0,2,2,2,12,12,0,12,0,0,0,0,0,0,0,0,20,38,18,13,7,0,0,4,0,4,0,0,0,0,0,5,0,0,0,0,0,47,67
West Bengal,Islampur,0,0,0,0,0,0,0,0,0,1,0,0,0,0,0,0,0,0,0,0,0,0,0,0,0,0,0,191,56,0,56,0,0,0,0,0,0,135,0,192,23,23,0,0,0,0,0,0,0,1,0,0,1,0,1,0,0,0,0,0,25,217
West Bengal,Jangipur Police District,0,0,0,0,0,0,0,0,0,0,0,0,0,0,0,0,0,0,0,0,0,2,0,2,0,0,0,33,6,3,3,0,0,0,0,0,0,27,20,55,42,29,12,1,0,0,0,0,0,0,0,0,0,0,0,0,0,0,0,0,42,97
West Bengal,Krishnagar,0,0,0,0,0,0,0,0,38,0,0,0,0,0,0,0,0,0,0,0,0,0,0,0,2,0,0,94,15,0,15,0,0,1,0,0,0,78,0,134,50,25,9,16,0,0,2,0,2,0,0,0,0,0,8,0,0,0,0,0,60,194
West Bengal,Raiganj,0,0,0,0,0,0,0,0,0,0,0,0,0,0,0,0,0,0,0,0,0,0,0,0,0,0,0,52,52,0,52,0,0,0,0,0,0,0,0,52,53,41,7,5,0,0,0,0,0,0,0,0,0,0,0,0,0,0,0,0,53,105
West Bengal,Ranaghat,0,0,0,0,0,0,0,0,0,0,0,0,0,0,0,0,0,0,0,0,0,4,0,4,0,0,0,203,170,0,170,0,0,2,0,0,0,31,0,207,72,33,30,8,1,0,1,0,1,0,0,0,0,0,10,0,0,0,0,0,83,290
A&N Islands,South Andaman,0,0,1,0,0,0,0,0,0,0,0,1,0,0,0,0,0,0,0,0,0,0,0,0,0,0,1,15,15,10,5,0,0,0,0,0,0,0,11,29,46,37,7,2,0,0,0,0,0,0,0,0,0,0,0,0,0,0,0,0,46,75
A&N Islands,North & Middle Andaman,0,0,1,0,0,0,1,0,0,0,0,0,0,0,0,0,0,0,0,0,0,1,1,0,0,1,0,2,2,1,1,0,0,0,0,0,0,0,3,9,19,15,4,0,0,0,2,0,2,0,0,0,0,0,0,0,5,5,0,0,26,35
A&N Islands,Nicobar,0,0,0,0,0,0,0,0,0,0,0,0,0,0,0,0,0,0,0,0,0,0,0,0,0,0,0,0,0,0,0,0,0,0,0,0,0,0,1,1,26,25,1,0,0,0,0,0,0,0,0,0,0,0,0,0,1,1,0,0,27,28
Chandigarh,Chandigarh,47,1,0,1,0,0,1,0,3,1,0,4,0,1,1,0,0,0,0,0,0,2,1,1,0,0,5,178,176,176,0,0,1,0,0,0,0,1,1,245,8,2,5,1,0,0,1,0,1,0,0,0,0,0,0,0,1,1,0,0,10,255
D&N Haveli And Daman & Diu,D&N Haveli,2,0,0,0,0,0,0,0,0,0,0,0,0,0,0,0,0,0,0,0,0,0,0,0,0,0,0,28,28,20,8,0,0,0,0,0,0,0,3,33,23,21,1,1,0,0,0,0,0,0,0,0,0,0,0,0,0,0,0,0,23,56
D&N Haveli And Daman & Diu,Daman,4,0,1,0,0,0,0,0,0,0,0,0,0,0,0,0,0,0,0,0,0,0,0,0,0,0,0,16,16,16,0,0,0,0,0,0,0,0,1,22,4,2,2,0,0,0,0,0,0,0,0,0,0,0,0,0,0,0,0,0,4,26
D&N Haveli And Daman & Diu,Diu,0,0,0,0,0,0,0,0,0,0,0,0,0,0,0,0,0,0,0,0,0,0,0,0,0,0,0,0,0,0,0,0,0,0,0,0,0,0,0,0,2,0,0,1,1,0,0,0,0,0,0,0,0,0,0,0,0,0,0,0,2,2
Delhi,Central,0,0,0,0,0,0,0,0,0,0,0,0,0,0,0,0,0,0,0,0,0,0,0,0,0,0,0,178,177,95,82,0,0,1,0,0,0,0,1,179,86,58,27,1,0,0,1,0,1,0,0,0,0,2,0,0,4,4,0,0,93,272
Delhi,Crime Branch,0,0,0,0,0,0,0,0,0,0,0,0,0,0,0,0,0,0,0,0,0,0,0,0,0,0,0,1,0,0,0,0,0,0,0,0,0,1,0,1,0,0,0,0,0,0,0,0,0,0,0,0,0,0,0,0,0,0,0,0,0,1
Delhi,East,0,0,0,0,0,0,0,0,0,0,0,0,0,0,0,0,0,0,0,0,0,2,0,2,1,2,0,275,274,274,0,0,0,1,0,0,0,0,22,302,94,65,29,0,0,0,11,0,11,0,0,0,0,0,0,0,14,14,0,0,119,421
Delhi,Eow,0,0,0,0,0,0,0,0,0,0,0,0,0,0,0,0,0,0,0,0,0,0,0,0,0,0,0,0,0,0,0,0,0,0,0,0,0,0,0,0,0,0,0,0,0,0,0,0,0,0,0,0,0,0,0,0,0,0,0,0,0,0
Delhi,Igi Airport,0,0,0,0,0,0,0,0,0,0,0,0,0,0,0,0,0,0,0,0,0,0,0,0,0,0,0,1,1,1,0,0,0,0,0,0,0,0,0,1,0,0,0,0,0,0,0,0,0,0,0,0,0,0,0,0,0,0,0,0,0,1
Delhi,Metro,0,0,0,0,0,0,0,0,0,0,0,1,0,0,0,0,0,0,0,0,0,0,0,0,0,0,0,5,5,4,1,0,0,0,0,0,0,0,1,7,1,0,1,0,0,0,0,0,0,0,0,0,0,0,0,0,0,0,0,0,1,8
Delhi,New Delhi,0,0,0,0,0,0,0,0,0,0,0,0,0,0,0,0,0,0,0,0,0,0,0,0,0,0,1,27,27,22,5,0,0,0,0,0,0,0,3,31,8,7,1,0,0,0,0,0,0,0,0,0,0,0,0,0,0,0,0,0,8,39
Delhi,North,0,0,0,0,0,0,0,0,0,0,0,2,0,0,0,0,0,0,0,0,0,0,0,0,0,0,0,263,263,243,20,0,0,0,0,0,0,0,5,270,78,47,31,0,0,0,0,0,0,0,0,0,0,6,0,0,0,0,0,6,90,360
Delhi,North-East,0,0,0,0,0,0,0,0,0,0,0,0,0,0,0,0,0,0,0,0,0,4,0,4,1,6,0,569,569,201,368,0,0,0,0,0,0,0,0,580,138,94,44,0,0,0,7,1,6,0,0,0,0,3,0,0,0,0,0,3,151,731
Delhi,North-West,0,0,0,0,0,0,0,0,0,0,0,4,0,0,0,0,0,0,0,0,0,6,1,5,1,5,1,316,316,203,113,0,0,0,0,0,0,0,6,339,100,77,23,0,0,0,3,0,3,0,0,0,0,1,0,0,17,17,0,0,121,460
Delhi,Outer,0,0,0,0,0,0,0,0,0,0,0,5,0,0,0,0,0,0,0,0,0,3,0,3,0,2,7,461,460,433,27,0,0,1,0,0,0,0,8,486,138,92,46,0,0,0,4,0,4,0,0,0,0,0,0,0,14,14,0,0,156,642
Delhi,Railway,0,0,0,0,0,0,0,0,0,1,0,5,0,0,0,0,0,0,0,0,0,0,0,0,1,0,0,20,19,19,0,0,0,1,0,0,0,0,4,31,1,1,0,0,0,0,0,0,0,0,0,0,0,0,0,0,0,0,0,0,1,32
Delhi,South,0,0,0,0,0,0,0,0,0,0,0,0,0,0,0,0,0,0,0,0,0,2,0,2,0,12,0,362,361,0,361,0,0,1,0,0,0,0,4,380,153,101,50,2,0,0,1,0,1,0,0,0,0,4,2,0,28,28,0,0,188,568
Delhi,South-East,0,0,0,0,0,0,0,0,3,0,0,4,0,0,0,0,0,0,0,0,0,4,0,4,1,11,2,456,456,0,456,0,0,0,0,0,0,0,2,483,135,94,39,2,0,0,6,0,6,1,0,0,1,8,1,0,4,4,0,0,155,638
Delhi,South-West,0,0,0,0,0,0,0,0,0,0,0,7,0,0,0,0,0,0,0,0,0,2,0,2,1,4,0,352,350,350,0,0,0,2,0,0,0,0,7,373,86,61,22,3,0,0,15,0,15,0,0,0,0,1,0,0,9,9,0,0,111,484
Delhi,Spl Cell,0,0,0,0,0,0,0,0,0,0,0,0,0,0,0,0,0,0,0,0,0,0,0,0,0,0,0,0,0,0,0,0,0,0,0,0,0,0,0,0,1,0,0,0,1,0,0,0,0,0,0,0,0,0,0,0,0,0,0,0,1,1
Delhi,Spuwac,0,0,0,0,0,0,0,0,0,0,0,0,0,0,0,0,0,0,0,0,0,0,0,0,0,0,0,0,0,0,0,0,0,0,0,0,0,0,0,0,0,0,0,0,0,0,0,0,0,0,0,0,0,0,0,0,0,0,0,0,0,0
Delhi,Vigilance,0,0,0,0,0,0,0,0,0,0,0,0,0,0,0,0,0,0,0,0,0,0,0,0,0,0,0,0,0,0,0,0,0,0,0,0,0,0,0,0,0,0,0,0,0,0,0,0,0,0,0,0,0,0,0,0,0,0,0,0,0,0
Delhi,West,0,0,0,0,0,0,0,0,0,0,0,7,0,0,0,0,0,0,0,0,0,6,0,6,0,3,0,311,310,310,0,0,0,0,0,0,0,1,4,331,77,42,29,6,0,0,4,0,4,0,0,0,0,14,0,0,21,21,0,0,116,447
Delhi,Rohini,0,0,0,0,0,0,0,0,0,0,0,6,0,0,0,0,0,0,0,0,0,2,0,2,0,4,1,339,339,212,127,0,0,0,0,0,0,0,20,372,103,76,24,3,0,0,11,0,11,0,0,0,0,0,0,0,1,0,1,0,115,487
Delhi,Shahdara,0,0,0,0,0,0,0,0,0,0,0,1,0,1,1,0,0,0,0,0,0,1,0,1,0,2,3,267,266,143,123,0,0,0,0,0,0,1,34,309,71,40,31,0,0,0,1,0,1,0,0,0,0,0,0,0,3,2,1,0,75,384
Delhi,Dwarka,0,0,0,0,0,0,0,0,1,1,0,2,0,0,0,0,0,0,0,0,0,2,0,2,1,5,0,472,472,472,0,0,0,0,0,0,0,0,10,494,130,87,38,5,0,0,4,0,4,0,0,0,0,10,1,0,23,23,0,0,168,662
Delhi,Outer North,0,0,0,0,0,0,0,0,0,0,0,6,0,0,0,0,0,0,0,0,0,11,3,8,0,10,4,729,729,667,62,0,0,0,0,0,0,0,93,853,153,96,56,1,0,0,5,0,5,0,0,0,0,0,0,0,13,13,0,0,171,1024
Jammu & Kashmir,Anantnag,0,0,0,0,0,0,0,0,0,0,0,2,0,0,0,0,0,0,0,0,0,0,0,0,0,0,0,48,48,0,48,0,0,0,0,0,0,0,5,55,15,15,0,0,0,0,0,0,0,0,0,0,0,0,0,0,0,0,0,0,15,70
Jammu & Kashmir,Awantipora,0,0,0,0,0,0,0,0,2,0,0,0,0,0,0,0,0,0,0,0,0,0,0,0,0,0,0,2,2,0,2,0,0,0,0,0,0,0,4,8,5,5,0,0,0,0,0,0,0,0,0,0,0,0,0,0,0,0,0,0,5,13
Jammu & Kashmir,Bandipora,0,0,0,0,0,0,0,0,6,0,0,0,0,0,0,0,0,0,0,0,0,0,0,0,0,0,0,0,0,0,0,0,0,0,0,0,0,0,1,7,11,0,11,0,0,0,0,0,0,0,0,0,0,0,0,0,0,0,0,0,11,18
Jammu & Kashmir,Baramulla,0,0,0,0,0,0,0,0,0,0,0,0,0,0,0,0,0,0,0,0,0,0,0,0,0,0,0,0,0,0,0,0,0,0,0,0,0,0,0,0,19,15,1,0,3,0,0,0,0,2,2,0,0,0,0,0,0,0,0,0,21,21
Jammu & Kashmir,Budgam,0,0,0,0,0,0,0,0,0,0,0,0,0,0,0,0,0,0,0,0,0,1,0,1,0,0,0,0,0,0,0,0,0,0,0,0,0,0,15,16,20,15,0,5,0,0,0,0,0,0,0,0,0,0,0,0,0,0,0,0,20,36
Jammu & Kashmir,Special Crime Wing Jammu,0,0,0,0,0,0,0,0,0,0,0,0,0,0,0,0,0,0,0,0,0,0,0,0,0,0,0,0,0,0,0,0,0,0,0,0,0,0,0,0,0,0,0,0,0,0,0,0,0,0,0,0,0,0,0,0,0,0,0,0,0,0
Jammu & Kashmir,Special Crime Wing Kashmir,0,0,0,0,0,0,0,0,0,0,0,0,0,0,0,0,0,0,0,0,0,0,0,0,0,0,0,0,0,0,0,0,0,0,0,0,0,0,0,0,0,0,0,0,0,0,0,0,0,0,0,0,0,0,0,0,0,0,0,0,0,0
Jammu & Kashmir,Doda,0,0,0,0,0,0,0,0,0,0,0,0,0,0,0,0,0,0,0,0,0,0,0,0,0,0,0,0,0,0,0,0,0,0,0,0,0,0,0,0,13,13,0,0,0,0,0,0,0,0,0,0,0,0,0,0,0,0,0,0,13,13
Jammu & Kashmir,Ganderbal,0,0,1,0,0,0,0,0,0,1,0,0,0,0,0,0,0,0,2,1,0,0,0,0,0,0,0,16,16,13,3,0,0,0,0,0,0,0,4,22,12,9,0,0,0,3,0,0,0,0,0,0,0,0,0,0,0,0,0,0,12,34
Jammu & Kashmir,Handwara,0,0,0,0,0,0,0,0,0,0,0,0,0,0,0,0,0,0,0,0,0,0,0,0,0,0,0,16,16,0,16,0,0,0,0,0,0,0,0,16,7,7,0,0,0,0,0,0,0,0,0,0,0,0,0,0,0,0,0,0,7,23
Jammu & Kashmir,Jammu,0,0,0,0,0,0,0,0,0,0,0,0,0,0,0,0,0,0,0,0,0,0,0,0,0,0,0,104,48,0,48,0,0,0,0,0,0,56,12,116,26,16,8,0,2,0,0,0,0,0,0,0,0,0,0,0,0,0,0,1,27,143
Jammu & Kashmir,Kathua,0,0,0,0,0,0,0,0,0,0,0,1,0,0,0,0,0,0,0,0,0,0,0,0,0,0,0,33,33,0,33,0,0,0,0,0,0,0,0,34,16,15,0,1,0,0,0,0,0,0,0,0,0,0,1,0,0,0,0,0,17,51
Jammu & Kashmir,Kishtwar,0,0,0,0,0,0,0,0,0,0,0,0,0,0,0,0,0,0,0,0,0,1,0,1,0,0,0,13,13,0,13,0,0,0,0,0,0,0,0,14,9,7,2,0,0,0,0,0,0,0,0,0,0,0,1,0,0,0,0,2,12,26
Jammu & Kashmir,Kulgam,0,0,0,0,0,0,0,0,0,0,0,0,0,0,0,0,0,0,0,0,0,0,0,0,0,0,0,0,0,0,0,0,0,0,0,0,0,0,0,0,13,13,0,0,0,0,0,0,0,0,0,0,0,0,0,0,0,0,0,0,13,13
Jammu & Kashmir,Kupwara,0,0,0,0,0,0,0,0,0,0,0,0,0,0,0,0,0,0,0,0,0,0,0,0,0,0,0,8,8,0,8,0,0,0,0,0,0,0,4,12,16,16,0,0,0,0,0,0,0,0,0,0,0,0,0,0,0,0,0,0,16,28
Jammu & Kashmir,Poonch,1,0,0,0,0,0,0,0,0,0,1,1,0,0,0,0,0,0,0,0,0,1,0,1,0,0,0,29,29,15,14,0,0,0,0,0,0,0,4,37,13,10,3,0,0,0,0,0,0,0,0,0,0,0,1,0,0,0,0,0,14,51
Jammu & Kashmir,Pulwama,0,0,1,0,0,0,0,0,0,0,0,0,0,0,0,0,0,0,0,0,0,0,0,0,0,0,0,6,6,4,2,0,0,0,0,0,0,0,0,7,6,6,0,0,0,0,0,0,0,0,0,0,0,0,0,0,0,0,0,0,6,13
Jammu & Kashmir,Railways Jammu,0,0,0,0,0,0,0,0,0,0,0,0,0,0,0,0,0,0,0,0,0,0,0,0,0,0,0,1,1,0,1,0,0,0,0,0,0,0,0,1,0,0,0,0,0,0,0,0,0,0,0,0,0,0,0,0,0,0,0,0,0,1
Jammu & Kashmir,Railways Kashmir,0,0,0,0,0,0,0,0,0,0,0,0,0,0,0,0,0,0,0,0,0,0,0,0,0,0,0,0,0,0,0,0,0,0,0,0,0,0,0,0,0,0,0,0,0,0,0,0,0,0,0,0,0,0,0,0,0,0,0,0,0,0
Jammu & Kashmir,Railways Katra,0,0,0,0,0,0,0,0,0,0,0,0,0,0,0,0,0,0,0,0,0,0,0,0,0,0,0,0,0,0,0,0,0,0,0,0,0,0,0,0,0,0,0,0,0,0,0,0,0,0,0,0,0,0,0,0,0,0,0,0,0,0
Jammu & Kashmir,Rajouri,0,0,0,0,0,0,0,0,0,0,0,3,0,0,0,0,0,0,0,0,0,2,0,2,1,1,0,42,42,19,23,0,0,0,0,0,0,0,9,58,24,19,5,0,0,0,1,0,1,0,0,0,0,0,1,0,0,0,0,0,26,84
Jammu & Kashmir,Ramban,8,0,1,0,0,0,0,0,0,0,0,0,0,0,0,0,0,0,0,0,0,0,0,0,0,0,0,2,2,0,2,0,0,0,0,0,0,0,27,38,9,6,3,0,0,0,0,0,0,0,0,0,0,0,0,0,0,0,0,0,9,47
Jammu & Kashmir,Reasi,0,0,0,0,0,0,0,0,0,2,0,0,0,0,0,0,0,0,0,0,0,0,0,0,0,0,0,25,25,25,0,0,0,0,0,0,0,0,30,57,19,15,4,0,0,0,1,1,0,0,0,0,0,0,0,0,0,0,0,0,20,77
Jammu & Kashmir,Samba,0,0,0,0,0,0,0,0,0,0,0,0,0,0,0,0,0,0,0,0,0,0,0,0,0,0,0,29,29,15,14,0,0,0,0,0,0,0,0,29,9,8,1,0,0,0,0,0,0,0,0,0,0,0,0,0,0,0,0,0,9,38
Jammu & Kashmir,Shopian,0,0,0,0,0,0,0,0,0,0,0,0,0,0,0,0,0,0,0,0,0,0,0,0,0,0,0,0,0,0,0,0,0,0,0,0,0,0,0,0,5,5,0,0,0,0,0,0,0,0,0,0,0,0,0,0,0,0,0,0,5,5
Jammu & Kashmir,Sopore,0,0,0,0,0,0,0,0,0,1,0,1,0,0,0,0,0,0,0,0,0,0,0,0,0,0,0,16,16,0,16,0,0,0,0,0,0,0,0,18,11,4,7,0,0,0,0,0,0,0,0,0,0,0,0,0,0,0,0,0,11,29
Jammu & Kashmir,Srinagar,0,0,0,0,0,0,0,0,0,0,0,0,0,0,0,0,0,0,0,0,0,0,0,0,0,0,0,0,0,0,0,0,0,0,0,0,0,0,0,0,16,0,16,0,0,0,0,0,0,0,0,0,0,0,0,0,0,0,0,0,16,16
Jammu & Kashmir,Udhampur,0,0,0,0,0,0,0,0,0,0,0,0,0,0,0,0,0,0,0,0,0,0,0,0,0,0,0,22,22,22,0,0,0,0,0,0,0,0,0,22,14,9,4,1,0,0,0,0,0,0,0,0,0,0,0,0,0,0,0,0,14,36
Jammu & Kashmir,Cyber Crime Jammu,0,0,0,0,0,0,0,0,0,0,0,0,0,0,0,0,0,0,0,0,0,0,0,0,0,0,0,0,0,0,0,0,0,0,0,0,0,0,0,0,0,0,0,0,0,0,0,0,0,0,0,0,0,0,0,0,0,0,0,0,0,0
Jammu & Kashmir,Cyber Crime Kashmir,0,0,0,0,0,0,0,0,0,0,0,0,0,0,0,0,0,0,0,0,0,0,0,0,0,0,0,0,0,0,0,0,0,0,0,0,0,0,0,0,0,0,0,0,0,0,0,0,0,0,0,0,0,0,0,0,1,1,0,0,1,1
Jammu & Kashmir,Anti Narcotic Task Force Jammu,0,0,0,0,0,0,0,0,0,0,0,0,0,0,0,0,0,0,0,0,0,0,0,0,0,0,0,0,0,0,0,0,0,0,0,0,0,0,0,0,0,0,0,0,0,0,0,0,0,0,0,0,0,0,0,0,0,0,0,0,0,0
Jammu & Kashmir,Anti Narcotic Task Force Kashmir,0,0,0,0,0,0,0,0,0,0,0,0,0,0,0,0,0,0,0,0,0,0,0,0,0,0,0,0,0,0,0,0,0,0,0,0,0,0,0,0,0,0,0,0,0,0,0,0,0,0,0,0,0,0,0,0,0,0,0,0,0,0
Jammu & Kashmir,Eow Jammu,0,0,0,0,0,0,0,0,0,0,0,0,0,0,0,0,0,0,0,0,0,0,0,0,0,0,0,0,0,0,0,0,0,0,0,0,0,0,0,0,0,0,0,0,0,0,0,0,0,0,0,0,0,0,0,0,0,0,0,0,0,0
Jammu & Kashmir,Eow Kashmir,0,0,0,0,0,0,0,0,0,0,0,0,0,0,0,0,0,0,0,0,0,0,0,0,0,0,0,0,0,0,0,0,0,0,0,0,0,0,0,0,0,0,0,0,0,0,0,0,0,0,0,0,0,0,0,0,0,0,0,0,0,0
Jammu & Kashmir,Cice Jammu,0,0,0,0,0,0,0,0,0,0,0,0,0,0,0,0,0,0,0,0,0,0,0,0,0,0,0,0,0,0,0,0,0,0,0,0,0,0,0,0,0,0,0,0,0,0,0,0,0,0,0,0,0,0,0,0,0,0,0,0,0,0
Jammu & Kashmir,Cice Kashmir,0,0,0,0,0,0,0,0,0,0,0,0,0,0,0,0,0,0,0,0,0,0,0,0,0,0,0,0,0,0,0,0,0,0,0,0,0,0,0,0,0,0,0,0,0,0,0,0,0,0,0,0,0,0,0,0,0,0,0,0,0,0
Ladakh,Kargil,0,0,0,0,0,0,0,0,0,0,0,0,0,0,0,0,0,0,0,0,0,0,0,0,0,0,0,0,0,0,0,0,0,0,0,0,0,0,0,0,3,3,0,0,0,0,0,0,0,0,0,0,0,0,0,0,0,0,0,0,3,3
Ladakh,Leh,0,0,0,0,0,0,0,0,0,0,0,1,0,0,0,0,0,0,0,0,0,0,0,0,0,0,0,3,3,0,3,0,0,0,0,0,0,0,6,10,3,1,2,0,0,0,1,0,1,0,0,0,0,0,0,0,0,0,0,0,4,14
Lakshadweep,Lakshadweep,0,0,0,0,0,0,0,0,0,0,0,0,0,0,0,0,0,0,0,0,0,0,0,0,0,0,0,0,0,0,0,0,0,0,0,0,0,0,0,0,6,1,4,0,1,0,0,0,0,0,0,0,0,0,0,0,0,0,0,0,6,6
Puducherry,Karaikal,0,0,0,0,0,0,0,0,0,0,0,0,0,0,0,0,0,0,0,0,0,2,2,0,0,0,0,4,4,4,0,0,0,0,0,0,0,0,0,6,22,11,5,6,0,0,0,0,0,0,0,0,0,0,1,0,0,0,0,0,23,29
Puducherry,Puducherry,0,0,0,0,0,0,0,0,0,0,0,0,0,0,0,0,0,0,0,0,0,1,1,0,0,0,0,15,14,14,0,0,0,0,0,0,0,1,29,45,115,71,22,22,0,0,0,0,0,0,0,0,0,4,0,0,0,0,0,0,119,164
