state,district,sc_scst_prevention_of_atrocities_act_1989_rw_ipcbns_cases_total,sc_scst_prevention_of_atrocities_act_1989_rw_ipcbns_cases_rape_sec_64_6870_71_bnssec376_ipc_rape_total_ab,sc_a_rape_of_women_above_18_years,sc_b_rape_of_children_children_below_18_yrs_64_6870_71_bns_or_section_46_of_pocso_or_pocso_46_rw_64_68rw_376_ipc_or_64_6870_71bns,sc_attempt_to_commit_rape_section_64_6870_71_rw_62_bnssection_376511_ipc,sc_assault_on_women_with_intent_to_outrage_her_modesty_section_74_bnssec354_ipc_assault_on_women_with_intent_to_outrage_her_modesty_total_ab,sc_a_assault_of_women_above_18_yrs,sc_bassault_of_children_bns_74_or_pocso_act_810_or_pocso_act_sec_810_rw_74_bns_children_below_18yrs,sc_sexual_harassment_section_75_bnssection_354a_ipc_sexual_harassment_total_ab,sc_a_sexual_harassment_of_women_above_18_yrs,sc_b_sexual_harassment_of_children_below_18_yrs_bns_75_or_pocso_sec_12_or_pocso_sec_12_rw_75_bns,sc_assault_or_use_of_criminal_force_to_women_with_intent_to_disrobe_section_76_bnssection_354b_ipc,sc_voyeurism_section_77_bnssection_354c_ipc,sc_stalking_section_78_bnssection_354d_ipc,sc_insult_to_the_modesty_of_women_section_79_bnssection_509_ipc,sc_kidnapping_or_abduction_or_inducing_of_girls_to_compel_for_marriage_section_87_bnssection_366_ipc,sc_procuration_of_children_section_96_bnssection_366a_ipc_procuration_of_children_total_ab,sc_a_procuration_of_girls,sc_b_procuration_of_boys,sc_murder_section_103_104_bns_section_302_ipc,sc_attempt_to_commit_murder_section_109_bnssection_307_ipc,sc_grievous_hurt_section_1172_11812121132125124etc_bns_grievous_hurt_total_abcd,sc_a_grievous_hurt_section_1172_bnssection_325_326_ipc,sc_b_acid_attack_section_1241_bnssection_326a_ipc,sc_c_attempt_to_acid_attack_section_1242_bnssection_326a_ipc,sc_d_other_hurt_or_grievous_hurt_sections_11812121132125124_etc_bnssecs_329331333335_ipc,sc_kidnapping_abduction_section_137_138_bnssection_363363a_364364a_365_366_366a_367_368_369_ipc_kidnapping_abduction_total,sc_ka_section_137_138_bnssection_363_ipc_total_abc,sc_a_missing_children_deemed_as_kidnapped,sc_b_children_kidnapped_section_137_138,sc_c_kidnapping_abduction_of_adults,sc_k_a_for_the_purpose_of_begging_section_139_bnssection_363a_ipc,sc_ka_in_order_to_murder_section_1401_bnssection_364_ipc,sc_kidnapping_for_ransom_etc_section_1402_bnssection_364a_ipc,sc_other_kidnapping_abduction_sec_14034_142_97_bnssec_365_366b_367_368_369_ipc,sc_rioting_sections_1901896189519121913_bnssections_147_151_ipc,sc_robbery_section_30943096_311_bnssection_392_to_394_397_398_ipc,sc_dacoity_section_3102_3103_311_bnssection_395396_397_398_ipc_total_ab,sc_a_dacoity_with_murder_section_3103311_bnssection_396_ipc,sc_b_dacoity_section_3102_bnssection_395396_397_398_ipc,sc_arson_section_326f_326g_3272_bnssection_435_436_438_ipc,sc_other_ipcbns_crimes,sc_sc_st_prevention_of_atrocities_act_only_without_ipcbns_sc_st_prevention_of_atrocities_act_only_without_ipcbns_total_abcde,sc_a_intentionally_insult_or_intimidate_with_intent_to_humiliate_section_3a_3e_3i_3r_3s,sc_b_occupydisposes_land_belongs_to_scsstssection_3f_3g,sc_c_prevent_or_deny_or_obstruct_usage_of_public_placepassage_water_bodytempleetc_section_3y_3za,sc_d_force_to_leave_place_of_residencesocial_boycott_section_3z_3zc,sc_e_other_offences_poa_act_without_ipcbns_only,sc_total_of_scst_prevention_of_atrocities_act_sum_with_ipcbns_without_ipcbns_crimes,sc_protection_of_civil_rights_act_1955,sc_total_crimeatrocities_against_scheduled_castes_ipcbnssll_crimes
Andhra Pradesh,Alluri Sitharama Raju,1,0,0,0,0,0,0,0,0,0,0,0,0,0,0,0,0,0,0,0,0,0,0,0,0,0,0,0,0,0,0,0,0,0,0,0,0,0,0,0,0,1,2,1,0,0,0,1,3,0,3
Andhra Pradesh,Anakapalli,45,2,0,2,0,2,2,0,0,0,0,0,1,1,1,0,0,0,0,2,5,2,0,0,0,2,1,1,0,0,1,0,0,0,0,1,0,0,0,0,1,26,10,0,0,0,0,10,55,1,56
Andhra Pradesh,Anantapuramu,132,4,4,0,1,8,8,0,3,3,0,0,0,2,3,2,0,0,0,3,7,19,1,0,0,18,2,2,0,0,2,0,0,0,0,2,0,0,0,0,1,75,5,5,0,0,0,0,137,0,137
Andhra Pradesh,Annamayya,42,1,0,1,0,0,0,0,0,0,0,0,0,0,0,0,0,0,0,1,2,0,0,0,0,0,0,0,0,0,0,0,0,0,0,0,0,0,0,0,0,38,0,0,0,0,0,0,42,0,42
Andhra Pradesh,Bapatla,78,3,1,2,0,3,3,0,2,2,0,0,0,1,0,0,0,0,0,1,3,0,0,0,0,0,0,0,0,0,0,0,0,0,0,0,0,0,0,0,0,65,1,1,0,0,0,0,79,0,79
Andhra Pradesh,Chittoor,65,5,2,3,0,1,1,0,0,0,0,0,0,0,0,0,0,0,0,0,2,16,1,0,0,15,0,0,0,0,0,0,0,0,0,0,0,0,0,0,0,41,3,3,0,0,0,0,68,0,68
Andhra Pradesh,Dr Br Ambedkar Konaseema,37,5,2,3,0,3,3,0,0,0,0,0,0,1,1,0,0,0,0,0,2,1,0,0,0,1,2,0,0,0,0,0,0,0,2,0,0,0,0,0,0,22,2,1,0,0,0,1,39,0,39
Andhra Pradesh,East Godavari,66,8,4,4,0,5,4,1,1,1,0,0,1,0,3,1,0,0,0,0,4,4,1,0,0,3,0,0,0,0,0,0,0,0,0,2,0,0,0,0,0,37,2,2,0,0,0,0,68,1,69
Andhra Pradesh,Eluru,94,15,5,10,0,9,6,3,1,1,0,2,0,2,2,0,0,0,0,1,5,7,1,0,0,6,0,0,0,0,0,0,0,0,0,0,0,0,0,0,0,50,0,0,0,0,0,0,94,0,94
Andhra Pradesh,Guntakal Railway,0,0,0,0,0,0,0,0,0,0,0,0,0,0,0,0,0,0,0,0,0,0,0,0,0,0,0,0,0,0,0,0,0,0,0,0,0,0,0,0,0,0,0,0,0,0,0,0,0,0,0
Andhra Pradesh,Guntur,105,6,1,5,1,2,1,1,5,5,0,0,0,0,12,0,0,0,0,6,6,9,0,0,0,9,4,3,1,0,2,0,0,1,0,3,0,0,0,0,0,51,0,0,0,0,0,0,105,0,105
Andhra Pradesh,Kakinada,58,9,1,8,0,3,2,1,2,2,0,0,0,1,0,0,0,0,0,3,1,3,0,0,0,3,0,0,0,0,0,0,0,0,0,1,0,0,0,0,0,35,3,2,0,0,0,1,61,0,61
Andhra Pradesh,Krishna,69,14,14,0,0,10,10,0,0,0,0,0,0,0,6,0,0,0,0,1,2,6,0,0,0,6,0,0,0,0,0,0,0,0,0,0,0,0,0,0,0,30,1,0,0,0,0,1,70,0,70
Andhra Pradesh,Kurnool,108,3,2,1,0,10,10,0,3,1,2,0,0,0,2,0,0,0,0,3,3,15,0,0,0,15,0,0,0,0,0,0,0,0,0,0,0,0,0,0,0,69,4,4,0,0,0,0,112,0,112
Andhra Pradesh,Nandyal,40,1,0,1,0,0,0,0,0,0,0,0,0,0,0,0,0,0,0,0,0,19,0,0,0,19,0,0,0,0,0,0,0,0,0,0,0,0,0,0,8,12,0,0,0,0,0,0,40,0,40
Andhra Pradesh,Ntr,68,13,6,7,0,8,7,1,5,5,0,0,0,3,7,0,0,0,0,2,4,0,0,0,0,0,1,0,0,0,0,0,0,0,1,0,0,0,0,0,0,25,0,0,0,0,0,0,68,0,68
Andhra Pradesh,Palnadu,85,2,1,1,0,3,3,0,2,2,0,0,0,0,7,0,0,0,0,3,2,13,0,0,0,13,1,1,0,0,1,0,0,0,0,11,0,0,0,0,1,40,0,0,0,0,0,0,85,0,85
Andhra Pradesh,Parvathipuram Manyam,23,5,4,1,0,2,2,0,0,0,0,0,0,0,2,0,0,0,0,0,0,2,0,0,0,2,0,0,0,0,0,0,0,0,0,0,0,0,0,0,0,12,0,0,0,0,0,0,23,0,23
Andhra Pradesh,Prakasam,127,4,0,4,0,9,7,2,2,2,0,0,0,2,0,1,0,0,0,1,5,18,0,0,0,18,0,0,0,0,0,0,0,0,0,2,0,0,0,0,1,82,2,2,0,0,0,0,129,0,129
Andhra Pradesh,Sri Potti Sriramulu Nellore,85,5,2,3,0,3,3,0,1,1,0,0,0,1,4,1,0,0,0,4,3,0,0,0,0,0,0,0,0,0,0,0,0,0,0,1,0,0,0,0,0,62,3,0,0,0,0,3,88,0,88
Andhra Pradesh,Sri Sathya Sai,77,5,4,1,1,7,6,1,2,2,0,0,0,1,1,0,0,0,0,4,4,8,0,0,0,8,0,0,0,0,0,0,0,0,0,1,0,0,0,0,0,43,2,2,0,0,0,0,79,0,79
Andhra Pradesh,Srikakulam,57,3,1,2,0,0,0,0,0,0,0,0,0,0,0,0,0,0,0,1,2,10,0,0,0,10,0,0,0,0,0,0,0,0,0,1,0,0,0,0,0,40,2,2,0,0,0,0,59,0,59
Andhra Pradesh,Tirupati,73,4,4,0,0,0,0,0,0,0,0,0,0,0,0,0,0,0,0,6,0,23,13,0,0,10,0,0,0,0,0,0,0,0,0,0,0,0,0,0,2,38,2,0,0,0,0,2,75,0,75
Andhra Pradesh,Viiayawada Railway,0,0,0,0,0,0,0,0,0,0,0,0,0,0,0,0,0,0,0,0,0,0,0,0,0,0,0,0,0,0,0,0,0,0,0,0,0,0,0,0,0,0,0,0,0,0,0,0,0,0,0
Andhra Pradesh,Visakhapatnam,113,23,16,7,0,5,5,0,0,0,0,0,0,0,2,0,0,0,0,3,8,4,1,0,0,3,1,1,1,0,0,0,0,0,0,0,0,0,0,0,0,67,4,4,0,0,0,0,117,3,120
Andhra Pradesh,Vizianagaram,68,12,7,5,0,4,4,0,1,1,0,1,0,2,6,0,0,0,0,1,1,7,0,0,0,7,0,0,0,0,0,0,0,0,0,0,0,0,0,0,0,33,1,1,0,0,0,0,69,0,69
Andhra Pradesh,West Godavari,24,9,2,7,0,7,6,1,1,0,1,1,0,0,4,0,0,0,0,0,2,0,0,0,0,0,0,0,0,0,0,0,0,0,0,0,0,0,0,0,0,0,0,0,0,0,0,0,24,0,24
Andhra Pradesh,Ysr,25,0,0,0,0,2,2,0,0,0,0,0,0,0,0,0,0,0,0,0,3,2,0,0,0,2,1,0,0,0,0,0,0,0,1,0,0,0,0,0,0,17,4,2,0,0,0,2,29,0,29
Arunachal Pradesh,Anjaw,0,0,0,0,0,0,0,0,0,0,0,0,0,0,0,0,0,0,0,0,0,0,0,0,0,0,0,0,0,0,0,0,0,0,0,0,0,0,0,0,0,0,0,0,0,0,0,0,0,0,0
Arunachal Pradesh,Changlang,0,0,0,0,0,0,0,0,0,0,0,0,0,0,0,0,0,0,0,0,0,0,0,0,0,0,0,0,0,0,0,0,0,0,0,0,0,0,0,0,0,0,0,0,0,0,0,0,0,0,0
Arunachal Pradesh,Crime Branch,0,0,0,0,0,0,0,0,0,0,0,0,0,0,0,0,0,0,0,0,0,0,0,0,0,0,0,0,0,0,0,0,0,0,0,0,0,0,0,0,0,0,0,0,0,0,0,0,0,0,0
Arunachal Pradesh,Dibang Valley,0,0,0,0,0,0,0,0,0,0,0,0,0,0,0,0,0,0,0,0,0,0,0,0,0,0,0,0,0,0,0,0,0,0,0,0,0,0,0,0,0,0,0,0,0,0,0,0,0,0,0
Arunachal Pradesh,Kameng East,0,0,0,0,0,0,0,0,0,0,0,0,0,0,0,0,0,0,0,0,0,0,0,0,0,0,0,0,0,0,0,0,0,0,0,0,0,0,0,0,0,0,0,0,0,0,0,0,0,0,0
Arunachal Pradesh,Kameng West,0,0,0,0,0,0,0,0,0,0,0,0,0,0,0,0,0,0,0,0,0,0,0,0,0,0,0,0,0,0,0,0,0,0,0,0,0,0,0,0,0,0,0,0,0,0,0,0,0,0,0
Arunachal Pradesh,Kurung Kumey,0,0,0,0,0,0,0,0,0,0,0,0,0,0,0,0,0,0,0,0,0,0,0,0,0,0,0,0,0,0,0,0,0,0,0,0,0,0,0,0,0,0,0,0,0,0,0,0,0,0,0
Arunachal Pradesh,Lohit,0,0,0,0,0,0,0,0,0,0,0,0,0,0,0,0,0,0,0,0,0,0,0,0,0,0,0,0,0,0,0,0,0,0,0,0,0,0,0,0,0,0,0,0,0,0,0,0,0,0,0
Arunachal Pradesh,Longding,0,0,0,0,0,0,0,0,0,0,0,0,0,0,0,0,0,0,0,0,0,0,0,0,0,0,0,0,0,0,0,0,0,0,0,0,0,0,0,0,0,0,0,0,0,0,0,0,0,0,0
Arunachal Pradesh,Lower Dibang Valley,0,0,0,0,0,0,0,0,0,0,0,0,0,0,0,0,0,0,0,0,0,0,0,0,0,0,0,0,0,0,0,0,0,0,0,0,0,0,0,0,0,0,0,0,0,0,0,0,0,0,0
Arunachal Pradesh,Papum Pare City,0,0,0,0,0,0,0,0,0,0,0,0,0,0,0,0,0,0,0,0,0,0,0,0,0,0,0,0,0,0,0,0,0,0,0,0,0,0,0,0,0,0,0,0,0,0,0,0,0,0,0
Arunachal Pradesh,Papum Pare Rural,0,0,0,0,0,0,0,0,0,0,0,0,0,0,0,0,0,0,0,0,0,0,0,0,0,0,0,0,0,0,0,0,0,0,0,0,0,0,0,0,0,0,0,0,0,0,0,0,0,0,0
Arunachal Pradesh,Siang East,0,0,0,0,0,0,0,0,0,0,0,0,0,0,0,0,0,0,0,0,0,0,0,0,0,0,0,0,0,0,0,0,0,0,0,0,0,0,0,0,0,0,0,0,0,0,0,0,0,0,0
Arunachal Pradesh,Siang Upper,0,0,0,0,0,0,0,0,0,0,0,0,0,0,0,0,0,0,0,0,0,0,0,0,0,0,0,0,0,0,0,0,0,0,0,0,0,0,0,0,0,0,0,0,0,0,0,0,0,0,0
Arunachal Pradesh,Siang West,0,0,0,0,0,0,0,0,0,0,0,0,0,0,0,0,0,0,0,0,0,0,0,0,0,0,0,0,0,0,0,0,0,0,0,0,0,0,0,0,0,0,0,0,0,0,0,0,0,0,0
Arunachal Pradesh,Subansiri Lower,0,0,0,0,0,0,0,0,0,0,0,0,0,0,0,0,0,0,0,0,0,0,0,0,0,0,0,0,0,0,0,0,0,0,0,0,0,0,0,0,0,0,0,0,0,0,0,0,0,0,0
Arunachal Pradesh,Subansiri Upper,0,0,0,0,0,0,0,0,0,0,0,0,0,0,0,0,0,0,0,0,0,0,0,0,0,0,0,0,0,0,0,0,0,0,0,0,0,0,0,0,0,0,0,0,0,0,0,0,0,0,0
Arunachal Pradesh,Tawang,0,0,0,0,0,0,0,0,0,0,0,0,0,0,0,0,0,0,0,0,0,0,0,0,0,0,0,0,0,0,0,0,0,0,0,0,0,0,0,0,0,0,0,0,0,0,0,0,0,0,0
Arunachal Pradesh,Tirap,0,0,0,0,0,0,0,0,0,0,0,0,0,0,0,0,0,0,0,0,0,0,0,0,0,0,0,0,0,0,0,0,0,0,0,0,0,0,0,0,0,0,0,0,0,0,0,0,0,0,0
Arunachal Pradesh,Namsai,0,0,0,0,0,0,0,0,0,0,0,0,0,0,0,0,0,0,0,0,0,0,0,0,0,0,0,0,0,0,0,0,0,0,0,0,0,0,0,0,0,0,0,0,0,0,0,0,0,0,0
Arunachal Pradesh,Siang,0,0,0,0,0,0,0,0,0,0,0,0,0,0,0,0,0,0,0,0,0,0,0,0,0,0,0,0,0,0,0,0,0,0,0,0,0,0,0,0,0,0,0,0,0,0,0,0,0,0,0
Arunachal Pradesh,Kamle,0,0,0,0,0,0,0,0,0,0,0,0,0,0,0,0,0,0,0,0,0,0,0,0,0,0,0,0,0,0,0,0,0,0,0,0,0,0,0,0,0,0,0,0,0,0,0,0,0,0,0
Arunachal Pradesh,Kra Dadi,0,0,0,0,0,0,0,0,0,0,0,0,0,0,0,0,0,0,0,0,0,0,0,0,0,0,0,0,0,0,0,0,0,0,0,0,0,0,0,0,0,0,0,0,0,0,0,0,0,0,0
Arunachal Pradesh,Lower Siang,0,0,0,0,0,0,0,0,0,0,0,0,0,0,0,0,0,0,0,0,0,0,0,0,0,0,0,0,0,0,0,0,0,0,0,0,0,0,0,0,0,0,0,0,0,0,0,0,0,0,0
Arunachal Pradesh,Leparada,0,0,0,0,0,0,0,0,0,0,0,0,0,0,0,0,0,0,0,0,0,0,0,0,0,0,0,0,0,0,0,0,0,0,0,0,0,0,0,0,0,0,0,0,0,0,0,0,0,0,0
Arunachal Pradesh,Shiyomi,0,0,0,0,0,0,0,0,0,0,0,0,0,0,0,0,0,0,0,0,0,0,0,0,0,0,0,0,0,0,0,0,0,0,0,0,0,0,0,0,0,0,0,0,0,0,0,0,0,0,0
Arunachal Pradesh,Pakkessang,1,0,0,0,0,0,0,0,0,0,0,0,0,0,0,0,0,0,0,0,1,0,0,0,0,0,0,0,0,0,0,0,0,0,0,0,0,0,0,0,0,0,0,0,0,0,0,0,1,0,1
Assam,Bieo,0,0,0,0,0,0,0,0,0,0,0,0,0,0,0,0,0,0,0,0,0,0,0,0,0,0,0,0,0,0,0,0,0,0,0,0,0,0,0,0,0,0,0,0,0,0,0,0,0,0,0
Assam,Barpeta,0,0,0,0,0,0,0,0,0,0,0,0,0,0,0,0,0,0,0,0,0,0,0,0,0,0,0,0,0,0,0,0,0,0,0,0,0,0,0,0,0,0,0,0,0,0,0,0,0,0,0
Assam,Baksa,1,0,0,0,0,0,0,0,0,0,0,0,0,0,0,0,0,0,0,0,0,0,0,0,0,0,0,0,0,0,0,0,0,0,0,0,0,0,0,0,0,1,0,0,0,0,0,0,1,0,1
Assam,Bongaigaon,0,0,0,0,0,0,0,0,0,0,0,0,0,0,0,0,0,0,0,0,0,0,0,0,0,0,0,0,0,0,0,0,0,0,0,0,0,0,0,0,0,0,0,0,0,0,0,0,0,0,0
Assam,Cid,0,0,0,0,0,0,0,0,0,0,0,0,0,0,0,0,0,0,0,0,0,0,0,0,0,0,0,0,0,0,0,0,0,0,0,0,0,0,0,0,0,0,0,0,0,0,0,0,0,0,0
Assam,Cachar,0,0,0,0,0,0,0,0,0,0,0,0,0,0,0,0,0,0,0,0,0,0,0,0,0,0,0,0,0,0,0,0,0,0,0,0,0,0,0,0,0,0,0,0,0,0,0,0,0,0,0
Assam,Chirang,0,0,0,0,0,0,0,0,0,0,0,0,0,0,0,0,0,0,0,0,0,0,0,0,0,0,0,0,0,0,0,0,0,0,0,0,0,0,0,0,0,0,0,0,0,0,0,0,0,0,0
Assam,Darrang,0,0,0,0,0,0,0,0,0,0,0,0,0,0,0,0,0,0,0,0,0,0,0,0,0,0,0,0,0,0,0,0,0,0,0,0,0,0,0,0,0,0,0,0,0,0,0,0,0,0,0
Assam,Dhemaji,1,0,0,0,0,0,0,0,0,0,0,0,0,0,0,0,0,0,0,0,0,1,0,0,0,1,0,0,0,0,0,0,0,0,0,0,0,0,0,0,0,0,0,0,0,0,0,0,1,0,1
Assam,Dhubri,0,0,0,0,0,0,0,0,0,0,0,0,0,0,0,0,0,0,0,0,0,0,0,0,0,0,0,0,0,0,0,0,0,0,0,0,0,0,0,0,0,0,1,1,0,0,0,0,1,0,1
Assam,Dibrugarh,0,0,0,0,0,0,0,0,0,0,0,0,0,0,0,0,0,0,0,0,0,0,0,0,0,0,0,0,0,0,0,0,0,0,0,0,0,0,0,0,0,0,0,0,0,0,0,0,0,0,0
Assam,Grp,0,0,0,0,0,0,0,0,0,0,0,0,0,0,0,0,0,0,0,0,0,0,0,0,0,0,0,0,0,0,0,0,0,0,0,0,0,0,0,0,0,0,0,0,0,0,0,0,0,0,0
Assam,Goalpara,0,0,0,0,0,0,0,0,0,0,0,0,0,0,0,0,0,0,0,0,0,0,0,0,0,0,0,0,0,0,0,0,0,0,0,0,0,0,0,0,0,0,0,0,0,0,0,0,0,0,0
Assam,Golaghat,0,0,0,0,0,0,0,0,0,0,0,0,0,0,0,0,0,0,0,0,0,0,0,0,0,0,0,0,0,0,0,0,0,0,0,0,0,0,0,0,0,0,1,0,0,0,0,1,1,0,1
Assam,Guwahati City,0,0,0,0,0,0,0,0,0,0,0,0,0,0,0,0,0,0,0,0,0,0,0,0,0,0,0,0,0,0,0,0,0,0,0,0,0,0,0,0,0,0,0,0,0,0,0,0,0,0,0
Assam,Hailakandi,0,0,0,0,0,0,0,0,0,0,0,0,0,0,0,0,0,0,0,0,0,0,0,0,0,0,0,0,0,0,0,0,0,0,0,0,0,0,0,0,0,0,0,0,0,0,0,0,0,0,0
Assam,Hamren,0,0,0,0,0,0,0,0,0,0,0,0,0,0,0,0,0,0,0,0,0,0,0,0,0,0,0,0,0,0,0,0,0,0,0,0,0,0,0,0,0,0,0,0,0,0,0,0,0,0,0
Assam,Jorhat,0,0,0,0,0,0,0,0,0,0,0,0,0,0,0,0,0,0,0,0,0,0,0,0,0,0,0,0,0,0,0,0,0,0,0,0,0,0,0,0,0,0,1,0,0,0,0,1,1,0,1
Assam,Kamrup,1,0,0,0,0,0,0,0,0,0,0,0,0,0,0,0,0,0,0,0,0,0,0,0,0,0,0,0,0,0,0,0,0,0,0,0,0,0,0,0,0,1,0,0,0,0,0,0,1,0,1
Assam,Karbi Anglong,0,0,0,0,0,0,0,0,0,0,0,0,0,0,0,0,0,0,0,0,0,0,0,0,0,0,0,0,0,0,0,0,0,0,0,0,0,0,0,0,0,0,0,0,0,0,0,0,0,0,0
Assam,Karimganj,0,0,0,0,0,0,0,0,0,0,0,0,0,0,0,0,0,0,0,0,0,0,0,0,0,0,0,0,0,0,0,0,0,0,0,0,0,0,0,0,0,0,0,0,0,0,0,0,0,0,0
Assam,Kokrajhar,0,0,0,0,0,0,0,0,0,0,0,0,0,0,0,0,0,0,0,0,0,0,0,0,0,0,0,0,0,0,0,0,0,0,0,0,0,0,0,0,0,0,0,0,0,0,0,0,0,0,0
Assam,Lakhimpur,0,0,0,0,0,0,0,0,0,0,0,0,0,0,0,0,0,0,0,0,0,0,0,0,0,0,0,0,0,0,0,0,0,0,0,0,0,0,0,0,0,0,0,0,0,0,0,0,0,0,0
Assam,Morigaon,0,0,0,0,0,0,0,0,0,0,0,0,0,0,0,0,0,0,0,0,0,0,0,0,0,0,0,0,0,0,0,0,0,0,0,0,0,0,0,0,0,0,0,0,0,0,0,0,0,0,0
Assam,Dima Hasao,0,0,0,0,0,0,0,0,0,0,0,0,0,0,0,0,0,0,0,0,0,0,0,0,0,0,0,0,0,0,0,0,0,0,0,0,0,0,0,0,0,0,0,0,0,0,0,0,0,0,0
Assam,Nagaon,0,0,0,0,0,0,0,0,0,0,0,0,0,0,0,0,0,0,0,0,0,0,0,0,0,0,0,0,0,0,0,0,0,0,0,0,0,0,0,0,0,0,0,0,0,0,0,0,0,0,0
Assam,Nalbari,0,0,0,0,0,0,0,0,0,0,0,0,0,0,0,0,0,0,0,0,0,0,0,0,0,0,0,0,0,0,0,0,0,0,0,0,0,0,0,0,0,0,0,0,0,0,0,0,0,0,0
Assam,Rpo,0,0,0,0,0,0,0,0,0,0,0,0,0,0,0,0,0,0,0,0,0,0,0,0,0,0,0,0,0,0,0,0,0,0,0,0,0,0,0,0,0,0,0,0,0,0,0,0,0,0,0
Assam,Sou,0,0,0,0,0,0,0,0,0,0,0,0,0,0,0,0,0,0,0,0,0,0,0,0,0,0,0,0,0,0,0,0,0,0,0,0,0,0,0,0,0,0,0,0,0,0,0,0,0,0,0
Assam,Stf,0,0,0,0,0,0,0,0,0,0,0,0,0,0,0,0,0,0,0,0,0,0,0,0,0,0,0,0,0,0,0,0,0,0,0,0,0,0,0,0,0,0,0,0,0,0,0,0,0,0,0
Assam,Sibsagar,0,0,0,0,0,0,0,0,0,0,0,0,0,0,0,0,0,0,0,0,0,0,0,0,0,0,0,0,0,0,0,0,0,0,0,0,0,0,0,0,0,0,0,0,0,0,0,0,0,0,0
Assam,Sonitpur,0,0,0,0,0,0,0,0,0,0,0,0,0,0,0,0,0,0,0,0,0,0,0,0,0,0,0,0,0,0,0,0,0,0,0,0,0,0,0,0,0,0,0,0,0,0,0,0,0,0,0
Assam,Tinsukia,0,0,0,0,0,0,0,0,0,0,0,0,0,0,0,0,0,0,0,0,0,0,0,0,0,0,0,0,0,0,0,0,0,0,0,0,0,0,0,0,0,0,1,0,0,0,0,1,1,0,1
Assam,Udalguri,0,0,0,0,0,0,0,0,0,0,0,0,0,0,0,0,0,0,0,0,0,0,0,0,0,0,0,0,0,0,0,0,0,0,0,0,0,0,0,0,0,0,0,0,0,0,0,0,0,0,0
Assam,Sadia,0,0,0,0,0,0,0,0,0,0,0,0,0,0,0,0,0,0,0,0,0,0,0,0,0,0,0,0,0,0,0,0,0,0,0,0,0,0,0,0,0,0,0,0,0,0,0,0,0,0,0
Assam,Majuli,0,0,0,0,0,0,0,0,0,0,0,0,0,0,0,0,0,0,0,0,0,0,0,0,0,0,0,0,0,0,0,0,0,0,0,0,0,0,0,0,0,0,0,0,0,0,0,0,0,0,0
Assam,Biswanath,0,0,0,0,0,0,0,0,0,0,0,0,0,0,0,0,0,0,0,0,0,0,0,0,0,0,0,0,0,0,0,0,0,0,0,0,0,0,0,0,0,0,0,0,0,0,0,0,0,0,0
Assam,Hojai,0,0,0,0,0,0,0,0,0,0,0,0,0,0,0,0,0,0,0,0,0,0,0,0,0,0,0,0,0,0,0,0,0,0,0,0,0,0,0,0,0,0,0,0,0,0,0,0,0,0,0
Assam,South Salmara,0,0,0,0,0,0,0,0,0,0,0,0,0,0,0,0,0,0,0,0,0,0,0,0,0,0,0,0,0,0,0,0,0,0,0,0,0,0,0,0,0,0,0,0,0,0,0,0,0,0,0
Assam,Charaideo,0,0,0,0,0,0,0,0,0,0,0,0,0,0,0,0,0,0,0,0,0,0,0,0,0,0,0,0,0,0,0,0,0,0,0,0,0,0,0,0,0,0,0,0,0,0,0,0,0,0,0
Assam,Bajali,0,0,0,0,0,0,0,0,0,0,0,0,0,0,0,0,0,0,0,0,0,0,0,0,0,0,0,0,0,0,0,0,0,0,0,0,0,0,0,0,0,0,0,0,0,0,0,0,0,0,0
Assam,Tamulpur,0,0,0,0,0,0,0,0,0,0,0,0,0,0,0,0,0,0,0,0,0,0,0,0,0,0,0,0,0,0,0,0,0,0,0,0,0,0,0,0,0,0,0,0,0,0,0,0,0,0,0
Bihar,Araria,102,5,5,0,0,0,0,0,0,0,0,0,0,0,0,0,0,0,0,1,0,8,8,0,0,0,0,0,0,0,0,0,0,0,0,0,0,0,0,0,0,88,0,0,0,0,0,0,102,0,102
Bihar,Arwal,52,1,1,0,0,0,0,0,0,0,0,0,0,0,0,0,0,0,0,2,7,6,6,0,0,0,0,0,0,0,0,0,0,0,0,0,0,0,0,0,0,36,0,0,0,0,0,0,52,0,52
Bihar,Aurangabad,284,8,8,0,0,0,0,0,0,0,0,0,0,0,0,0,0,0,0,3,21,22,22,0,0,0,0,0,0,0,0,0,0,0,0,0,0,0,0,0,1,229,0,0,0,0,0,0,284,0,284
Bihar,Bagaha,101,2,2,0,0,0,0,0,0,0,0,0,0,0,0,0,0,0,0,1,13,45,0,0,0,45,0,0,0,0,0,0,0,0,0,0,0,0,0,0,1,39,0,0,0,0,0,0,101,0,101
Bihar,Banka,46,1,1,0,0,0,0,0,0,0,0,0,0,0,0,0,0,0,0,1,0,29,10,0,0,19,0,0,0,0,0,0,0,0,0,0,0,0,0,0,2,13,0,0,0,0,0,0,46,0,46
Bihar,Begusarai,236,3,3,0,0,0,0,0,0,0,0,0,0,0,0,0,0,0,0,4,0,122,0,0,0,122,0,0,0,0,0,0,0,0,0,0,0,0,0,0,2,105,0,0,0,0,0,0,236,0,236
Bihar,Bettiah,174,6,6,0,0,0,0,0,0,0,0,0,0,0,0,0,0,0,0,4,0,11,11,0,0,0,0,0,0,0,0,0,0,0,0,0,0,0,0,0,3,150,0,0,0,0,0,0,174,0,174
Bihar,Kaimur(Bhabhua),164,3,3,0,0,0,0,0,0,0,0,0,0,0,0,0,0,0,0,0,7,18,18,0,0,0,0,0,0,0,0,0,0,0,0,0,0,0,0,0,0,136,0,0,0,0,0,0,164,0,164
Bihar,Bhagalpur,157,8,8,0,0,0,0,0,0,0,0,0,0,0,0,2,0,0,0,3,0,8,8,0,0,0,0,0,0,0,0,0,0,0,0,0,0,0,0,0,0,136,0,0,0,0,0,0,157,0,157
Bihar,Bhojpur,203,6,4,2,0,1,1,0,0,0,0,0,0,0,0,14,0,0,0,8,6,72,67,0,0,5,9,9,9,0,0,0,0,0,0,11,0,0,0,0,0,76,0,0,0,0,0,0,203,0,203
Bihar,Buxar,105,2,2,0,0,0,0,0,0,0,0,0,0,0,0,0,0,0,0,1,0,59,8,0,0,51,0,0,0,0,0,0,0,0,0,0,0,0,0,0,1,42,0,0,0,0,0,0,105,0,105
Bihar,Darbhanga,215,2,1,1,0,0,0,0,0,0,0,0,0,0,0,0,0,0,0,2,0,210,22,0,0,188,0,0,0,0,0,0,0,0,0,0,0,0,0,0,1,0,0,0,0,0,0,0,215,0,215
Bihar,Gaya,545,10,5,5,0,0,0,0,0,0,0,0,0,0,0,0,0,0,0,10,17,244,44,0,0,200,0,0,0,0,0,0,0,0,0,0,0,0,0,0,3,261,0,0,0,0,0,0,545,0,545
Bihar,Gopalganj,217,1,1,0,0,0,0,0,0,0,0,0,0,0,0,0,0,0,0,4,0,100,19,0,0,81,0,0,0,0,0,0,0,0,0,0,0,0,0,0,4,108,0,0,0,0,0,0,217,0,217
Bihar,Jamalpur Railway,0,0,0,0,0,0,0,0,0,0,0,0,0,0,0,0,0,0,0,0,0,0,0,0,0,0,0,0,0,0,0,0,0,0,0,0,0,0,0,0,0,0,0,0,0,0,0,0,0,0,0
Bihar,Jamui,106,4,4,0,1,2,1,1,0,0,0,1,0,0,0,1,0,0,0,4,0,13,13,0,0,0,0,0,0,0,0,0,0,0,0,0,0,0,0,0,0,80,0,0,0,0,0,0,106,0,106
Bihar,Jehanabad,99,2,0,2,1,0,0,0,0,0,0,1,0,0,0,2,0,0,0,5,8,7,7,0,0,0,0,0,0,0,0,0,0,0,0,0,0,0,0,0,0,73,0,0,0,0,0,0,99,0,99
Bihar,Katihar,40,2,2,0,0,0,0,0,0,0,0,0,0,0,0,0,0,0,0,3,6,19,2,0,0,17,0,0,0,0,0,0,0,0,0,0,0,0,0,0,0,10,0,0,0,0,0,0,40,0,40
Bihar,Katihar Railway,0,0,0,0,0,0,0,0,0,0,0,0,0,0,0,0,0,0,0,0,0,0,0,0,0,0,0,0,0,0,0,0,0,0,0,0,0,0,0,0,0,0,0,0,0,0,0,0,0,0,0
Bihar,Khagaria,157,4,4,0,0,0,0,0,0,0,0,0,0,0,0,0,0,0,0,2,0,8,8,0,0,0,0,0,0,0,0,0,0,0,0,0,0,0,0,0,1,142,0,0,0,0,0,0,157,0,157
Bihar,Kishanganj,59,2,2,0,0,0,0,0,0,0,0,0,0,0,0,0,0,0,0,2,0,35,3,0,0,32,0,0,0,0,0,0,0,0,0,0,0,0,0,0,2,18,0,0,0,0,0,0,59,0,59
Bihar,Lakhisarai,79,1,1,0,0,0,0,0,0,0,0,0,0,0,0,0,1,1,0,1,0,56,34,0,0,22,0,0,0,0,0,0,0,0,0,0,0,0,0,0,0,20,0,0,0,0,0,0,79,0,79
Bihar,Madhepura,95,4,3,1,1,1,0,1,0,0,0,0,0,0,0,0,0,0,0,1,2,0,0,0,0,0,0,0,0,0,0,0,0,0,0,1,0,0,0,0,1,84,0,0,0,0,0,0,95,0,95
Bihar,Madhubani,209,9,7,2,0,0,0,0,0,0,0,0,0,0,0,6,0,0,0,5,0,12,12,0,0,0,0,0,0,0,0,0,0,0,0,0,0,0,0,0,0,177,0,0,0,0,0,0,209,0,209
Bihar,Motihari,338,9,9,0,0,0,0,0,0,0,0,0,0,0,0,0,0,0,0,4,0,29,26,0,0,3,0,0,0,0,0,0,0,0,0,0,0,0,0,0,6,290,0,0,0,0,0,0,338,0,338
Bihar,Munger,97,2,1,1,0,0,0,0,0,0,0,0,0,0,0,0,0,0,0,2,18,10,10,0,0,0,0,0,0,0,0,0,0,0,0,0,0,0,0,0,0,65,0,0,0,0,0,0,97,0,97
Bihar,Muzaffarpur,220,4,4,0,0,0,0,0,0,0,0,0,0,0,0,0,0,0,0,4,0,15,15,0,0,0,0,0,0,0,0,0,0,0,0,0,0,0,0,0,1,196,0,0,0,0,0,0,220,0,220
Bihar,Muzaffarpur Railway,1,0,0,0,0,0,0,0,0,0,0,0,0,0,0,0,0,0,0,0,0,1,0,0,0,1,0,0,0,0,0,0,0,0,0,0,0,0,0,0,0,0,0,0,0,0,0,0,1,0,1
Bihar,Nalanda,308,6,6,0,0,5,5,0,0,0,0,0,0,0,0,26,0,0,0,3,0,50,50,0,0,0,37,27,0,0,27,0,0,0,10,0,0,0,0,0,1,180,0,0,0,0,0,0,308,0,308
Bihar,Naugachia,52,0,0,0,0,0,0,0,0,0,0,0,0,0,0,0,0,0,0,0,5,4,4,0,0,0,0,0,0,0,0,0,0,0,0,0,0,0,0,0,1,42,0,0,0,0,0,0,52,0,52
Bihar,Nawadah,301,5,5,0,0,0,0,0,0,0,0,0,0,0,0,0,0,0,0,3,39,20,20,0,0,0,0,0,0,0,0,0,0,0,0,0,0,0,0,0,5,229,0,0,0,0,0,0,301,0,301
Bihar,Patna,538,14,14,0,0,0,0,0,0,0,0,0,0,0,0,0,0,0,0,18,0,503,503,0,0,0,0,0,0,0,0,0,0,0,0,0,0,0,0,0,3,0,0,0,0,0,0,0,538,0,538
Bihar,Patna Railway,2,0,0,0,0,0,0,0,0,0,0,0,0,0,0,0,0,0,0,0,0,0,0,0,0,0,0,0,0,0,0,0,0,0,0,0,0,0,0,0,0,2,0,0,0,0,0,0,2,0,2
Bihar,Purnea,220,9,6,3,2,0,0,0,0,0,0,1,0,0,0,6,0,0,0,2,26,83,19,0,0,64,2,1,0,0,1,0,0,0,1,7,0,0,0,0,1,81,0,0,0,0,0,0,220,0,220
Bihar,Rohtas,291,8,8,0,0,0,0,0,0,0,0,0,0,0,0,0,0,0,0,9,0,31,21,0,0,10,0,0,0,0,0,0,0,0,0,0,0,0,0,0,3,240,0,0,0,0,0,0,291,0,291
Bihar,Saharsa,104,1,1,0,0,0,0,0,0,0,0,0,0,0,0,3,0,0,0,2,0,13,13,0,0,0,0,0,0,0,0,0,0,0,0,0,0,0,0,0,0,85,0,0,0,0,0,0,104,0,104
Bihar,Samastipur,327,10,10,0,0,0,0,0,0,0,0,0,0,0,0,0,0,0,0,7,0,18,18,0,0,0,0,0,0,0,0,0,0,0,0,0,0,0,0,0,2,290,0,0,0,0,0,0,327,0,327
Bihar,Saran,345,3,3,0,0,0,0,0,0,0,0,0,0,0,0,0,0,0,0,2,0,22,22,0,0,0,0,0,0,0,0,0,0,0,0,0,0,0,0,0,3,315,0,0,0,0,0,0,345,0,345
Bihar,Sheikhpura,93,2,2,0,0,4,0,4,0,0,0,0,0,0,0,0,0,0,0,4,17,8,8,0,0,0,0,0,0,0,0,0,0,0,0,0,0,0,0,0,1,57,0,0,0,0,0,0,93,0,93
Bihar,Sheohar,28,2,2,0,0,0,0,0,0,0,0,0,0,0,0,0,0,0,0,1,0,12,0,0,0,12,0,0,0,0,0,0,0,0,0,0,0,0,0,0,0,13,0,0,0,0,0,0,28,0,28
Bihar,Sitamarhi,134,5,4,1,0,2,2,0,0,0,0,0,0,0,0,7,0,0,0,7,10,17,17,0,0,0,0,0,0,0,0,0,0,0,0,0,0,0,0,0,2,84,0,0,0,0,0,0,134,0,134
Bihar,Siwan,306,1,1,0,0,0,0,0,0,0,0,4,0,1,0,0,0,0,0,8,18,28,28,0,0,0,5,5,0,0,5,0,0,0,0,3,0,0,0,0,4,234,0,0,0,0,0,0,306,0,306
Bihar,Supaul,129,5,2,3,0,0,0,0,0,0,0,0,0,0,0,1,0,0,0,4,0,11,11,0,0,0,0,0,0,0,0,0,0,0,0,0,0,0,0,0,2,106,0,0,0,0,0,0,129,0,129
Bihar,Vaishali,270,4,4,0,0,0,0,0,0,0,0,0,0,0,0,0,0,0,0,5,6,14,14,0,0,0,0,0,0,0,0,0,0,0,0,0,0,0,0,0,2,239,0,0,0,0,0,0,270,0,270
Bihar,Economic Offences Unit,0,0,0,0,0,0,0,0,0,0,0,0,0,0,0,0,0,0,0,0,0,0,0,0,0,0,0,0,0,0,0,0,0,0,0,0,0,0,0,0,0,0,0,0,0,0,0,0,0,0,0
Bihar,Anti Terrorist Squad,0,0,0,0,0,0,0,0,0,0,0,0,0,0,0,0,0,0,0,0,0,0,0,0,0,0,0,0,0,0,0,0,0,0,0,0,0,0,0,0,0,0,0,0,0,0,0,0,0,0,0
Chhattisgarh,Balod,2,1,0,1,0,0,0,0,0,0,0,0,0,0,0,0,0,0,0,0,0,0,0,0,0,0,0,0,0,0,0,0,0,0,0,0,0,0,0,0,0,1,0,0,0,0,0,0,2,0,2
Chhattisgarh,Balodbazar,19,11,1,10,0,1,1,0,0,0,0,0,0,0,1,0,0,0,0,1,0,0,0,0,0,0,0,0,0,0,0,0,0,0,0,0,0,0,0,0,0,5,0,0,0,0,0,0,19,0,19
Chhattisgarh,Balrampur,3,1,0,1,0,0,0,0,0,0,0,0,0,0,0,0,0,0,0,0,0,1,1,0,0,0,0,0,0,0,0,0,0,0,0,0,0,0,0,0,0,1,0,0,0,0,0,0,3,0,3
Chhattisgarh,Bemetra,10,5,1,4,0,2,1,1,0,0,0,0,0,0,0,0,0,0,0,1,0,0,0,0,0,0,0,0,0,0,0,0,0,0,0,0,0,0,0,0,0,2,0,0,0,0,0,0,10,0,10
Chhattisgarh,Bilaspur,24,11,11,0,0,3,3,0,0,0,0,0,0,0,0,0,0,0,0,2,0,1,0,0,0,1,0,0,0,0,0,0,0,0,0,0,0,0,0,0,0,7,0,0,0,0,0,0,24,0,24
Chhattisgarh,Bizapur,0,0,0,0,0,0,0,0,0,0,0,0,0,0,0,0,0,0,0,0,0,0,0,0,0,0,0,0,0,0,0,0,0,0,0,0,0,0,0,0,0,0,0,0,0,0,0,0,0,0,0
Chhattisgarh,Dantewara,1,1,1,0,0,0,0,0,0,0,0,0,0,0,0,0,0,0,0,0,0,0,0,0,0,0,0,0,0,0,0,0,0,0,0,0,0,0,0,0,0,0,0,0,0,0,0,0,1,0,1
Chhattisgarh,Dhamtari,9,2,2,0,0,0,0,0,1,1,0,0,0,0,0,0,0,0,0,0,1,0,0,0,0,0,0,0,0,0,0,0,0,0,0,0,0,0,0,0,0,5,0,0,0,0,0,0,9,0,9
Chhattisgarh,Durg,11,4,2,2,0,3,3,0,1,1,0,0,0,0,0,0,0,0,0,1,0,1,1,0,0,0,0,0,0,0,0,0,0,0,0,0,0,0,0,0,0,1,0,0,0,0,0,0,11,0,11
Chhattisgarh,Gariyaband,17,4,2,2,0,0,0,0,0,0,0,0,0,1,0,0,0,0,0,0,0,0,0,0,0,0,0,0,0,0,0,0,0,0,0,0,0,0,0,0,0,12,0,0,0,0,0,0,17,0,17
Chhattisgarh,Grp Raipur,0,0,0,0,0,0,0,0,0,0,0,0,0,0,0,0,0,0,0,0,0,0,0,0,0,0,0,0,0,0,0,0,0,0,0,0,0,0,0,0,0,0,0,0,0,0,0,0,0,0,0
Chhattisgarh,Jagdalpur,4,3,1,2,0,0,0,0,0,0,0,0,0,0,0,0,0,0,0,0,0,0,0,0,0,0,0,0,0,0,0,0,0,0,0,0,0,0,0,0,0,1,0,0,0,0,0,0,4,0,4
Chhattisgarh,Janjgir,29,10,2,8,0,5,3,2,0,0,0,0,0,0,0,0,0,0,0,0,0,3,3,0,0,0,0,0,0,0,0,0,0,0,0,1,0,0,0,0,0,10,0,0,0,0,0,0,29,0,29
Chhattisgarh,Jashpur,3,2,1,1,0,0,0,0,0,0,0,0,0,0,0,0,0,0,0,0,0,0,0,0,0,0,0,0,0,0,0,0,0,0,0,0,0,0,0,0,0,1,0,0,0,0,0,0,3,0,3
Chhattisgarh,Kabirdham,9,5,0,5,0,0,0,0,0,0,0,0,0,0,0,0,0,0,0,0,0,0,0,0,0,0,0,0,0,0,0,0,0,0,0,0,0,0,0,0,0,4,0,0,0,0,0,0,9,0,9
Chhattisgarh,Kanker,4,1,0,1,0,2,2,0,0,0,0,0,0,0,0,0,0,0,0,0,0,0,0,0,0,0,0,0,0,0,0,0,0,0,0,0,0,0,0,0,0,1,0,0,0,0,0,0,4,0,4
Chhattisgarh,Kondagaon,2,1,0,1,0,0,0,0,0,0,0,0,0,0,0,0,0,0,0,0,0,0,0,0,0,0,0,0,0,0,0,0,0,0,0,0,0,0,0,0,0,1,0,0,0,0,0,0,2,0,2
Chhattisgarh,Korba,13,6,5,1,0,2,1,1,0,0,0,0,0,0,0,0,0,0,0,0,0,0,0,0,0,0,0,0,0,0,0,0,0,0,0,0,0,0,0,0,0,5,0,0,0,0,0,0,13,0,13
Chhattisgarh,Koriya,8,0,0,0,0,2,2,0,0,0,0,0,0,0,0,0,0,0,0,0,1,1,1,0,0,0,0,0,0,0,0,0,0,0,0,0,0,0,0,0,0,4,0,0,0,0,0,0,8,0,8
Chhattisgarh,Mahasamund,18,9,5,4,0,1,1,0,0,0,0,0,0,0,0,0,0,0,0,1,1,0,0,0,0,0,0,0,0,0,0,0,0,0,0,1,0,0,0,0,0,5,0,0,0,0,0,0,18,0,18
Chhattisgarh,Mungali,9,2,2,0,0,2,1,1,0,0,0,0,0,0,0,0,0,0,0,2,1,0,0,0,0,0,0,0,0,0,0,0,0,0,0,0,0,0,0,0,0,2,0,0,0,0,0,0,9,0,9
Chhattisgarh,Narayanpur,1,1,1,0,0,0,0,0,0,0,0,0,0,0,0,0,0,0,0,0,0,0,0,0,0,0,0,0,0,0,0,0,0,0,0,0,0,0,0,0,0,0,0,0,0,0,0,0,1,0,1
Chhattisgarh,Raigarh,5,3,2,1,0,1,1,0,0,0,0,0,0,0,0,0,0,0,0,0,0,0,0,0,0,0,0,0,0,0,0,0,0,0,0,0,0,0,0,0,0,1,0,0,0,0,0,0,5,0,5
Chhattisgarh,Raipur,17,13,11,2,0,2,2,0,0,0,0,0,0,0,0,0,0,0,0,0,0,0,0,0,0,0,0,0,0,0,0,0,0,0,0,0,0,0,0,0,0,2,0,0,0,0,0,0,17,0,17
Chhattisgarh,Rajnandgaon,7,4,2,2,0,0,0,0,0,0,0,0,0,0,0,0,0,0,0,0,0,0,0,0,0,0,0,0,0,0,0,0,0,0,0,0,0,0,0,0,0,3,0,0,0,0,0,0,7,0,7
Chhattisgarh,Sarguja,2,2,0,2,0,0,0,0,0,0,0,0,0,0,0,0,0,0,0,0,0,0,0,0,0,0,0,0,0,0,0,0,0,0,0,0,0,0,0,0,0,0,0,0,0,0,0,0,2,0,2
Chhattisgarh,Sukma,0,0,0,0,0,0,0,0,0,0,0,0,0,0,0,0,0,0,0,0,0,0,0,0,0,0,0,0,0,0,0,0,0,0,0,0,0,0,0,0,0,0,0,0,0,0,0,0,0,0,0
Chhattisgarh,Surajpur,5,0,0,0,0,0,0,0,0,0,0,0,0,0,0,0,0,0,0,0,1,0,0,0,0,0,0,0,0,0,0,0,0,0,0,0,0,0,0,0,0,4,0,0,0,0,0,0,5,0,5
Chhattisgarh,Gaurela-Pendra-Marwari,0,0,0,0,0,0,0,0,0,0,0,0,0,0,0,0,0,0,0,0,0,0,0,0,0,0,0,0,0,0,0,0,0,0,0,0,0,0,0,0,0,0,0,0,0,0,0,0,0,0,0
Chhattisgarh,Khairagarh - Chhuikhadan-Gandai,3,2,0,2,0,0,0,0,1,1,0,0,0,0,0,0,0,0,0,0,0,0,0,0,0,0,0,0,0,0,0,0,0,0,0,0,0,0,0,0,0,0,1,1,0,0,0,0,4,0,4
Chhattisgarh,Manendragarh-Chirmiri-Bharatpur,4,3,2,1,0,0,0,0,0,0,0,0,0,0,0,0,0,0,0,1,0,0,0,0,0,0,0,0,0,0,0,0,0,0,0,0,0,0,0,0,0,0,2,2,0,0,0,0,6,0,6
Chhattisgarh,Mohla-Manpur-Ambagarh Chouki,0,0,0,0,0,0,0,0,0,0,0,0,0,0,0,0,0,0,0,0,0,0,0,0,0,0,0,0,0,0,0,0,0,0,0,0,0,0,0,0,0,0,0,0,0,0,0,0,0,0,0
Chhattisgarh,Sakti,12,3,2,1,0,1,0,1,0,0,0,0,0,0,0,0,0,0,0,1,1,0,0,0,0,0,0,0,0,0,0,0,0,0,0,0,0,0,0,0,0,6,0,0,0,0,0,0,12,0,12
Chhattisgarh,Sarangarh-Bilaigarh,14,9,5,4,0,2,1,1,0,0,0,0,0,0,0,0,0,0,0,0,1,0,0,0,0,0,0,0,0,0,0,0,0,0,0,0,0,0,0,0,0,2,0,0,0,0,0,0,14,0,14
Goa,North Goa,0,0,0,0,0,0,0,0,0,0,0,0,0,0,0,0,0,0,0,0,0,0,0,0,0,0,0,0,0,0,0,0,0,0,0,0,0,0,0,0,0,0,0,0,0,0,0,0,0,0,0
Goa,South Goa,0,0,0,0,0,0,0,0,0,0,0,0,0,0,0,0,0,0,0,0,0,0,0,0,0,0,0,0,0,0,0,0,0,0,0,0,0,0,0,0,0,0,1,1,0,0,0,0,1,0,1
Goa,Cid,0,0,0,0,0,0,0,0,0,0,0,0,0,0,0,0,0,0,0,0,0,0,0,0,0,0,0,0,0,0,0,0,0,0,0,0,0,0,0,0,0,0,0,0,0,0,0,0,0,0,0
Gujarat,Ahmedabad City,124,20,6,14,0,3,1,2,1,1,0,0,0,0,0,1,0,0,0,4,11,9,5,0,0,4,1,0,0,0,0,0,0,0,1,4,1,0,0,0,0,69,2,2,0,0,0,0,126,0,126
Gujarat,Ahmedabad Rural,30,5,1,4,0,1,1,0,0,0,0,0,0,0,0,0,0,0,0,0,0,1,1,0,0,0,0,0,0,0,0,0,0,0,0,0,0,0,0,0,0,23,0,0,0,0,0,0,30,0,30
Gujarat,Amreli,59,3,1,2,0,2,0,2,2,2,0,2,0,0,0,1,0,0,0,0,1,3,2,0,0,1,0,0,0,0,0,0,0,0,0,0,0,0,0,0,0,45,3,1,0,0,0,2,62,0,62
Gujarat,Anand,21,2,1,1,0,1,1,0,0,0,0,0,0,0,0,0,0,0,0,0,0,1,1,0,0,0,0,0,0,0,0,0,0,0,0,0,0,0,0,0,2,15,0,0,0,0,0,0,21,0,21
Gujarat,Arvalli,15,3,1,2,0,0,0,0,0,0,0,0,0,0,0,1,0,0,0,0,0,2,1,0,0,1,0,0,0,0,0,0,0,0,0,0,0,0,0,0,0,9,0,0,0,0,0,0,15,0,15
Gujarat,Banaskantha,75,8,8,0,0,2,2,0,0,0,0,0,0,0,0,1,0,0,0,0,2,3,3,0,0,0,0,0,0,0,0,0,0,0,0,5,0,0,0,0,1,53,1,1,0,0,0,0,76,0,76
Gujarat,Bharuch,12,0,0,0,0,0,0,0,0,0,0,0,0,0,0,0,0,0,0,0,1,0,0,0,0,0,1,1,0,1,0,0,0,0,0,0,0,0,0,0,0,10,0,0,0,0,0,0,12,0,12
Gujarat,Bhavnagar,62,7,6,1,0,0,0,0,0,0,0,0,0,0,0,0,0,0,0,1,0,3,3,0,0,0,0,0,0,0,0,0,0,0,0,0,0,0,0,0,0,51,4,4,0,0,0,0,66,0,66
Gujarat,Botad,21,2,1,1,0,0,0,0,0,0,0,0,0,0,0,0,0,0,0,0,0,2,2,0,0,0,0,0,0,0,0,0,0,0,0,0,0,0,0,0,0,17,5,5,0,0,0,0,26,0,26
Gujarat,Chhotaudepur,1,0,0,0,0,0,0,0,0,0,0,0,0,0,0,0,0,0,0,0,0,0,0,0,0,0,0,0,0,0,0,0,0,0,0,0,0,0,0,0,0,1,0,0,0,0,0,0,1,0,1
Gujarat,Cid Crime,0,0,0,0,0,0,0,0,0,0,0,0,0,0,0,0,0,0,0,0,0,0,0,0,0,0,0,0,0,0,0,0,0,0,0,0,0,0,0,0,0,0,0,0,0,0,0,0,0,0,0
Gujarat,Dahod,2,0,0,0,0,0,0,0,0,0,0,0,0,0,0,0,0,0,0,0,0,0,0,0,0,0,0,0,0,0,0,0,0,0,0,0,0,0,0,0,0,2,0,0,0,0,0,0,2,0,2
Gujarat,Dang,0,0,0,0,0,0,0,0,0,0,0,0,0,0,0,0,0,0,0,0,0,0,0,0,0,0,0,0,0,0,0,0,0,0,0,0,0,0,0,0,0,0,0,0,0,0,0,0,0,0,0
Gujarat,Devbhumi Dwarka,22,0,0,0,0,0,0,0,0,0,0,0,0,0,0,2,0,0,0,1,1,3,3,0,0,0,0,0,0,0,0,0,0,0,0,0,0,0,0,0,0,15,2,2,0,0,0,0,24,0,24
Gujarat,Gandhinagar,46,8,4,4,0,0,0,0,0,0,0,0,0,0,0,1,0,0,0,0,2,6,5,0,0,1,0,0,0,0,0,0,0,0,0,0,0,1,0,1,0,28,1,1,0,0,0,0,47,0,47
Gujarat,Gir Somnath,27,4,3,1,0,2,1,1,0,0,0,0,0,0,1,0,0,0,0,1,1,7,1,0,0,6,0,0,0,0,0,0,0,0,0,0,0,0,0,0,0,11,1,1,0,0,0,0,28,0,28
Gujarat,Jamnagar,40,2,1,1,0,0,0,0,1,1,0,0,0,0,0,1,0,0,0,0,1,9,9,0,0,0,1,0,0,0,0,0,0,0,1,0,0,0,0,0,0,25,2,2,0,0,0,0,42,0,42
Gujarat,Junagadh,59,5,4,1,0,1,1,0,1,1,0,0,0,0,0,0,0,0,0,0,2,3,2,0,0,1,0,0,0,0,0,0,0,0,0,0,0,0,0,0,0,47,2,2,0,0,0,0,61,0,61
Gujarat,Kachchh East(G),58,9,3,6,0,1,0,1,2,2,0,0,0,0,0,0,0,0,0,2,1,0,0,0,0,0,0,0,0,0,0,0,0,0,0,0,1,0,0,0,0,42,0,0,0,0,0,0,58,0,58
Gujarat,Kachchh West(B),44,6,2,4,0,0,0,0,0,0,0,0,1,0,0,0,0,0,0,2,2,1,0,0,0,1,1,0,0,0,0,0,0,0,1,0,0,0,0,0,0,31,0,0,0,0,0,0,44,0,44
Gujarat,Kheda,24,2,0,2,0,0,0,0,0,0,0,0,0,0,0,0,0,0,0,0,1,0,0,0,0,0,0,0,0,0,0,0,0,0,0,0,0,0,0,0,0,21,0,0,0,0,0,0,24,0,24
Gujarat,Mahisagar,13,0,0,0,0,0,0,0,0,0,0,0,0,0,0,0,0,0,0,0,0,0,0,0,0,0,1,0,0,0,0,0,0,0,1,2,0,0,0,0,0,10,0,0,0,0,0,0,13,0,13
Gujarat,Mehsana,54,7,1,6,0,1,1,0,3,3,0,0,0,0,0,0,0,0,0,0,1,4,1,1,0,2,0,0,0,0,0,0,0,0,0,2,1,0,0,0,0,35,0,0,0,0,0,0,54,0,54
Gujarat,Morbi,32,4,1,3,0,0,0,0,0,0,0,0,0,0,0,0,0,0,0,3,1,2,2,0,0,0,1,0,0,0,0,0,0,0,1,0,0,0,0,0,0,21,3,3,0,0,0,0,35,0,35
Gujarat,Narmada,1,0,0,0,0,0,0,0,0,0,0,0,0,0,0,0,0,0,0,0,0,0,0,0,0,0,0,0,0,0,0,0,0,0,0,0,0,0,0,0,0,1,0,0,0,0,0,0,1,0,1
Gujarat,Navsari,1,0,0,0,0,0,0,0,0,0,0,0,0,0,0,0,0,0,0,0,0,0,0,0,0,0,0,0,0,0,0,0,0,0,0,0,0,0,0,0,0,1,0,0,0,0,0,0,1,0,1
Gujarat,Panchmahal,21,7,3,4,0,0,0,0,0,0,0,1,0,0,0,1,0,0,0,0,0,2,1,0,0,1,0,0,0,0,0,0,0,0,0,0,1,0,0,0,0,9,0,0,0,0,0,0,21,0,21
Gujarat,Patan,48,8,2,6,0,1,0,1,0,0,0,0,0,2,0,0,0,0,0,1,1,2,0,0,0,2,0,0,0,0,0,0,0,0,0,1,1,0,0,0,0,31,0,0,0,0,0,0,48,0,48
Gujarat,Porbandar,24,3,2,1,0,1,0,1,0,0,0,0,0,0,1,0,0,0,0,0,1,2,1,0,0,1,0,0,0,0,0,0,0,0,0,1,0,0,0,0,1,14,2,2,0,0,0,0,26,0,26
Gujarat,Rajkot City,66,10,4,6,0,0,0,0,1,1,0,0,0,0,0,0,0,0,0,4,1,0,0,0,0,0,0,0,0,0,0,0,0,0,0,0,0,0,0,0,0,50,0,0,0,0,0,0,66,0,66
Gujarat,Rajkot Rural,67,4,0,4,0,2,2,0,0,0,0,0,0,0,0,0,0,0,0,2,1,11,11,0,0,0,0,0,0,0,0,0,0,0,0,0,0,0,0,0,0,47,0,0,0,0,0,0,67,0,67
Gujarat,Sabarkantha,19,1,0,1,0,0,0,0,1,0,1,0,0,0,0,0,0,0,0,0,0,3,2,0,0,1,1,1,0,0,1,0,0,0,0,1,0,0,0,0,0,12,0,0,0,0,0,0,19,0,19
Gujarat,Surat City,48,10,4,6,0,2,2,0,2,2,0,0,0,0,0,0,0,0,0,7,2,2,0,0,0,2,2,2,0,0,2,0,0,0,0,2,0,0,0,0,0,19,3,3,0,0,0,0,51,0,51
Gujarat,Surat Rural,6,0,0,0,0,0,0,0,0,0,0,0,0,0,0,0,0,0,0,0,0,0,0,0,0,0,1,1,0,1,0,0,0,0,0,0,0,0,0,0,0,5,0,0,0,0,0,0,6,0,6
Gujarat,Surendranagar,73,3,0,3,0,0,0,0,2,2,0,0,0,0,0,2,0,0,0,1,3,8,8,0,0,0,1,1,0,1,0,0,0,0,0,1,4,1,0,1,0,47,2,2,0,0,0,0,75,0,75
Gujarat,Tapi,0,0,0,0,0,0,0,0,0,0,0,0,0,0,0,0,0,0,0,0,0,0,0,0,0,0,0,0,0,0,0,0,0,0,0,0,0,0,0,0,0,0,0,0,0,0,0,0,0,0,0
Gujarat,Vadodara City,25,5,3,2,0,0,0,0,0,0,0,0,0,0,0,0,0,0,0,1,3,5,5,0,0,0,2,0,0,0,0,0,0,0,2,0,0,0,0,0,0,9,0,0,0,0,0,0,25,0,25
Gujarat,Vadodara Rural,26,1,1,0,0,1,0,1,1,1,0,0,0,0,0,0,0,0,0,1,0,3,1,0,0,2,0,0,0,0,0,0,0,0,0,3,0,1,0,1,0,15,1,1,0,0,0,0,27,0,27
Gujarat,Valsad,3,3,1,2,0,0,0,0,0,0,0,0,0,0,0,0,0,0,0,0,0,0,0,0,0,0,0,0,0,0,0,0,0,0,0,0,0,0,0,0,0,0,0,0,0,0,0,0,3,0,3
Gujarat,W Rly Ahmedabad,0,0,0,0,0,0,0,0,0,0,0,0,0,0,0,0,0,0,0,0,0,0,0,0,0,0,0,0,0,0,0,0,0,0,0,0,0,0,0,0,0,0,0,0,0,0,0,0,0,0,0
Gujarat,W Rly Vadodara,0,0,0,0,0,0,0,0,0,0,0,0,0,0,0,0,0,0,0,0,0,0,0,0,0,0,0,0,0,0,0,0,0,0,0,0,0,0,0,0,0,0,0,0,0,0,0,0,0,0,0
Gujarat,Cyber Ahmedabad Range,0,0,0,0,0,0,0,0,0,0,0,0,0,0,0,0,0,0,0,0,0,0,0,0,0,0,0,0,0,0,0,0,0,0,0,0,0,0,0,0,0,0,0,0,0,0,0,0,0,0,0
Gujarat,Cyber Bhavnagar Range,0,0,0,0,0,0,0,0,0,0,0,0,0,0,0,0,0,0,0,0,0,0,0,0,0,0,0,0,0,0,0,0,0,0,0,0,0,0,0,0,0,0,0,0,0,0,0,0,0,0,0
Gujarat,Cyber Border Range,1,1,0,1,0,0,0,0,0,0,0,0,0,0,0,0,0,0,0,0,0,0,0,0,0,0,0,0,0,0,0,0,0,0,0,0,0,0,0,0,0,0,0,0,0,0,0,0,1,0,1
Gujarat,Cyber Gandhinagar Range,0,0,0,0,0,0,0,0,0,0,0,0,0,0,0,0,0,0,0,0,0,0,0,0,0,0,0,0,0,0,0,0,0,0,0,0,0,0,0,0,0,0,0,0,0,0,0,0,0,0,0
Gujarat,Cyber Junagadh Range,0,0,0,0,0,0,0,0,0,0,0,0,0,0,0,0,0,0,0,0,0,0,0,0,0,0,0,0,0,0,0,0,0,0,0,0,0,0,0,0,0,0,0,0,0,0,0,0,0,0,0
Gujarat,Cyber Panchmahal Range,0,0,0,0,0,0,0,0,0,0,0,0,0,0,0,0,0,0,0,0,0,0,0,0,0,0,0,0,0,0,0,0,0,0,0,0,0,0,0,0,0,0,0,0,0,0,0,0,0,0,0
Gujarat,Cyber Rajkot Range,0,0,0,0,0,0,0,0,0,0,0,0,0,0,0,0,0,0,0,0,0,0,0,0,0,0,0,0,0,0,0,0,0,0,0,0,0,0,0,0,0,0,0,0,0,0,0,0,0,0,0
Gujarat,Cyber Surat Range,0,0,0,0,0,0,0,0,0,0,0,0,0,0,0,0,0,0,0,0,0,0,0,0,0,0,0,0,0,0,0,0,0,0,0,0,0,0,0,0,0,0,0,0,0,0,0,0,0,0,0
Gujarat,Cyber Vadodara Range,0,0,0,0,0,0,0,0,0,0,0,0,0,0,0,0,0,0,0,0,0,0,0,0,0,0,0,0,0,0,0,0,0,0,0,0,0,0,0,0,0,0,0,0,0,0,0,0,0,0,0
Haryana,Ambala,18,3,1,2,0,0,0,0,1,1,0,0,0,0,1,1,0,0,0,1,1,0,0,0,0,0,0,0,0,0,0,0,0,0,0,0,0,0,0,0,0,10,3,0,0,0,0,3,21,0,21
Haryana,Bhiwani,48,14,8,6,0,0,0,0,3,2,1,0,0,0,1,0,0,0,0,5,2,2,1,0,0,1,1,0,0,0,0,0,0,0,1,1,0,0,0,0,0,19,0,0,0,0,0,0,48,0,48
Haryana,Faridabad,72,20,11,9,0,6,2,4,1,1,0,0,0,0,1,0,0,0,0,6,1,4,4,0,0,0,0,0,0,0,0,0,0,0,0,10,0,0,0,0,0,23,2,0,0,0,0,2,74,0,74
Haryana,Fatehabad,60,12,7,5,0,1,0,1,2,2,0,1,0,1,2,1,0,0,0,2,2,4,3,0,0,1,1,0,0,0,0,0,0,0,1,1,0,0,0,0,0,30,4,0,0,0,0,4,64,0,64
Haryana,Grp,2,0,0,0,0,0,0,0,0,0,0,0,0,0,0,0,0,0,0,1,0,0,0,0,0,0,0,0,0,0,0,0,0,0,0,0,0,0,0,0,0,1,2,2,0,0,0,0,4,0,4
Haryana,Gurugram,32,5,2,3,0,1,1,0,1,1,0,1,0,0,2,0,0,0,0,1,0,3,3,0,0,0,0,0,0,0,0,0,0,0,0,2,1,0,0,0,0,15,2,2,0,0,0,0,34,0,34
Haryana,Hissar,132,17,9,8,0,3,1,2,0,0,0,5,0,3,5,1,2,2,0,2,2,10,10,0,0,0,2,0,0,0,0,0,0,0,2,3,0,0,0,0,0,77,2,1,0,0,0,1,134,0,134
Haryana,Jhajjar,45,3,2,1,2,6,5,1,1,1,0,0,0,0,2,0,0,0,0,1,2,9,0,0,0,9,1,1,0,1,0,0,0,0,0,4,0,0,0,0,0,14,0,0,0,0,0,0,45,0,45
Haryana,Jind,46,4,3,1,0,1,1,0,3,3,0,0,0,1,0,1,0,0,0,2,3,4,4,0,0,0,2,0,0,0,0,0,0,0,2,1,0,0,0,0,0,24,2,0,0,0,0,2,48,0,48
Haryana,Kaithal,39,13,8,5,0,1,0,1,0,0,0,0,0,0,0,0,0,0,0,4,1,2,2,0,0,0,0,0,0,0,0,0,0,0,0,4,1,0,0,0,0,13,1,0,0,0,0,1,40,0,40
Haryana,Karnal,52,7,3,4,0,3,3,0,2,2,0,2,0,0,0,0,0,0,0,0,0,8,3,0,0,5,1,0,0,0,0,0,0,0,1,2,0,0,0,0,0,27,4,0,0,0,0,4,56,0,56
Haryana,Kurukshetra,42,8,3,5,0,5,1,4,0,0,0,0,0,0,1,0,1,1,0,1,0,5,4,0,0,1,0,0,0,0,0,0,0,0,0,6,0,0,0,0,0,15,9,0,0,0,0,9,51,0,51
Haryana,Mahendergarh,36,9,6,3,1,0,0,0,2,2,0,2,0,0,0,0,0,0,0,2,0,1,1,0,0,0,0,0,0,0,0,0,0,0,0,1,0,0,0,0,0,18,0,0,0,0,0,0,36,0,36
Haryana,Nuh,14,0,0,0,0,1,1,0,0,0,0,0,0,0,0,0,0,0,0,0,0,1,1,0,0,0,0,0,0,0,0,0,0,0,0,1,1,0,0,0,0,10,2,2,0,0,0,0,16,0,16
Haryana,Palwal,63,4,2,2,3,3,0,3,1,1,0,0,0,1,1,0,3,3,0,1,3,0,0,0,0,0,1,0,0,0,0,0,0,0,1,11,0,0,0,0,0,31,0,0,0,0,0,0,63,0,63
Haryana,Panchkula,7,0,0,0,0,1,1,0,1,1,0,0,0,0,1,0,0,0,0,0,1,1,1,0,0,0,0,0,0,0,0,0,0,0,0,0,0,0,0,0,0,2,1,1,0,0,0,0,8,0,8
Haryana,Panipat,32,6,2,4,0,1,1,0,1,1,0,0,0,0,0,0,0,0,0,2,1,2,2,0,0,0,0,0,0,0,0,0,0,0,0,2,0,0,0,0,0,17,0,0,0,0,0,0,32,0,32
Haryana,Rewari,50,15,10,5,0,6,4,2,2,2,0,1,1,1,0,0,0,0,0,2,2,1,1,0,0,0,1,1,1,0,0,0,0,0,0,4,0,0,0,0,0,14,0,0,0,0,0,0,50,0,50
Haryana,Rohtak,54,14,10,4,0,2,0,2,2,2,0,1,0,1,1,0,0,0,0,3,4,4,3,0,0,1,0,0,0,0,0,0,0,0,0,1,0,0,0,0,0,21,0,0,0,0,0,0,54,0,54
Haryana,Sirsa,24,8,3,5,0,3,1,2,1,1,0,0,0,0,0,0,0,0,0,0,0,1,1,0,0,0,1,0,0,0,0,0,1,0,0,0,0,0,0,0,0,10,7,0,0,0,0,7,31,0,31
Haryana,Sonipat,32,9,4,5,0,2,1,1,0,0,0,0,0,0,0,0,0,0,0,2,0,2,2,0,0,0,4,1,0,0,1,0,0,0,3,0,0,0,0,0,0,13,11,0,0,0,0,11,43,0,43
Haryana,Yamunanagar,26,3,3,0,0,2,0,2,0,0,0,2,0,0,0,1,0,0,0,1,0,3,2,0,0,1,0,0,0,0,0,0,0,0,0,3,0,0,0,0,0,11,0,0,0,0,0,0,26,0,26
Haryana,Irrigation & Power,0,0,0,0,0,0,0,0,0,0,0,0,0,0,0,0,0,0,0,0,0,0,0,0,0,0,0,0,0,0,0,0,0,0,0,0,0,0,0,0,0,0,0,0,0,0,0,0,0,0,0
Haryana,Charkhi Dadri,54,4,1,3,2,2,2,0,0,0,0,1,0,0,4,0,0,0,0,2,1,3,3,0,0,0,2,0,0,0,0,0,0,0,2,4,0,0,0,0,0,29,1,1,0,0,0,0,55,0,55
Haryana,Hansi,34,1,1,0,0,1,0,1,0,0,0,1,0,1,2,0,0,0,0,0,1,5,3,0,0,2,0,0,0,0,0,0,0,0,0,3,0,0,0,0,0,19,2,0,0,0,0,2,36,0,36
Haryana,Dabwali,6,2,1,1,0,1,1,0,1,1,0,0,0,0,0,0,0,0,0,0,0,1,1,0,0,0,0,0,0,0,0,0,0,0,0,0,0,0,0,0,0,1,1,1,0,0,0,0,7,0,7
Himachal Pradesh,Baddi,0,0,0,0,0,0,0,0,0,0,0,0,0,0,0,0,0,0,0,0,0,0,0,0,0,0,0,0,0,0,0,0,0,0,0,0,0,0,0,0,0,0,10,8,0,1,0,1,10,0,10
Himachal Pradesh,Bilaspur,16,1,0,1,0,0,0,0,0,0,0,0,0,0,0,0,0,0,0,0,0,0,0,0,0,0,0,0,0,0,0,0,0,0,0,0,0,0,0,0,0,15,6,3,2,0,0,1,22,0,22
Himachal Pradesh,Chamba,0,0,0,0,0,0,0,0,0,0,0,0,0,0,0,0,0,0,0,0,0,0,0,0,0,0,0,0,0,0,0,0,0,0,0,0,0,0,0,0,0,0,5,5,0,0,0,0,5,0,5
Himachal Pradesh,Cid,0,0,0,0,0,0,0,0,0,0,0,0,0,0,0,0,0,0,0,0,0,0,0,0,0,0,0,0,0,0,0,0,0,0,0,0,0,0,0,0,0,0,0,0,0,0,0,0,0,0,0
Himachal Pradesh,Grp,0,0,0,0,0,0,0,0,0,0,0,0,0,0,0,0,0,0,0,0,0,0,0,0,0,0,0,0,0,0,0,0,0,0,0,0,0,0,0,0,0,0,0,0,0,0,0,0,0,0,0
Himachal Pradesh,Hamirpur,2,0,0,0,0,0,0,0,1,1,0,0,0,0,0,0,0,0,0,0,0,0,0,0,0,0,0,0,0,0,0,0,0,0,0,0,0,0,0,0,0,1,20,19,1,0,0,0,22,0,22
Himachal Pradesh,Kangra,0,0,0,0,0,0,0,0,0,0,0,0,0,0,0,0,0,0,0,0,0,0,0,0,0,0,0,0,0,0,0,0,0,0,0,0,0,0,0,0,0,0,9,0,0,0,0,9,9,0,9
Himachal Pradesh,Kinnaur,0,0,0,0,0,0,0,0,0,0,0,0,0,0,0,0,0,0,0,0,0,0,0,0,0,0,0,0,0,0,0,0,0,0,0,0,0,0,0,0,0,0,1,1,0,0,0,0,1,3,4
Himachal Pradesh,Kullu,8,0,0,0,0,0,0,0,0,0,0,0,0,0,0,0,0,0,0,0,0,0,0,0,0,0,0,0,0,0,0,0,0,0,0,0,0,0,0,0,0,8,8,8,0,0,0,0,16,0,16
Himachal Pradesh,Lahaul & Spiti,0,0,0,0,0,0,0,0,0,0,0,0,0,0,0,0,0,0,0,0,0,0,0,0,0,0,0,0,0,0,0,0,0,0,0,0,0,0,0,0,0,0,0,0,0,0,0,0,0,0,0
Himachal Pradesh,Mandi,8,2,1,1,0,2,2,0,0,0,0,0,0,0,0,0,0,0,0,0,0,1,1,0,0,0,1,1,0,0,1,0,0,0,0,1,0,0,0,0,0,1,42,3,0,0,0,39,50,0,50
Himachal Pradesh,Shimla,8,3,3,0,0,0,0,0,0,0,0,0,0,1,0,0,0,0,0,2,2,0,0,0,0,0,0,0,0,0,0,0,0,0,0,0,0,0,0,0,0,0,28,10,18,0,0,0,36,0,36
Himachal Pradesh,Sirmaur,7,1,0,1,0,1,1,0,0,0,0,0,0,0,0,0,0,0,0,0,0,0,0,0,0,0,0,0,0,0,0,0,0,0,0,3,0,0,0,0,0,2,16,15,0,0,0,1,23,0,23
Himachal Pradesh,Solan,1,1,0,1,0,0,0,0,0,0,0,0,0,0,0,0,0,0,0,0,0,0,0,0,0,0,0,0,0,0,0,0,0,0,0,0,0,0,0,0,0,0,22,22,0,0,0,0,23,0,23
Himachal Pradesh,Una,2,0,0,0,0,0,0,0,0,0,0,0,0,0,0,0,0,0,0,0,0,0,0,0,0,0,0,0,0,0,0,0,0,0,0,0,0,0,0,0,0,2,21,21,0,0,0,0,23,0,23
Himachal Pradesh,Cyber,0,0,0,0,0,0,0,0,0,0,0,0,0,0,0,0,0,0,0,0,0,0,0,0,0,0,0,0,0,0,0,0,0,0,0,0,0,0,0,0,0,0,0,0,0,0,0,0,0,0,0
Himachal Pradesh,Nurpur,0,0,0,0,0,0,0,0,0,0,0,0,0,0,0,0,0,0,0,0,0,0,0,0,0,0,0,0,0,0,0,0,0,0,0,0,0,0,0,0,0,0,4,4,0,0,0,0,4,0,4
Jharkhand,Bokaro,0,0,0,0,0,0,0,0,0,0,0,0,0,0,0,0,0,0,0,0,0,0,0,0,0,0,0,0,0,0,0,0,0,0,0,0,0,0,0,0,0,0,41,0,0,0,0,41,41,0,41
Jharkhand,Chaibasa,0,0,0,0,0,0,0,0,0,0,0,0,0,0,0,0,0,0,0,0,0,0,0,0,0,0,0,0,0,0,0,0,0,0,0,0,0,0,0,0,0,0,4,4,0,0,0,0,4,0,4
Jharkhand,Chatra,1,1,1,0,0,0,0,0,0,0,0,0,0,0,0,0,0,0,0,0,0,0,0,0,0,0,0,0,0,0,0,0,0,0,0,0,0,0,0,0,0,0,33,0,0,0,0,33,34,0,34
Jharkhand,Deoghar,0,0,0,0,0,0,0,0,0,0,0,0,0,0,0,0,0,0,0,0,0,0,0,0,0,0,0,0,0,0,0,0,0,0,0,0,0,0,0,0,0,0,22,22,0,0,0,0,22,0,22
Jharkhand,Dhanbad,0,0,0,0,0,0,0,0,0,0,0,0,0,0,0,0,0,0,0,0,0,0,0,0,0,0,0,0,0,0,0,0,0,0,0,0,0,0,0,0,0,0,52,0,0,0,0,52,52,0,52
Jharkhand,Dhanbad Railway,0,0,0,0,0,0,0,0,0,0,0,0,0,0,0,0,0,0,0,0,0,0,0,0,0,0,0,0,0,0,0,0,0,0,0,0,0,0,0,0,0,0,1,0,0,0,0,1,1,0,1
Jharkhand,Dumka,0,0,0,0,0,0,0,0,0,0,0,0,0,0,0,0,0,0,0,0,0,0,0,0,0,0,0,0,0,0,0,0,0,0,0,0,0,0,0,0,0,0,12,0,0,0,0,12,12,0,12
Jharkhand,Garhwa,0,0,0,0,0,0,0,0,0,0,0,0,0,0,0,0,0,0,0,0,0,0,0,0,0,0,0,0,0,0,0,0,0,0,0,0,0,0,0,0,0,0,63,0,0,0,0,63,63,0,63
Jharkhand,Giridih,44,0,0,0,0,1,1,0,0,0,0,6,0,0,0,0,1,1,0,0,8,2,2,0,0,0,0,0,0,0,0,0,0,0,0,7,0,0,0,0,0,19,6,0,0,0,0,6,50,0,50
Jharkhand,Godda,0,0,0,0,0,0,0,0,0,0,0,0,0,0,0,0,0,0,0,0,0,0,0,0,0,0,0,0,0,0,0,0,0,0,0,0,0,0,0,0,0,0,21,0,0,0,0,21,21,0,21
Jharkhand,Gumla,0,0,0,0,0,0,0,0,0,0,0,0,0,0,0,0,0,0,0,0,0,0,0,0,0,0,0,0,0,0,0,0,0,0,0,0,0,0,0,0,0,0,3,0,0,0,0,3,3,0,3
Jharkhand,Hazaribagh,56,1,1,0,0,1,1,0,0,0,0,0,0,0,0,0,0,0,0,0,5,8,8,0,0,0,0,0,0,0,0,0,0,0,0,13,0,0,0,0,0,28,10,0,0,0,0,10,66,0,66
Jharkhand,Jamshedpur,18,0,0,0,0,0,0,0,0,0,0,0,0,0,0,0,0,0,0,0,0,0,0,0,0,0,0,0,0,0,0,0,0,0,0,0,0,0,0,0,0,18,0,0,0,0,0,0,18,0,18
Jharkhand,Jamshedpur Railway,0,0,0,0,0,0,0,0,0,0,0,0,0,0,0,0,0,0,0,0,0,0,0,0,0,0,0,0,0,0,0,0,0,0,0,0,0,0,0,0,0,0,0,0,0,0,0,0,0,0,0
Jharkhand,Jamtara,0,0,0,0,0,0,0,0,0,0,0,0,0,0,0,0,0,0,0,0,0,0,0,0,0,0,0,0,0,0,0,0,0,0,0,0,0,0,0,0,0,0,8,8,0,0,0,0,8,0,8
Jharkhand,Khunti,0,0,0,0,0,0,0,0,0,0,0,0,0,0,0,0,0,0,0,0,0,0,0,0,0,0,0,0,0,0,0,0,0,0,0,0,0,0,0,0,0,0,0,0,0,0,0,0,0,0,0
Jharkhand,Koderma,28,0,0,0,0,0,0,0,0,0,0,0,0,0,0,0,0,0,0,0,0,0,0,0,0,0,0,0,0,0,0,0,0,0,0,0,0,0,0,0,0,28,18,0,0,0,0,18,46,0,46
Jharkhand,Latehar,7,0,0,0,0,0,0,0,1,1,0,0,0,0,0,0,0,0,0,0,3,2,2,0,0,0,0,0,0,0,0,0,0,0,0,0,0,0,0,0,0,1,1,1,0,0,0,0,8,0,8
Jharkhand,Lohardagga,0,0,0,0,0,0,0,0,0,0,0,0,0,0,0,0,0,0,0,0,0,0,0,0,0,0,0,0,0,0,0,0,0,0,0,0,0,0,0,0,0,0,0,0,0,0,0,0,0,0,0
Jharkhand,Pakur,0,0,0,0,0,0,0,0,0,0,0,0,0,0,0,0,0,0,0,0,0,0,0,0,0,0,0,0,0,0,0,0,0,0,0,0,0,0,0,0,0,0,6,6,0,0,0,0,6,0,6
Jharkhand,Palamu,7,1,1,0,3,0,0,0,0,0,0,1,0,0,1,0,0,0,0,0,1,0,0,0,0,0,0,0,0,0,0,0,0,0,0,0,0,0,0,0,0,0,68,64,3,0,1,0,75,0,75
Jharkhand,Ramgarh,4,0,0,0,0,1,1,0,0,0,0,0,0,0,0,0,0,0,0,0,0,0,0,0,0,0,0,0,0,0,0,0,0,0,0,0,0,0,0,0,0,3,4,0,0,0,0,4,8,0,8
Jharkhand,Ranchi,9,0,0,0,0,0,0,0,0,0,0,0,0,0,0,0,0,0,0,0,0,0,0,0,0,0,0,0,0,0,0,0,0,0,0,0,0,0,0,0,0,9,8,0,2,0,1,5,17,0,17
Jharkhand,Sahebganj,0,0,0,0,0,0,0,0,0,0,0,0,0,0,0,0,0,0,0,0,0,0,0,0,0,0,0,0,0,0,0,0,0,0,0,0,0,0,0,0,0,0,0,0,0,0,0,0,0,0,0
Jharkhand,Saraikela,0,0,0,0,0,0,0,0,0,0,0,0,0,0,0,0,0,0,0,0,0,0,0,0,0,0,0,0,0,0,0,0,0,0,0,0,0,0,0,0,0,0,11,0,0,0,0,11,11,0,11
Jharkhand,Simdega,0,0,0,0,0,0,0,0,0,0,0,0,0,0,0,0,0,0,0,0,0,0,0,0,0,0,0,0,0,0,0,0,0,0,0,0,0,0,0,0,0,0,0,0,0,0,0,0,0,0,0
Karnataka,Bagalkot,49,5,5,0,0,0,0,0,0,0,0,3,0,0,0,0,0,0,0,2,7,10,6,0,0,4,1,1,1,0,0,0,0,0,0,8,0,0,0,0,0,13,0,0,0,0,0,0,49,0,49
Karnataka,Bengaluru City,271,49,17,32,0,15,13,2,3,3,0,1,1,0,4,0,0,0,0,3,5,3,0,0,0,3,0,0,0,0,0,0,0,0,0,3,0,0,0,0,0,184,9,6,2,0,0,1,280,0,280
Karnataka,Bengaluru District,106,16,7,9,0,4,4,0,0,0,0,0,0,0,2,0,0,0,0,9,8,10,3,0,0,7,0,0,0,0,0,0,0,0,0,6,0,0,0,0,0,51,1,1,0,0,0,0,107,0,107
Karnataka,Belagavi District,86,11,2,9,1,0,0,0,1,1,0,3,0,1,0,0,0,0,0,4,11,0,0,0,0,0,0,0,0,0,0,0,0,0,0,20,0,0,0,0,0,34,0,0,0,0,0,0,86,0,86
Karnataka,Ballari,26,4,0,4,0,1,1,0,0,0,0,1,0,0,0,0,0,0,0,0,1,2,0,0,0,2,0,0,0,0,0,0,0,0,0,4,0,0,0,0,0,13,0,0,0,0,0,0,26,0,26
Karnataka,Bidar,34,3,1,2,0,0,0,0,2,0,2,0,0,0,0,0,0,0,0,4,1,4,1,0,0,3,1,1,0,0,1,0,0,0,0,2,0,0,0,0,0,17,0,0,0,0,0,0,34,0,34
Karnataka,Vijayapura,97,17,6,11,0,9,9,0,0,0,0,0,0,0,0,0,0,0,0,9,7,18,0,0,0,18,1,1,0,0,1,0,0,0,0,15,0,1,0,1,0,20,0,0,0,0,0,0,97,0,97
Karnataka,Chikkaballapura,41,6,2,4,0,0,0,0,1,1,0,1,0,0,0,0,0,0,0,2,2,3,3,0,0,0,1,1,0,0,1,0,0,0,0,1,0,0,0,0,0,24,0,0,0,0,0,0,41,0,41
Karnataka,Chamarajnagar,29,2,1,1,0,2,1,1,1,0,1,1,0,0,0,0,0,0,0,1,2,0,0,0,0,0,0,0,0,0,0,0,0,0,0,5,0,0,0,0,0,15,0,0,0,0,0,0,29,0,29
Karnataka,Chikkamagaluru,42,1,1,0,0,5,5,0,1,1,0,2,0,0,1,0,0,0,0,0,0,0,0,0,0,0,0,0,0,0,0,0,0,0,0,6,0,0,0,0,0,26,1,0,0,0,0,1,43,0,43
Karnataka,Chitradurga,44,5,3,2,0,2,2,0,0,0,0,4,0,0,0,0,0,0,0,0,6,3,0,0,0,3,0,0,0,0,0,0,0,0,0,7,0,0,0,0,0,17,0,0,0,0,0,0,44,0,44
Karnataka,Dakshina Kannada,18,1,0,1,0,1,1,0,2,2,0,0,0,1,0,0,0,0,0,0,0,3,0,0,0,3,0,0,0,0,0,0,0,0,0,0,1,0,0,0,0,9,0,0,0,0,0,0,18,0,18
Karnataka,Davanagere,51,11,3,8,0,6,6,0,0,0,0,0,0,0,0,0,0,0,0,1,3,2,0,0,0,2,0,0,0,0,0,0,0,0,0,4,0,0,0,0,0,24,0,0,0,0,0,0,51,0,51
Karnataka,Dharwad,25,1,1,0,0,8,3,5,0,0,0,0,0,0,0,0,0,0,0,0,4,2,0,0,0,2,0,0,0,0,0,0,0,0,0,4,0,0,0,0,0,6,0,0,0,0,0,0,25,0,25
Karnataka,Gadag,30,2,0,2,0,1,1,0,0,0,0,0,0,0,0,0,0,0,0,0,4,3,0,0,0,3,0,0,0,0,0,0,0,0,0,8,0,0,0,0,0,12,0,0,0,0,0,0,30,0,30
Karnataka,Kalaburgi,65,12,5,7,0,2,2,0,2,1,1,0,0,0,0,0,0,0,0,2,5,3,1,0,0,2,0,0,0,0,0,0,0,0,0,18,1,0,0,0,0,20,0,0,0,0,0,0,65,1,66
Karnataka,Hassan,96,11,4,7,0,8,7,1,0,0,0,1,0,0,0,0,0,0,0,2,3,11,2,0,0,9,0,0,0,0,0,0,0,0,0,5,0,0,0,0,0,55,2,2,0,0,0,0,98,0,98
Karnataka,Haveri,36,4,1,3,0,4,4,0,2,1,1,0,0,0,0,0,0,0,0,0,2,0,0,0,0,0,1,1,1,0,0,0,0,0,0,8,0,2,0,2,0,13,0,0,0,0,0,0,36,0,36
Karnataka,Hubballi Dharwad City,44,0,0,0,0,7,5,2,0,0,0,0,0,1,1,0,0,0,0,2,4,0,0,0,0,0,0,0,0,0,0,0,0,0,0,2,0,0,0,0,0,27,0,0,0,0,0,0,44,0,44
Karnataka,Kgf,19,8,1,7,0,1,1,0,1,0,1,0,0,0,0,0,0,0,0,0,1,0,0,0,0,0,0,0,0,0,0,0,0,0,0,0,0,0,0,0,0,8,0,0,0,0,0,0,19,0,19
Karnataka,Kodagu,24,0,0,0,0,4,4,0,1,1,0,0,0,0,0,0,0,0,0,0,1,3,0,0,0,3,0,0,0,0,0,0,0,0,0,1,0,0,0,0,0,14,1,1,0,0,0,0,25,0,25
Karnataka,Kolar,43,3,0,3,0,5,5,0,1,1,0,0,0,0,0,0,0,0,0,4,1,3,2,0,0,1,0,0,0,0,0,0,0,0,0,6,0,0,0,0,0,20,5,4,0,0,0,1,48,0,48
Karnataka,Koppal,39,3,0,3,0,8,8,0,0,0,0,0,0,0,0,1,0,0,0,4,5,0,0,0,0,0,1,1,0,0,1,0,0,0,0,7,0,0,0,0,0,10,0,0,0,0,0,0,39,0,39
Karnataka,Mandya,65,9,1,8,0,5,3,2,2,2,0,3,0,0,0,0,0,0,0,1,6,7,1,0,0,6,0,0,0,0,0,0,0,0,0,8,0,0,0,0,0,24,1,1,0,0,0,0,66,0,66
Karnataka,Mangaluru City,21,4,2,2,0,5,4,1,0,0,0,1,0,2,0,0,0,0,0,1,0,0,0,0,0,0,0,0,0,0,0,0,0,0,0,0,0,0,0,0,0,8,0,0,0,0,0,0,21,0,21
Karnataka,Mysuru City,20,5,5,0,0,1,1,0,0,0,0,0,0,2,0,0,0,0,0,1,4,2,1,0,0,1,0,0,0,0,0,0,0,0,0,0,0,0,0,0,0,5,1,1,0,0,0,0,21,0,21
Karnataka,Mysuru District,31,4,2,2,0,1,1,0,1,1,0,1,0,0,0,0,0,0,0,0,0,7,1,0,0,6,0,0,0,0,0,0,0,0,0,3,0,0,0,0,0,14,1,1,0,0,0,0,32,1,33
Karnataka,Raichur,52,0,0,0,0,4,4,0,1,1,0,0,0,0,0,0,0,0,0,0,13,2,0,0,0,2,0,0,0,0,0,0,0,0,0,14,0,0,0,0,0,18,0,0,0,0,0,0,52,0,52
Karnataka,Krailways,2,0,0,0,0,0,0,0,0,0,0,0,0,0,0,0,0,0,0,0,0,0,0,0,0,0,0,0,0,0,0,0,0,0,0,0,0,0,0,0,0,2,0,0,0,0,0,0,2,0,2
Karnataka,Ramanagara,53,0,0,0,0,13,11,2,0,0,0,0,0,0,0,0,0,0,0,0,7,4,0,0,0,4,0,0,0,0,0,0,0,0,0,3,0,0,0,0,0,26,0,0,0,0,0,0,53,0,53
Karnataka,Shimoga,108,25,3,22,0,16,15,1,1,1,0,5,0,0,1,0,0,0,0,4,9,9,1,0,0,8,0,0,0,0,0,0,0,0,0,7,1,0,0,0,0,30,1,0,0,0,0,1,109,0,109
Karnataka,Tumakuru,102,9,4,5,0,13,11,2,1,1,0,3,0,0,0,0,0,0,0,3,7,8,8,0,0,0,0,0,0,0,0,0,0,0,0,5,1,0,0,0,0,52,0,0,0,0,0,0,102,0,102
Karnataka,Udupi,41,2,0,2,0,7,5,2,0,0,0,0,0,0,0,0,0,0,0,0,2,2,1,0,0,1,0,0,0,0,0,0,0,0,0,1,1,0,0,0,0,26,2,0,0,0,0,2,43,0,43
Karnataka,Uttara Kannada,39,0,0,0,0,1,1,0,1,1,0,1,0,0,0,0,0,0,0,0,3,1,1,0,0,0,0,0,0,0,0,0,0,0,0,3,0,0,0,0,0,29,2,0,0,0,0,2,41,0,41
Karnataka,Yadgiri,50,6,2,4,0,5,4,1,2,1,1,0,0,0,0,0,0,0,0,0,2,5,0,0,0,5,0,0,0,0,0,0,0,0,0,15,0,0,0,0,0,15,1,0,0,0,1,0,51,0,51
Karnataka,Belagavi City,29,1,1,0,0,2,2,0,2,2,0,0,0,0,0,0,0,0,0,1,7,1,1,0,0,0,0,0,0,0,0,0,0,0,0,1,0,0,0,0,0,14,0,0,0,0,0,0,29,0,29
Karnataka,Kalaburgi City,41,2,2,0,0,2,2,0,0,0,0,0,0,0,0,0,0,0,0,2,4,9,0,0,0,9,0,0,0,0,0,0,0,0,0,2,1,0,0,0,0,19,1,1,0,0,0,0,42,0,42
Karnataka,Vijayanagara,16,3,0,3,0,1,1,0,0,0,0,1,0,0,0,0,0,0,0,0,1,0,0,0,0,0,0,0,0,0,0,0,0,0,0,4,0,0,0,0,0,6,0,0,0,0,0,0,16,0,16
Kerala,Alapuzha,83,16,5,11,0,15,8,7,2,2,0,1,0,0,0,0,0,0,0,1,0,3,3,0,0,0,0,0,0,0,0,0,0,0,0,0,0,0,0,0,0,45,13,13,0,0,0,0,96,0,96
Kerala,Ernakulam Commr,40,9,6,3,0,7,2,5,5,5,0,0,0,0,1,0,0,0,0,1,0,1,1,0,0,0,0,0,0,0,0,0,0,0,0,0,0,0,0,0,0,16,2,2,0,0,0,0,42,0,42
Kerala,Ernakulam Rural,65,11,4,7,0,4,2,2,1,1,0,1,1,1,2,0,0,0,0,0,2,19,3,0,0,16,1,1,0,0,1,0,0,0,0,0,1,0,0,0,0,21,6,3,0,0,0,3,71,0,71
Kerala,Idukki,65,24,4,20,1,4,1,3,3,3,0,2,0,0,1,0,0,0,0,0,2,12,4,0,0,8,0,0,0,0,0,0,0,0,0,1,0,0,0,0,0,15,2,1,0,0,0,1,67,0,67
Kerala,Kannur City,5,3,0,3,0,0,0,0,2,2,0,0,0,0,0,0,0,0,0,0,0,0,0,0,0,0,0,0,0,0,0,0,0,0,0,0,0,0,0,0,0,0,1,0,0,0,0,1,6,0,6
Kerala,Kasargod,4,1,1,0,0,0,0,0,0,0,0,0,0,0,0,0,0,0,0,0,0,0,0,0,0,0,0,0,0,0,0,0,0,0,0,0,0,0,0,0,0,3,0,0,0,0,0,0,4,0,4
Kerala,Kollam Commr,40,7,5,2,0,10,1,9,3,2,1,0,0,0,0,0,0,0,0,1,1,6,3,0,0,3,0,0,0,0,0,0,0,0,0,0,0,0,0,0,0,12,2,2,0,0,0,0,42,0,42
Kerala,Kollam Rural,56,17,8,9,0,12,3,9,2,2,0,1,0,1,0,0,0,0,0,1,0,5,5,0,0,0,0,0,0,0,0,0,0,0,0,0,0,0,0,0,0,17,0,0,0,0,0,0,56,0,56
Kerala,Kottayam,72,6,4,2,0,19,17,2,1,1,0,0,0,0,0,0,0,0,0,0,2,13,6,0,0,7,0,0,0,0,0,0,0,0,0,0,0,0,0,0,0,31,4,4,0,0,0,0,76,0,76
Kerala,Kozhikode Commr,19,4,4,0,0,2,0,2,1,1,0,0,0,0,0,0,0,0,0,0,0,1,0,0,0,1,0,0,0,0,0,0,0,0,0,1,0,0,0,0,0,10,4,4,0,0,0,0,23,0,23
Kerala,Kozhikode Rural,44,11,5,6,0,5,2,3,5,5,0,0,0,0,1,0,0,0,0,0,1,5,0,0,0,5,0,0,0,0,0,0,0,0,0,1,0,0,0,0,0,15,3,0,0,0,0,3,47,0,47
Kerala,Malappuram,63,10,5,5,0,7,5,2,3,3,0,1,0,1,1,0,0,0,0,0,1,11,5,0,0,6,0,0,0,0,0,0,0,0,0,0,0,0,0,0,1,27,4,4,0,0,0,0,67,0,67
Kerala,Palakkad,87,19,5,14,0,12,1,11,4,4,0,0,0,0,1,0,0,0,0,1,1,4,2,0,0,2,0,0,0,0,0,0,0,0,0,0,0,0,0,0,0,45,4,4,0,0,0,0,91,0,91
Kerala,Pathanamthitta,43,19,7,12,0,7,2,5,0,0,0,0,0,0,0,0,0,0,0,0,1,2,1,0,0,1,0,0,0,0,0,0,0,0,0,1,0,0,0,0,1,12,3,3,0,0,0,0,46,0,46
Kerala,Railways,0,0,0,0,0,0,0,0,0,0,0,0,0,0,0,0,0,0,0,0,0,0,0,0,0,0,0,0,0,0,0,0,0,0,0,0,0,0,0,0,0,0,0,0,0,0,0,0,0,0,0
Kerala,Thrissur Commr,37,15,11,4,0,5,4,1,1,1,0,0,0,0,2,0,0,0,0,0,0,1,1,0,0,0,0,0,0,0,0,0,0,0,0,1,0,0,0,0,0,12,1,1,0,0,0,0,38,0,38
Kerala,Thrissur Rural,44,11,5,6,0,7,2,5,5,5,0,0,0,0,0,0,0,0,0,2,1,5,3,0,0,2,0,0,0,0,0,0,0,0,0,0,0,0,0,0,0,13,0,0,0,0,0,0,44,0,44
Kerala,Trivandrum Commr,54,19,12,7,0,5,1,4,0,0,0,0,0,0,0,0,0,0,0,2,2,1,1,0,0,0,0,0,0,0,0,0,0,0,0,0,0,0,0,0,0,25,7,7,0,0,0,0,61,0,61
Kerala,Trivandrum Rural,147,42,14,28,0,26,17,9,0,0,0,0,0,2,1,0,0,0,0,2,2,16,10,0,0,6,0,0,0,0,0,0,0,0,0,0,0,0,0,0,0,56,3,3,0,0,0,0,150,0,150
Kerala,Wayanadu,22,4,0,4,0,3,2,1,1,1,0,0,0,0,0,0,0,0,0,0,0,4,0,0,0,4,0,0,0,0,0,0,0,0,0,0,0,0,0,0,0,10,0,0,0,0,0,0,22,0,22
Kerala,Crime Branch,0,0,0,0,0,0,0,0,0,0,0,0,0,0,0,0,0,0,0,0,0,0,0,0,0,0,0,0,0,0,0,0,0,0,0,0,0,0,0,0,0,0,0,0,0,0,0,0,0,0,0
Kerala,Kannur Rural,14,1,0,1,0,1,1,0,1,1,0,0,0,0,0,0,0,0,0,0,0,1,0,0,0,1,0,0,0,0,0,0,0,0,0,3,0,0,0,0,0,7,1,0,0,0,0,1,15,0,15
Madhya Pradesh,Agar,88,2,2,0,0,0,0,0,1,1,0,0,1,2,1,0,0,0,0,1,1,1,1,0,0,0,0,0,0,0,0,0,0,0,0,0,0,0,0,0,0,78,0,0,0,0,0,0,88,0,88
Madhya Pradesh,Alirajpur,4,0,0,0,0,0,0,0,0,0,0,0,0,0,0,1,0,0,0,0,1,0,0,0,0,0,0,0,0,0,0,0,0,0,0,0,0,0,0,0,0,2,0,0,0,0,0,0,4,0,4
Madhya Pradesh,Anuppur,35,4,3,1,0,5,5,0,1,1,0,0,0,0,0,0,1,1,0,0,0,2,1,0,0,1,0,0,0,0,0,0,0,0,0,0,0,0,0,0,0,22,0,0,0,0,0,0,35,0,35
Madhya Pradesh,Ashok Nagar,160,18,4,14,0,14,12,2,0,0,0,0,1,0,1,0,0,0,0,0,2,10,2,0,0,8,1,1,0,0,1,0,0,0,0,1,0,0,0,0,1,111,0,0,0,0,0,0,160,0,160
Madhya Pradesh,Balaghat,57,3,3,0,0,1,1,0,1,1,0,0,0,0,0,0,0,0,0,0,0,7,5,0,0,2,0,0,0,0,0,0,0,0,0,2,0,0,0,0,0,43,0,0,0,0,0,0,57,0,57
Madhya Pradesh,Barwani,36,2,0,2,0,4,3,1,2,2,0,0,0,0,0,0,0,0,0,0,0,11,0,0,0,11,0,0,0,0,0,0,0,0,0,4,0,0,0,0,0,13,0,0,0,0,0,0,36,0,36
Madhya Pradesh,Betul,106,9,9,0,0,5,5,0,0,0,0,0,0,0,0,1,0,0,0,0,2,0,0,0,0,0,0,0,0,0,0,0,0,0,0,0,0,0,0,0,0,89,0,0,0,0,0,0,106,0,106
Madhya Pradesh,Bhind,259,12,8,4,0,5,5,0,10,10,0,0,0,0,0,0,0,0,0,4,2,6,6,0,0,0,0,0,0,0,0,0,0,0,0,0,0,0,0,0,0,220,0,0,0,0,0,0,259,0,259
Madhya Pradesh,Bhopal Commissionarate,91,28,17,11,0,9,8,1,2,2,0,0,0,2,0,0,0,0,0,0,0,4,1,0,0,3,1,1,0,1,0,0,0,0,0,0,0,0,0,0,0,45,0,0,0,0,0,0,91,0,91
Madhya Pradesh,Bhopal Railway,0,0,0,0,0,0,0,0,0,0,0,0,0,0,0,0,0,0,0,0,0,0,0,0,0,0,0,0,0,0,0,0,0,0,0,0,0,0,0,0,0,0,0,0,0,0,0,0,0,0,0
Madhya Pradesh,Burhanpur,30,1,1,0,1,1,1,0,1,1,0,0,1,0,0,0,0,0,0,0,1,0,0,0,0,0,0,0,0,0,0,0,0,0,0,0,0,0,0,0,0,24,0,0,0,0,0,0,30,0,30
Madhya Pradesh,Chhatarpur,262,20,14,6,0,11,8,3,6,6,0,0,2,2,0,2,0,0,0,1,6,1,1,0,0,0,0,0,0,0,0,0,0,0,0,1,0,0,0,0,0,210,0,0,0,0,0,0,262,0,262
Madhya Pradesh,Chhindwara,161,9,9,0,0,13,13,0,0,0,0,0,0,0,0,0,0,0,0,0,4,1,1,0,0,0,1,1,0,0,1,0,0,0,0,1,0,0,0,0,0,132,0,0,0,0,0,0,161,0,161
Madhya Pradesh,Damoh,21,11,6,5,0,7,6,1,0,0,0,0,0,0,0,0,0,0,0,2,0,0,0,0,0,0,1,1,1,0,0,0,0,0,0,0,0,0,0,0,0,0,0,0,0,0,0,0,21,0,21
Madhya Pradesh,Datia,214,9,8,1,0,8,7,1,0,0,0,0,0,0,0,0,0,0,0,2,5,1,1,0,0,0,0,0,0,0,0,0,0,0,0,1,1,0,0,0,0,187,0,0,0,0,0,0,214,0,214
Madhya Pradesh,Dewas,241,10,5,5,0,4,3,1,6,6,0,2,2,2,1,1,0,0,0,3,0,0,0,0,0,0,2,0,0,0,0,0,0,0,2,2,0,0,0,0,0,206,0,0,0,0,0,0,241,0,241
Madhya Pradesh,Dhar,72,4,3,1,0,3,1,2,3,3,0,0,0,0,0,0,0,0,0,0,2,4,4,0,0,0,1,1,1,0,0,0,0,0,0,0,0,0,0,0,0,55,0,0,0,0,0,0,72,0,72
Madhya Pradesh,Dindori,17,2,1,1,0,1,1,0,0,0,0,0,0,0,0,0,0,0,0,0,0,1,0,0,0,1,0,0,0,0,0,0,0,0,0,0,0,0,0,0,1,12,0,0,0,0,0,0,17,0,17
Madhya Pradesh,Guna,253,12,6,6,0,9,9,0,0,0,0,0,1,1,1,0,0,0,0,0,0,2,2,0,0,0,0,0,0,0,0,0,0,0,0,3,0,0,0,0,2,222,0,0,0,0,0,0,253,0,253
Madhya Pradesh,Gwalior,462,30,20,10,0,12,8,4,3,3,0,0,0,4,2,3,1,1,0,6,10,10,2,0,0,8,3,1,1,0,0,0,0,0,2,0,0,0,0,0,0,378,0,0,0,0,0,0,462,0,462
Madhya Pradesh,Harda,66,6,3,3,0,7,6,1,0,0,0,0,0,0,0,0,0,0,0,3,0,29,1,0,0,28,0,0,0,0,0,0,0,0,0,0,0,0,0,0,0,21,0,0,0,0,0,0,66,0,66
Madhya Pradesh,Narmadapuram,180,7,4,3,0,9,7,2,1,1,0,0,0,0,0,0,0,0,0,1,1,0,0,0,0,0,1,1,1,0,0,0,0,0,0,0,0,0,0,0,0,160,0,0,0,0,0,0,180,0,180
Madhya Pradesh,Indore Commissionarate,28,6,4,2,0,1,1,0,1,1,0,0,0,0,0,0,0,0,0,2,0,0,0,0,0,0,0,0,0,0,0,0,0,0,0,1,0,0,0,0,0,17,0,0,0,0,0,0,28,0,28
Madhya Pradesh,Indore Railway,0,0,0,0,0,0,0,0,0,0,0,0,0,0,0,0,0,0,0,0,0,0,0,0,0,0,0,0,0,0,0,0,0,0,0,0,0,0,0,0,0,0,0,0,0,0,0,0,0,0,0
Madhya Pradesh,Jabalpur,209,6,6,0,0,2,2,0,7,7,0,0,0,1,0,0,0,0,0,9,10,5,5,0,0,0,0,0,0,0,0,0,0,0,0,1,0,0,0,0,2,166,0,0,0,0,0,0,209,0,209
Madhya Pradesh,Jabalpur Railway,0,0,0,0,0,0,0,0,0,0,0,0,0,0,0,0,0,0,0,0,0,0,0,0,0,0,0,0,0,0,0,0,0,0,0,0,0,0,0,0,0,0,0,0,0,0,0,0,0,0,0
Madhya Pradesh,Jhabua,0,0,0,0,0,0,0,0,0,0,0,0,0,0,0,0,0,0,0,0,0,0,0,0,0,0,0,0,0,0,0,0,0,0,0,0,0,0,0,0,0,0,0,0,0,0,0,0,0,0,0
Madhya Pradesh,Katni,80,5,5,0,0,0,0,0,1,1,0,0,0,0,0,0,0,0,0,2,1,31,2,0,0,29,1,1,1,0,0,0,0,0,0,0,0,0,0,0,0,39,0,0,0,0,0,0,80,0,80
Madhya Pradesh,Khandwa,95,5,3,2,0,11,5,6,0,0,0,0,1,0,0,0,0,0,0,0,2,4,0,0,0,4,0,0,0,0,0,0,0,0,0,1,0,0,0,0,0,71,0,0,0,0,0,0,95,0,95
Madhya Pradesh,Khargone,83,10,5,5,0,6,1,5,2,2,0,0,0,0,0,0,0,0,0,1,0,62,37,0,0,25,2,2,1,1,0,0,0,0,0,0,0,0,0,0,0,0,0,0,0,0,0,0,83,0,83
Madhya Pradesh,Mandla,36,8,4,4,0,1,1,0,0,0,0,0,0,0,0,1,0,0,0,0,1,1,1,0,0,0,1,1,0,1,0,0,0,0,0,1,0,0,0,0,0,22,0,0,0,0,0,0,36,0,36
Madhya Pradesh,Mandsaur,157,8,8,0,0,13,13,0,0,0,0,0,0,0,0,0,0,0,0,2,1,59,0,0,0,59,0,0,0,0,0,0,0,0,0,1,0,0,0,0,1,72,0,0,0,0,0,0,157,0,157
Madhya Pradesh,Morena,206,11,11,0,0,11,11,0,0,0,0,0,0,0,0,0,0,0,0,3,4,23,23,0,0,0,1,1,0,0,1,0,0,0,0,1,0,0,0,0,0,152,0,0,0,0,0,0,206,0,206
Madhya Pradesh,Narsinghpur,126,11,9,2,0,1,1,0,8,8,0,0,1,4,0,2,0,0,0,2,1,9,9,0,0,0,7,7,1,6,0,0,0,0,0,0,0,0,0,0,0,80,0,0,0,0,0,0,126,0,126
Madhya Pradesh,Neemuch,68,5,4,1,0,5,5,0,1,1,0,0,0,2,0,0,0,0,0,1,0,1,1,0,0,0,1,1,1,0,0,0,0,0,0,1,0,0,0,0,0,51,0,0,0,0,0,0,68,0,68
Madhya Pradesh,Panna,136,8,6,2,0,4,2,2,1,1,0,0,0,0,0,0,0,0,0,0,0,1,0,0,0,1,0,0,0,0,0,0,0,0,0,0,0,0,0,0,0,122,0,0,0,0,0,0,136,0,136
Madhya Pradesh,Raisen,182,6,0,6,0,14,12,2,1,1,0,0,0,0,0,0,0,0,0,3,5,4,4,0,0,0,2,2,2,0,0,0,0,0,0,2,0,0,0,0,0,145,0,0,0,0,0,0,182,0,182
Madhya Pradesh,Rajgarh,240,14,10,4,0,13,13,0,0,0,0,0,0,0,0,0,0,0,0,1,0,1,1,0,0,0,1,1,0,0,1,0,0,0,0,1,0,0,0,0,1,208,0,0,0,0,0,0,240,0,240
Madhya Pradesh,Ratlam,162,10,5,5,0,2,1,1,3,3,0,0,0,3,0,0,0,0,0,0,4,8,7,0,0,1,0,0,0,0,0,0,0,0,0,2,1,0,0,0,0,129,0,0,0,0,0,0,162,0,162
Madhya Pradesh,Rewa,136,7,2,5,0,7,6,1,0,0,0,0,0,0,0,0,0,0,0,0,2,1,1,0,0,0,1,1,1,0,0,0,0,0,0,0,0,0,0,0,0,118,0,0,0,0,0,0,136,0,136
Madhya Pradesh,Sagar,695,17,8,9,0,24,24,0,4,4,0,0,0,3,1,2,0,0,0,6,9,53,1,0,0,52,0,0,0,0,0,0,0,0,0,4,0,0,0,0,0,572,0,0,0,0,0,0,695,0,695
Madhya Pradesh,Satna,142,11,9,2,0,6,5,1,1,1,0,0,0,0,0,0,0,0,0,0,2,2,0,0,0,2,2,1,1,0,0,0,0,1,0,0,0,0,0,0,0,118,0,0,0,0,0,0,142,0,142
Madhya Pradesh,Seoni,95,8,6,2,0,2,2,0,0,0,0,0,0,0,0,1,0,0,0,3,2,1,0,0,0,1,0,0,0,0,0,0,0,0,0,1,0,0,0,0,0,77,0,0,0,0,0,0,95,0,95
Madhya Pradesh,Shahdol,34,4,2,2,0,1,0,1,2,2,0,0,0,0,0,0,0,0,0,1,0,17,0,0,0,17,0,0,0,0,0,0,0,0,0,0,0,0,0,0,0,9,0,0,0,0,0,0,34,0,34
Madhya Pradesh,Shajapur,240,14,7,7,0,10,9,1,8,5,3,0,0,6,1,0,1,1,0,1,3,2,1,0,0,1,0,0,0,0,0,0,0,0,0,4,0,0,0,0,0,190,0,0,0,0,0,0,240,0,240
Madhya Pradesh,Sheopur,67,5,2,3,0,2,1,1,4,4,0,0,0,0,0,0,0,0,0,1,3,5,4,0,0,1,1,1,1,0,0,0,0,0,0,0,0,0,0,0,0,46,0,0,0,0,0,0,67,0,67
Madhya Pradesh,Shivpuri,327,24,20,4,0,18,15,3,0,0,0,0,0,0,0,0,0,0,0,4,1,1,1,0,0,0,0,0,0,0,0,0,0,0,0,0,0,0,0,0,0,279,0,0,0,0,0,0,327,0,327
Madhya Pradesh,Sidhi,70,3,3,0,0,4,4,0,0,0,0,0,0,0,0,0,0,0,0,3,0,2,2,0,0,0,2,2,2,0,0,0,0,0,0,0,0,0,0,0,0,56,0,0,0,0,0,0,70,0,70
Madhya Pradesh,Sehore,238,18,18,0,0,17,13,4,2,2,0,0,0,2,0,0,0,0,0,1,4,4,0,0,0,4,2,1,0,1,0,0,0,0,1,2,0,0,0,0,0,186,0,0,0,0,0,0,238,0,238
Madhya Pradesh,Singrauli,82,11,8,3,0,8,4,4,0,0,0,0,0,0,0,0,0,0,0,1,0,3,3,0,0,0,0,0,0,0,0,0,0,0,0,1,0,0,0,0,0,58,0,0,0,0,0,0,82,0,82
Madhya Pradesh,Tikamgarh,193,10,5,5,0,5,4,1,0,0,0,0,0,1,0,0,0,0,0,0,0,9,9,0,0,0,3,3,0,1,2,0,0,0,0,3,0,0,0,0,0,162,0,0,0,0,0,0,193,0,193
Madhya Pradesh,Ujjain,201,20,20,0,0,14,9,5,2,2,0,0,0,5,0,0,0,0,0,2,6,7,1,0,0,6,0,0,0,0,0,0,0,0,0,0,0,0,0,0,0,145,0,0,0,0,0,0,201,0,201
Madhya Pradesh,Umaria,5,2,2,0,0,2,2,0,0,0,0,0,0,0,0,0,0,0,0,0,0,0,0,0,0,0,1,1,1,0,0,0,0,0,0,0,0,0,0,0,0,0,0,0,0,0,0,0,5,0,5
Madhya Pradesh,Vidisha,327,21,17,4,0,25,21,4,0,0,0,0,0,6,1,0,0,0,0,4,2,17,4,0,0,13,3,3,0,1,2,0,0,0,0,0,0,0,0,0,0,248,0,0,0,0,0,0,327,0,327
Madhya Pradesh,Cyber Crime Cell,0,0,0,0,0,0,0,0,0,0,0,0,0,0,0,0,0,0,0,0,0,0,0,0,0,0,0,0,0,0,0,0,0,0,0,0,0,0,0,0,0,0,0,0,0,0,0,0,0,0,0
Madhya Pradesh,Niwari,68,6,4,2,0,2,1,1,1,1,0,0,0,0,0,0,0,0,0,0,0,4,2,0,0,2,0,0,0,0,0,0,0,0,0,1,0,0,0,0,0,54,0,0,0,0,0,0,68,0,68
Madhya Pradesh,Bhopal Rural,65,10,4,6,0,2,2,0,0,0,0,0,0,0,0,0,0,0,0,1,0,3,1,0,0,2,0,0,0,0,0,0,0,0,0,1,0,0,0,0,0,48,0,0,0,0,0,0,65,0,65
Madhya Pradesh,Indore Rural,100,13,6,7,0,5,3,2,2,2,0,0,0,1,0,0,0,0,0,0,2,1,1,0,0,0,0,0,0,0,0,0,0,0,0,2,1,0,0,0,0,73,0,0,0,0,0,0,100,0,100
Madhya Pradesh,Pandhurna,8,0,0,0,0,0,0,0,0,0,0,0,0,0,0,0,0,0,0,0,1,0,0,0,0,0,0,0,0,0,0,0,0,0,0,0,0,0,0,0,0,7,0,0,0,0,0,0,8,0,8
Madhya Pradesh,Maihar,39,2,2,0,0,2,2,0,0,0,0,0,0,0,0,0,0,0,0,0,0,2,1,0,0,1,0,0,0,0,0,0,0,0,0,0,0,0,0,0,0,33,0,0,0,0,0,0,39,0,39
Madhya Pradesh,Mauganj,10,4,2,2,0,6,5,1,0,0,0,0,0,0,0,0,0,0,0,0,0,0,0,0,0,0,0,0,0,0,0,0,0,0,0,0,0,0,0,0,0,0,0,0,0,0,0,0,10,0,10
Maharashtra,Ahilyanagar,217,40,18,22,0,28,20,8,4,4,0,0,0,3,0,3,0,0,0,2,7,7,7,0,0,0,0,0,0,0,0,0,0,0,0,44,0,0,0,0,1,78,0,0,0,0,0,0,217,0,217
Maharashtra,Akola,41,7,2,5,0,6,2,4,6,2,4,0,0,0,0,0,0,0,0,1,6,0,0,0,0,0,1,0,0,0,0,0,0,0,1,0,0,0,0,0,0,14,1,0,0,0,0,1,42,0,42
Maharashtra,Amravati Commr,22,8,6,2,0,2,1,1,1,0,1,0,0,3,0,1,0,0,0,1,0,0,0,0,0,0,0,0,0,0,0,0,0,0,0,3,0,0,0,0,0,3,3,2,0,0,0,1,25,0,25
Maharashtra,Amravati Rural,59,8,8,0,0,7,7,0,6,6,0,0,0,5,0,0,0,0,0,3,6,5,4,0,0,1,0,0,0,0,0,0,0,0,0,3,0,0,0,0,1,15,4,0,0,0,0,4,63,0,63
Maharashtra,Chhatrapati Sambhajinagar Commr,50,13,11,2,0,7,4,3,1,1,0,0,0,1,1,0,0,0,0,3,3,3,0,0,0,3,0,0,0,0,0,0,0,0,0,4,0,0,0,0,0,14,11,11,0,0,0,0,61,0,61
Maharashtra,Chhatrapati Sambhajinagar Rural,56,13,7,6,0,7,4,3,7,5,2,0,0,0,0,0,0,0,0,4,1,5,4,0,0,1,1,1,1,0,0,0,0,0,0,9,0,0,0,0,2,7,19,0,0,0,0,19,75,0,75
Maharashtra,Beed,146,25,25,0,0,27,27,0,5,5,0,2,0,1,0,3,0,0,0,1,4,3,3,0,0,0,0,0,0,0,0,0,0,0,0,0,0,1,0,1,1,73,50,50,0,0,0,0,196,0,196
Maharashtra,Bhandara,18,8,1,7,0,0,0,0,0,0,0,0,0,0,1,0,0,0,0,0,0,0,0,0,0,0,1,0,0,0,0,0,1,0,0,1,0,0,0,0,0,7,2,2,0,0,0,0,20,0,20
Maharashtra,Buldhana,100,17,6,11,0,13,7,6,9,8,1,3,0,4,0,0,0,0,0,4,2,6,2,0,0,4,3,2,2,0,0,0,0,0,1,7,0,0,0,0,0,32,13,13,0,0,0,0,113,0,113
Maharashtra,Chandrapur,56,18,1,17,0,12,3,9,4,1,3,1,1,2,0,1,0,0,0,0,2,2,0,0,0,2,0,0,0,0,0,0,0,0,0,1,0,0,0,0,0,12,6,0,0,0,0,6,62,0,62
Maharashtra,Dhule,20,4,1,3,0,1,1,0,2,1,1,0,0,0,0,0,0,0,0,0,4,1,0,0,0,1,0,0,0,0,0,0,0,0,0,3,1,1,0,1,0,3,0,0,0,0,0,0,20,0,20
Maharashtra,Gadchiroli,8,3,0,3,0,0,0,0,0,0,0,0,0,0,0,0,0,0,0,0,0,1,1,0,0,0,0,0,0,0,0,0,0,0,0,0,0,0,0,0,0,4,0,0,0,0,0,0,8,0,8
Maharashtra,Gondia,50,11,11,0,0,9,9,0,0,0,0,0,0,0,0,0,0,0,0,3,3,2,2,0,0,0,0,0,0,0,0,0,0,0,0,2,0,0,0,0,0,20,0,0,0,0,0,0,50,0,50
Maharashtra,Hingoli,64,6,3,3,0,9,7,2,2,2,0,1,0,3,0,1,0,0,0,1,4,4,2,0,0,2,2,2,0,0,2,0,0,0,0,3,0,0,0,0,2,26,16,0,0,0,0,16,80,0,80
Maharashtra,Jalgaon,56,7,5,2,0,6,5,1,1,1,0,0,0,0,1,0,0,0,0,2,1,0,0,0,0,0,1,1,1,0,0,0,0,0,0,15,1,1,0,1,0,20,2,2,0,0,0,0,58,0,58
Maharashtra,Jalna,76,14,10,4,0,13,10,3,3,3,0,0,0,0,0,0,0,0,0,0,7,15,10,0,0,5,1,1,0,0,1,0,0,0,0,11,0,0,0,0,1,11,11,0,0,0,0,11,87,0,87
Maharashtra,Kolhapur,74,15,6,9,0,4,4,0,1,1,0,1,0,1,0,0,0,0,0,3,2,6,4,0,0,2,0,0,0,0,0,0,0,0,0,8,0,1,0,1,0,32,0,0,0,0,0,0,74,0,74
Maharashtra,Latur,103,15,3,12,0,12,10,2,4,2,2,0,1,0,0,1,0,0,0,3,3,17,3,0,0,14,3,3,0,1,2,0,0,0,0,17,1,1,0,1,0,25,19,19,0,0,0,0,122,0,122
Maharashtra,Mumbai Commr,56,8,5,3,0,1,1,0,5,5,0,0,0,0,0,0,0,0,0,1,0,3,1,0,0,2,0,0,0,0,0,0,0,0,0,0,0,0,0,0,0,38,6,0,0,0,0,6,62,0,62
Maharashtra,Mumbai Railway,0,0,0,0,0,0,0,0,0,0,0,0,0,0,0,0,0,0,0,0,0,0,0,0,0,0,0,0,0,0,0,0,0,0,0,0,0,0,0,0,0,0,3,3,0,0,0,0,3,0,3
Maharashtra,Nagpur Commr,66,41,25,16,0,4,2,2,1,1,0,0,0,0,1,0,0,0,0,2,1,1,0,0,0,1,0,0,0,0,0,0,0,0,0,5,0,0,0,0,0,10,0,0,0,0,0,0,66,0,66
Maharashtra,Nagpur Railway,0,0,0,0,0,0,0,0,0,0,0,0,0,0,0,0,0,0,0,0,0,0,0,0,0,0,0,0,0,0,0,0,0,0,0,0,0,0,0,0,0,0,0,0,0,0,0,0,0,0,0
Maharashtra,Nagpur Rural,47,15,10,5,0,3,3,0,1,1,0,1,0,2,0,0,0,0,0,0,4,3,2,0,0,1,0,0,0,0,0,0,0,0,0,0,0,0,0,0,2,16,8,8,0,0,0,0,55,0,55
Maharashtra,Nanded,108,12,7,5,0,20,17,3,0,0,0,0,0,0,0,0,0,0,0,5,3,12,3,0,0,9,2,2,2,0,0,0,0,0,0,23,0,3,0,3,0,28,19,19,0,0,0,0,127,0,127
Maharashtra,Nandurbar,4,0,0,0,0,0,0,0,1,0,1,0,0,0,0,0,0,0,0,0,1,0,0,0,0,0,0,0,0,0,0,0,0,0,0,1,0,0,0,0,0,1,1,0,0,0,0,1,5,0,5
Maharashtra,Nasik Commr,32,8,6,2,0,6,5,1,0,0,0,0,0,0,0,0,0,0,0,1,1,2,2,0,0,0,2,2,1,0,1,0,0,0,0,1,1,0,0,0,0,10,0,0,0,0,0,0,32,0,32
Maharashtra,Nasik Rural,76,14,9,5,0,17,10,7,1,1,0,0,0,0,0,0,0,0,0,1,2,5,5,0,0,0,2,0,0,0,0,0,0,0,2,9,1,0,0,0,0,24,13,7,1,0,0,5,89,0,89
Maharashtra,Navi Mumbai,35,9,8,1,0,1,0,1,0,0,0,3,0,0,1,0,0,0,0,2,0,1,1,0,0,0,0,0,0,0,0,0,0,0,0,2,0,0,0,0,0,16,10,10,0,0,0,0,45,1,46
Maharashtra,Dharashiv,101,13,8,5,0,12,10,2,6,6,0,0,0,1,0,0,0,0,0,4,3,8,8,0,0,0,1,0,0,0,0,0,0,0,1,18,0,0,0,0,2,33,0,0,0,0,0,0,101,0,101
Maharashtra,Palghar,1,0,0,0,0,0,0,0,0,0,0,0,0,0,0,0,0,0,0,0,0,0,0,0,0,0,0,0,0,0,0,0,0,0,0,0,0,0,0,0,0,1,1,0,0,0,0,1,2,0,2
Maharashtra,Parbhani,83,15,15,0,0,9,9,0,8,8,0,0,0,0,0,0,0,0,0,0,1,18,6,0,0,12,0,0,0,0,0,0,0,0,0,6,0,0,0,0,2,24,8,0,0,0,0,8,91,0,91
Maharashtra,Pune Commr,118,41,41,0,0,16,16,0,0,0,0,0,0,0,0,0,0,0,0,2,5,0,0,0,0,0,2,2,0,0,2,0,0,0,0,9,0,0,0,0,0,43,3,0,0,0,0,3,121,0,121
Maharashtra,Pune Railway,0,0,0,0,0,0,0,0,0,0,0,0,0,0,0,0,0,0,0,0,0,0,0,0,0,0,0,0,0,0,0,0,0,0,0,0,0,0,0,0,0,0,0,0,0,0,0,0,0,0,0
Maharashtra,Pune Rural,187,35,13,22,0,24,12,12,3,2,1,1,0,0,0,0,0,0,0,2,6,19,1,0,0,18,2,1,1,0,0,0,0,0,1,19,0,0,0,0,0,76,1,1,0,0,0,0,188,0,188
Maharashtra,Raigad,32,3,0,3,0,1,1,0,0,0,0,1,0,2,0,0,0,0,0,0,0,2,1,0,0,1,0,0,0,0,0,0,0,0,0,1,0,0,0,0,0,22,1,0,0,0,0,1,33,0,33
Maharashtra,Ratnagiri,10,2,2,0,0,0,0,0,2,1,1,0,0,2,0,0,0,0,0,0,0,0,0,0,0,0,0,0,0,0,0,0,0,0,0,3,0,0,0,0,0,1,7,6,0,0,0,1,17,0,17
Maharashtra,Sangli,91,20,15,5,0,14,13,1,0,0,0,1,0,2,0,1,0,0,0,3,1,5,4,0,0,1,4,3,0,0,3,0,0,0,1,6,0,0,0,0,0,34,28,26,0,0,0,2,119,0,119
Maharashtra,Satara,104,13,2,11,0,9,3,6,9,5,4,0,0,2,0,0,0,0,0,0,6,14,13,0,0,1,5,5,0,0,5,0,0,0,0,7,2,1,0,1,1,35,30,27,0,0,0,3,134,0,134
Maharashtra,Sindhudurg,3,2,1,1,0,0,0,0,0,0,0,0,0,0,0,0,0,0,0,0,0,0,0,0,0,0,0,0,0,0,0,0,0,0,0,0,0,0,0,0,0,1,4,4,0,0,0,0,7,0,7
Maharashtra,Solapur Commr,30,11,5,6,0,9,7,2,0,0,0,0,0,0,0,0,0,0,0,0,0,2,1,0,0,1,1,1,0,0,1,0,0,0,0,3,0,0,0,0,0,4,3,3,0,0,0,0,33,0,33
Maharashtra,Solapur Rural,193,23,8,15,0,15,13,2,9,9,0,8,0,6,0,0,0,0,0,7,5,18,5,0,0,13,2,0,0,0,0,0,0,0,2,29,0,0,0,0,0,71,39,0,0,0,0,39,232,0,232
Maharashtra,Thane Commr,53,11,9,2,0,8,8,0,0,0,0,0,0,0,0,0,0,0,0,3,1,2,2,0,0,0,0,0,0,0,0,0,0,0,0,6,0,0,0,0,0,22,22,0,0,0,0,22,75,0,75
Maharashtra,Thane Rural,15,1,1,0,0,0,0,0,1,1,0,0,0,0,0,0,0,0,0,1,0,0,0,0,0,0,1,1,1,0,0,0,0,0,0,0,0,0,0,0,0,11,9,0,0,0,0,9,24,0,24
Maharashtra,Wardha,18,8,2,6,0,5,0,5,1,1,0,0,0,0,0,0,0,0,0,1,0,0,0,0,0,0,0,0,0,0,0,0,0,0,0,1,0,0,0,0,0,2,0,0,0,0,0,0,18,0,18
Maharashtra,Washim,36,15,4,11,0,4,1,3,0,0,0,0,0,0,0,0,0,0,0,2,2,0,0,0,0,0,0,0,0,0,0,0,0,0,0,2,0,0,0,0,1,10,3,0,0,0,0,3,39,0,39
Maharashtra,Yavatmal,69,9,9,0,0,23,23,0,0,0,0,0,0,0,0,0,0,0,0,6,2,4,4,0,0,0,3,1,0,0,1,0,0,0,2,5,0,1,0,1,0,16,0,0,0,0,0,0,69,0,69
Maharashtra,Pimpri Chinchwad Commr,42,19,18,1,0,5,4,1,0,0,0,0,0,0,0,0,0,0,0,1,2,3,3,0,0,0,1,1,0,0,1,0,0,0,0,3,0,0,0,0,0,8,0,0,0,0,0,0,42,1,43
Maharashtra,Chhatrapati Sambhajinagar Railway,0,0,0,0,0,0,0,0,0,0,0,0,0,0,0,0,0,0,0,0,0,0,0,0,0,0,0,0,0,0,0,0,0,0,0,0,0,0,0,0,0,0,0,0,0,0,0,0,0,0,0
Maharashtra,Mira Bhayandar Vasai Virar Commr,11,3,1,2,0,0,0,0,1,1,0,0,0,0,0,0,0,0,0,0,0,0,0,0,0,0,0,0,0,0,0,0,0,0,0,1,0,0,0,0,0,6,4,0,0,0,0,4,15,0,15
Manipur,Bishnupur,0,0,0,0,0,0,0,0,0,0,0,0,0,0,0,0,0,0,0,0,0,0,0,0,0,0,0,0,0,0,0,0,0,0,0,0,0,0,0,0,0,0,0,0,0,0,0,0,0,0,0
Manipur,Chandel,0,0,0,0,0,0,0,0,0,0,0,0,0,0,0,0,0,0,0,0,0,0,0,0,0,0,0,0,0,0,0,0,0,0,0,0,0,0,0,0,0,0,0,0,0,0,0,0,0,0,0
Manipur,Churachandpur,0,0,0,0,0,0,0,0,0,0,0,0,0,0,0,0,0,0,0,0,0,0,0,0,0,0,0,0,0,0,0,0,0,0,0,0,0,0,0,0,0,0,0,0,0,0,0,0,0,0,0
Manipur,Cid,0,0,0,0,0,0,0,0,0,0,0,0,0,0,0,0,0,0,0,0,0,0,0,0,0,0,0,0,0,0,0,0,0,0,0,0,0,0,0,0,0,0,0,0,0,0,0,0,0,0,0
Manipur,Imphal East,0,0,0,0,0,0,0,0,0,0,0,0,0,0,0,0,0,0,0,0,0,0,0,0,0,0,0,0,0,0,0,0,0,0,0,0,0,0,0,0,0,0,0,0,0,0,0,0,0,0,0
Manipur,Imphal West,1,0,0,0,0,0,0,0,0,0,0,0,0,0,0,0,0,0,0,0,0,0,0,0,0,0,0,0,0,0,0,0,0,0,0,0,0,0,0,0,0,1,0,0,0,0,0,0,1,0,1
Manipur,Senapati,0,0,0,0,0,0,0,0,0,0,0,0,0,0,0,0,0,0,0,0,0,0,0,0,0,0,0,0,0,0,0,0,0,0,0,0,0,0,0,0,0,0,0,0,0,0,0,0,0,0,0
Manipur,Tamenglong,0,0,0,0,0,0,0,0,0,0,0,0,0,0,0,0,0,0,0,0,0,0,0,0,0,0,0,0,0,0,0,0,0,0,0,0,0,0,0,0,0,0,0,0,0,0,0,0,0,0,0
Manipur,Thoubal,0,0,0,0,0,0,0,0,0,0,0,0,0,0,0,0,0,0,0,0,0,0,0,0,0,0,0,0,0,0,0,0,0,0,0,0,0,0,0,0,0,0,0,0,0,0,0,0,0,0,0
Manipur,Ukhrul,0,0,0,0,0,0,0,0,0,0,0,0,0,0,0,0,0,0,0,0,0,0,0,0,0,0,0,0,0,0,0,0,0,0,0,0,0,0,0,0,0,0,0,0,0,0,0,0,0,0,0
Manipur,Kakching,0,0,0,0,0,0,0,0,0,0,0,0,0,0,0,0,0,0,0,0,0,0,0,0,0,0,0,0,0,0,0,0,0,0,0,0,0,0,0,0,0,0,0,0,0,0,0,0,0,0,0
Manipur,Kamjong,0,0,0,0,0,0,0,0,0,0,0,0,0,0,0,0,0,0,0,0,0,0,0,0,0,0,0,0,0,0,0,0,0,0,0,0,0,0,0,0,0,0,0,0,0,0,0,0,0,0,0
Manipur,Kangpokpi,0,0,0,0,0,0,0,0,0,0,0,0,0,0,0,0,0,0,0,0,0,0,0,0,0,0,0,0,0,0,0,0,0,0,0,0,0,0,0,0,0,0,0,0,0,0,0,0,0,0,0
Manipur,Jiribam,0,0,0,0,0,0,0,0,0,0,0,0,0,0,0,0,0,0,0,0,0,0,0,0,0,0,0,0,0,0,0,0,0,0,0,0,0,0,0,0,0,0,0,0,0,0,0,0,0,0,0
Manipur,Noney,0,0,0,0,0,0,0,0,0,0,0,0,0,0,0,0,0,0,0,0,0,0,0,0,0,0,0,0,0,0,0,0,0,0,0,0,0,0,0,0,0,0,0,0,0,0,0,0,0,0,0
Manipur,Pherzawl,0,0,0,0,0,0,0,0,0,0,0,0,0,0,0,0,0,0,0,0,0,0,0,0,0,0,0,0,0,0,0,0,0,0,0,0,0,0,0,0,0,0,0,0,0,0,0,0,0,0,0
Manipur,Tengnoupal,0,0,0,0,0,0,0,0,0,0,0,0,0,0,0,0,0,0,0,0,0,0,0,0,0,0,0,0,0,0,0,0,0,0,0,0,0,0,0,0,0,0,0,0,0,0,0,0,0,0,0
Manipur,Narcotic,0,0,0,0,0,0,0,0,0,0,0,0,0,0,0,0,0,0,0,0,0,0,0,0,0,0,0,0,0,0,0,0,0,0,0,0,0,0,0,0,0,0,0,0,0,0,0,0,0,0,0
Meghalaya,Garo Hills East,0,0,0,0,0,0,0,0,0,0,0,0,0,0,0,0,0,0,0,0,0,0,0,0,0,0,0,0,0,0,0,0,0,0,0,0,0,0,0,0,0,0,0,0,0,0,0,0,0,0,0
Meghalaya,Garo Hills North,0,0,0,0,0,0,0,0,0,0,0,0,0,0,0,0,0,0,0,0,0,0,0,0,0,0,0,0,0,0,0,0,0,0,0,0,0,0,0,0,0,0,0,0,0,0,0,0,0,0,0
Meghalaya,Garo Hills South,0,0,0,0,0,0,0,0,0,0,0,0,0,0,0,0,0,0,0,0,0,0,0,0,0,0,0,0,0,0,0,0,0,0,0,0,0,0,0,0,0,0,0,0,0,0,0,0,0,0,0
Meghalaya,Garo Hills South West,0,0,0,0,0,0,0,0,0,0,0,0,0,0,0,0,0,0,0,0,0,0,0,0,0,0,0,0,0,0,0,0,0,0,0,0,0,0,0,0,0,0,0,0,0,0,0,0,0,0,0
Meghalaya,Garo Hills West,0,0,0,0,0,0,0,0,0,0,0,0,0,0,0,0,0,0,0,0,0,0,0,0,0,0,0,0,0,0,0,0,0,0,0,0,0,0,0,0,0,0,0,0,0,0,0,0,0,0,0
Meghalaya,Jaintia Hills West,0,0,0,0,0,0,0,0,0,0,0,0,0,0,0,0,0,0,0,0,0,0,0,0,0,0,0,0,0,0,0,0,0,0,0,0,0,0,0,0,0,0,0,0,0,0,0,0,0,0,0
Meghalaya,Jaintia Hills East,0,0,0,0,0,0,0,0,0,0,0,0,0,0,0,0,0,0,0,0,0,0,0,0,0,0,0,0,0,0,0,0,0,0,0,0,0,0,0,0,0,0,0,0,0,0,0,0,0,0,0
Meghalaya,Khasi Hills East,0,0,0,0,0,0,0,0,0,0,0,0,0,0,0,0,0,0,0,0,0,0,0,0,0,0,0,0,0,0,0,0,0,0,0,0,0,0,0,0,0,0,0,0,0,0,0,0,0,0,0
Meghalaya,Khasi Hills South West,0,0,0,0,0,0,0,0,0,0,0,0,0,0,0,0,0,0,0,0,0,0,0,0,0,0,0,0,0,0,0,0,0,0,0,0,0,0,0,0,0,0,0,0,0,0,0,0,0,0,0
Meghalaya,Khasi Hills West,0,0,0,0,0,0,0,0,0,0,0,0,0,0,0,0,0,0,0,0,0,0,0,0,0,0,0,0,0,0,0,0,0,0,0,0,0,0,0,0,0,0,0,0,0,0,0,0,0,0,0
Meghalaya,Ri-Bhoi,0,0,0,0,0,0,0,0,0,0,0,0,0,0,0,0,0,0,0,0,0,0,0,0,0,0,0,0,0,0,0,0,0,0,0,0,0,0,0,0,0,0,0,0,0,0,0,0,0,0,0
Meghalaya,Cyber Cell,0,0,0,0,0,0,0,0,0,0,0,0,0,0,0,0,0,0,0,0,0,0,0,0,0,0,0,0,0,0,0,0,0,0,0,0,0,0,0,0,0,0,0,0,0,0,0,0,0,0,0
Meghalaya,Khasi Hills Eastern West,0,0,0,0,0,0,0,0,0,0,0,0,0,0,0,0,0,0,0,0,0,0,0,0,0,0,0,0,0,0,0,0,0,0,0,0,0,0,0,0,0,0,0,0,0,0,0,0,0,0,0
Mizoram,Aizawl,0,0,0,0,0,0,0,0,0,0,0,0,0,0,0,0,0,0,0,0,0,0,0,0,0,0,0,0,0,0,0,0,0,0,0,0,0,0,0,0,0,0,0,0,0,0,0,0,0,0,0
Mizoram,Champhai,0,0,0,0,0,0,0,0,0,0,0,0,0,0,0,0,0,0,0,0,0,0,0,0,0,0,0,0,0,0,0,0,0,0,0,0,0,0,0,0,0,0,0,0,0,0,0,0,0,0,0
Mizoram,Kolasib,2,0,0,0,0,0,0,0,1,1,0,0,0,0,0,0,0,0,0,1,0,0,0,0,0,0,0,0,0,0,0,0,0,0,0,0,0,0,0,0,0,0,0,0,0,0,0,0,2,0,2
Mizoram,Lawngtlai,0,0,0,0,0,0,0,0,0,0,0,0,0,0,0,0,0,0,0,0,0,0,0,0,0,0,0,0,0,0,0,0,0,0,0,0,0,0,0,0,0,0,0,0,0,0,0,0,0,0,0
Mizoram,Lunglei,0,0,0,0,0,0,0,0,0,0,0,0,0,0,0,0,0,0,0,0,0,0,0,0,0,0,0,0,0,0,0,0,0,0,0,0,0,0,0,0,0,0,0,0,0,0,0,0,0,0,0
Mizoram,Mamit,0,0,0,0,0,0,0,0,0,0,0,0,0,0,0,0,0,0,0,0,0,0,0,0,0,0,0,0,0,0,0,0,0,0,0,0,0,0,0,0,0,0,0,0,0,0,0,0,0,0,0
Mizoram,Saiha,0,0,0,0,0,0,0,0,0,0,0,0,0,0,0,0,0,0,0,0,0,0,0,0,0,0,0,0,0,0,0,0,0,0,0,0,0,0,0,0,0,0,0,0,0,0,0,0,0,0,0
Mizoram,Serchhip,0,0,0,0,0,0,0,0,0,0,0,0,0,0,0,0,0,0,0,0,0,0,0,0,0,0,0,0,0,0,0,0,0,0,0,0,0,0,0,0,0,0,0,0,0,0,0,0,0,0,0
Mizoram,Spl Narcotic,0,0,0,0,0,0,0,0,0,0,0,0,0,0,0,0,0,0,0,0,0,0,0,0,0,0,0,0,0,0,0,0,0,0,0,0,0,0,0,0,0,0,0,0,0,0,0,0,0,0,0
Mizoram,Hnahthial,0,0,0,0,0,0,0,0,0,0,0,0,0,0,0,0,0,0,0,0,0,0,0,0,0,0,0,0,0,0,0,0,0,0,0,0,0,0,0,0,0,0,0,0,0,0,0,0,0,0,0
Mizoram,Khawzawl,0,0,0,0,0,0,0,0,0,0,0,0,0,0,0,0,0,0,0,0,0,0,0,0,0,0,0,0,0,0,0,0,0,0,0,0,0,0,0,0,0,0,0,0,0,0,0,0,0,0,0
Mizoram,Saitual,0,0,0,0,0,0,0,0,0,0,0,0,0,0,0,0,0,0,0,0,0,0,0,0,0,0,0,0,0,0,0,0,0,0,0,0,0,0,0,0,0,0,0,0,0,0,0,0,0,0,0
Mizoram,Cyber,0,0,0,0,0,0,0,0,0,0,0,0,0,0,0,0,0,0,0,0,0,0,0,0,0,0,0,0,0,0,0,0,0,0,0,0,0,0,0,0,0,0,0,0,0,0,0,0,0,0,0
Mizoram,Crime And Eou,0,0,0,0,0,0,0,0,0,0,0,0,0,0,0,0,0,0,0,0,0,0,0,0,0,0,0,0,0,0,0,0,0,0,0,0,0,0,0,0,0,0,0,0,0,0,0,0,0,0,0
Nagaland,Dimapur,0,0,0,0,0,0,0,0,0,0,0,0,0,0,0,0,0,0,0,0,0,0,0,0,0,0,0,0,0,0,0,0,0,0,0,0,0,0,0,0,0,0,0,0,0,0,0,0,0,0,0
Nagaland,Kiphire,0,0,0,0,0,0,0,0,0,0,0,0,0,0,0,0,0,0,0,0,0,0,0,0,0,0,0,0,0,0,0,0,0,0,0,0,0,0,0,0,0,0,0,0,0,0,0,0,0,0,0
Nagaland,Kohima,0,0,0,0,0,0,0,0,0,0,0,0,0,0,0,0,0,0,0,0,0,0,0,0,0,0,0,0,0,0,0,0,0,0,0,0,0,0,0,0,0,0,0,0,0,0,0,0,0,0,0
Nagaland,Longleng,0,0,0,0,0,0,0,0,0,0,0,0,0,0,0,0,0,0,0,0,0,0,0,0,0,0,0,0,0,0,0,0,0,0,0,0,0,0,0,0,0,0,0,0,0,0,0,0,0,0,0
Nagaland,Mokokchung,0,0,0,0,0,0,0,0,0,0,0,0,0,0,0,0,0,0,0,0,0,0,0,0,0,0,0,0,0,0,0,0,0,0,0,0,0,0,0,0,0,0,0,0,0,0,0,0,0,0,0
Nagaland,Mon,0,0,0,0,0,0,0,0,0,0,0,0,0,0,0,0,0,0,0,0,0,0,0,0,0,0,0,0,0,0,0,0,0,0,0,0,0,0,0,0,0,0,0,0,0,0,0,0,0,0,0
Nagaland,Peren,0,0,0,0,0,0,0,0,0,0,0,0,0,0,0,0,0,0,0,0,0,0,0,0,0,0,0,0,0,0,0,0,0,0,0,0,0,0,0,0,0,0,0,0,0,0,0,0,0,0,0
Nagaland,Phek,0,0,0,0,0,0,0,0,0,0,0,0,0,0,0,0,0,0,0,0,0,0,0,0,0,0,0,0,0,0,0,0,0,0,0,0,0,0,0,0,0,0,0,0,0,0,0,0,0,0,0
Nagaland,Tuensang,0,0,0,0,0,0,0,0,0,0,0,0,0,0,0,0,0,0,0,0,0,0,0,0,0,0,0,0,0,0,0,0,0,0,0,0,0,0,0,0,0,0,0,0,0,0,0,0,0,0,0
Nagaland,Wokha,0,0,0,0,0,0,0,0,0,0,0,0,0,0,0,0,0,0,0,0,0,0,0,0,0,0,0,0,0,0,0,0,0,0,0,0,0,0,0,0,0,0,0,0,0,0,0,0,0,0,0
Nagaland,Zunheboto,0,0,0,0,0,0,0,0,0,0,0,0,0,0,0,0,0,0,0,0,0,0,0,0,0,0,0,0,0,0,0,0,0,0,0,0,0,0,0,0,0,0,0,0,0,0,0,0,0,0,0
Nagaland,Noklak,0,0,0,0,0,0,0,0,0,0,0,0,0,0,0,0,0,0,0,0,0,0,0,0,0,0,0,0,0,0,0,0,0,0,0,0,0,0,0,0,0,0,0,0,0,0,0,0,0,0,0
Nagaland,Shamator,0,0,0,0,0,0,0,0,0,0,0,0,0,0,0,0,0,0,0,0,0,0,0,0,0,0,0,0,0,0,0,0,0,0,0,0,0,0,0,0,0,0,0,0,0,0,0,0,0,0,0
Nagaland,Tseminyu,0,0,0,0,0,0,0,0,0,0,0,0,0,0,0,0,0,0,0,0,0,0,0,0,0,0,0,0,0,0,0,0,0,0,0,0,0,0,0,0,0,0,0,0,0,0,0,0,0,0,0
Nagaland,Crime,0,0,0,0,0,0,0,0,0,0,0,0,0,0,0,0,0,0,0,0,0,0,0,0,0,0,0,0,0,0,0,0,0,0,0,0,0,0,0,0,0,0,0,0,0,0,0,0,0,0,0
Nagaland,Cyber Security,0,0,0,0,0,0,0,0,0,0,0,0,0,0,0,0,0,0,0,0,0,0,0,0,0,0,0,0,0,0,0,0,0,0,0,0,0,0,0,0,0,0,0,0,0,0,0,0,0,0,0
Nagaland,Narcotics,0,0,0,0,0,0,0,0,0,0,0,0,0,0,0,0,0,0,0,0,0,0,0,0,0,0,0,0,0,0,0,0,0,0,0,0,0,0,0,0,0,0,0,0,0,0,0,0,0,0,0
Odisha,Angul,31,8,8,0,0,0,0,0,0,0,0,0,0,0,0,0,0,0,0,0,0,0,0,0,0,0,0,0,0,0,0,0,0,0,0,0,0,0,0,0,0,23,0,0,0,0,0,0,31,0,31
Odisha,Balasore,68,5,5,0,0,0,0,0,0,0,0,0,0,0,0,0,0,0,0,0,5,0,0,0,0,0,0,0,0,0,0,0,0,0,0,0,0,0,0,0,0,58,0,0,0,0,0,0,68,0,68
Odisha,Baragarh,75,8,8,0,0,0,0,0,0,0,0,0,0,0,0,0,0,0,0,1,2,0,0,0,0,0,0,0,0,0,0,0,0,0,0,0,0,0,0,0,0,64,0,0,0,0,0,0,75,0,75
Odisha,Berhampur,51,10,10,0,0,0,0,0,0,0,0,0,0,0,0,0,0,0,0,0,3,0,0,0,0,0,0,0,0,0,0,0,0,0,0,0,0,0,0,0,0,38,0,0,0,0,0,0,51,0,51
Odisha,Bhadrak,175,10,10,0,0,0,0,0,0,0,0,0,0,0,0,0,0,0,0,0,0,16,16,0,0,0,0,0,0,0,0,0,0,0,0,0,0,0,0,0,0,149,0,0,0,0,0,0,175,0,175
Odisha,Bolangir,124,11,11,0,0,0,0,0,0,0,0,0,0,0,0,0,0,0,0,2,3,0,0,0,0,0,0,0,0,0,0,0,0,0,0,0,0,0,0,0,0,108,0,0,0,0,0,0,124,0,124
Odisha,Boudh,17,1,1,0,0,0,0,0,0,0,0,0,0,0,0,0,0,0,0,0,1,0,0,0,0,0,0,0,0,0,0,0,0,0,0,0,0,0,0,0,0,15,0,0,0,0,0,0,17,0,17
Odisha,Cuttack,209,9,9,0,0,0,0,0,0,0,0,0,0,0,0,0,0,0,0,1,10,0,0,0,0,0,0,0,0,0,0,0,0,0,0,0,0,0,0,0,3,186,0,0,0,0,0,0,209,0,209
Odisha,Dcp Bbsr,141,13,13,0,0,0,0,0,0,0,0,0,0,0,0,0,0,0,0,1,8,0,0,0,0,0,0,0,0,0,0,0,0,0,0,0,0,0,0,0,0,119,0,0,0,0,0,0,141,0,141
Odisha,Dcp Ctc,75,4,4,0,0,0,0,0,0,0,0,0,0,0,0,0,0,0,0,0,4,0,0,0,0,0,0,0,0,0,0,0,0,0,0,0,0,0,0,0,0,67,0,0,0,0,0,0,75,0,75
Odisha,Deogarh,11,3,3,0,0,0,0,0,0,0,0,0,0,0,0,0,0,0,0,0,1,0,0,0,0,0,0,0,0,0,0,0,0,0,0,0,0,0,0,0,0,7,0,0,0,0,0,0,11,0,11
Odisha,Dhenkanal,110,8,8,0,0,0,0,0,0,0,0,0,0,0,0,0,0,0,0,1,0,30,30,0,0,0,0,0,0,0,0,0,0,0,0,0,0,0,0,0,1,70,0,0,0,0,0,0,110,0,110
Odisha,Gajapati,10,0,0,0,0,0,0,0,0,0,0,0,0,0,0,0,0,0,0,0,0,0,0,0,0,0,0,0,0,0,0,0,0,0,0,0,0,0,0,0,0,10,0,0,0,0,0,0,10,0,10
Odisha,Ganjam,155,15,15,0,0,0,0,0,0,0,0,0,0,0,0,0,0,0,0,3,35,0,0,0,0,0,0,0,0,0,0,0,0,0,0,0,0,0,0,0,1,101,0,0,0,0,0,0,155,0,155
Odisha,Jagatsinghpur,210,10,10,0,0,0,0,0,0,0,0,0,0,0,0,0,0,0,0,0,11,0,0,0,0,0,0,0,0,0,0,0,0,0,0,0,0,0,0,0,1,188,0,0,0,0,0,0,210,0,210
Odisha,Jajpur,320,10,10,0,0,0,0,0,0,0,0,0,0,0,0,0,0,0,0,1,8,0,0,0,0,0,0,0,0,0,0,0,0,0,0,0,0,0,0,0,1,300,0,0,0,0,0,0,320,0,320
Odisha,Jharsuguda,27,4,4,0,0,0,0,0,0,0,0,0,0,0,0,0,0,0,0,0,5,0,0,0,0,0,0,0,0,0,0,0,0,0,0,0,0,0,0,0,0,18,0,0,0,0,0,0,27,0,27
Odisha,Kalahandi,64,9,9,0,0,0,0,0,0,0,0,0,0,0,0,0,0,0,0,0,0,8,8,0,0,0,0,0,0,0,0,0,0,0,0,0,0,0,0,0,0,47,0,0,0,0,0,0,64,0,64
Odisha,Kandhamal,15,4,4,0,0,0,0,0,0,0,0,0,0,0,0,0,0,0,0,0,0,0,0,0,0,0,0,0,0,0,0,0,0,0,0,0,0,0,0,0,0,11,0,0,0,0,0,0,15,0,15
Odisha,Kendrapara,190,9,9,0,0,0,0,0,0,0,0,0,0,0,0,0,0,0,0,2,0,15,15,0,0,0,0,0,0,0,0,0,0,0,0,0,0,0,0,0,1,163,0,0,0,0,0,0,190,0,190
Odisha,Keonjhar,48,6,6,0,0,0,0,0,0,0,0,0,0,0,0,0,0,0,0,1,4,0,0,0,0,0,0,0,0,0,0,0,0,0,0,0,0,0,0,0,1,36,0,0,0,0,0,0,48,0,48
Odisha,Khurda,63,3,3,0,0,0,0,0,0,0,0,0,0,0,0,0,0,0,0,1,1,0,0,0,0,0,0,0,0,0,0,0,0,0,0,0,0,0,0,0,2,56,0,0,0,0,0,0,63,0,63
Odisha,Koraput,20,6,6,0,0,0,0,0,0,0,0,0,0,0,0,0,0,0,0,0,0,0,0,0,0,0,0,0,0,0,0,0,0,0,0,0,0,0,0,0,0,14,0,0,0,0,0,0,20,0,20
Odisha,Malkangiri,6,0,0,0,0,0,0,0,0,0,0,0,0,0,0,0,0,0,0,0,0,0,0,0,0,0,0,0,0,0,0,0,0,0,0,0,0,0,0,0,0,6,0,0,0,0,0,0,6,0,6
Odisha,Mayurbhanj,47,8,8,0,0,0,0,0,0,0,0,0,0,0,0,0,0,0,0,0,0,0,0,0,0,0,0,0,0,0,0,0,0,0,0,0,0,0,0,0,0,39,0,0,0,0,0,0,47,0,47
Odisha,Nayagarh,61,2,2,0,0,0,0,0,0,0,0,0,0,0,0,0,0,0,0,1,2,0,0,0,0,0,0,0,0,0,0,0,0,0,0,0,0,0,0,0,1,55,0,0,0,0,0,0,61,0,61
Odisha,Nabarangpur,16,1,1,0,0,0,0,0,0,0,0,0,0,0,0,0,0,0,0,0,0,0,0,0,0,0,0,0,0,0,0,0,0,0,0,0,0,0,0,0,0,15,0,0,0,0,0,0,16,0,16
Odisha,Nuapada,17,0,0,0,0,0,0,0,0,0,0,0,0,0,0,0,0,0,0,0,3,0,0,0,0,0,0,0,0,0,0,0,0,0,0,0,0,0,0,0,0,14,0,0,0,0,0,0,17,0,17
Odisha,Puri,206,9,9,0,0,0,0,0,0,0,0,0,0,0,0,0,0,0,0,1,0,13,13,0,0,0,0,0,0,0,0,0,0,0,0,0,0,0,0,0,1,182,0,0,0,0,0,0,206,0,206
Odisha,Rayagada,17,0,0,0,0,0,0,0,0,0,0,0,0,0,0,0,0,0,0,0,0,0,0,0,0,0,0,0,0,0,0,0,0,0,0,0,0,0,0,0,0,17,0,0,0,0,0,0,17,0,17
Odisha,Rourkela,15,3,3,0,0,0,0,0,0,0,0,0,0,0,0,0,0,0,0,0,1,0,0,0,0,0,0,0,0,0,0,0,0,0,0,0,0,0,0,0,0,11,0,0,0,0,0,0,15,0,15
Odisha,Sambalpur,40,7,7,0,0,0,0,0,0,0,0,0,0,0,0,0,0,0,0,1,2,0,0,0,0,0,0,0,0,0,0,0,0,0,0,0,0,0,0,0,0,30,0,0,0,0,0,0,40,0,40
Odisha,Sonepur,52,2,2,0,0,0,0,0,0,0,0,0,0,0,0,0,0,0,0,2,2,0,0,0,0,0,0,0,0,0,0,0,0,0,0,0,0,0,0,0,0,46,0,0,0,0,0,0,52,0,52
Odisha,Srp(Cuttack),2,0,0,0,0,0,0,0,0,0,0,0,0,0,0,0,0,0,0,0,0,0,0,0,0,0,0,0,0,0,0,0,0,0,0,0,0,0,0,0,0,2,0,0,0,0,0,0,2,0,2
Odisha,Srp(Rourkela),2,0,0,0,0,0,0,0,0,0,0,0,0,0,0,0,0,0,0,0,0,0,0,0,0,0,0,0,0,0,0,0,0,0,0,0,0,0,0,0,0,2,0,0,0,0,0,0,2,0,2
Odisha,Sundargarh,14,1,1,0,0,0,0,0,0,0,0,0,0,0,0,0,0,0,0,1,1,0,0,0,0,0,0,0,0,0,0,0,0,0,0,0,0,0,0,0,0,11,0,0,0,0,0,0,14,0,14
Odisha,Cid Cb,0,0,0,0,0,0,0,0,0,0,0,0,0,0,0,0,0,0,0,0,0,0,0,0,0,0,0,0,0,0,0,0,0,0,0,0,0,0,0,0,0,0,0,0,0,0,0,0,0,0,0
Punjab,Amritsar Rural,1,0,0,0,0,0,0,0,0,0,0,0,0,0,0,0,0,0,0,0,0,0,0,0,0,0,0,0,0,0,0,0,0,0,0,0,0,0,0,0,0,1,2,2,0,0,0,0,3,0,3
Punjab,Barnala,9,0,0,0,0,0,0,0,0,0,0,0,0,0,0,0,0,0,0,0,0,0,0,0,0,0,0,0,0,0,0,0,0,0,0,0,0,0,0,0,0,9,0,0,0,0,0,0,9,0,9
Punjab,Batala,2,0,0,0,0,0,0,0,0,0,0,0,0,0,0,0,0,0,0,1,0,0,0,0,0,0,0,0,0,0,0,0,0,0,0,0,0,0,0,0,0,1,0,0,0,0,0,0,2,0,2
Punjab,Bathinda,2,0,0,0,0,0,0,0,2,2,0,0,0,0,0,0,0,0,0,0,0,0,0,0,0,0,0,0,0,0,0,0,0,0,0,0,0,0,0,0,0,0,7,7,0,0,0,0,9,0,9
Punjab,Cp Amritsar,9,0,0,0,0,0,0,0,0,0,0,0,0,0,0,0,0,0,0,0,0,0,0,0,0,0,0,0,0,0,0,0,0,0,0,0,0,0,0,0,0,9,1,0,0,0,0,1,10,0,10
Punjab,Cp Jalandhar,3,0,0,0,0,0,0,0,0,0,0,0,0,0,0,1,0,0,0,0,0,0,0,0,0,0,0,0,0,0,0,0,0,0,0,0,0,0,0,0,0,2,4,4,0,0,0,0,7,0,7
Punjab,Cp Ludhiana,13,1,1,0,0,0,0,0,0,0,0,0,0,0,0,0,0,0,0,0,0,1,0,0,0,1,0,0,0,0,0,0,0,0,0,0,0,0,0,0,0,11,2,0,0,0,0,2,15,0,15
Punjab,Faridkot,3,0,0,0,0,0,0,0,0,0,0,0,0,0,0,0,0,0,0,0,0,0,0,0,0,0,0,0,0,0,0,0,0,0,0,0,0,0,0,0,0,3,0,0,0,0,0,0,3,0,3
Punjab,Fatehgarh Sahib,0,0,0,0,0,0,0,0,0,0,0,0,0,0,0,0,0,0,0,0,0,0,0,0,0,0,0,0,0,0,0,0,0,0,0,0,0,0,0,0,0,0,0,0,0,0,0,0,0,0,0
Punjab,Fazilka,7,0,0,0,0,0,0,0,0,0,0,0,0,0,0,1,0,0,0,0,0,0,0,0,0,0,0,0,0,0,0,0,0,0,0,0,0,0,0,0,0,6,1,0,0,0,0,1,8,0,8
Punjab,Ferozepur,3,0,0,0,0,0,0,0,0,0,0,0,0,0,0,0,0,0,0,0,0,2,0,0,0,2,0,0,0,0,0,0,0,0,0,0,0,0,0,0,0,1,5,0,5,0,0,0,8,0,8
Punjab,Grp,0,0,0,0,0,0,0,0,0,0,0,0,0,0,0,0,0,0,0,0,0,0,0,0,0,0,0,0,0,0,0,0,0,0,0,0,0,0,0,0,0,0,0,0,0,0,0,0,0,0,0
Punjab,Gurdaspur,2,0,0,0,0,0,0,0,0,0,0,0,0,0,0,0,0,0,0,0,0,0,0,0,0,0,0,0,0,0,0,0,0,0,0,0,0,0,0,0,0,2,1,1,0,0,0,0,3,0,3
Punjab,Hoshiarpur,14,1,0,1,0,0,0,0,0,0,0,0,0,0,1,0,0,0,0,2,0,2,0,0,0,2,0,0,0,0,0,0,0,0,0,0,0,0,0,0,0,8,1,1,0,0,0,0,15,0,15
Punjab,Jalandhar Rural,8,0,0,0,0,1,1,0,1,1,0,0,0,0,0,0,0,0,0,1,0,2,1,0,0,1,0,0,0,0,0,0,0,0,0,0,0,0,0,0,0,3,3,3,0,0,0,0,11,0,11
Punjab,Kapurthala,2,0,0,0,0,0,0,0,0,0,0,0,0,0,0,0,0,0,0,0,0,0,0,0,0,0,0,0,0,0,0,0,0,0,0,0,0,0,0,0,0,2,0,0,0,0,0,0,2,0,2
Punjab,Khanna,1,0,0,0,0,0,0,0,0,0,0,0,0,0,0,0,0,0,0,0,0,1,1,0,0,0,0,0,0,0,0,0,0,0,0,0,0,0,0,0,0,0,3,1,2,0,0,0,4,0,4
Punjab,Ludhiana Rural,2,0,0,0,0,1,1,0,0,0,0,0,0,0,0,0,0,0,0,0,0,0,0,0,0,0,0,0,0,0,0,0,0,0,0,0,0,0,0,0,0,1,1,1,0,0,0,0,3,0,3
Punjab,Mansa,6,3,3,0,0,0,0,0,1,1,0,0,0,0,0,0,0,0,0,0,0,0,0,0,0,0,0,0,0,0,0,0,0,0,0,0,0,0,0,0,0,2,2,0,0,0,0,2,8,0,8
Punjab,Moga,0,0,0,0,0,0,0,0,0,0,0,0,0,0,0,0,0,0,0,0,0,0,0,0,0,0,0,0,0,0,0,0,0,0,0,0,0,0,0,0,0,0,4,4,0,0,0,0,4,0,4
Punjab,Muktsar,5,0,0,0,0,0,0,0,0,0,0,0,0,0,0,0,0,0,0,1,0,2,0,0,0,2,0,0,0,0,0,0,0,0,0,0,0,0,0,0,0,2,0,0,0,0,0,0,5,0,5
Punjab,Pathankot,2,0,0,0,0,0,0,0,0,0,0,0,0,0,0,0,0,0,0,0,0,0,0,0,0,0,0,0,0,0,0,0,0,0,0,0,0,0,0,0,0,2,0,0,0,0,0,0,2,0,2
Punjab,Patiala,3,1,1,0,0,0,0,0,0,0,0,0,0,0,0,0,0,0,0,0,0,0,0,0,0,0,0,0,0,0,0,0,0,0,0,0,0,0,0,0,0,2,5,0,0,0,0,5,8,0,8
Punjab,Ropar,2,1,0,1,0,0,0,0,0,0,0,0,0,0,0,1,0,0,0,0,0,0,0,0,0,0,0,0,0,0,0,0,0,0,0,0,0,0,0,0,0,0,0,0,0,0,0,0,2,0,2
Punjab,Sangrur,5,0,0,0,0,0,0,0,0,0,0,0,0,0,0,0,0,0,0,2,0,0,0,0,0,0,0,0,0,0,0,0,0,0,0,0,0,0,0,0,0,3,1,0,0,0,0,1,6,0,6
Punjab,Sas Nagar,9,0,0,0,0,0,0,0,0,0,0,0,0,0,0,0,0,0,0,0,0,9,0,0,0,9,0,0,0,0,0,0,0,0,0,0,0,0,0,0,0,0,0,0,0,0,0,0,9,0,9
Punjab,Sbs Nagar,3,0,0,0,0,0,0,0,0,0,0,0,0,0,0,0,0,0,0,0,0,1,0,0,0,1,0,0,0,0,0,0,0,0,0,0,0,0,0,0,0,2,0,0,0,0,0,0,3,0,3
Punjab,Tarn Taran,2,0,0,0,0,0,0,0,0,0,0,0,0,0,0,0,0,0,0,0,0,0,0,0,0,0,0,0,0,0,0,0,0,0,0,0,0,0,0,0,0,2,3,3,0,0,0,0,5,0,5
Punjab,Bureau Of Investigation,0,0,0,0,0,0,0,0,0,0,0,0,0,0,0,0,0,0,0,0,0,0,0,0,0,0,0,0,0,0,0,0,0,0,0,0,0,0,0,0,0,0,0,0,0,0,0,0,0,0,0
Punjab,Intelligence Wing,0,0,0,0,0,0,0,0,0,0,0,0,0,0,0,0,0,0,0,0,0,0,0,0,0,0,0,0,0,0,0,0,0,0,0,0,0,0,0,0,0,0,0,0,0,0,0,0,0,0,0
Punjab,Nri Wing,0,0,0,0,0,0,0,0,0,0,0,0,0,0,0,0,0,0,0,0,0,0,0,0,0,0,0,0,0,0,0,0,0,0,0,0,0,0,0,0,0,0,0,0,0,0,0,0,0,0,0
Punjab,Special Task Force,0,0,0,0,0,0,0,0,0,0,0,0,0,0,0,0,0,0,0,0,0,0,0,0,0,0,0,0,0,0,0,0,0,0,0,0,0,0,0,0,0,0,0,0,0,0,0,0,0,0,0
Punjab,Malerkotla,0,0,0,0,0,0,0,0,0,0,0,0,0,0,0,0,0,0,0,0,0,0,0,0,0,0,0,0,0,0,0,0,0,0,0,0,0,0,0,0,0,0,2,0,0,0,0,2,2,0,2
Punjab,Cyber Crime Wing,0,0,0,0,0,0,0,0,0,0,0,0,0,0,0,0,0,0,0,0,0,0,0,0,0,0,0,0,0,0,0,0,0,0,0,0,0,0,0,0,0,0,0,0,0,0,0,0,0,0,0
Rajasthan,Ajmer,109,15,15,0,0,18,18,0,0,0,0,2,0,1,0,0,0,0,0,4,3,0,0,0,0,0,3,2,0,1,1,0,0,0,1,0,1,0,0,0,0,62,68,0,0,0,0,68,177,0,177
Rajasthan,Alwar,185,28,22,6,0,0,0,0,0,0,0,0,0,0,0,0,0,0,0,1,0,0,0,0,0,0,19,19,0,0,19,0,0,0,0,0,0,0,0,0,1,136,86,0,0,0,0,86,271,0,271
Rajasthan,Banswara,6,0,0,0,0,0,0,0,0,0,0,0,0,0,0,0,0,0,0,1,0,0,0,0,0,0,0,0,0,0,0,0,0,0,0,0,0,0,0,0,0,5,5,0,0,0,0,5,11,0,11
Rajasthan,Baran,81,18,14,4,2,6,3,3,3,3,0,1,0,1,0,0,0,0,0,1,4,3,3,0,0,0,6,2,2,0,0,0,0,0,4,0,0,0,0,0,0,36,63,63,0,0,0,0,144,0,144
Rajasthan,Barmer,84,10,8,2,2,16,15,1,0,0,0,7,0,1,0,0,0,0,0,1,0,1,1,0,0,0,3,1,1,0,0,0,0,0,2,0,1,0,0,0,2,40,56,56,0,0,0,0,140,0,140
Rajasthan,Bharatpur,188,22,19,3,0,0,0,0,0,0,0,0,0,0,0,0,0,0,0,0,0,0,0,0,0,0,8,0,0,0,0,0,0,0,8,0,0,0,0,0,1,157,124,0,0,0,0,124,312,0,312
Rajasthan,Bhilwara,106,13,9,4,0,11,11,0,0,0,0,0,0,0,0,0,0,0,0,1,6,1,1,0,0,0,3,1,0,1,0,0,0,0,2,0,2,1,0,1,1,67,66,0,0,0,0,66,172,0,172
Rajasthan,Bikaner,191,23,17,6,0,11,11,0,0,0,0,2,0,0,0,0,0,0,0,2,0,0,0,0,0,0,12,0,0,0,0,0,0,0,12,0,0,0,0,0,1,140,116,0,0,0,0,116,307,0,307
Rajasthan,Bundi,62,3,2,1,0,7,7,0,0,0,0,0,0,0,0,2,0,0,0,1,4,2,0,0,0,2,2,0,0,0,0,0,0,0,2,0,0,0,0,0,1,40,43,0,0,0,0,43,105,0,105
Rajasthan,Chittorgarh,65,11,9,2,0,0,0,0,0,0,0,0,0,0,0,0,0,0,0,1,0,1,1,0,0,0,2,2,0,0,2,0,0,0,0,0,0,0,0,0,1,49,44,0,0,0,0,44,109,0,109
Rajasthan,Churu,115,21,11,10,1,12,11,1,0,0,0,0,0,0,0,0,0,0,0,2,5,0,0,0,0,0,7,1,1,0,0,0,0,0,6,0,0,0,0,0,1,66,70,70,0,0,0,0,185,0,185
Rajasthan,Dausa,114,14,13,1,0,0,0,0,0,0,0,0,0,0,0,0,0,0,0,2,0,0,0,0,0,0,5,0,0,0,0,0,0,0,5,0,0,0,0,0,0,93,65,0,0,0,0,65,179,0,179
Rajasthan,Dholpur,158,10,7,3,0,12,12,0,0,0,0,2,0,1,0,0,0,0,0,3,3,0,0,0,0,0,7,0,0,0,0,0,0,0,7,0,0,0,0,0,0,120,88,0,0,0,0,88,246,0,246
Rajasthan,Dungarpur,4,1,0,1,0,1,1,0,0,0,0,0,0,0,0,0,0,0,0,0,0,0,0,0,0,0,0,0,0,0,0,0,0,0,0,0,0,0,0,0,0,2,2,0,0,0,0,2,6,0,6
Rajasthan,Grp Ajmer,2,0,0,0,0,0,0,0,0,0,0,0,0,0,0,0,0,0,0,1,0,0,0,0,0,0,0,0,0,0,0,0,0,0,0,0,0,0,0,0,0,1,0,0,0,0,0,0,2,0,2
Rajasthan,Grp Jodhpur,0,0,0,0,0,0,0,0,0,0,0,0,0,0,0,0,0,0,0,0,0,0,0,0,0,0,0,0,0,0,0,0,0,0,0,0,0,0,0,0,0,0,3,3,0,0,0,0,3,0,3
Rajasthan,Ganganagar,183,40,34,6,3,19,15,4,6,6,0,3,0,8,0,0,0,0,0,2,12,1,0,0,0,1,10,7,2,1,4,0,0,0,3,0,1,0,0,0,1,77,117,3,0,0,0,114,300,0,300
Rajasthan,Hanumangarh,223,36,31,5,5,18,16,2,0,0,0,2,0,0,0,0,0,0,0,6,6,0,0,0,0,0,4,1,0,0,1,0,0,0,3,0,2,0,0,0,3,141,119,119,0,0,0,0,342,0,342
Rajasthan,Jaipur East,69,20,18,2,1,8,8,0,0,0,0,1,0,1,0,0,0,0,0,0,0,0,0,0,0,0,3,1,0,0,1,0,0,0,2,0,1,0,0,0,0,34,37,7,0,0,0,30,106,0,106
Rajasthan,Jaipur North,33,7,4,3,0,0,0,0,0,0,0,0,0,0,0,0,0,0,0,0,0,0,0,0,0,0,0,0,0,0,0,0,0,0,0,0,0,0,0,0,0,26,14,0,0,0,0,14,47,0,47
Rajasthan,Jaipur Rural,99,20,15,5,0,2,2,0,0,0,0,0,0,1,0,0,0,0,0,2,0,0,0,0,0,0,4,4,0,0,4,0,0,0,0,0,0,0,0,0,0,70,51,51,0,0,0,0,150,0,150
Rajasthan,Jaipur South,71,15,14,1,0,11,10,1,0,0,0,1,0,0,0,0,0,0,0,2,2,1,1,0,0,0,4,3,0,0,3,0,0,0,1,0,0,0,0,0,0,35,33,4,0,0,0,29,104,0,104
Rajasthan,Jaipur West,84,12,12,0,0,0,0,0,0,0,0,0,0,0,0,0,0,0,0,0,0,0,0,0,0,0,1,1,0,0,1,0,0,0,0,0,0,0,0,0,0,71,55,55,0,0,0,0,139,0,139
Rajasthan,Jaisalmer,34,0,0,0,1,7,7,0,0,0,0,0,0,0,0,0,0,0,0,0,3,1,1,0,0,0,2,0,0,0,0,0,0,0,2,0,0,0,0,0,1,19,42,42,0,0,0,0,76,0,76
Rajasthan,Jalore,39,7,6,1,0,0,0,0,0,0,0,0,0,0,0,0,0,0,0,0,0,0,0,0,0,0,6,6,0,0,6,0,0,0,0,0,0,0,0,0,0,26,24,23,0,1,0,0,63,0,63
Rajasthan,Jhalawar,97,7,5,2,0,18,10,8,0,0,0,1,0,2,0,0,0,0,0,1,3,0,0,0,0,0,2,2,0,1,1,0,0,0,0,0,0,0,0,0,0,63,51,39,0,1,0,11,148,0,148
Rajasthan,Jhunjhunu,99,12,11,1,0,8,8,0,0,0,0,0,0,0,0,0,0,0,0,4,0,1,1,0,0,0,5,0,0,0,0,0,0,0,5,0,0,0,0,0,1,68,57,57,0,0,0,0,156,0,156
Rajasthan,Jodhpur East,48,6,4,2,0,0,0,0,0,0,0,0,0,0,0,0,0,0,0,1,0,1,1,0,0,0,2,2,0,0,2,0,0,0,0,0,0,0,0,0,0,38,26,26,0,0,0,0,74,0,74
Rajasthan,Jodhpur West,60,13,11,2,0,10,10,0,0,0,0,0,0,0,0,0,0,0,0,0,2,0,0,0,0,0,4,2,0,0,2,0,0,0,2,0,0,0,0,0,0,31,53,53,0,0,0,0,113,0,113
Rajasthan,Jodhpur Rural,51,7,5,2,1,11,10,1,0,0,0,0,0,0,0,1,0,0,0,0,1,1,0,0,0,1,3,1,0,0,1,0,0,0,2,0,0,0,0,0,1,25,47,0,0,0,0,47,98,0,98
Rajasthan,Karauli,87,5,3,2,1,7,4,3,0,0,0,16,0,0,0,3,0,0,0,2,1,0,0,0,0,0,5,3,3,0,0,0,0,0,2,0,2,1,0,1,0,44,19,19,0,0,0,0,106,0,106
Rajasthan,Kota City,101,13,9,4,0,3,3,0,0,0,0,0,0,1,0,1,0,0,0,4,14,0,0,0,0,0,2,1,1,0,0,0,0,0,1,0,2,0,0,0,0,61,28,10,0,0,0,18,129,0,129
Rajasthan,Kota Rural,57,11,9,2,0,0,0,0,0,0,0,2,0,2,0,0,0,0,0,1,2,1,1,0,0,0,2,2,0,0,2,0,0,0,0,0,0,0,0,0,0,36,35,0,0,0,0,35,92,0,92
Rajasthan,Nagaur,111,14,13,1,3,24,24,0,0,0,0,1,0,0,0,1,0,0,0,2,2,0,0,0,0,0,6,0,0,0,0,0,0,0,6,0,0,0,0,0,2,56,84,0,0,0,0,84,195,0,195
Rajasthan,Pali,94,6,5,1,1,15,14,1,0,0,0,7,0,1,0,0,0,0,0,0,7,1,0,0,1,0,2,0,0,0,0,0,0,0,2,0,2,0,0,0,3,49,90,0,0,0,0,90,184,0,184
Rajasthan,Pratapgarh,17,2,2,0,1,0,0,0,1,1,0,0,0,0,0,0,0,0,0,0,0,0,0,0,0,0,0,0,0,0,0,0,0,0,0,0,0,0,0,0,1,12,6,0,0,0,0,6,23,0,23
Rajasthan,Rajsamand,62,3,3,0,1,6,6,0,0,0,0,2,0,1,0,0,0,0,0,0,3,2,0,0,0,2,1,0,0,0,0,0,0,0,1,0,0,0,0,0,0,43,66,46,0,0,0,20,128,0,128
Rajasthan,Sawai Madhopur,30,4,3,1,0,0,0,0,0,0,0,0,0,0,0,0,0,0,0,1,0,2,2,0,0,0,0,0,0,0,0,0,0,0,0,0,0,0,0,0,0,23,30,30,0,0,0,0,60,0,60
Rajasthan,Sikar,194,18,12,6,0,0,0,0,0,0,0,0,0,0,0,0,0,0,0,5,0,1,1,0,0,0,7,2,0,0,2,0,0,0,5,0,0,0,0,0,2,161,69,69,0,0,0,0,263,0,263
Rajasthan,Sirohi,52,11,11,0,0,7,7,0,0,0,0,0,0,0,0,0,0,0,0,1,3,0,0,0,0,0,4,4,0,1,3,0,0,0,0,0,0,0,0,0,0,26,42,0,0,0,0,42,94,0,94
Rajasthan,Tonk,65,5,4,1,0,11,11,0,0,0,0,0,0,0,0,0,0,0,0,1,0,1,0,0,0,1,1,1,0,0,1,0,0,0,0,0,0,0,0,0,1,45,52,52,0,0,0,0,117,0,117
Rajasthan,Udaipur,73,8,7,1,0,5,5,0,0,0,0,3,0,0,1,1,0,0,0,2,11,0,0,0,0,0,1,0,0,0,0,0,0,0,1,0,0,0,0,0,1,40,49,43,2,0,0,4,122,0,122
Rajasthan,Jaipur Metro,0,0,0,0,0,0,0,0,0,0,0,0,0,0,0,0,0,0,0,0,0,0,0,0,0,0,0,0,0,0,0,0,0,0,0,0,0,0,0,0,0,0,0,0,0,0,0,0,0,0,0
Rajasthan,Scrb,0,0,0,0,0,0,0,0,0,0,0,0,0,0,0,0,0,0,0,0,0,0,0,0,0,0,0,0,0,0,0,0,0,0,0,0,0,0,0,0,0,0,0,0,0,0,0,0,0,0,0
Rajasthan,Ats & Sog,0,0,0,0,0,0,0,0,0,0,0,0,0,0,0,0,0,0,0,0,0,0,0,0,0,0,0,0,0,0,0,0,0,0,0,0,0,0,0,0,0,0,0,0,0,0,0,0,0,0,0
Rajasthan,Ssb,0,0,0,0,0,0,0,0,0,0,0,0,0,0,0,0,0,0,0,0,0,0,0,0,0,0,0,0,0,0,0,0,0,0,0,0,0,0,0,0,0,0,0,0,0,0,0,0,0,0,0
Rajasthan,Jaipur Crime,0,0,0,0,0,0,0,0,0,0,0,0,0,0,0,0,0,0,0,0,0,0,0,0,0,0,0,0,0,0,0,0,0,0,0,0,0,0,0,0,0,0,0,0,0,0,0,0,0,0,0
Rajasthan,Bhiwadi,52,8,6,2,0,0,0,0,0,0,0,0,0,0,0,0,0,0,0,0,0,0,0,0,0,0,6,0,0,0,0,0,0,0,6,0,0,0,0,0,1,37,20,0,0,0,0,20,72,0,72
Rajasthan,Beawar,49,3,2,1,0,0,0,0,0,0,0,0,0,0,0,0,0,0,0,1,1,0,0,0,0,0,4,1,0,0,1,0,0,0,3,0,0,0,0,0,1,39,25,25,0,0,0,0,74,0,74
Rajasthan,Didwana-Kuchaman,63,8,6,2,0,0,0,0,0,0,0,0,0,0,0,0,0,0,0,2,0,0,0,0,0,0,7,5,0,2,3,0,0,0,2,0,0,0,0,0,0,46,42,42,0,0,0,0,105,0,105
Rajasthan,Kekri,25,6,5,1,1,1,1,0,0,0,0,1,0,0,0,0,0,0,0,0,0,0,0,0,0,0,2,2,0,0,2,0,0,0,0,0,0,0,0,0,1,13,29,0,0,0,0,29,54,0,54
Rajasthan,Shahpura,28,3,3,0,0,6,6,0,0,0,0,0,0,0,0,0,0,0,0,1,3,0,0,0,0,0,2,2,2,0,0,0,0,0,0,0,0,0,0,0,0,13,28,0,0,0,0,28,56,0,56
Rajasthan,Deeg,67,3,2,1,0,0,0,0,0,0,0,0,0,0,0,0,0,0,0,2,0,1,1,0,0,0,4,0,0,0,0,0,0,0,4,0,0,0,0,0,2,55,58,0,0,0,0,58,125,0,125
Rajasthan,Gangapur City,20,3,3,0,0,0,0,0,0,0,0,0,0,0,0,0,0,0,0,0,0,0,0,0,0,0,4,0,0,0,0,0,0,0,4,0,0,0,0,0,0,13,26,26,0,0,0,0,46,0,46
Rajasthan,Anupgarh,127,11,9,2,2,6,5,1,9,9,0,0,0,0,0,0,0,0,0,1,1,0,0,0,0,0,7,6,0,0,6,0,0,1,0,0,0,0,0,0,0,90,46,0,0,0,0,46,173,0,173
Rajasthan,Dudu,13,3,3,0,1,0,0,0,0,0,0,0,0,0,0,0,0,0,0,0,0,0,0,0,0,0,1,1,0,0,1,0,0,0,0,0,0,0,0,0,1,7,10,6,0,0,0,4,23,0,23
Rajasthan,Khairtal-Tijara,45,2,2,0,0,2,1,1,0,0,0,0,0,0,0,1,0,0,0,2,1,0,0,0,0,0,4,4,1,2,1,0,0,0,0,0,0,0,0,0,0,33,24,0,0,0,0,24,69,0,69
Rajasthan,Kotputli-Behror,124,17,14,3,0,10,9,1,1,1,0,0,0,0,0,1,0,0,0,2,2,0,0,0,0,0,2,0,0,0,0,0,0,0,2,0,0,0,0,0,2,87,32,3,0,0,0,29,156,0,156
Rajasthan,Balotra,31,3,3,0,0,0,0,0,0,0,0,0,0,0,0,1,0,0,0,3,0,0,0,0,0,0,0,0,0,0,0,0,0,0,0,0,0,0,0,0,0,24,20,20,0,0,0,0,51,0,51
Rajasthan,Phalodi,20,3,3,0,0,5,3,2,0,0,0,0,0,1,0,0,0,0,0,0,3,0,0,0,0,0,0,0,0,0,0,0,0,0,0,0,0,0,0,0,0,8,13,0,0,0,0,13,33,0,33
Rajasthan,Jodhpur Crime,0,0,0,0,0,0,0,0,0,0,0,0,0,0,0,0,0,0,0,0,0,0,0,0,0,0,0,0,0,0,0,0,0,0,0,0,0,0,0,0,0,0,0,0,0,0,0,0,0,0,0
Rajasthan,Sanchore,29,5,4,1,0,0,0,0,0,0,0,0,0,0,0,0,0,0,0,3,0,0,0,0,0,0,1,1,0,0,1,0,0,0,0,0,0,0,0,0,0,20,27,0,0,0,0,27,56,0,56
Rajasthan,Neem Ka Thana,98,8,7,1,0,0,0,0,0,0,0,0,0,0,0,0,0,0,0,0,0,0,0,0,0,0,10,4,0,0,4,0,0,0,6,0,0,0,0,0,0,80,17,17,0,0,0,0,115,0,115
Rajasthan,Salumbar,1,0,0,0,0,0,0,0,0,0,0,0,0,0,0,0,0,0,0,1,0,0,0,0,0,0,0,0,0,0,0,0,0,0,0,0,0,0,0,0,0,0,1,0,0,0,0,1,2,0,2
Sikkim,Gangtok (East),0,0,0,0,0,0,0,0,0,0,0,0,0,0,0,0,0,0,0,0,0,0,0,0,0,0,0,0,0,0,0,0,0,0,0,0,0,0,0,0,0,0,1,1,0,0,0,0,1,0,1
Sikkim,Mangan (North),0,0,0,0,0,0,0,0,0,0,0,0,0,0,0,0,0,0,0,0,0,0,0,0,0,0,0,0,0,0,0,0,0,0,0,0,0,0,0,0,0,0,0,0,0,0,0,0,0,0,0
Sikkim,Namchi (South),0,0,0,0,0,0,0,0,0,0,0,0,0,0,0,0,0,0,0,0,0,0,0,0,0,0,0,0,0,0,0,0,0,0,0,0,0,0,0,0,0,0,0,0,0,0,0,0,0,0,0
Sikkim,Soreng (West),0,0,0,0,0,0,0,0,0,0,0,0,0,0,0,0,0,0,0,0,0,0,0,0,0,0,0,0,0,0,0,0,0,0,0,0,0,0,0,0,0,0,0,0,0,0,0,0,0,0,0
Sikkim,Cid,0,0,0,0,0,0,0,0,0,0,0,0,0,0,0,0,0,0,0,0,0,0,0,0,0,0,0,0,0,0,0,0,0,0,0,0,0,0,0,0,0,0,0,0,0,0,0,0,0,0,0
Sikkim,Pakyong (East),0,0,0,0,0,0,0,0,0,0,0,0,0,0,0,0,0,0,0,0,0,0,0,0,0,0,0,0,0,0,0,0,0,0,0,0,0,0,0,0,0,0,0,0,0,0,0,0,0,0,0
Sikkim,Gyalshing (West),0,0,0,0,0,0,0,0,0,0,0,0,0,0,0,0,0,0,0,0,0,0,0,0,0,0,0,0,0,0,0,0,0,0,0,0,0,0,0,0,0,0,0,0,0,0,0,0,0,0,0
Tamil Nadu,Ariyalur,56,1,0,1,0,0,0,0,0,0,0,0,0,0,0,0,0,0,0,0,0,6,3,0,0,3,0,0,0,0,0,0,0,0,0,0,0,0,0,0,0,49,0,0,0,0,0,0,56,0,56
Tamil Nadu,Chennai,15,5,5,0,0,0,0,0,1,1,0,0,0,0,1,0,0,0,0,1,1,2,1,0,0,1,0,0,0,0,0,0,0,0,0,0,0,0,0,0,0,4,19,19,0,0,0,0,34,0,34
Tamil Nadu,Coimbatore,46,5,1,4,0,9,0,9,0,0,0,0,0,0,0,0,0,0,0,5,0,0,0,0,0,0,0,0,0,0,0,0,0,0,0,0,0,0,0,0,0,27,0,0,0,0,0,0,46,0,46
Tamil Nadu,Coimbatore City,18,7,5,2,0,0,0,0,0,0,0,0,0,0,0,0,0,0,0,2,1,1,0,0,0,1,0,0,0,0,0,0,0,0,0,0,0,0,0,0,0,7,0,0,0,0,0,0,18,0,18
Tamil Nadu,Cuddalore,70,6,6,0,0,1,1,0,1,1,0,0,0,0,0,3,0,0,0,2,1,4,0,0,0,4,0,0,0,0,0,0,0,0,0,12,0,0,0,0,0,40,6,1,0,0,0,5,76,0,76
Tamil Nadu,Dharmapuri,35,8,0,8,0,1,1,0,0,0,0,0,0,0,0,0,0,0,0,1,0,1,0,0,0,1,0,0,0,0,0,0,0,0,0,2,0,0,0,0,0,22,4,4,0,0,0,0,39,0,39
Tamil Nadu,Dindigul,84,7,1,6,0,4,3,1,1,1,0,0,0,0,0,0,0,0,0,7,3,0,0,0,0,0,0,0,0,0,0,0,0,0,0,0,0,0,0,0,0,62,0,0,0,0,0,0,84,0,84
Tamil Nadu,Erode,35,7,0,7,0,1,0,1,1,1,0,0,0,0,0,0,0,0,0,2,0,2,2,0,0,0,2,0,0,0,0,0,0,0,2,2,0,0,0,0,0,18,3,2,0,0,0,1,38,0,38
Tamil Nadu,Kanchipuram,14,3,1,2,0,0,0,0,1,1,0,0,0,0,0,0,0,0,0,1,1,0,0,0,0,0,0,0,0,0,0,0,0,0,0,0,0,0,0,0,0,8,0,0,0,0,0,0,14,0,14
Tamil Nadu,Kanyakumari,8,0,0,0,0,0,0,0,1,1,0,0,0,0,0,0,0,0,0,0,0,0,0,0,0,0,0,0,0,0,0,0,0,0,0,0,0,0,0,0,0,7,1,0,0,0,0,1,9,0,9
Tamil Nadu,Karur,32,0,0,0,0,1,1,0,2,0,2,0,0,0,0,0,0,0,0,1,0,2,0,0,0,2,0,0,0,0,0,0,0,0,0,3,0,0,0,0,1,22,0,0,0,0,0,0,32,0,32
Tamil Nadu,Krishnagiri,30,3,2,1,0,2,1,1,0,0,0,0,0,0,0,0,0,0,0,1,0,5,0,0,0,5,0,0,0,0,0,0,0,0,0,4,0,0,0,0,0,15,3,0,0,0,0,3,33,0,33
Tamil Nadu,Madurai,71,0,0,0,0,1,1,0,0,0,0,0,0,0,0,0,0,0,0,0,1,17,1,0,0,16,0,0,0,0,0,0,0,0,0,0,0,0,0,0,0,52,0,0,0,0,0,0,71,0,71
Tamil Nadu,Madurai City,25,8,0,8,0,1,0,1,1,1,0,0,0,0,0,0,0,0,0,0,3,2,0,0,0,2,0,0,0,0,0,0,0,0,0,0,0,0,0,0,0,10,2,2,0,0,0,0,27,0,27
Tamil Nadu,Nagapattinam,5,0,0,0,0,3,0,3,0,0,0,0,0,0,0,0,0,0,0,0,0,0,0,0,0,0,0,0,0,0,0,0,0,0,0,1,0,0,0,0,0,1,0,0,0,0,0,0,5,0,5
Tamil Nadu,Namakkal,46,5,3,2,0,3,3,0,0,0,0,0,0,0,0,0,0,0,0,3,0,3,0,0,0,3,0,0,0,0,0,0,0,0,0,1,0,0,0,0,0,31,3,3,0,0,0,0,49,0,49
Tamil Nadu,Nilgiris,9,5,0,5,0,0,0,0,0,0,0,0,0,0,0,0,0,0,0,0,0,0,0,0,0,0,0,0,0,0,0,0,0,0,0,0,0,0,0,0,0,4,1,1,0,0,0,0,10,0,10
Tamil Nadu,Perambalur,29,1,1,0,0,6,1,5,0,0,0,0,0,0,0,0,0,0,0,0,1,0,0,0,0,0,0,0,0,0,0,0,0,0,0,0,0,0,0,0,0,21,0,0,0,0,0,0,29,0,29
Tamil Nadu,Pudukottai,57,0,0,0,0,0,0,0,0,0,0,0,0,0,0,0,0,0,0,0,0,30,0,0,0,30,0,0,0,0,0,0,0,0,0,0,0,0,0,0,0,27,0,0,0,0,0,0,57,0,57
Tamil Nadu,Ramnathapuram,36,2,1,1,0,1,0,1,0,0,0,0,0,0,0,0,0,0,0,0,0,5,0,0,0,5,0,0,0,0,0,0,0,0,0,0,0,0,0,0,0,28,0,0,0,0,0,0,36,0,36
Tamil Nadu,Railway Chennai,0,0,0,0,0,0,0,0,0,0,0,0,0,0,0,0,0,0,0,0,0,0,0,0,0,0,0,0,0,0,0,0,0,0,0,0,0,0,0,0,0,0,0,0,0,0,0,0,0,0,0
Tamil Nadu,Railway Trichy,1,0,0,0,0,0,0,0,0,0,0,0,0,0,0,0,0,0,0,0,0,0,0,0,0,0,0,0,0,0,0,0,0,0,0,0,0,0,0,0,0,1,0,0,0,0,0,0,1,0,1
Tamil Nadu,Salem,38,0,0,0,0,3,0,3,0,0,0,0,0,0,0,0,0,0,0,1,0,0,0,0,0,0,0,0,0,0,0,0,0,0,0,0,0,0,0,0,0,34,0,0,0,0,0,0,38,0,38
Tamil Nadu,Salem City,16,0,0,0,0,2,2,0,0,0,0,0,0,0,0,0,0,0,0,3,1,0,0,0,0,0,0,0,0,0,0,0,0,0,0,0,0,0,0,0,0,10,5,0,0,0,0,5,21,0,21
Tamil Nadu,Sivagangai,76,3,0,3,0,0,0,0,0,0,0,0,0,0,0,0,0,0,0,4,1,6,0,0,0,6,0,0,0,0,0,0,0,0,0,5,0,0,0,0,0,57,1,1,0,0,0,0,77,0,77
Tamil Nadu,Thanjavur,92,2,2,0,0,5,5,0,0,0,0,0,0,0,0,0,0,0,0,4,0,14,0,0,0,14,1,0,0,0,0,0,0,0,1,4,0,0,0,0,0,62,0,0,0,0,0,0,92,0,92
Tamil Nadu,Theni,90,9,0,9,0,3,1,2,0,0,0,1,0,0,0,0,0,0,0,0,3,0,0,0,0,0,0,0,0,0,0,0,0,0,0,4,0,0,0,0,2,68,1,0,0,0,0,1,91,0,91
Tamil Nadu,Thirunelveli,72,2,1,1,0,3,2,1,1,0,1,0,0,0,0,0,0,0,0,1,6,1,1,0,0,0,0,0,0,0,0,0,0,0,0,0,0,0,0,0,0,58,0,0,0,0,0,0,72,0,72
Tamil Nadu,Thirunelveli City,27,1,0,1,0,3,0,3,1,1,0,0,0,0,0,0,0,0,0,1,1,3,0,0,0,3,0,0,0,0,0,0,0,0,0,0,0,0,0,0,0,17,0,0,0,0,0,0,27,0,27
Tamil Nadu,Thiruvallur,17,0,0,0,0,0,0,0,0,0,0,0,0,0,0,0,0,0,0,0,0,6,6,0,0,0,0,0,0,0,0,0,0,0,0,1,0,0,0,0,0,10,0,0,0,0,0,0,17,0,17
Tamil Nadu,Thiruvannamalai,34,0,0,0,0,0,0,0,0,0,0,0,0,0,0,0,0,0,0,0,3,17,0,0,0,17,0,0,0,0,0,0,0,0,0,0,0,0,0,0,0,14,2,2,0,0,0,0,36,0,36
Tamil Nadu,Thiruvarur,28,2,1,1,0,0,0,0,1,0,1,0,0,0,0,0,0,0,0,0,0,4,0,0,0,4,0,0,0,0,0,0,0,0,0,3,0,0,0,0,0,18,0,0,0,0,0,0,28,0,28
Tamil Nadu,Thoothukudi,71,9,1,8,0,1,0,1,0,0,0,0,0,0,0,0,0,0,0,6,7,5,0,0,0,5,1,0,0,0,0,0,0,0,1,0,0,0,0,0,1,41,0,0,0,0,0,0,71,0,71
Tamil Nadu,Tiruppur,39,7,1,6,0,3,0,3,1,0,1,0,0,0,0,0,0,0,0,1,0,0,0,0,0,0,0,0,0,0,0,0,0,0,0,0,0,0,0,0,0,27,0,0,0,0,0,0,39,0,39
Tamil Nadu,Tiruppur City,9,1,1,0,0,0,0,0,0,0,0,0,0,0,0,0,0,0,0,2,0,0,0,0,0,0,0,0,0,0,0,0,0,0,0,0,0,0,0,0,0,6,0,0,0,0,0,0,9,0,9
Tamil Nadu,Trichy,59,2,2,0,0,0,0,0,0,0,0,0,0,0,0,0,0,0,0,0,0,7,7,0,0,0,0,0,0,0,0,0,0,0,0,6,0,0,0,0,0,44,1,0,0,0,0,1,60,0,60
Tamil Nadu,Trichy City,11,2,0,2,0,0,0,0,0,0,0,0,0,0,0,0,0,0,0,2,2,1,0,0,0,1,0,0,0,0,0,0,0,0,0,0,0,0,0,0,0,4,0,0,0,0,0,0,11,0,11
Tamil Nadu,Vellore,17,1,0,1,0,0,0,0,0,0,0,0,0,0,0,0,0,0,0,0,0,0,0,0,0,0,0,0,0,0,0,0,0,0,0,0,0,0,0,0,0,16,1,1,0,0,0,0,18,0,18
Tamil Nadu,Villupuram,55,3,1,2,0,3,3,0,0,0,0,0,0,0,0,1,0,0,0,3,1,0,0,0,0,0,0,0,0,0,0,0,0,0,0,0,0,0,0,0,0,44,0,0,0,0,0,0,55,0,55
Tamil Nadu,Virudhunagar,82,2,2,0,0,0,0,0,0,0,0,0,0,0,0,0,0,0,0,3,0,12,12,0,0,0,0,0,0,0,0,0,0,0,0,0,0,0,0,0,1,64,0,0,0,0,0,0,82,0,82
Tamil Nadu,Cyber Cell,0,0,0,0,0,0,0,0,0,0,0,0,0,0,0,0,0,0,0,0,0,0,0,0,0,0,0,0,0,0,0,0,0,0,0,0,0,0,0,0,0,0,0,0,0,0,0,0,0,0,0
Tamil Nadu,Other Units,0,0,0,0,0,0,0,0,0,0,0,0,0,0,0,0,0,0,0,0,0,0,0,0,0,0,0,0,0,0,0,0,0,0,0,0,0,0,0,0,0,0,0,0,0,0,0,0,0,0,0
Tamil Nadu,Chengalpattu,0,0,0,0,0,0,0,0,0,0,0,0,0,0,0,0,0,0,0,0,0,0,0,0,0,0,0,0,0,0,0,0,0,0,0,0,0,0,0,0,0,0,7,7,0,0,0,0,7,0,7
Tamil Nadu,Kallakurichi,40,3,1,2,0,1,1,0,0,0,0,0,0,0,0,3,0,0,0,0,0,14,0,0,0,14,1,1,0,0,1,0,0,0,0,8,0,0,0,0,0,10,0,0,0,0,0,0,40,0,40
Tamil Nadu,Ranipet,3,0,0,0,0,0,0,0,0,0,0,0,0,0,0,0,0,0,0,0,0,1,0,0,0,1,0,0,0,0,0,0,0,0,0,0,0,0,0,0,0,2,0,0,0,0,0,0,3,0,3
Tamil Nadu,Tiruppattur,22,8,3,5,1,0,0,0,1,1,0,0,0,0,0,0,0,0,0,1,0,2,0,0,0,2,0,0,0,0,0,0,0,0,0,0,0,0,0,0,0,9,0,0,0,0,0,0,22,0,22
Tamil Nadu,Tenkasi,51,1,1,0,0,0,0,0,1,1,0,0,0,0,0,0,0,0,0,2,2,19,0,0,0,19,0,0,0,0,0,0,0,0,0,0,1,0,0,0,0,25,0,0,0,0,0,0,51,0,51
Tamil Nadu,Mayiladuthurai,23,3,0,3,0,2,0,2,0,0,0,0,0,0,0,0,0,0,0,2,1,1,0,0,0,1,0,0,0,0,0,0,0,0,0,0,0,0,0,0,1,13,0,0,0,0,0,0,23,0,23
Tamil Nadu,Avadi,11,1,1,0,0,0,0,0,0,0,0,0,0,0,0,0,0,0,0,1,0,1,0,0,0,1,0,0,0,0,0,0,0,0,0,0,0,0,0,0,0,8,1,1,0,0,0,0,12,0,12
Tamil Nadu,Tambaram,11,2,2,0,0,0,0,0,0,0,0,0,0,0,0,0,0,0,0,2,0,0,0,0,0,0,0,0,0,0,0,0,0,0,0,0,0,0,0,0,0,7,0,0,0,0,0,0,11,0,11
Telangana,Cyberabad Commissionerate,157,45,28,17,0,4,4,0,0,0,0,1,0,1,1,0,0,0,0,2,3,0,0,0,0,0,2,2,0,1,1,0,0,0,0,0,0,0,0,0,0,98,29,29,0,0,0,0,186,0,186
Telangana,Hyderabad Commissionerate,142,55,29,26,0,3,3,0,1,1,0,0,0,3,1,0,0,0,0,2,0,0,0,0,0,0,0,0,0,0,0,0,0,0,0,0,0,0,0,0,0,77,11,11,0,0,0,0,153,0,153
Telangana,Karimnagar Commissionerate,130,7,5,2,0,7,7,0,2,2,0,0,0,0,3,1,0,0,0,0,7,0,0,0,0,0,1,0,0,0,0,0,0,0,1,0,0,0,0,0,0,102,4,4,0,0,0,0,134,0,134
Telangana,Khammam Commissionerate,66,8,3,5,0,2,1,1,4,3,1,0,1,5,0,0,0,0,0,0,0,0,0,0,0,0,0,0,0,0,0,0,0,0,0,0,0,0,0,0,0,46,0,0,0,0,0,0,66,0,66
Telangana,Nizamabad Commissionerate,80,13,7,6,0,5,3,2,0,0,0,0,0,1,0,0,0,0,0,1,0,0,0,0,0,0,0,0,0,0,0,0,0,0,0,0,0,0,0,0,1,59,0,0,0,0,0,0,80,0,80
Telangana,Rachakonda Commissionerate,238,56,29,27,0,16,10,6,1,0,1,0,0,10,6,0,0,0,0,6,4,0,0,0,0,0,0,0,0,0,0,0,0,0,0,0,1,0,0,0,0,138,5,0,0,0,0,5,243,0,243
Telangana,Ramagundam Commissionerate,129,7,3,4,0,3,3,0,1,1,0,0,0,3,1,0,0,0,0,2,6,0,0,0,0,0,0,0,0,0,0,0,0,0,0,0,0,0,0,0,0,106,0,0,0,0,0,0,129,0,129
Telangana,Siddipet Commissionerate,82,8,4,4,0,0,0,0,0,0,0,0,0,0,0,0,0,0,0,1,0,0,0,0,0,0,0,0,0,0,0,0,0,0,0,0,0,0,0,0,0,73,0,0,0,0,0,0,82,0,82
Telangana,Warangal Commissionerate,111,8,4,4,0,2,1,1,5,5,0,0,0,2,2,1,0,0,0,2,3,1,1,0,0,0,1,1,0,0,1,0,0,0,0,1,0,0,0,0,0,83,1,0,0,0,0,1,112,0,112
Telangana,Adilabad,26,3,0,3,0,1,0,1,1,0,1,0,0,0,0,0,0,0,0,0,1,0,0,0,0,0,0,0,0,0,0,0,0,0,0,0,0,0,0,0,0,20,0,0,0,0,0,0,26,0,26
Telangana,Bhadradri Kothagudem,53,8,3,5,0,1,1,0,1,1,0,0,0,4,0,0,0,0,0,1,0,1,1,0,0,0,0,0,0,0,0,0,0,0,0,1,0,0,0,0,0,36,0,0,0,0,0,0,53,0,53
Telangana,Jagityal,103,5,5,0,0,0,0,0,0,0,0,0,0,0,0,0,0,0,0,2,0,0,0,0,0,0,0,0,0,0,0,0,0,0,0,0,0,0,0,0,0,96,4,4,0,0,0,0,107,0,107
Telangana,Jayashankar Bhupalpalli,16,2,0,2,0,0,0,0,0,0,0,0,0,0,0,0,0,0,0,0,0,0,0,0,0,0,0,0,0,0,0,0,0,0,0,0,0,0,0,0,0,14,0,0,0,0,0,0,16,0,16
Telangana,Jogulamba Gadwal,42,4,0,4,0,3,3,0,0,0,0,0,0,0,0,0,0,0,0,0,0,1,0,0,0,1,0,0,0,0,0,0,0,0,0,0,0,0,0,0,0,34,0,0,0,0,0,0,42,0,42
Telangana,Kamareddy,36,5,2,3,0,0,0,0,2,2,0,0,0,0,0,0,0,0,0,1,1,1,1,0,0,0,0,0,0,0,0,0,0,0,0,0,0,0,0,0,0,26,2,2,0,0,0,0,38,0,38
Telangana,Kumaram Bheem Asifabad,22,4,2,2,0,0,0,0,0,0,0,0,0,0,0,0,0,0,0,0,2,0,0,0,0,0,0,0,0,0,0,0,0,0,0,0,0,0,0,0,0,16,0,0,0,0,0,0,22,0,22
Telangana,Mahabubabad,29,3,2,1,0,0,0,0,1,1,0,0,0,0,0,0,0,0,0,0,0,0,0,0,0,0,0,0,0,0,0,0,0,0,0,0,0,0,0,0,0,25,1,0,0,0,0,1,30,0,30
Telangana,Mahabubnagar,50,9,4,5,0,0,0,0,0,0,0,0,0,1,0,0,0,0,0,5,0,0,0,0,0,0,0,0,0,0,0,0,0,0,0,0,0,0,0,0,0,35,1,1,0,0,0,0,51,0,51
Telangana,Medak,40,4,1,3,0,0,0,0,0,0,0,0,0,0,0,0,0,0,0,2,0,0,0,0,0,0,0,0,0,0,0,0,0,0,0,0,1,0,0,0,0,33,0,0,0,0,0,0,40,1,41
Telangana,Nagarkurnool,67,16,9,7,0,4,3,1,1,1,0,0,0,2,2,0,0,0,0,3,0,0,0,0,0,0,2,2,0,2,0,0,0,0,0,0,0,0,0,0,0,37,0,0,0,0,0,0,67,0,67
Telangana,Nalgonda,70,17,5,12,0,3,2,1,1,0,1,0,1,0,1,0,0,0,0,4,3,0,0,0,0,0,1,1,0,0,1,0,0,0,0,1,1,0,0,0,0,37,1,0,0,0,0,1,71,0,71
Telangana,Nirmal,29,7,7,0,0,0,0,0,0,0,0,0,0,0,0,0,0,0,0,1,0,0,0,0,0,0,0,0,0,0,0,0,0,0,0,0,0,0,0,0,0,21,1,1,0,0,0,0,30,0,30
Telangana,Rajanna Siricilla,71,4,0,4,0,1,1,0,0,0,0,0,1,1,0,0,0,0,0,1,1,1,1,0,0,0,1,0,0,0,0,0,0,0,1,0,0,0,0,0,0,60,0,0,0,0,0,0,71,0,71
Telangana,Sangareddy,47,12,2,10,0,6,6,0,1,1,0,0,0,0,0,0,0,0,0,2,0,0,0,0,0,0,1,1,0,1,0,0,0,0,0,0,0,0,0,0,0,25,0,0,0,0,0,0,47,0,47
Telangana,Suryapet,48,9,6,3,0,0,0,0,0,0,0,0,0,0,0,0,0,0,0,0,0,2,2,0,0,0,0,0,0,0,0,0,0,0,0,0,0,0,0,0,0,37,0,0,0,0,0,0,48,0,48
Telangana,Vikarabad,42,8,5,3,0,2,0,2,1,1,0,0,1,0,0,0,0,0,0,0,0,0,0,0,0,0,0,0,0,0,0,0,0,0,0,0,0,0,0,0,0,30,0,0,0,0,0,0,42,0,42
Telangana,Wanaparthy,30,9,0,9,0,1,1,0,0,0,0,0,0,0,0,0,0,0,0,1,0,0,0,0,0,0,0,0,0,0,0,0,0,0,0,0,0,0,0,0,0,19,2,2,0,0,0,0,32,0,32
Telangana,Railway Police Secunderabad,1,0,0,0,0,0,0,0,0,0,0,0,0,0,0,0,0,0,0,0,1,0,0,0,0,0,0,0,0,0,0,0,0,0,0,0,0,0,0,0,0,0,0,0,0,0,0,0,1,0,1
Telangana,Mulug,10,0,0,0,0,2,0,2,0,0,0,0,0,0,0,0,0,0,0,0,0,0,0,0,0,0,0,0,0,0,0,0,0,0,0,0,0,0,0,0,0,8,0,0,0,0,0,0,10,0,10
Telangana,Narayanpet,29,6,2,4,0,0,0,0,0,0,0,0,0,0,0,0,0,0,0,1,0,0,0,0,0,0,0,0,0,0,0,0,0,0,0,0,0,0,0,0,0,22,0,0,0,0,0,0,29,0,29
Tripura,Dhalai,0,0,0,0,0,0,0,0,0,0,0,0,0,0,0,0,0,0,0,0,0,0,0,0,0,0,0,0,0,0,0,0,0,0,0,0,0,0,0,0,0,0,0,0,0,0,0,0,0,0,0
Tripura,Gomati,0,0,0,0,0,0,0,0,0,0,0,0,0,0,0,0,0,0,0,0,0,0,0,0,0,0,0,0,0,0,0,0,0,0,0,0,0,0,0,0,0,0,0,0,0,0,0,0,0,0,0
Tripura,Grp,0,0,0,0,0,0,0,0,0,0,0,0,0,0,0,0,0,0,0,0,0,0,0,0,0,0,0,0,0,0,0,0,0,0,0,0,0,0,0,0,0,0,0,0,0,0,0,0,0,0,0
Tripura,Kowai,0,0,0,0,0,0,0,0,0,0,0,0,0,0,0,0,0,0,0,0,0,0,0,0,0,0,0,0,0,0,0,0,0,0,0,0,0,0,0,0,0,0,0,0,0,0,0,0,0,0,0
Tripura,North,0,0,0,0,0,0,0,0,0,0,0,0,0,0,0,0,0,0,0,0,0,0,0,0,0,0,0,0,0,0,0,0,0,0,0,0,0,0,0,0,0,0,0,0,0,0,0,0,0,0,0
Tripura,Sipahijala,0,0,0,0,0,0,0,0,0,0,0,0,0,0,0,0,0,0,0,0,0,0,0,0,0,0,0,0,0,0,0,0,0,0,0,0,0,0,0,0,0,0,0,0,0,0,0,0,0,0,0
Tripura,South,0,0,0,0,0,0,0,0,0,0,0,0,0,0,0,0,0,0,0,0,0,0,0,0,0,0,0,0,0,0,0,0,0,0,0,0,0,0,0,0,0,0,0,0,0,0,0,0,0,0,0
Tripura,Unakoti,0,0,0,0,0,0,0,0,0,0,0,0,0,0,0,0,0,0,0,0,0,0,0,0,0,0,0,0,0,0,0,0,0,0,0,0,0,0,0,0,0,0,0,0,0,0,0,0,0,0,0
Tripura,West,0,0,0,0,0,0,0,0,0,0,0,0,0,0,0,0,0,0,0,0,0,0,0,0,0,0,0,0,0,0,0,0,0,0,0,0,0,0,0,0,0,0,0,0,0,0,0,0,0,0,0
Tripura,Crime Branch,0,0,0,0,0,0,0,0,0,0,0,0,0,0,0,0,0,0,0,0,0,0,0,0,0,0,0,0,0,0,0,0,0,0,0,0,0,0,0,0,0,0,0,0,0,0,0,0,0,0,0
Uttar Pradesh,Agra,285,18,18,0,0,21,21,0,32,32,0,12,0,4,6,0,0,0,0,6,42,22,22,0,0,0,0,0,0,0,0,0,0,0,0,0,0,0,0,0,0,122,0,0,0,0,0,0,285,0,285
Uttar Pradesh,Aligarh,102,2,1,1,0,0,0,0,0,0,0,0,0,0,0,0,0,0,0,0,0,0,0,0,0,0,0,0,0,0,0,0,0,0,0,4,0,0,0,0,0,96,101,0,0,0,0,101,203,0,203
Uttar Pradesh,Prayagraj,411,13,13,0,0,0,0,0,2,2,0,10,0,0,0,7,0,0,0,4,0,15,15,0,0,0,0,0,0,0,0,0,0,0,0,27,0,0,0,0,0,333,0,0,0,0,0,0,411,0,411
Uttar Pradesh,Ambedkar Nagar,26,7,7,0,0,0,0,0,0,0,0,0,0,0,0,19,0,0,0,0,0,0,0,0,0,0,0,0,0,0,0,0,0,0,0,0,0,0,0,0,0,0,215,215,0,0,0,0,241,0,241
Uttar Pradesh,Amethi,223,12,12,0,0,0,0,0,4,4,0,0,0,0,0,0,0,0,0,3,0,92,83,0,0,9,8,8,0,0,8,0,0,0,0,0,0,0,0,0,0,104,0,0,0,0,0,0,223,0,223
Uttar Pradesh,Amroha,80,4,4,0,0,0,0,0,0,0,0,0,0,0,0,0,0,0,0,0,0,0,0,0,0,0,0,0,0,0,0,0,0,0,0,0,0,0,0,0,0,76,0,0,0,0,0,0,80,0,80
Uttar Pradesh,Auraiya,144,1,1,0,0,0,0,0,0,0,0,0,0,0,0,1,0,0,0,2,0,68,1,0,0,67,0,0,0,0,0,0,0,0,0,0,0,0,0,0,0,72,0,0,0,0,0,0,144,0,144
Uttar Pradesh,Azamgarh,346,17,17,0,0,17,14,3,1,1,0,3,1,1,0,1,0,0,0,1,3,32,32,0,0,0,11,11,0,0,11,0,0,0,0,0,0,0,0,0,0,258,0,0,0,0,0,0,346,0,346
Uttar Pradesh,Badaun,150,12,12,0,0,0,0,0,25,25,0,0,0,0,0,1,0,0,0,4,0,11,11,0,0,0,2,2,0,1,1,0,0,0,0,8,0,0,0,0,0,87,0,0,0,0,0,0,150,0,150
Uttar Pradesh,Baghpat,52,1,1,0,0,4,3,1,0,0,0,1,0,0,0,0,0,0,0,2,0,0,0,0,0,0,2,0,0,0,0,0,0,0,2,0,0,0,0,0,0,42,0,0,0,0,0,0,52,0,52
Uttar Pradesh,Bahraich,211,25,8,17,0,22,17,5,0,0,0,0,0,0,0,14,0,0,0,3,1,32,32,0,0,0,17,17,0,7,10,0,0,0,0,0,0,0,0,0,0,97,108,108,0,0,0,0,319,0,319
Uttar Pradesh,Ballia,191,12,9,3,0,6,4,2,2,2,0,1,0,0,0,6,0,0,0,0,2,12,4,0,0,8,0,0,0,0,0,0,0,0,0,31,0,0,0,0,0,119,0,0,0,0,0,0,191,0,191
Uttar Pradesh,Balrampur,19,2,1,1,0,4,4,0,0,0,0,1,0,0,0,5,0,0,0,0,0,0,0,0,0,0,5,5,0,0,5,0,0,0,0,0,0,0,0,0,0,2,83,83,0,0,0,0,102,0,102
Uttar Pradesh,Banda,189,20,8,12,1,30,23,7,1,1,0,0,0,0,0,0,0,0,0,3,1,3,3,0,0,0,0,0,0,0,0,0,0,0,0,2,4,0,0,0,1,123,0,0,0,0,0,0,189,0,189
Uttar Pradesh,Barabanki,10,0,0,0,0,7,7,0,2,2,0,1,0,0,0,0,0,0,0,0,0,0,0,0,0,0,0,0,0,0,0,0,0,0,0,0,0,0,0,0,0,0,301,301,0,0,0,0,311,0,311
Uttar Pradesh,Bareilly,332,4,4,0,0,0,0,0,0,0,0,0,0,0,0,0,0,0,0,2,0,0,0,0,0,0,11,4,0,0,4,0,0,0,7,0,0,0,0,0,0,315,0,0,0,0,0,0,332,0,332
Uttar Pradesh,Basti,141,10,5,5,0,0,0,0,0,0,0,0,0,0,0,7,0,0,0,1,0,2,2,0,0,0,0,0,0,0,0,0,0,0,0,0,0,0,0,0,0,121,0,0,0,0,0,0,141,0,141
Uttar Pradesh,Bijnor,153,3,3,0,0,9,9,0,0,0,0,2,0,0,0,0,0,0,0,4,14,1,1,0,0,0,0,0,0,0,0,0,0,0,0,0,0,0,0,0,0,120,0,0,0,0,0,0,153,0,153
Uttar Pradesh,Bulandshahar,183,2,2,0,0,0,0,0,0,0,0,0,0,0,0,0,0,0,0,0,0,0,0,0,0,0,0,0,0,0,0,0,0,0,0,0,0,0,0,0,0,181,0,0,0,0,0,0,183,0,183
Uttar Pradesh,Chandoli,56,3,3,0,0,0,0,0,0,0,0,0,0,0,0,1,0,0,0,1,0,16,16,0,0,0,0,0,0,0,0,0,0,0,0,0,0,0,0,0,0,35,41,0,0,0,0,41,97,0,97
Uttar Pradesh,Chitrakoot,96,1,0,1,0,0,0,0,0,0,0,0,0,0,0,0,0,0,0,1,0,2,2,0,0,0,0,0,0,0,0,0,0,0,0,0,0,0,0,0,0,92,0,0,0,0,0,0,96,0,96
Uttar Pradesh,Deoria,0,0,0,0,0,0,0,0,0,0,0,0,0,0,0,0,0,0,0,0,0,0,0,0,0,0,0,0,0,0,0,0,0,0,0,0,0,0,0,0,0,0,158,0,0,0,0,158,158,0,158
Uttar Pradesh,Etah,122,5,5,0,0,0,0,0,3,3,0,6,0,0,0,13,0,0,0,1,2,0,0,0,0,0,0,0,0,0,0,0,0,0,0,0,0,0,0,0,0,92,0,0,0,0,0,0,122,0,122
Uttar Pradesh,Etawah,104,1,1,0,0,0,0,0,5,5,0,3,0,0,0,0,0,0,0,1,1,5,5,0,0,0,3,3,0,0,3,0,0,0,0,0,0,0,0,0,0,85,0,0,0,0,0,0,104,0,104
Uttar Pradesh,Ayodhya,4,2,2,0,0,0,0,0,0,0,0,0,0,0,0,0,0,0,0,0,0,0,0,0,0,0,2,2,0,0,2,0,0,0,0,0,0,0,0,0,0,0,188,188,0,0,0,0,192,0,192
Uttar Pradesh,Fatehgarh,42,1,1,0,0,0,0,0,0,0,0,0,0,0,0,4,0,0,0,1,0,0,0,0,0,0,0,0,0,0,0,0,0,0,0,0,1,0,0,0,0,35,0,0,0,0,0,0,42,0,42
Uttar Pradesh,Fatehpur,193,27,27,0,0,0,0,0,5,5,0,0,0,0,0,0,0,0,0,0,0,52,52,0,0,0,10,7,0,0,7,0,0,0,3,4,0,0,0,0,0,95,35,0,0,0,0,35,228,0,228
Uttar Pradesh,Firozabad,195,2,2,0,0,0,0,0,0,0,0,0,0,0,0,0,0,0,0,2,0,4,4,0,0,0,0,0,0,0,0,0,0,0,0,0,0,0,0,0,0,187,0,0,0,0,0,0,195,0,195
Uttar Pradesh,Grp,2,0,0,0,0,0,0,0,0,0,0,0,0,0,0,0,0,0,0,0,0,0,0,0,0,0,0,0,0,0,0,0,0,0,0,0,0,0,0,0,0,2,2,2,0,0,0,0,4,0,4
Uttar Pradesh,Gautambudh Nagar,30,2,2,0,0,0,0,0,0,0,0,0,0,0,0,0,0,0,0,2,0,0,0,0,0,0,0,0,0,0,0,0,0,0,0,0,0,0,0,0,0,26,0,0,0,0,0,0,30,0,30
Uttar Pradesh,Ghaziabad,112,37,13,24,0,8,3,5,2,2,0,1,1,1,0,1,0,0,0,8,1,10,9,0,0,1,1,0,0,0,0,0,1,0,0,1,1,0,0,0,0,39,0,0,0,0,0,0,112,0,112
Uttar Pradesh,Ghazipur,156,9,4,5,0,12,12,0,2,1,1,3,0,1,0,4,0,0,0,0,5,2,2,0,0,0,2,2,0,1,1,0,0,0,0,11,0,0,0,0,0,105,0,0,0,0,0,0,156,0,156
Uttar Pradesh,Gonda,308,26,6,20,0,30,14,16,0,0,0,2,0,0,0,2,0,0,0,4,5,27,23,0,0,4,4,4,0,0,4,0,0,0,0,0,0,0,0,0,0,208,10,0,0,0,0,10,318,0,318
Uttar Pradesh,Gorakhpur,450,0,0,0,0,0,0,0,0,0,0,0,0,0,0,0,0,0,0,1,0,0,0,0,0,0,0,0,0,0,0,0,0,0,0,0,0,0,0,0,0,449,0,0,0,0,0,0,450,0,450
Uttar Pradesh,Hamirpur,119,4,4,0,0,0,0,0,0,0,0,0,0,0,0,0,0,0,0,1,0,8,8,0,0,0,0,0,0,0,0,0,0,0,0,0,0,0,0,0,0,106,0,0,0,0,0,0,119,0,119
Uttar Pradesh,Hapur,48,3,1,2,0,8,5,3,5,5,0,0,0,0,0,0,0,0,0,1,1,10,10,0,0,0,8,8,0,0,8,0,0,0,0,0,0,0,0,0,0,12,0,0,0,0,0,0,48,0,48
Uttar Pradesh,Hardoi,249,6,6,0,0,0,0,0,0,0,0,0,0,0,0,6,0,0,0,3,0,22,22,0,0,0,0,0,0,0,0,0,0,0,0,0,0,0,0,0,0,212,93,0,0,0,0,93,342,0,342
Uttar Pradesh,Hathras,140,3,2,1,0,9,8,1,3,3,0,0,0,0,0,2,0,0,0,0,0,0,0,0,0,0,0,0,0,0,0,0,0,0,0,0,0,0,0,0,0,123,0,0,0,0,0,0,140,0,140
Uttar Pradesh,Jalaun,70,0,0,0,0,0,0,0,0,0,0,0,0,0,0,1,0,0,0,0,0,68,29,0,0,39,1,1,0,0,1,0,0,0,0,0,0,0,0,0,0,0,0,0,0,0,0,0,70,0,70
Uttar Pradesh,Jaunpur,296,16,8,8,0,0,0,0,0,0,0,0,0,0,0,1,0,0,0,3,0,4,4,0,0,0,2,2,0,2,0,0,0,0,0,0,0,0,0,0,0,270,0,0,0,0,0,0,296,0,296
Uttar Pradesh,Jhansi,123,12,12,0,0,0,0,0,0,0,0,0,0,0,0,0,0,0,0,1,0,7,7,0,0,0,0,0,0,0,0,0,0,0,0,0,0,0,0,0,0,103,103,0,0,0,0,103,226,0,226
Uttar Pradesh,Kannauj,129,0,0,0,0,0,0,0,0,0,0,0,0,0,0,0,0,0,0,0,0,0,0,0,0,0,0,0,0,0,0,0,0,0,0,0,0,0,0,0,0,129,0,0,0,0,0,0,129,0,129
Uttar Pradesh,Kanpur Dehat,198,1,1,0,0,21,21,0,0,0,0,0,0,0,0,0,0,0,0,3,0,1,1,0,0,0,0,0,0,0,0,0,0,0,0,0,0,0,0,0,0,172,0,0,0,0,0,0,198,0,198
Uttar Pradesh,Kanpur Commissionarate,271,16,16,0,0,0,0,0,0,0,0,0,0,0,0,0,0,0,0,2,0,2,2,0,0,0,2,2,0,0,2,0,0,0,0,0,0,0,0,0,0,249,0,0,0,0,0,0,271,0,271
Uttar Pradesh,Kasganj,87,2,2,0,0,3,3,0,0,0,0,0,0,0,0,0,0,0,0,2,0,1,1,0,0,0,0,0,0,0,0,0,0,0,0,2,0,0,0,0,0,77,0,0,0,0,0,0,87,0,87
Uttar Pradesh,Kaushambi,278,3,3,0,0,0,0,0,0,0,0,0,0,0,0,0,0,0,0,0,0,1,1,0,0,0,0,0,0,0,0,0,0,0,0,0,0,0,0,0,0,274,0,0,0,0,0,0,278,0,278
Uttar Pradesh,Khiri,152,2,2,0,0,0,0,0,0,0,0,0,0,0,0,1,0,0,0,2,0,6,6,0,0,0,0,0,0,0,0,0,0,0,0,0,0,0,0,0,0,141,156,0,0,0,0,156,308,0,308
Uttar Pradesh,Kushi Nagar,314,3,3,0,0,0,0,0,1,1,0,0,0,0,0,1,0,0,0,0,0,2,2,0,0,0,0,0,0,0,0,0,0,0,0,0,0,0,0,0,0,307,0,0,0,0,0,0,314,0,314
Uttar Pradesh,Lalitpur,5,5,5,0,0,0,0,0,0,0,0,0,0,0,0,0,0,0,0,0,0,0,0,0,0,0,0,0,0,0,0,0,0,0,0,0,0,0,0,0,0,0,118,118,0,0,0,0,123,0,123
Uttar Pradesh,Lucknow Commissionarate,339,14,14,0,0,0,0,0,0,0,0,0,0,0,0,0,0,0,0,5,0,0,0,0,0,0,0,0,0,0,0,0,0,0,0,0,0,0,0,0,0,320,151,131,0,0,0,20,490,0,490
Uttar Pradesh,Maharajganj,163,3,3,0,0,0,0,0,0,0,0,0,0,0,0,0,0,0,0,2,1,0,0,0,0,0,0,0,0,0,0,0,0,0,0,0,0,0,0,0,0,157,0,0,0,0,0,0,163,0,163
Uttar Pradesh,Mahoba,134,15,3,12,0,16,8,8,0,0,0,3,0,1,0,0,0,0,0,3,1,3,2,0,0,1,0,0,0,0,0,0,0,0,0,0,0,0,0,0,0,92,0,0,0,0,0,0,134,0,134
Uttar Pradesh,Mainpuri,136,4,4,0,0,14,7,7,0,0,0,0,0,0,0,0,0,0,0,2,0,2,2,0,0,0,1,1,0,0,1,0,0,0,0,0,0,0,0,0,0,113,0,0,0,0,0,0,136,0,136
Uttar Pradesh,Mathura,127,5,5,0,0,0,0,0,0,0,0,0,0,0,0,5,0,0,0,5,0,3,3,0,0,0,0,0,0,0,0,0,0,0,0,0,0,0,0,0,0,109,0,0,0,0,0,0,127,0,127
Uttar Pradesh,Mau,151,13,6,7,0,2,2,0,1,1,0,2,0,0,0,0,0,0,0,0,11,1,1,0,0,0,0,0,0,0,0,0,0,0,0,0,0,0,0,0,0,121,0,0,0,0,0,0,151,0,151
Uttar Pradesh,Meerut,203,10,10,0,0,17,14,3,3,3,0,4,0,0,0,0,0,0,0,6,0,0,0,0,0,0,0,0,0,0,0,0,0,0,0,0,0,0,0,0,0,163,0,0,0,0,0,0,203,0,203
Uttar Pradesh,Mirzapur,129,6,2,4,0,6,1,5,0,0,0,0,0,0,0,1,0,0,0,1,3,0,0,0,0,0,0,0,0,0,0,0,0,0,0,0,0,0,0,0,0,112,0,0,0,0,0,0,129,0,129
Uttar Pradesh,Moradabad,135,0,0,0,0,2,2,0,0,0,0,0,0,0,0,0,0,0,0,2,0,0,0,0,0,0,0,0,0,0,0,0,0,0,0,0,0,0,0,0,0,131,0,0,0,0,0,0,135,0,135
Uttar Pradesh,Muzaffarnagar,73,8,8,0,0,0,0,0,0,0,0,0,0,0,0,0,0,0,0,4,1,1,1,0,0,0,0,0,0,0,0,0,0,0,0,0,0,0,0,0,0,59,54,0,0,0,0,54,127,0,127
Uttar Pradesh,Pilibhit,118,5,5,0,0,0,0,0,0,0,0,0,0,0,0,8,0,0,0,1,0,0,0,0,0,0,2,2,0,2,0,0,0,0,0,0,0,0,0,0,0,102,0,0,0,0,0,0,118,0,118
Uttar Pradesh,Pratapgarh,368,9,9,0,0,0,0,0,0,0,0,0,0,0,0,0,0,0,0,12,0,1,1,0,0,0,6,6,0,0,6,0,0,0,0,0,0,0,0,0,0,340,0,0,0,0,0,0,368,0,368
Uttar Pradesh,Raibareilly,249,3,3,0,0,0,0,0,0,0,0,0,0,0,0,1,0,0,0,4,0,4,4,0,0,0,8,8,0,0,8,0,0,0,0,0,0,0,0,0,0,229,68,0,0,0,0,68,317,0,317
Uttar Pradesh,Rampur,81,4,3,1,0,2,0,2,1,1,0,0,0,0,0,4,0,0,0,1,0,0,0,0,0,0,4,4,0,2,2,0,0,0,0,0,0,0,0,0,0,65,0,0,0,0,0,0,81,0,81
Uttar Pradesh,Saharanpur,192,7,7,0,0,0,0,0,0,0,0,0,0,0,0,8,0,0,0,4,11,0,0,0,0,0,0,0,0,0,0,0,0,0,0,0,0,0,0,0,0,162,0,0,0,0,0,0,192,0,192
Uttar Pradesh,Sambhal,91,7,1,6,0,5,0,5,10,10,0,1,0,0,0,0,0,0,0,1,3,7,2,0,0,5,6,6,0,3,3,0,0,0,0,0,0,0,0,0,0,51,0,0,0,0,0,0,91,0,91
Uttar Pradesh,Sant Kabirnagar,128,6,6,0,0,0,0,0,0,0,0,0,0,0,0,1,0,0,0,0,0,6,6,0,0,0,0,0,0,0,0,0,0,0,0,0,0,0,0,0,0,115,0,0,0,0,0,0,128,0,128
Uttar Pradesh,Shahjahanpur,137,10,5,5,0,15,5,10,0,0,0,0,0,0,0,0,0,0,0,2,0,1,1,0,0,0,0,0,0,0,0,0,0,0,0,0,0,0,0,0,0,109,111,10,0,0,0,101,248,0,248
Uttar Pradesh,Shamli,29,2,1,1,0,0,0,0,0,0,0,0,0,0,0,1,0,0,0,5,0,1,1,0,0,0,0,0,0,0,0,0,0,0,0,0,0,0,0,0,0,20,17,0,0,0,0,17,46,0,46
Uttar Pradesh,Shrawasti,63,3,3,0,0,6,6,0,4,4,0,0,0,0,0,1,0,0,0,0,0,0,0,0,0,0,2,2,2,0,0,0,0,0,0,0,0,0,0,0,0,47,63,63,0,0,0,0,126,0,126
Uttar Pradesh,Sidharthnagar,113,6,4,2,0,0,0,0,2,2,0,0,0,0,0,4,0,0,0,1,1,0,0,0,0,0,6,6,0,0,6,0,0,0,0,0,0,0,0,0,0,93,0,0,0,0,0,0,113,0,113
Uttar Pradesh,Sitapur,20,12,12,0,0,0,0,0,0,0,0,0,0,0,0,0,0,0,0,1,0,5,5,0,0,0,2,2,2,0,0,0,0,0,0,0,0,0,0,0,0,0,331,0,0,0,0,331,351,0,351
Uttar Pradesh,Sonbhadra,156,23,7,16,0,1,0,1,0,0,0,0,0,0,0,0,0,0,0,2,0,3,0,0,0,3,2,2,1,0,1,0,0,0,0,0,0,0,0,0,0,125,172,0,0,0,0,172,328,0,328
Uttar Pradesh,Bhadohi,38,1,1,0,0,0,0,0,0,0,0,0,0,0,0,4,0,0,0,2,0,1,0,1,0,0,0,0,0,0,0,0,0,0,0,0,0,0,0,0,0,30,72,0,0,0,0,72,110,0,110
Uttar Pradesh,Sultanpur,337,11,11,0,0,30,25,5,2,2,0,3,0,0,0,8,0,0,0,4,6,13,9,0,0,4,0,0,0,0,0,0,0,0,0,11,0,0,0,0,0,249,0,0,0,0,0,0,337,0,337
Uttar Pradesh,Unnao,433,19,13,6,0,51,51,0,0,0,0,0,0,0,0,14,0,0,0,1,5,112,104,0,0,8,13,13,0,7,6,0,0,0,0,7,0,0,0,0,1,210,0,0,0,0,0,0,433,0,433
Uttar Pradesh,Varanasi Commissionarate,151,12,12,0,0,0,0,0,0,0,0,0,0,0,0,1,0,0,0,0,0,1,1,0,0,0,0,0,0,0,0,0,0,0,0,0,0,0,0,0,2,135,0,0,0,0,0,0,151,0,151
Uttarakhand,Almora,6,1,1,0,0,0,0,0,0,0,0,0,0,0,0,0,0,0,0,0,1,0,0,0,0,0,0,0,0,0,0,0,0,0,0,0,0,0,0,0,0,4,0,0,0,0,0,0,6,0,6
Uttarakhand,Bageshwar,0,0,0,0,0,0,0,0,0,0,0,0,0,0,0,0,0,0,0,0,0,0,0,0,0,0,0,0,0,0,0,0,0,0,0,0,0,0,0,0,0,0,1,1,0,0,0,0,1,0,1
Uttarakhand,Chamoli,3,1,1,0,0,0,0,0,0,0,0,0,0,0,0,0,0,0,0,2,0,0,0,0,0,0,0,0,0,0,0,0,0,0,0,0,0,0,0,0,0,0,0,0,0,0,0,0,3,0,3
Uttarakhand,Champawat,2,1,0,1,0,0,0,0,1,0,1,0,0,0,0,0,0,0,0,0,0,0,0,0,0,0,0,0,0,0,0,0,0,0,0,0,0,0,0,0,0,0,0,0,0,0,0,0,2,0,2
Uttarakhand,Dehradun,0,0,0,0,0,0,0,0,0,0,0,0,0,0,0,0,0,0,0,0,0,0,0,0,0,0,0,0,0,0,0,0,0,0,0,0,0,0,0,0,0,0,16,16,0,0,0,0,16,0,16
Uttarakhand,Haridwar,21,10,10,0,0,6,0,6,0,0,0,0,0,0,0,0,0,0,0,3,0,0,0,0,0,0,1,1,0,0,1,0,0,0,0,0,1,0,0,0,0,0,61,61,0,0,0,0,82,0,82
Uttarakhand,Nainital,7,0,0,0,0,0,0,0,0,0,0,0,0,0,0,0,0,0,0,0,0,0,0,0,0,0,0,0,0,0,0,0,0,0,0,1,0,0,0,0,0,6,0,0,0,0,0,0,7,0,7
Uttarakhand,Pauri Garhwal,4,1,1,0,0,1,1,0,0,0,0,0,0,0,0,0,0,0,0,0,0,1,1,0,0,0,0,0,0,0,0,0,0,0,0,0,0,0,0,0,0,1,0,0,0,0,0,0,4,0,4
Uttarakhand,Pithoragarh,6,0,0,0,0,0,0,0,0,0,0,0,0,0,0,0,0,0,0,1,1,0,0,0,0,0,0,0,0,0,0,0,0,0,0,0,0,0,0,0,0,4,0,0,0,0,0,0,6,0,6
Uttarakhand,Rudra Prayag,0,0,0,0,0,0,0,0,0,0,0,0,0,0,0,0,0,0,0,0,0,0,0,0,0,0,0,0,0,0,0,0,0,0,0,0,0,0,0,0,0,0,2,2,0,0,0,0,2,0,2
Uttarakhand,Tehri Garhwal,6,0,0,0,0,0,0,0,2,1,1,0,0,0,1,0,0,0,0,0,0,0,0,0,0,0,0,0,0,0,0,0,0,0,0,0,0,0,0,0,0,3,0,0,0,0,0,0,6,0,6
Uttarakhand,Udhamsingh Nagar,16,3,3,0,0,0,0,0,0,0,0,0,0,0,0,0,0,0,0,0,0,0,0,0,0,0,0,0,0,0,0,0,0,0,0,0,0,0,0,0,0,13,0,0,0,0,0,0,16,0,16
Uttarakhand,Uttarkashi,0,0,0,0,0,0,0,0,0,0,0,0,0,0,0,0,0,0,0,0,0,0,0,0,0,0,0,0,0,0,0,0,0,0,0,0,0,0,0,0,0,0,1,1,0,0,0,0,1,0,1
Uttarakhand,Grp,1,0,0,0,0,0,0,0,0,0,0,0,0,0,0,0,0,0,0,1,0,0,0,0,0,0,0,0,0,0,0,0,0,0,0,0,0,0,0,0,0,0,0,0,0,0,0,0,1,0,1
Uttarakhand,Cyber Cell,0,0,0,0,0,0,0,0,0,0,0,0,0,0,0,0,0,0,0,0,0,0,0,0,0,0,0,0,0,0,0,0,0,0,0,0,0,0,0,0,0,0,0,0,0,0,0,0,0,0,0
West Bengal,Alipurduar,0,0,0,0,0,0,0,0,0,0,0,0,0,0,0,0,0,0,0,0,0,0,0,0,0,0,0,0,0,0,0,0,0,0,0,0,0,0,0,0,0,0,0,0,0,0,0,0,0,0,0
West Bengal,Asansol-Durgapur Pc,4,0,0,0,1,0,0,0,0,0,0,0,0,0,0,0,0,0,0,0,0,0,0,0,0,0,0,0,0,0,0,0,0,0,0,0,0,0,0,0,0,3,0,0,0,0,0,0,4,0,4
West Bengal,Bankura,4,0,0,0,0,0,0,0,0,0,0,0,0,0,1,0,0,0,0,0,1,0,0,0,0,0,0,0,0,0,0,0,0,0,0,0,0,0,0,0,0,2,0,0,0,0,0,0,4,0,4
West Bengal,Barrackpur Pc,10,0,0,0,0,0,0,0,0,0,0,0,0,0,0,0,0,0,0,0,0,0,0,0,0,0,0,0,0,0,0,0,0,0,0,0,0,0,0,0,0,10,0,0,0,0,0,0,10,0,10
West Bengal,Bidhannagar Pc,2,0,0,0,0,0,0,0,0,0,0,0,0,0,0,0,0,0,0,0,0,0,0,0,0,0,0,0,0,0,0,0,0,0,0,0,0,0,0,0,0,2,2,0,0,0,0,2,4,0,4
West Bengal,Birbhum,4,0,0,0,0,0,0,0,0,0,0,0,0,0,0,0,0,0,0,0,0,0,0,0,0,0,0,0,0,0,0,0,0,0,0,0,0,0,0,0,0,4,0,0,0,0,0,0,4,0,4
West Bengal,Coochbehar,3,0,0,0,0,0,0,0,0,0,0,0,0,0,0,0,0,0,0,0,0,0,0,0,0,0,0,0,0,0,0,0,0,0,0,0,0,0,0,0,0,3,0,0,0,0,0,0,3,0,3
West Bengal,Dakshin Dinajpur,2,0,0,0,0,0,0,0,0,0,0,0,0,0,0,0,0,0,0,0,0,0,0,0,0,0,0,0,0,0,0,0,0,0,0,0,0,0,0,0,0,2,0,0,0,0,0,0,2,0,2
West Bengal,Darjeeling,2,0,0,0,0,0,0,0,0,0,0,0,0,0,0,0,0,0,0,0,0,0,0,0,0,0,0,0,0,0,0,0,0,0,0,0,0,0,0,0,0,2,4,0,0,0,0,4,6,0,6
West Bengal,Hooghly Rural Police,2,2,2,0,0,0,0,0,0,0,0,0,0,0,0,0,0,0,0,0,0,0,0,0,0,0,0,0,0,0,0,0,0,0,0,0,0,0,0,0,0,0,2,0,0,0,0,2,4,0,4
West Bengal,Howrah Grp,0,0,0,0,0,0,0,0,0,0,0,0,0,0,0,0,0,0,0,0,0,0,0,0,0,0,0,0,0,0,0,0,0,0,0,0,0,0,0,0,0,0,0,0,0,0,0,0,0,0,0
West Bengal,Howrah Pc,5,0,0,0,0,0,0,0,0,0,0,0,0,0,0,0,0,0,0,0,0,0,0,0,0,0,0,0,0,0,0,0,0,0,0,0,0,0,0,0,0,5,2,0,0,0,0,2,7,0,7
West Bengal,Howrah Rural,4,0,0,0,0,0,0,0,0,0,0,0,0,0,0,0,0,0,0,0,0,3,0,0,0,3,0,0,0,0,0,0,0,0,0,0,0,0,0,0,0,1,0,0,0,0,0,0,4,0,4
West Bengal,Jalpaiguri,0,0,0,0,0,0,0,0,0,0,0,0,0,0,0,0,0,0,0,0,0,0,0,0,0,0,0,0,0,0,0,0,0,0,0,0,0,0,0,0,0,0,1,0,0,0,0,1,1,0,1
West Bengal,Jhargram,1,0,0,0,0,0,0,0,0,0,0,0,0,0,0,0,0,0,0,0,0,0,0,0,0,0,0,0,0,0,0,0,0,0,0,0,0,0,0,0,0,1,0,0,0,0,0,0,1,0,1
West Bengal,Kharagpur Grp,0,0,0,0,0,0,0,0,0,0,0,0,0,0,0,0,0,0,0,0,0,0,0,0,0,0,0,0,0,0,0,0,0,0,0,0,0,0,0,0,0,0,0,0,0,0,0,0,0,0,0
West Bengal,Kolkata,3,0,0,0,0,0,0,0,0,0,0,0,0,0,0,0,0,0,0,0,0,0,0,0,0,0,0,0,0,0,0,0,0,0,0,0,0,0,0,0,0,3,4,0,0,0,0,4,7,0,7
West Bengal,Malda,6,0,0,0,0,1,1,0,0,0,0,0,0,0,0,0,0,0,0,0,1,0,0,0,0,0,0,0,0,0,0,0,0,0,0,0,0,0,0,0,0,4,1,0,0,0,0,1,7,0,7
West Bengal,Murshidabad Police District,3,0,0,0,1,0,0,0,0,0,0,0,0,0,0,0,0,0,0,0,0,1,1,0,0,0,0,0,0,0,0,0,0,0,0,0,0,0,0,0,0,1,0,0,0,0,0,0,3,0,3
West Bengal,Paschim Medinipur,5,0,0,0,0,0,0,0,0,0,0,0,0,0,0,0,0,0,0,0,0,5,5,0,0,0,0,0,0,0,0,0,0,0,0,0,0,0,0,0,0,0,0,0,0,0,0,0,5,0,5
West Bengal,Purab Medinipur,2,0,0,0,0,0,0,0,0,0,0,0,0,0,0,0,0,0,0,2,0,0,0,0,0,0,0,0,0,0,0,0,0,0,0,0,0,0,0,0,0,0,2,0,0,0,0,2,4,0,4
West Bengal,Purulia,3,0,0,0,0,0,0,0,0,0,0,0,0,0,0,0,0,0,0,0,0,1,1,0,0,0,0,0,0,0,0,0,0,0,0,0,0,0,0,0,0,2,1,0,0,0,0,1,4,0,4
West Bengal,Sealdah Grp,0,0,0,0,0,0,0,0,0,0,0,0,0,0,0,0,0,0,0,0,0,0,0,0,0,0,0,0,0,0,0,0,0,0,0,0,0,0,0,0,0,0,0,0,0,0,0,0,0,0,0
West Bengal,Siliguri Grp,0,0,0,0,0,0,0,0,0,0,0,0,0,0,0,0,0,0,0,0,0,0,0,0,0,0,0,0,0,0,0,0,0,0,0,0,0,0,0,0,0,0,0,0,0,0,0,0,0,0,0
West Bengal,Siliguri Pc,0,0,0,0,0,0,0,0,0,0,0,0,0,0,0,0,0,0,0,0,0,0,0,0,0,0,0,0,0,0,0,0,0,0,0,0,0,0,0,0,0,0,2,2,0,0,0,0,2,0,2
West Bengal,Baruipur Police,2,0,0,0,0,0,0,0,0,0,0,0,0,0,0,0,0,0,0,0,0,0,0,0,0,0,0,0,0,0,0,0,0,0,0,0,0,0,0,0,0,2,0,0,0,0,0,0,2,0,2
West Bengal,Chandannagar Pc,0,0,0,0,0,0,0,0,0,0,0,0,0,0,0,0,0,0,0,0,0,0,0,0,0,0,0,0,0,0,0,0,0,0,0,0,0,0,0,0,0,0,0,0,0,0,0,0,0,0,0
West Bengal,Diamond Harbour Police,1,0,0,0,0,0,0,0,0,0,0,0,0,0,0,0,0,0,0,0,0,0,0,0,0,0,0,0,0,0,0,0,0,0,0,0,0,0,0,0,0,1,0,0,0,0,0,0,1,0,1
West Bengal,Kalimpong,1,0,0,0,0,0,0,0,0,0,0,0,0,0,0,0,0,0,0,0,0,0,0,0,0,0,0,0,0,0,0,0,0,0,0,0,0,0,0,0,0,1,5,0,0,0,0,5,6,0,6
West Bengal,Purba Bardhaman,6,0,0,0,0,0,0,0,0,0,0,0,0,0,1,0,0,0,0,0,1,1,1,0,0,0,0,0,0,0,0,0,0,0,0,0,0,0,0,0,0,3,0,0,0,0,0,0,6,0,6
West Bengal,Sundarban Police,0,0,0,0,0,0,0,0,0,0,0,0,0,0,0,0,0,0,0,0,0,0,0,0,0,0,0,0,0,0,0,0,0,0,0,0,0,0,0,0,0,0,0,0,0,0,0,0,0,0,0
West Bengal,Barasat,3,0,0,0,0,0,0,0,0,0,0,0,0,0,0,0,0,0,0,0,0,2,2,0,0,0,0,0,0,0,0,0,0,0,0,0,0,0,0,0,0,1,0,0,0,0,0,0,3,0,3
West Bengal,Basirhat,0,0,0,0,0,0,0,0,0,0,0,0,0,0,0,0,0,0,0,0,0,0,0,0,0,0,0,0,0,0,0,0,0,0,0,0,0,0,0,0,0,0,3,0,0,0,0,3,3,0,3
West Bengal,Bangaon,1,0,0,0,0,0,0,0,0,0,0,0,0,0,0,0,0,0,0,0,0,0,0,0,0,0,0,0,0,0,0,0,0,0,0,0,0,0,0,0,0,1,0,0,0,0,0,0,1,0,1
West Bengal,Islampur,0,0,0,0,0,0,0,0,0,0,0,0,0,0,0,0,0,0,0,0,0,0,0,0,0,0,0,0,0,0,0,0,0,0,0,0,0,0,0,0,0,0,0,0,0,0,0,0,0,0,0
West Bengal,Jangipur Police District,1,0,0,0,0,0,0,0,0,0,0,0,0,0,0,0,0,0,0,0,0,0,0,0,0,0,0,0,0,0,0,0,0,0,0,0,0,0,0,0,0,1,0,0,0,0,0,0,1,0,1
West Bengal,Krishnagar,0,0,0,0,0,0,0,0,0,0,0,0,0,0,0,0,0,0,0,0,0,0,0,0,0,0,0,0,0,0,0,0,0,0,0,0,0,0,0,0,0,0,0,0,0,0,0,0,0,0,0
West Bengal,Raiganj,0,0,0,0,0,0,0,0,0,0,0,0,0,0,0,0,0,0,0,0,0,0,0,0,0,0,0,0,0,0,0,0,0,0,0,0,0,0,0,0,0,0,3,0,0,0,0,3,3,0,3
West Bengal,Ranaghat,4,0,0,0,0,0,0,0,0,0,0,0,0,0,0,0,0,0,0,0,0,0,0,0,0,0,0,0,0,0,0,0,0,0,0,0,0,0,0,0,0,4,0,0,0,0,0,0,4,0,4
A&N Islands,South Andaman,0,0,0,0,0,0,0,0,0,0,0,0,0,0,0,0,0,0,0,0,0,0,0,0,0,0,0,0,0,0,0,0,0,0,0,0,0,0,0,0,0,0,0,0,0,0,0,0,0,0,0
A&N Islands,North & Middle Andaman,0,0,0,0,0,0,0,0,0,0,0,0,0,0,0,0,0,0,0,0,0,0,0,0,0,0,0,0,0,0,0,0,0,0,0,0,0,0,0,0,0,0,0,0,0,0,0,0,0,0,0
A&N Islands,Nicobar,0,0,0,0,0,0,0,0,0,0,0,0,0,0,0,0,0,0,0,0,0,0,0,0,0,0,0,0,0,0,0,0,0,0,0,0,0,0,0,0,0,0,0,0,0,0,0,0,0,0,0
Chandigarh,Chandigarh,0,0,0,0,0,0,0,0,0,0,0,0,0,0,0,0,0,0,0,0,0,0,0,0,0,0,0,0,0,0,0,0,0,0,0,0,0,0,0,0,0,0,5,5,0,0,0,0,5,0,5
D&N Haveli And Daman & Diu,D&N Haveli,0,0,0,0,0,0,0,0,0,0,0,0,0,0,0,0,0,0,0,0,0,0,0,0,0,0,0,0,0,0,0,0,0,0,0,0,0,0,0,0,0,0,0,0,0,0,0,0,0,0,0
D&N Haveli And Daman & Diu,Daman,1,1,1,0,0,0,0,0,0,0,0,0,0,0,0,0,0,0,0,0,0,0,0,0,0,0,0,0,0,0,0,0,0,0,0,0,0,0,0,0,0,0,1,1,0,0,0,0,2,0,2
D&N Haveli And Daman & Diu,Diu,0,0,0,0,0,0,0,0,0,0,0,0,0,0,0,0,0,0,0,0,0,0,0,0,0,0,0,0,0,0,0,0,0,0,0,0,0,0,0,0,0,0,0,0,0,0,0,0,0,0,0
Delhi,Central,0,0,0,0,0,0,0,0,0,0,0,0,0,0,0,0,0,0,0,0,0,0,0,0,0,0,0,0,0,0,0,0,0,0,0,0,0,0,0,0,0,0,1,1,0,0,0,0,1,0,1
Delhi,Crime Branch,0,0,0,0,0,0,0,0,0,0,0,0,0,0,0,0,0,0,0,0,0,0,0,0,0,0,0,0,0,0,0,0,0,0,0,0,0,0,0,0,0,0,0,0,0,0,0,0,0,0,0
Delhi,East,3,1,1,0,0,0,0,0,1,1,0,0,0,0,0,0,0,0,0,0,0,0,0,0,0,0,0,0,0,0,0,0,0,0,0,0,0,0,0,0,0,1,0,0,0,0,0,0,3,0,3
Delhi,Eow,0,0,0,0,0,0,0,0,0,0,0,0,0,0,0,0,0,0,0,0,0,0,0,0,0,0,0,0,0,0,0,0,0,0,0,0,0,0,0,0,0,0,0,0,0,0,0,0,0,0,0
Delhi,Igi Airport,0,0,0,0,0,0,0,0,0,0,0,0,0,0,0,0,0,0,0,0,0,0,0,0,0,0,0,0,0,0,0,0,0,0,0,0,0,0,0,0,0,0,0,0,0,0,0,0,0,0,0
Delhi,Metro,0,0,0,0,0,0,0,0,0,0,0,0,0,0,0,0,0,0,0,0,0,0,0,0,0,0,0,0,0,0,0,0,0,0,0,0,0,0,0,0,0,0,0,0,0,0,0,0,0,0,0
Delhi,New Delhi,4,0,0,0,0,0,0,0,0,0,0,0,0,0,2,0,0,0,0,0,0,0,0,0,0,0,0,0,0,0,0,0,0,0,0,0,0,0,0,0,0,2,3,3,0,0,0,0,7,0,7
Delhi,North,1,0,0,0,0,0,0,0,0,0,0,0,0,0,0,0,0,0,0,0,0,0,0,0,0,0,0,0,0,0,0,0,0,0,0,0,0,0,0,0,0,1,4,4,0,0,0,0,5,0,5
Delhi,North-East,11,0,0,0,0,3,3,0,0,0,0,2,0,0,2,0,0,0,0,0,0,0,0,0,0,0,0,0,0,0,0,0,0,0,0,0,0,0,0,0,0,4,2,2,0,0,0,0,13,0,13
Delhi,North-West,2,1,1,0,0,0,0,0,0,0,0,0,0,0,0,0,0,0,0,0,0,0,0,0,0,0,0,0,0,0,0,0,0,0,0,0,0,0,0,0,0,1,3,3,0,0,0,0,5,0,5
Delhi,Outer,2,0,0,0,0,1,1,0,0,0,0,0,0,0,0,0,0,0,0,0,0,0,0,0,0,0,0,0,0,0,0,0,0,0,0,0,0,0,0,0,0,1,6,6,0,0,0,0,8,0,8
Delhi,Railway,0,0,0,0,0,0,0,0,0,0,0,0,0,0,0,0,0,0,0,0,0,0,0,0,0,0,0,0,0,0,0,0,0,0,0,0,0,0,0,0,0,0,0,0,0,0,0,0,0,0,0
Delhi,South,0,0,0,0,0,0,0,0,0,0,0,0,0,0,0,0,0,0,0,0,0,0,0,0,0,0,0,0,0,0,0,0,0,0,0,0,0,0,0,0,0,0,10,9,1,0,0,0,10,0,10
Delhi,South-East,8,0,0,0,0,1,1,0,0,0,0,1,0,0,2,0,0,0,0,0,0,0,0,0,0,0,0,0,0,0,0,0,0,0,0,0,0,0,0,0,0,4,12,5,0,0,0,7,20,0,20
Delhi,South-West,2,0,0,0,1,0,0,0,0,0,0,0,0,0,0,0,0,0,0,0,0,0,0,0,0,0,0,0,0,0,0,0,0,0,0,0,0,0,0,0,0,1,2,2,0,0,0,0,4,0,4
Delhi,Spl Cell,0,0,0,0,0,0,0,0,0,0,0,0,0,0,0,0,0,0,0,0,0,0,0,0,0,0,0,0,0,0,0,0,0,0,0,0,0,0,0,0,0,0,0,0,0,0,0,0,0,0,0
Delhi,Spuwac,0,0,0,0,0,0,0,0,0,0,0,0,0,0,0,0,0,0,0,0,0,0,0,0,0,0,0,0,0,0,0,0,0,0,0,0,0,0,0,0,0,0,0,0,0,0,0,0,0,0,0
Delhi,Vigilance,0,0,0,0,0,0,0,0,0,0,0,0,0,0,0,0,0,0,0,0,0,0,0,0,0,0,0,0,0,0,0,0,0,0,0,0,0,0,0,0,0,0,0,0,0,0,0,0,0,0,0
Delhi,West,0,0,0,0,0,0,0,0,0,0,0,0,0,0,0,0,0,0,0,0,0,0,0,0,0,0,0,0,0,0,0,0,0,0,0,0,0,0,0,0,0,0,1,1,0,0,0,0,1,0,1
Delhi,Rohini,10,1,1,0,0,0,0,0,0,0,0,1,0,0,1,0,0,0,0,0,0,0,0,0,0,0,0,0,0,0,0,0,0,0,0,0,0,0,0,0,0,7,12,11,0,0,0,1,22,0,22
Delhi,Shahdara,1,1,1,0,0,0,0,0,0,0,0,0,0,0,0,0,0,0,0,0,0,0,0,0,0,0,0,0,0,0,0,0,0,0,0,0,0,0,0,0,0,0,6,6,0,0,0,0,7,0,7
Delhi,Dwarka,0,0,0,0,0,0,0,0,0,0,0,0,0,0,0,0,0,0,0,0,0,0,0,0,0,0,0,0,0,0,0,0,0,0,0,0,0,0,0,0,0,0,11,0,0,0,0,11,11,0,11
Delhi,Outer North,0,0,0,0,0,0,0,0,0,0,0,0,0,0,0,0,0,0,0,0,0,0,0,0,0,0,0,0,0,0,0,0,0,0,0,0,0,0,0,0,0,0,16,16,0,0,0,0,16,0,16
Jammu & Kashmir,Anantnag,0,0,0,0,0,0,0,0,0,0,0,0,0,0,0,0,0,0,0,0,0,0,0,0,0,0,0,0,0,0,0,0,0,0,0,0,0,0,0,0,0,0,0,0,0,0,0,0,0,0,0
Jammu & Kashmir,Awantipora,0,0,0,0,0,0,0,0,0,0,0,0,0,0,0,0,0,0,0,0,0,0,0,0,0,0,0,0,0,0,0,0,0,0,0,0,0,0,0,0,0,0,0,0,0,0,0,0,0,0,0
Jammu & Kashmir,Bandipora,0,0,0,0,0,0,0,0,0,0,0,0,0,0,0,0,0,0,0,0,0,0,0,0,0,0,0,0,0,0,0,0,0,0,0,0,0,0,0,0,0,0,0,0,0,0,0,0,0,0,0
Jammu & Kashmir,Baramulla,0,0,0,0,0,0,0,0,0,0,0,0,0,0,0,0,0,0,0,0,0,0,0,0,0,0,0,0,0,0,0,0,0,0,0,0,0,0,0,0,0,0,0,0,0,0,0,0,0,0,0
Jammu & Kashmir,Budgam,0,0,0,0,0,0,0,0,0,0,0,0,0,0,0,0,0,0,0,0,0,0,0,0,0,0,0,0,0,0,0,0,0,0,0,0,0,0,0,0,0,0,0,0,0,0,0,0,0,0,0
Jammu & Kashmir,Special Crime Wing Jammu,0,0,0,0,0,0,0,0,0,0,0,0,0,0,0,0,0,0,0,0,0,0,0,0,0,0,0,0,0,0,0,0,0,0,0,0,0,0,0,0,0,0,0,0,0,0,0,0,0,0,0
Jammu & Kashmir,Special Crime Wing Kashmir,0,0,0,0,0,0,0,0,0,0,0,0,0,0,0,0,0,0,0,0,0,0,0,0,0,0,0,0,0,0,0,0,0,0,0,0,0,0,0,0,0,0,0,0,0,0,0,0,0,0,0
Jammu & Kashmir,Doda,1,0,0,0,0,1,0,1,0,0,0,0,0,0,0,0,0,0,0,0,0,0,0,0,0,0,0,0,0,0,0,0,0,0,0,0,0,0,0,0,0,0,0,0,0,0,0,0,1,0,1
Jammu & Kashmir,Ganderbal,0,0,0,0,0,0,0,0,0,0,0,0,0,0,0,0,0,0,0,0,0,0,0,0,0,0,0,0,0,0,0,0,0,0,0,0,0,0,0,0,0,0,0,0,0,0,0,0,0,0,0
Jammu & Kashmir,Handwara,0,0,0,0,0,0,0,0,0,0,0,0,0,0,0,0,0,0,0,0,0,0,0,0,0,0,0,0,0,0,0,0,0,0,0,0,0,0,0,0,0,0,0,0,0,0,0,0,0,0,0
Jammu & Kashmir,Jammu,3,1,1,0,0,0,0,0,0,0,0,0,0,0,0,0,0,0,0,0,0,0,0,0,0,0,0,0,0,0,0,0,0,0,0,0,0,0,0,0,0,2,3,1,0,0,0,2,6,0,6
Jammu & Kashmir,Kathua,1,0,0,0,0,0,0,0,0,0,0,0,0,0,0,0,0,0,0,0,0,0,0,0,0,0,0,0,0,0,0,0,0,0,0,0,0,0,0,0,0,1,1,1,0,0,0,0,2,0,2
Jammu & Kashmir,Kishtwar,0,0,0,0,0,0,0,0,0,0,0,0,0,0,0,0,0,0,0,0,0,0,0,0,0,0,0,0,0,0,0,0,0,0,0,0,0,0,0,0,0,0,2,2,0,0,0,0,2,0,2
Jammu & Kashmir,Kulgam,0,0,0,0,0,0,0,0,0,0,0,0,0,0,0,0,0,0,0,0,0,0,0,0,0,0,0,0,0,0,0,0,0,0,0,0,0,0,0,0,0,0,0,0,0,0,0,0,0,0,0
Jammu & Kashmir,Kupwara,0,0,0,0,0,0,0,0,0,0,0,0,0,0,0,0,0,0,0,0,0,0,0,0,0,0,0,0,0,0,0,0,0,0,0,0,0,0,0,0,0,0,0,0,0,0,0,0,0,0,0
Jammu & Kashmir,Poonch,0,0,0,0,0,0,0,0,0,0,0,0,0,0,0,0,0,0,0,0,0,0,0,0,0,0,0,0,0,0,0,0,0,0,0,0,0,0,0,0,0,0,0,0,0,0,0,0,0,0,0
Jammu & Kashmir,Pulwama,0,0,0,0,0,0,0,0,0,0,0,0,0,0,0,0,0,0,0,0,0,0,0,0,0,0,0,0,0,0,0,0,0,0,0,0,0,0,0,0,0,0,0,0,0,0,0,0,0,0,0
Jammu & Kashmir,Railways Jammu,0,0,0,0,0,0,0,0,0,0,0,0,0,0,0,0,0,0,0,0,0,0,0,0,0,0,0,0,0,0,0,0,0,0,0,0,0,0,0,0,0,0,0,0,0,0,0,0,0,0,0
Jammu & Kashmir,Railways Kashmir,0,0,0,0,0,0,0,0,0,0,0,0,0,0,0,0,0,0,0,0,0,0,0,0,0,0,0,0,0,0,0,0,0,0,0,0,0,0,0,0,0,0,0,0,0,0,0,0,0,0,0
Jammu & Kashmir,Railways Katra,0,0,0,0,0,0,0,0,0,0,0,0,0,0,0,0,0,0,0,0,0,0,0,0,0,0,0,0,0,0,0,0,0,0,0,0,0,0,0,0,0,0,0,0,0,0,0,0,0,0,0
Jammu & Kashmir,Rajouri,0,0,0,0,0,0,0,0,0,0,0,0,0,0,0,0,0,0,0,0,0,0,0,0,0,0,0,0,0,0,0,0,0,0,0,0,0,0,0,0,0,0,2,2,0,0,0,0,2,0,2
Jammu & Kashmir,Ramban,0,0,0,0,0,0,0,0,0,0,0,0,0,0,0,0,0,0,0,0,0,0,0,0,0,0,0,0,0,0,0,0,0,0,0,0,0,0,0,0,0,0,1,1,0,0,0,0,1,0,1
Jammu & Kashmir,Reasi,0,0,0,0,0,0,0,0,0,0,0,0,0,0,0,0,0,0,0,0,0,0,0,0,0,0,0,0,0,0,0,0,0,0,0,0,0,0,0,0,0,0,0,0,0,0,0,0,0,0,0
Jammu & Kashmir,Samba,0,0,0,0,0,0,0,0,0,0,0,0,0,0,0,0,0,0,0,0,0,0,0,0,0,0,0,0,0,0,0,0,0,0,0,0,0,0,0,0,0,0,0,0,0,0,0,0,0,0,0
Jammu & Kashmir,Shopian,0,0,0,0,0,0,0,0,0,0,0,0,0,0,0,0,0,0,0,0,0,0,0,0,0,0,0,0,0,0,0,0,0,0,0,0,0,0,0,0,0,0,0,0,0,0,0,0,0,0,0
Jammu & Kashmir,Sopore,0,0,0,0,0,0,0,0,0,0,0,0,0,0,0,0,0,0,0,0,0,0,0,0,0,0,0,0,0,0,0,0,0,0,0,0,0,0,0,0,0,0,0,0,0,0,0,0,0,0,0
Jammu & Kashmir,Srinagar,0,0,0,0,0,0,0,0,0,0,0,0,0,0,0,0,0,0,0,0,0,0,0,0,0,0,0,0,0,0,0,0,0,0,0,0,0,0,0,0,0,0,0,0,0,0,0,0,0,0,0
Jammu & Kashmir,Udhampur,0,0,0,0,0,0,0,0,0,0,0,0,0,0,0,0,0,0,0,0,0,0,0,0,0,0,0,0,0,0,0,0,0,0,0,0,0,0,0,0,0,0,5,0,0,0,0,5,5,0,5
Jammu & Kashmir,Cyber Crime Jammu,0,0,0,0,0,0,0,0,0,0,0,0,0,0,0,0,0,0,0,0,0,0,0,0,0,0,0,0,0,0,0,0,0,0,0,0,0,0,0,0,0,0,0,0,0,0,0,0,0,0,0
Jammu & Kashmir,Cyber Crime Kashmir,0,0,0,0,0,0,0,0,0,0,0,0,0,0,0,0,0,0,0,0,0,0,0,0,0,0,0,0,0,0,0,0,0,0,0,0,0,0,0,0,0,0,0,0,0,0,0,0,0,0,0
Jammu & Kashmir,Anti Narcotic Task Force Jammu,0,0,0,0,0,0,0,0,0,0,0,0,0,0,0,0,0,0,0,0,0,0,0,0,0,0,0,0,0,0,0,0,0,0,0,0,0,0,0,0,0,0,0,0,0,0,0,0,0,0,0
Jammu & Kashmir,Anti Narcotic Task Force Kashmir,0,0,0,0,0,0,0,0,0,0,0,0,0,0,0,0,0,0,0,0,0,0,0,0,0,0,0,0,0,0,0,0,0,0,0,0,0,0,0,0,0,0,0,0,0,0,0,0,0,0,0
Jammu & Kashmir,Eow Jammu,0,0,0,0,0,0,0,0,0,0,0,0,0,0,0,0,0,0,0,0,0,0,0,0,0,0,0,0,0,0,0,0,0,0,0,0,0,0,0,0,0,0,0,0,0,0,0,0,0,0,0
Jammu & Kashmir,Eow Kashmir,0,0,0,0,0,0,0,0,0,0,0,0,0,0,0,0,0,0,0,0,0,0,0,0,0,0,0,0,0,0,0,0,0,0,0,0,0,0,0,0,0,0,0,0,0,0,0,0,0,0,0
Jammu & Kashmir,Cice Jammu,0,0,0,0,0,0,0,0,0,0,0,0,0,0,0,0,0,0,0,0,0,0,0,0,0,0,0,0,0,0,0,0,0,0,0,0,0,0,0,0,0,0,0,0,0,0,0,0,0,0,0
Jammu & Kashmir,Cice Kashmir,0,0,0,0,0,0,0,0,0,0,0,0,0,0,0,0,0,0,0,0,0,0,0,0,0,0,0,0,0,0,0,0,0,0,0,0,0,0,0,0,0,0,0,0,0,0,0,0,0,0,0
Ladakh,Kargil,0,0,0,0,0,0,0,0,0,0,0,0,0,0,0,0,0,0,0,0,0,0,0,0,0,0,0,0,0,0,0,0,0,0,0,0,0,0,0,0,0,0,0,0,0,0,0,0,0,0,0
Ladakh,Leh,0,0,0,0,0,0,0,0,0,0,0,0,0,0,0,0,0,0,0,0,0,0,0,0,0,0,0,0,0,0,0,0,0,0,0,0,0,0,0,0,0,0,0,0,0,0,0,0,0,0,0
Lakshadweep,Lakshadweep,0,0,0,0,0,0,0,0,0,0,0,0,0,0,0,0,0,0,0,0,0,0,0,0,0,0,0,0,0,0,0,0,0,0,0,0,0,0,0,0,0,0,0,0,0,0,0,0,0,0,0
Puducherry,Karaikal,0,0,0,0,0,0,0,0,0,0,0,0,0,0,0,0,0,0,0,0,0,0,0,0,0,0,0,0,0,0,0,0,0,0,0,0,0,0,0,0,0,0,1,0,0,0,0,1,1,0,1
Puducherry,Puducherry,3,0,0,0,0,0,0,0,0,0,0,0,0,0,0,0,0,0,0,0,0,0,0,0,0,0,0,0,0,0,0,0,0,0,0,0,0,0,0,0,0,3,0,0,0,0,0,0,3,0,3
